                       port_1_re,                       port_2_re,                 sample_e1_s0_re,                 sample_e1_s0_im,                 sample_e1_s1_re,                 sample_e1_s1_im,                 sample_e1_s2_re,                 sample_e1_s2_im,                 sample_e1_s3_re,                 sample_e1_s3_im,                 sample_e1_s4_re,                 sample_e1_s4_im,                 sample_e1_s5_re,                 sample_e1_s5_im,                 sample_e2_s0_re,                 sample_e2_s0_im,                 sample_e2_s1_re,                 sample_e2_s1_im,                 sample_e2_s2_re,                 sample_e2_s2_im,                 sample_e2_s3_re,                 sample_e2_s3_im,                   farfield_p0d0,                   farfield_p0d1,                   farfield_p0d2,                   farfield_p0d3,                   farfield_p0d4,                   farfield_p0d5,                   farfield_p0d6,                   farfield_p0d7,                   farfield_p0d8,                   farfield_p0d9,                  farfield_p0d10,                  farfield_p0d11,                  farfield_p0d12,                  farfield_p0d13,                surfsigma_2_p0d0,                surfsigma_2_p0d1,                surfsigma_2_p0d2,                surfsigma_2_p0d3,                surfsigma_2_p0d4,                surfsigma_2_p0d5,                surfsigma_2_p0d6,                surfsigma_2_p0d7,                surfsigma_2_p0d8,                surfsigma_2_p0d9,               surfsigma_2_p0d10,               surfsigma_2_p0d11,                surfsigma_2_p1d0,                surfsigma_2_p1d1,                surfsigma_2_p1d2,                surfsigma_2_p1d3,                surfsigma_2_p1d4,                surfsigma_2_p1d5,                surfsigma_2_p1d6,                surfsigma_2_p1d7,                surfsigma_2_p1d8,                surfsigma_2_p1d9,               surfsigma_2_p1d10,               surfsigma_2_p1d11,                surfsigma_2_p2d0,                surfsigma_2_p2d1,                surfsigma_2_p2d2,                surfsigma_2_p2d3,                surfsigma_2_p2d4,                surfsigma_2_p2d5,                surfsigma_2_p2d6,                surfsigma_2_p2d7,                surfsigma_2_p2d8,                surfsigma_2_p2d9,               surfsigma_2_p2d10,               surfsigma_2_p2d11,                surfsigma_3_p0d0,                surfsigma_3_p0d1,                surfsigma_3_p0d2,                surfsigma_3_p0d3,                surfsigma_3_p0d4,                surfsigma_3_p0d5,                surfsigma_3_p0d6,                surfsigma_3_p0d7,                surfsigma_3_p0d8,                surfsigma_3_p0d9,               surfsigma_3_p0d10,               surfsigma_3_p0d11,                surfsigma_3_p1d0,                surfsigma_3_p1d1,                surfsigma_3_p1d2,                surfsigma_3_p1d3,                surfsigma_3_p1d4,                surfsigma_3_p1d5,                surfsigma_3_p1d6,                surfsigma_3_p1d7,                surfsigma_3_p1d8,                surfsigma_3_p1d9,               surfsigma_3_p1d10,               surfsigma_3_p1d11,                surfsigma_3_p2d0,                surfsigma_3_p2d1,                surfsigma_3_p2d2,                surfsigma_3_p2d3,                surfsigma_3_p2d4,                surfsigma_3_p2d5,                surfsigma_3_p2d6,                surfsigma_3_p2d7,                surfsigma_3_p2d8,                surfsigma_3_p2d9,               surfsigma_3_p2d10,               surfsigma_3_p2d11
        +5.73257482510864802e-18,        +0.00000000000000000e+00,        -2.11242393756048131e-18,        -7.89185721101732349e-19,        -4.45828791361684399e-19,        -2.56011879023693867e-18,        -5.47696206396498841e-19,        -3.53616293795053703e-18,        -2.34209525825219347e-18,        -1.76968081400464523e-18,        -7.60164962945009889e-19,        -2.13419839005830967e-18,        -3.86883862857977259e-18,        +3.05588171392878285e-18,        -2.78923375921214581e-19,        -5.11728394290948111e-19,        +3.94677798409160153e-19,        +9.77706671624469253e-19,        -1.20091492749642927e-18,        +1.84269290338822321e-18,        -2.51304661990087735e-19,        +4.62351474545864488e-19,        +0.00000000000000000e+00,        +0.00000000000000000e+00,        +0.00000000000000000e+00,        +0.00000000000000000e+00,        +0.00000000000000000e+00,        +0.00000000000000000e+00,        +0.00000000000000000e+00,        +0.00000000000000000e+00,        +0.00000000000000000e+00,        +0.00000000000000000e+00,        +0.00000000000000000e+00,        +0.00000000000000000e+00,        +0.00000000000000000e+00,        +0.00000000000000000e+00,        +0.00000000000000000e+00,        +0.00000000000000000e+00,        +0.00000000000000000e+00,        +0.00000000000000000e+00,        +0.00000000000000000e+00,        +0.00000000000000000e+00,        +0.00000000000000000e+00,        +0.00000000000000000e+00,        +0.00000000000000000e+00,        +0.00000000000000000e+00,        +0.00000000000000000e+00,        +0.00000000000000000e+00,        +0.00000000000000000e+00,        +0.00000000000000000e+00,        +0.00000000000000000e+00,        +0.00000000000000000e+00,        +0.00000000000000000e+00,        +0.00000000000000000e+00,        +0.00000000000000000e+00,        +0.00000000000000000e+00,        +0.00000000000000000e+00,        +0.00000000000000000e+00,        +0.00000000000000000e+00,        +0.00000000000000000e+00,        +0.00000000000000000e+00,        +0.00000000000000000e+00,        +0.00000000000000000e+00,        +0.00000000000000000e+00,        +0.00000000000000000e+00,        +0.00000000000000000e+00,        +0.00000000000000000e+00,        +0.00000000000000000e+00,        +0.00000000000000000e+00,        +0.00000000000000000e+00,        +0.00000000000000000e+00,        +0.00000000000000000e+00,        +0.00000000000000000e+00,        +0.00000000000000000e+00,        +0.00000000000000000e+00,        +0.00000000000000000e+00,        +0.00000000000000000e+00,        +0.00000000000000000e+00,        +0.00000000000000000e+00,        +0.00000000000000000e+00,        +0.00000000000000000e+00,        +0.00000000000000000e+00,        +0.00000000000000000e+00,        +0.00000000000000000e+00,        +0.00000000000000000e+00,        +0.00000000000000000e+00,        +0.00000000000000000e+00,        +0.00000000000000000e+00,        +0.00000000000000000e+00,        +0.00000000000000000e+00,        +0.00000000000000000e+00,        +0.00000000000000000e+00,        +0.00000000000000000e+00,        +0.00000000000000000e+00,        +0.00000000000000000e+00,        +0.00000000000000000e+00,        +0.00000000000000000e+00,        +0.00000000000000000e+00,        +0.00000000000000000e+00,        +0.00000000000000000e+00,        +0.00000000000000000e+00,        +0.00000000000000000e+00,        +0.00000000000000000e+00,        +0.00000000000000000e+00,        +0.00000000000000000e+00,        +0.00000000000000000e+00,        +0.00000000000000000e+00,        +0.00000000000000000e+00
        +0.00000000000000000e+00,        +5.77252013265822036e-18,        -2.18935486062916408e-18,        +8.45512647434496411e-19,        +2.18571383414529962e-19,        -2.78943291541352858e-18,        +9.20261399096930212e-19,        -2.38160459245077356e-18,        +1.41184307295190793e-18,        -3.57400427892565841e-18,        -1.81722884086927062e-18,        +8.60734803318180050e-19,        -1.20776575000770045e-18,        -1.18690229091785046e-18,        +5.21008527062885769e-19,        +3.21826225535535375e-19,        +6.29022639592900240e-19,        -2.36173888311903079e-18,        +3.19955628255060583e-18,        -1.62195385347461123e-18,        -2.16217729877524731e-18,        -2.69290274865363625e-18,        +0.00000000000000000e+00,        +0.00000000000000000e+00,        +0.00000000000000000e+00,        +0.00000000000000000e+00,        +0.00000000000000000e+00,        +0.00000000000000000e+00,        +0.00000000000000000e+00,        +0.00000000000000000e+00,        +0.00000000000000000e+00,        +0.00000000000000000e+00,        +0.00000000000000000e+00,        +0.00000000000000000e+00,        +0.00000000000000000e+00,        +0.00000000000000000e+00,        +0.00000000000000000e+00,        +0.00000000000000000e+00,        +0.00000000000000000e+00,        +0.00000000000000000e+00,        +0.00000000000000000e+00,        +0.00000000000000000e+00,        +0.00000000000000000e+00,        +0.00000000000000000e+00,        +0.00000000000000000e+00,        +0.00000000000000000e+00,        +0.00000000000000000e+00,        +0.00000000000000000e+00,        +0.00000000000000000e+00,        +0.00000000000000000e+00,        +0.00000000000000000e+00,        +0.00000000000000000e+00,        +0.00000000000000000e+00,        +0.00000000000000000e+00,        +0.00000000000000000e+00,        +0.00000000000000000e+00,        +0.00000000000000000e+00,        +0.00000000000000000e+00,        +0.00000000000000000e+00,        +0.00000000000000000e+00,        +0.00000000000000000e+00,        +0.00000000000000000e+00,        +0.00000000000000000e+00,        +0.00000000000000000e+00,        +0.00000000000000000e+00,        +0.00000000000000000e+00,        +0.00000000000000000e+00,        +0.00000000000000000e+00,        +0.00000000000000000e+00,        +0.00000000000000000e+00,        +0.00000000000000000e+00,        +0.00000000000000000e+00,        +0.00000000000000000e+00,        +0.00000000000000000e+00,        +0.00000000000000000e+00,        +0.00000000000000000e+00,        +0.00000000000000000e+00,        +0.00000000000000000e+00,        +0.00000000000000000e+00,        +0.00000000000000000e+00,        +0.00000000000000000e+00,        +0.00000000000000000e+00,        +0.00000000000000000e+00,        +0.00000000000000000e+00,        +0.00000000000000000e+00,        +0.00000000000000000e+00,        +0.00000000000000000e+00,        +0.00000000000000000e+00,        +0.00000000000000000e+00,        +0.00000000000000000e+00,        +0.00000000000000000e+00,        +0.00000000000000000e+00,        +0.00000000000000000e+00,        +0.00000000000000000e+00,        +0.00000000000000000e+00,        +0.00000000000000000e+00,        +0.00000000000000000e+00,        +0.00000000000000000e+00,        +0.00000000000000000e+00,        +0.00000000000000000e+00,        +0.00000000000000000e+00,        +0.00000000000000000e+00,        +0.00000000000000000e+00,        +0.00000000000000000e+00,        +0.00000000000000000e+00,        +0.00000000000000000e+00,        +0.00000000000000000e+00,        +0.00000000000000000e+00
        -2.11242393756048131e-18,        -2.18935486062916408e-18,        +2.32737673133757614e-15,        +1.78607100127845423e-17,        -1.75641387429057488e-17,        +1.76294964998688290e-18,        -2.66359384551993665e-18,        -9.52815679971976612e-17,        +3.52267818236230967e-16,        -3.83035457936343853e-16,        +9.73027301496515531e-16,        -3.86363359064111956e-16,        -1.06488361097358156e-15,        +1.27634476026648419e-15,        -4.94300303776983885e-16,        -5.52586868394878332e-16,        -1.38538450403977185e-16,        +1.57097527904721715e-15,        -7.80079189944650457e-16,        +1.33170852213680249e-15,        +8.13856801568782202e-16,        +1.32831386406278471e-15,        +0.00000000000000000e+00,        +0.00000000000000000e+00,        +0.00000000000000000e+00,        +0.00000000000000000e+00,        +0.00000000000000000e+00,        +0.00000000000000000e+00,        +0.00000000000000000e+00,        +0.00000000000000000e+00,        +0.00000000000000000e+00,        +0.00000000000000000e+00,        +0.00000000000000000e+00,        +0.00000000000000000e+00,        +0.00000000000000000e+00,        +0.00000000000000000e+00,        +0.00000000000000000e+00,        +0.00000000000000000e+00,        +0.00000000000000000e+00,        +0.00000000000000000e+00,        +0.00000000000000000e+00,        +0.00000000000000000e+00,        +0.00000000000000000e+00,        +0.00000000000000000e+00,        +0.00000000000000000e+00,        +0.00000000000000000e+00,        +0.00000000000000000e+00,        +0.00000000000000000e+00,        +0.00000000000000000e+00,        +0.00000000000000000e+00,        +0.00000000000000000e+00,        +0.00000000000000000e+00,        +0.00000000000000000e+00,        +0.00000000000000000e+00,        +0.00000000000000000e+00,        +0.00000000000000000e+00,        +0.00000000000000000e+00,        +0.00000000000000000e+00,        +0.00000000000000000e+00,        +0.00000000000000000e+00,        +0.00000000000000000e+00,        +0.00000000000000000e+00,        +0.00000000000000000e+00,        +0.00000000000000000e+00,        +0.00000000000000000e+00,        +0.00000000000000000e+00,        +0.00000000000000000e+00,        +0.00000000000000000e+00,        +0.00000000000000000e+00,        +0.00000000000000000e+00,        +0.00000000000000000e+00,        +0.00000000000000000e+00,        +0.00000000000000000e+00,        +0.00000000000000000e+00,        +0.00000000000000000e+00,        +0.00000000000000000e+00,        +0.00000000000000000e+00,        +0.00000000000000000e+00,        +0.00000000000000000e+00,        +0.00000000000000000e+00,        +0.00000000000000000e+00,        +0.00000000000000000e+00,        +0.00000000000000000e+00,        +0.00000000000000000e+00,        +0.00000000000000000e+00,        +0.00000000000000000e+00,        +0.00000000000000000e+00,        +0.00000000000000000e+00,        +0.00000000000000000e+00,        +0.00000000000000000e+00,        +0.00000000000000000e+00,        +0.00000000000000000e+00,        +0.00000000000000000e+00,        +0.00000000000000000e+00,        +0.00000000000000000e+00,        +0.00000000000000000e+00,        +0.00000000000000000e+00,        +0.00000000000000000e+00,        +0.00000000000000000e+00,        +0.00000000000000000e+00,        +0.00000000000000000e+00,        +0.00000000000000000e+00,        +0.00000000000000000e+00,        +0.00000000000000000e+00,        +0.00000000000000000e+00,        +0.00000000000000000e+00,        +0.00000000000000000e+00,        +0.00000000000000000e+00
        -7.89185721101732349e-19,        +8.45512647434496411e-19,        +1.78607100127893371e-17,        +2.43771494098139209e-15,        -1.10121648712091907e-16,        +1.64237926387511070e-17,        -1.87283588980812353e-17,        -5.70392159846696313e-16,        +2.22788557683964730e-15,        -2.44342646222995732e-15,        +6.03737411239620974e-15,        -2.34053351016439896e-15,        -6.73229023195560940e-15,        +7.95727752547214296e-15,        -4.37566286976275646e-15,        -2.81035611733834750e-15,        -1.42748702987903310e-15,        +8.54752096164173504e-15,        -7.59203612914267239e-15,        +5.92464989987043804e-15,        +3.84315275822095737e-15,        +7.24039823477011587e-15,        +0.00000000000000000e+00,        +0.00000000000000000e+00,        +0.00000000000000000e+00,        +0.00000000000000000e+00,        +0.00000000000000000e+00,        +0.00000000000000000e+00,        +0.00000000000000000e+00,        +0.00000000000000000e+00,        +0.00000000000000000e+00,        +0.00000000000000000e+00,        +0.00000000000000000e+00,        +0.00000000000000000e+00,        +0.00000000000000000e+00,        +0.00000000000000000e+00,        +0.00000000000000000e+00,        +0.00000000000000000e+00,        +0.00000000000000000e+00,        +0.00000000000000000e+00,        +0.00000000000000000e+00,        +0.00000000000000000e+00,        +0.00000000000000000e+00,        +0.00000000000000000e+00,        +0.00000000000000000e+00,        +0.00000000000000000e+00,        +0.00000000000000000e+00,        +0.00000000000000000e+00,        +0.00000000000000000e+00,        +0.00000000000000000e+00,        +0.00000000000000000e+00,        +0.00000000000000000e+00,        +0.00000000000000000e+00,        +0.00000000000000000e+00,        +0.00000000000000000e+00,        +0.00000000000000000e+00,        +0.00000000000000000e+00,        +0.00000000000000000e+00,        +0.00000000000000000e+00,        +0.00000000000000000e+00,        +0.00000000000000000e+00,        +0.00000000000000000e+00,        +0.00000000000000000e+00,        +0.00000000000000000e+00,        +0.00000000000000000e+00,        +0.00000000000000000e+00,        +0.00000000000000000e+00,        +0.00000000000000000e+00,        +0.00000000000000000e+00,        +0.00000000000000000e+00,        +0.00000000000000000e+00,        +0.00000000000000000e+00,        +0.00000000000000000e+00,        +0.00000000000000000e+00,        +0.00000000000000000e+00,        +0.00000000000000000e+00,        +0.00000000000000000e+00,        +0.00000000000000000e+00,        +0.00000000000000000e+00,        +0.00000000000000000e+00,        +0.00000000000000000e+00,        +0.00000000000000000e+00,        +0.00000000000000000e+00,        +0.00000000000000000e+00,        +0.00000000000000000e+00,        +0.00000000000000000e+00,        +0.00000000000000000e+00,        +0.00000000000000000e+00,        +0.00000000000000000e+00,        +0.00000000000000000e+00,        +0.00000000000000000e+00,        +0.00000000000000000e+00,        +0.00000000000000000e+00,        +0.00000000000000000e+00,        +0.00000000000000000e+00,        +0.00000000000000000e+00,        +0.00000000000000000e+00,        +0.00000000000000000e+00,        +0.00000000000000000e+00,        +0.00000000000000000e+00,        +0.00000000000000000e+00,        +0.00000000000000000e+00,        +0.00000000000000000e+00,        +0.00000000000000000e+00,        +0.00000000000000000e+00,        +0.00000000000000000e+00,        +0.00000000000000000e+00,        +0.00000000000000000e+00
        -4.45828791361684399e-19,        +2.18571383414529962e-19,        -1.75641387429057488e-17,        -1.10121648712091907e-16,        +2.44169626952679281e-15,        -1.42130980322826763e-17,        -1.22399187867418410e-17,        +5.73432428904313704e-16,        -2.19244273814242789e-15,        +2.46373114033734423e-15,        -6.09564458443192445e-15,        +2.27153729313211180e-15,        +6.92271616637632849e-15,        -7.95951902264128123e-15,        +4.25433986886698240e-15,        +2.77649163774494247e-15,        +1.41336308351038211e-15,        -7.69639111724607811e-15,        +8.35745068088816905e-15,        -5.51099569096401386e-15,        -3.93822027902715412e-15,        -7.20564603757494354e-15,        +0.00000000000000000e+00,        +0.00000000000000000e+00,        +0.00000000000000000e+00,        +0.00000000000000000e+00,        +0.00000000000000000e+00,        +0.00000000000000000e+00,        +0.00000000000000000e+00,        +0.00000000000000000e+00,        +0.00000000000000000e+00,        +0.00000000000000000e+00,        +0.00000000000000000e+00,        +0.00000000000000000e+00,        +0.00000000000000000e+00,        +0.00000000000000000e+00,        +0.00000000000000000e+00,        +0.00000000000000000e+00,        +0.00000000000000000e+00,        +0.00000000000000000e+00,        +0.00000000000000000e+00,        +0.00000000000000000e+00,        +0.00000000000000000e+00,        +0.00000000000000000e+00,        +0.00000000000000000e+00,        +0.00000000000000000e+00,        +0.00000000000000000e+00,        +0.00000000000000000e+00,        +0.00000000000000000e+00,        +0.00000000000000000e+00,        +0.00000000000000000e+00,        +0.00000000000000000e+00,        +0.00000000000000000e+00,        +0.00000000000000000e+00,        +0.00000000000000000e+00,        +0.00000000000000000e+00,        +0.00000000000000000e+00,        +0.00000000000000000e+00,        +0.00000000000000000e+00,        +0.00000000000000000e+00,        +0.00000000000000000e+00,        +0.00000000000000000e+00,        +0.00000000000000000e+00,        +0.00000000000000000e+00,        +0.00000000000000000e+00,        +0.00000000000000000e+00,        +0.00000000000000000e+00,        +0.00000000000000000e+00,        +0.00000000000000000e+00,        +0.00000000000000000e+00,        +0.00000000000000000e+00,        +0.00000000000000000e+00,        +0.00000000000000000e+00,        +0.00000000000000000e+00,        +0.00000000000000000e+00,        +0.00000000000000000e+00,        +0.00000000000000000e+00,        +0.00000000000000000e+00,        +0.00000000000000000e+00,        +0.00000000000000000e+00,        +0.00000000000000000e+00,        +0.00000000000000000e+00,        +0.00000000000000000e+00,        +0.00000000000000000e+00,        +0.00000000000000000e+00,        +0.00000000000000000e+00,        +0.00000000000000000e+00,        +0.00000000000000000e+00,        +0.00000000000000000e+00,        +0.00000000000000000e+00,        +0.00000000000000000e+00,        +0.00000000000000000e+00,        +0.00000000000000000e+00,        +0.00000000000000000e+00,        +0.00000000000000000e+00,        +0.00000000000000000e+00,        +0.00000000000000000e+00,        +0.00000000000000000e+00,        +0.00000000000000000e+00,        +0.00000000000000000e+00,        +0.00000000000000000e+00,        +0.00000000000000000e+00,        +0.00000000000000000e+00,        +0.00000000000000000e+00,        +0.00000000000000000e+00,        +0.00000000000000000e+00,        +0.00000000000000000e+00,        +0.00000000000000000e+00
        -2.56011879023693867e-18,        -2.78943291541352896e-18,        +1.76294964998688290e-18,        +1.64237926387511070e-17,        -1.42130980322742515e-17,        +2.33528309578634896e-15,        -1.75674422677430757e-17,        +9.98056033805501353e-18,        +2.32791366904966048e-16,        -4.57200384627629593e-16,        +9.65625745464411735e-16,        -2.74507813540213187e-16,        -1.03031001464669579e-15,        +1.14286185170248811e-15,        -3.60220452399769830e-16,        -8.95216992727455153e-16,        -3.45397181147994648e-18,        +1.14526702728272376e-15,        -1.11747972566165316e-15,        +1.60610687116764978e-15,        +5.69070350598644484e-16,        +1.52845096296327399e-15,        +0.00000000000000000e+00,        +0.00000000000000000e+00,        +0.00000000000000000e+00,        +0.00000000000000000e+00,        +0.00000000000000000e+00,        +0.00000000000000000e+00,        +0.00000000000000000e+00,        +0.00000000000000000e+00,        +0.00000000000000000e+00,        +0.00000000000000000e+00,        +0.00000000000000000e+00,        +0.00000000000000000e+00,        +0.00000000000000000e+00,        +0.00000000000000000e+00,        +0.00000000000000000e+00,        +0.00000000000000000e+00,        +0.00000000000000000e+00,        +0.00000000000000000e+00,        +0.00000000000000000e+00,        +0.00000000000000000e+00,        +0.00000000000000000e+00,        +0.00000000000000000e+00,        +0.00000000000000000e+00,        +0.00000000000000000e+00,        +0.00000000000000000e+00,        +0.00000000000000000e+00,        +0.00000000000000000e+00,        +0.00000000000000000e+00,        +0.00000000000000000e+00,        +0.00000000000000000e+00,        +0.00000000000000000e+00,        +0.00000000000000000e+00,        +0.00000000000000000e+00,        +0.00000000000000000e+00,        +0.00000000000000000e+00,        +0.00000000000000000e+00,        +0.00000000000000000e+00,        +0.00000000000000000e+00,        +0.00000000000000000e+00,        +0.00000000000000000e+00,        +0.00000000000000000e+00,        +0.00000000000000000e+00,        +0.00000000000000000e+00,        +0.00000000000000000e+00,        +0.00000000000000000e+00,        +0.00000000000000000e+00,        +0.00000000000000000e+00,        +0.00000000000000000e+00,        +0.00000000000000000e+00,        +0.00000000000000000e+00,        +0.00000000000000000e+00,        +0.00000000000000000e+00,        +0.00000000000000000e+00,        +0.00000000000000000e+00,        +0.00000000000000000e+00,        +0.00000000000000000e+00,        +0.00000000000000000e+00,        +0.00000000000000000e+00,        +0.00000000000000000e+00,        +0.00000000000000000e+00,        +0.00000000000000000e+00,        +0.00000000000000000e+00,        +0.00000000000000000e+00,        +0.00000000000000000e+00,        +0.00000000000000000e+00,        +0.00000000000000000e+00,        +0.00000000000000000e+00,        +0.00000000000000000e+00,        +0.00000000000000000e+00,        +0.00000000000000000e+00,        +0.00000000000000000e+00,        +0.00000000000000000e+00,        +0.00000000000000000e+00,        +0.00000000000000000e+00,        +0.00000000000000000e+00,        +0.00000000000000000e+00,        +0.00000000000000000e+00,        +0.00000000000000000e+00,        +0.00000000000000000e+00,        +0.00000000000000000e+00,        +0.00000000000000000e+00,        +0.00000000000000000e+00,        +0.00000000000000000e+00,        +0.00000000000000000e+00,        +0.00000000000000000e+00,        +0.00000000000000000e+00
        -5.47696206396498841e-19,        +9.20261399096930212e-19,        -2.66359384551993665e-18,        -1.87283588980812353e-17,        -1.22399187867418410e-17,        -1.75674422677430757e-17,        +2.47364771102372757e-15,        -2.14433165229988508e-17,        -2.61319433087182923e-16,        +2.54418574482625438e-16,        -7.04402854905406157e-16,        +6.35774118424290399e-16,        -1.26006087642463660e-16,        -9.23476443076327400e-16,        +9.11530731183397173e-16,        +1.20731585313567617e-15,        -5.31153802801076425e-16,        -4.76233952775178357e-15,        -3.84971252081272506e-15,        -4.51752359756299354e-15,        -3.99104335287779096e-16,        -2.25829047443052622e-15,        +0.00000000000000000e+00,        +0.00000000000000000e+00,        +0.00000000000000000e+00,        +0.00000000000000000e+00,        +0.00000000000000000e+00,        +0.00000000000000000e+00,        +0.00000000000000000e+00,        +0.00000000000000000e+00,        +0.00000000000000000e+00,        +0.00000000000000000e+00,        +0.00000000000000000e+00,        +0.00000000000000000e+00,        +0.00000000000000000e+00,        +0.00000000000000000e+00,        +0.00000000000000000e+00,        +0.00000000000000000e+00,        +0.00000000000000000e+00,        +0.00000000000000000e+00,        +0.00000000000000000e+00,        +0.00000000000000000e+00,        +0.00000000000000000e+00,        +0.00000000000000000e+00,        +0.00000000000000000e+00,        +0.00000000000000000e+00,        +0.00000000000000000e+00,        +0.00000000000000000e+00,        +0.00000000000000000e+00,        +0.00000000000000000e+00,        +0.00000000000000000e+00,        +0.00000000000000000e+00,        +0.00000000000000000e+00,        +0.00000000000000000e+00,        +0.00000000000000000e+00,        +0.00000000000000000e+00,        +0.00000000000000000e+00,        +0.00000000000000000e+00,        +0.00000000000000000e+00,        +0.00000000000000000e+00,        +0.00000000000000000e+00,        +0.00000000000000000e+00,        +0.00000000000000000e+00,        +0.00000000000000000e+00,        +0.00000000000000000e+00,        +0.00000000000000000e+00,        +0.00000000000000000e+00,        +0.00000000000000000e+00,        +0.00000000000000000e+00,        +0.00000000000000000e+00,        +0.00000000000000000e+00,        +0.00000000000000000e+00,        +0.00000000000000000e+00,        +0.00000000000000000e+00,        +0.00000000000000000e+00,        +0.00000000000000000e+00,        +0.00000000000000000e+00,        +0.00000000000000000e+00,        +0.00000000000000000e+00,        +0.00000000000000000e+00,        +0.00000000000000000e+00,        +0.00000000000000000e+00,        +0.00000000000000000e+00,        +0.00000000000000000e+00,        +0.00000000000000000e+00,        +0.00000000000000000e+00,        +0.00000000000000000e+00,        +0.00000000000000000e+00,        +0.00000000000000000e+00,        +0.00000000000000000e+00,        +0.00000000000000000e+00,        +0.00000000000000000e+00,        +0.00000000000000000e+00,        +0.00000000000000000e+00,        +0.00000000000000000e+00,        +0.00000000000000000e+00,        +0.00000000000000000e+00,        +0.00000000000000000e+00,        +0.00000000000000000e+00,        +0.00000000000000000e+00,        +0.00000000000000000e+00,        +0.00000000000000000e+00,        +0.00000000000000000e+00,        +0.00000000000000000e+00,        +0.00000000000000000e+00,        +0.00000000000000000e+00,        +0.00000000000000000e+00,        +0.00000000000000000e+00
        -3.53616293795053703e-18,        -2.38160459245077356e-18,        -9.52815679971976612e-17,        -5.70392159846696313e-16,        +5.73432428904313704e-16,        +9.98056033805501353e-18,        -2.14433165229958186e-17,        +6.30426792129128934e-15,        -1.23184051254653512e-14,        +1.10375725474060782e-14,        -2.97269254763772869e-14,        +1.30890940423518830e-14,        +3.27484586318002570e-14,        -4.05900596417383236e-14,        +2.37626510928546086e-14,        +1.01014208873947212e-14,        +8.09792193065661321e-15,        -4.92599922986670029e-14,        +3.02441578489699054e-14,        -2.78983596262545263e-14,        -2.16940383985808223e-14,        -3.37325739952004589e-14,        +0.00000000000000000e+00,        +0.00000000000000000e+00,        +0.00000000000000000e+00,        +0.00000000000000000e+00,        +0.00000000000000000e+00,        +0.00000000000000000e+00,        +0.00000000000000000e+00,        +0.00000000000000000e+00,        +0.00000000000000000e+00,        +0.00000000000000000e+00,        +0.00000000000000000e+00,        +0.00000000000000000e+00,        +0.00000000000000000e+00,        +0.00000000000000000e+00,        +0.00000000000000000e+00,        +0.00000000000000000e+00,        +0.00000000000000000e+00,        +0.00000000000000000e+00,        +0.00000000000000000e+00,        +0.00000000000000000e+00,        +0.00000000000000000e+00,        +0.00000000000000000e+00,        +0.00000000000000000e+00,        +0.00000000000000000e+00,        +0.00000000000000000e+00,        +0.00000000000000000e+00,        +0.00000000000000000e+00,        +0.00000000000000000e+00,        +0.00000000000000000e+00,        +0.00000000000000000e+00,        +0.00000000000000000e+00,        +0.00000000000000000e+00,        +0.00000000000000000e+00,        +0.00000000000000000e+00,        +0.00000000000000000e+00,        +0.00000000000000000e+00,        +0.00000000000000000e+00,        +0.00000000000000000e+00,        +0.00000000000000000e+00,        +0.00000000000000000e+00,        +0.00000000000000000e+00,        +0.00000000000000000e+00,        +0.00000000000000000e+00,        +0.00000000000000000e+00,        +0.00000000000000000e+00,        +0.00000000000000000e+00,        +0.00000000000000000e+00,        +0.00000000000000000e+00,        +0.00000000000000000e+00,        +0.00000000000000000e+00,        +0.00000000000000000e+00,        +0.00000000000000000e+00,        +0.00000000000000000e+00,        +0.00000000000000000e+00,        +0.00000000000000000e+00,        +0.00000000000000000e+00,        +0.00000000000000000e+00,        +0.00000000000000000e+00,        +0.00000000000000000e+00,        +0.00000000000000000e+00,        +0.00000000000000000e+00,        +0.00000000000000000e+00,        +0.00000000000000000e+00,        +0.00000000000000000e+00,        +0.00000000000000000e+00,        +0.00000000000000000e+00,        +0.00000000000000000e+00,        +0.00000000000000000e+00,        +0.00000000000000000e+00,        +0.00000000000000000e+00,        +0.00000000000000000e+00,        +0.00000000000000000e+00,        +0.00000000000000000e+00,        +0.00000000000000000e+00,        +0.00000000000000000e+00,        +0.00000000000000000e+00,        +0.00000000000000000e+00,        +0.00000000000000000e+00,        +0.00000000000000000e+00,        +0.00000000000000000e+00,        +0.00000000000000000e+00,        +0.00000000000000000e+00,        +0.00000000000000000e+00,        +0.00000000000000000e+00,        +0.00000000000000000e+00,        +0.00000000000000000e+00
        -2.34209525825219347e-18,        +1.41184307295190812e-18,        +3.52267818236230967e-16,        +2.22788557683964730e-15,        -2.19244273814242789e-15,        +2.32791366904966048e-16,        -2.61319433087182923e-16,        -1.23184051254653512e-14,        +4.73478523152851014e-14,        -4.70394444919807522e-14,        +1.18571337895141319e-13,        -4.74474214351259562e-14,        -1.31847716913168896e-13,        +1.57604416703850167e-13,        -8.60469918958419698e-14,        -5.26337029025348795e-14,        -2.83815421740091612e-14,        +1.76296032680602732e-13,        -1.38767476650264000e-13,        +1.18541324146144302e-13,        +8.01590895009364718e-14,        +1.41852129898657429e-13,        +0.00000000000000000e+00,        +0.00000000000000000e+00,        +0.00000000000000000e+00,        +0.00000000000000000e+00,        +0.00000000000000000e+00,        +0.00000000000000000e+00,        +0.00000000000000000e+00,        +0.00000000000000000e+00,        +0.00000000000000000e+00,        +0.00000000000000000e+00,        +0.00000000000000000e+00,        +0.00000000000000000e+00,        +0.00000000000000000e+00,        +0.00000000000000000e+00,        +0.00000000000000000e+00,        +0.00000000000000000e+00,        +0.00000000000000000e+00,        +0.00000000000000000e+00,        +0.00000000000000000e+00,        +0.00000000000000000e+00,        +0.00000000000000000e+00,        +0.00000000000000000e+00,        +0.00000000000000000e+00,        +0.00000000000000000e+00,        +0.00000000000000000e+00,        +0.00000000000000000e+00,        +0.00000000000000000e+00,        +0.00000000000000000e+00,        +0.00000000000000000e+00,        +0.00000000000000000e+00,        +0.00000000000000000e+00,        +0.00000000000000000e+00,        +0.00000000000000000e+00,        +0.00000000000000000e+00,        +0.00000000000000000e+00,        +0.00000000000000000e+00,        +0.00000000000000000e+00,        +0.00000000000000000e+00,        +0.00000000000000000e+00,        +0.00000000000000000e+00,        +0.00000000000000000e+00,        +0.00000000000000000e+00,        +0.00000000000000000e+00,        +0.00000000000000000e+00,        +0.00000000000000000e+00,        +0.00000000000000000e+00,        +0.00000000000000000e+00,        +0.00000000000000000e+00,        +0.00000000000000000e+00,        +0.00000000000000000e+00,        +0.00000000000000000e+00,        +0.00000000000000000e+00,        +0.00000000000000000e+00,        +0.00000000000000000e+00,        +0.00000000000000000e+00,        +0.00000000000000000e+00,        +0.00000000000000000e+00,        +0.00000000000000000e+00,        +0.00000000000000000e+00,        +0.00000000000000000e+00,        +0.00000000000000000e+00,        +0.00000000000000000e+00,        +0.00000000000000000e+00,        +0.00000000000000000e+00,        +0.00000000000000000e+00,        +0.00000000000000000e+00,        +0.00000000000000000e+00,        +0.00000000000000000e+00,        +0.00000000000000000e+00,        +0.00000000000000000e+00,        +0.00000000000000000e+00,        +0.00000000000000000e+00,        +0.00000000000000000e+00,        +0.00000000000000000e+00,        +0.00000000000000000e+00,        +0.00000000000000000e+00,        +0.00000000000000000e+00,        +0.00000000000000000e+00,        +0.00000000000000000e+00,        +0.00000000000000000e+00,        +0.00000000000000000e+00,        +0.00000000000000000e+00,        +0.00000000000000000e+00,        +0.00000000000000000e+00,        +0.00000000000000000e+00,        +0.00000000000000000e+00
        -1.76968081400464523e-18,        -3.57400427892565841e-18,        -3.83035457936343853e-16,        -2.44342646222995732e-15,        +2.46373114033734423e-15,        -4.57200384627629593e-16,        +2.54418574482625438e-16,        +1.10375725474060782e-14,        -4.70394444919808847e-14,        +5.74390771790437600e-14,        -1.33443362397808618e-13,        +4.94185742792142475e-14,        +1.49375415179931109e-13,        -1.73381273638088565e-13,        +9.33481506419222516e-14,        +6.77578789669225730e-14,        +2.86080116406285664e-14,        -1.76312294570873001e-13,        +1.76155389687593576e-13,        -1.34375164310513592e-13,        -8.25779361430563967e-14,        -1.63660557060948354e-13,        +0.00000000000000000e+00,        +0.00000000000000000e+00,        +0.00000000000000000e+00,        +0.00000000000000000e+00,        +0.00000000000000000e+00,        +0.00000000000000000e+00,        +0.00000000000000000e+00,        +0.00000000000000000e+00,        +0.00000000000000000e+00,        +0.00000000000000000e+00,        +0.00000000000000000e+00,        +0.00000000000000000e+00,        +0.00000000000000000e+00,        +0.00000000000000000e+00,        +0.00000000000000000e+00,        +0.00000000000000000e+00,        +0.00000000000000000e+00,        +0.00000000000000000e+00,        +0.00000000000000000e+00,        +0.00000000000000000e+00,        +0.00000000000000000e+00,        +0.00000000000000000e+00,        +0.00000000000000000e+00,        +0.00000000000000000e+00,        +0.00000000000000000e+00,        +0.00000000000000000e+00,        +0.00000000000000000e+00,        +0.00000000000000000e+00,        +0.00000000000000000e+00,        +0.00000000000000000e+00,        +0.00000000000000000e+00,        +0.00000000000000000e+00,        +0.00000000000000000e+00,        +0.00000000000000000e+00,        +0.00000000000000000e+00,        +0.00000000000000000e+00,        +0.00000000000000000e+00,        +0.00000000000000000e+00,        +0.00000000000000000e+00,        +0.00000000000000000e+00,        +0.00000000000000000e+00,        +0.00000000000000000e+00,        +0.00000000000000000e+00,        +0.00000000000000000e+00,        +0.00000000000000000e+00,        +0.00000000000000000e+00,        +0.00000000000000000e+00,        +0.00000000000000000e+00,        +0.00000000000000000e+00,        +0.00000000000000000e+00,        +0.00000000000000000e+00,        +0.00000000000000000e+00,        +0.00000000000000000e+00,        +0.00000000000000000e+00,        +0.00000000000000000e+00,        +0.00000000000000000e+00,        +0.00000000000000000e+00,        +0.00000000000000000e+00,        +0.00000000000000000e+00,        +0.00000000000000000e+00,        +0.00000000000000000e+00,        +0.00000000000000000e+00,        +0.00000000000000000e+00,        +0.00000000000000000e+00,        +0.00000000000000000e+00,        +0.00000000000000000e+00,        +0.00000000000000000e+00,        +0.00000000000000000e+00,        +0.00000000000000000e+00,        +0.00000000000000000e+00,        +0.00000000000000000e+00,        +0.00000000000000000e+00,        +0.00000000000000000e+00,        +0.00000000000000000e+00,        +0.00000000000000000e+00,        +0.00000000000000000e+00,        +0.00000000000000000e+00,        +0.00000000000000000e+00,        +0.00000000000000000e+00,        +0.00000000000000000e+00,        +0.00000000000000000e+00,        +0.00000000000000000e+00,        +0.00000000000000000e+00,        +0.00000000000000000e+00,        +0.00000000000000000e+00,        +0.00000000000000000e+00
        -7.60164962945009889e-19,        -1.81722884086927062e-18,        +9.73027301496515531e-16,        +6.03737411239620974e-15,        -6.09564458443192445e-15,        +9.65625745464411735e-16,        -7.04402854905406157e-16,        -2.97269254763772869e-14,        +1.18571337895141319e-13,        -1.33443362397808618e-13,        +3.31803047536010965e-13,        -1.26093674818479266e-13,        -3.65579762961731074e-13,        +4.30209415689566190e-13,        -2.40174652866606513e-13,        -1.59225471567869697e-13,        -7.04110514318528969e-14,        +4.51253421866292669e-13,        -4.12429702281871494e-13,        +3.33261825284253498e-13,        +2.08296769402841503e-13,        +4.02414695499807924e-13,        +0.00000000000000000e+00,        +0.00000000000000000e+00,        +0.00000000000000000e+00,        +0.00000000000000000e+00,        +0.00000000000000000e+00,        +0.00000000000000000e+00,        +0.00000000000000000e+00,        +0.00000000000000000e+00,        +0.00000000000000000e+00,        +0.00000000000000000e+00,        +0.00000000000000000e+00,        +0.00000000000000000e+00,        +0.00000000000000000e+00,        +0.00000000000000000e+00,        +0.00000000000000000e+00,        +0.00000000000000000e+00,        +0.00000000000000000e+00,        +0.00000000000000000e+00,        +0.00000000000000000e+00,        +0.00000000000000000e+00,        +0.00000000000000000e+00,        +0.00000000000000000e+00,        +0.00000000000000000e+00,        +0.00000000000000000e+00,        +0.00000000000000000e+00,        +0.00000000000000000e+00,        +0.00000000000000000e+00,        +0.00000000000000000e+00,        +0.00000000000000000e+00,        +0.00000000000000000e+00,        +0.00000000000000000e+00,        +0.00000000000000000e+00,        +0.00000000000000000e+00,        +0.00000000000000000e+00,        +0.00000000000000000e+00,        +0.00000000000000000e+00,        +0.00000000000000000e+00,        +0.00000000000000000e+00,        +0.00000000000000000e+00,        +0.00000000000000000e+00,        +0.00000000000000000e+00,        +0.00000000000000000e+00,        +0.00000000000000000e+00,        +0.00000000000000000e+00,        +0.00000000000000000e+00,        +0.00000000000000000e+00,        +0.00000000000000000e+00,        +0.00000000000000000e+00,        +0.00000000000000000e+00,        +0.00000000000000000e+00,        +0.00000000000000000e+00,        +0.00000000000000000e+00,        +0.00000000000000000e+00,        +0.00000000000000000e+00,        +0.00000000000000000e+00,        +0.00000000000000000e+00,        +0.00000000000000000e+00,        +0.00000000000000000e+00,        +0.00000000000000000e+00,        +0.00000000000000000e+00,        +0.00000000000000000e+00,        +0.00000000000000000e+00,        +0.00000000000000000e+00,        +0.00000000000000000e+00,        +0.00000000000000000e+00,        +0.00000000000000000e+00,        +0.00000000000000000e+00,        +0.00000000000000000e+00,        +0.00000000000000000e+00,        +0.00000000000000000e+00,        +0.00000000000000000e+00,        +0.00000000000000000e+00,        +0.00000000000000000e+00,        +0.00000000000000000e+00,        +0.00000000000000000e+00,        +0.00000000000000000e+00,        +0.00000000000000000e+00,        +0.00000000000000000e+00,        +0.00000000000000000e+00,        +0.00000000000000000e+00,        +0.00000000000000000e+00,        +0.00000000000000000e+00,        +0.00000000000000000e+00,        +0.00000000000000000e+00,        +0.00000000000000000e+00,        +0.00000000000000000e+00
        -2.13419839005830967e-18,        +8.60734803318180146e-19,        -3.86363359064111956e-16,        -2.34053351016439896e-15,        +2.27153729313211180e-15,        -2.74507813540213187e-16,        +6.35774118424290399e-16,        +1.30890940423518830e-14,        -4.74474214351259562e-14,        +4.94185742792142475e-14,        -1.26093674818479215e-13,        +5.37761377176426377e-14,        +1.37305994392566367e-13,        -1.66761041376825749e-13,        +9.67520580637969608e-14,        +5.59840620417982424e-14,        +2.73176567802340831e-14,        -1.90118404161706930e-13,        +1.37577338069585956e-13,        -1.31737885617793071e-13,        -8.37627786992271902e-14,        -1.53674397722502734e-13,        +0.00000000000000000e+00,        +0.00000000000000000e+00,        +0.00000000000000000e+00,        +0.00000000000000000e+00,        +0.00000000000000000e+00,        +0.00000000000000000e+00,        +0.00000000000000000e+00,        +0.00000000000000000e+00,        +0.00000000000000000e+00,        +0.00000000000000000e+00,        +0.00000000000000000e+00,        +0.00000000000000000e+00,        +0.00000000000000000e+00,        +0.00000000000000000e+00,        +0.00000000000000000e+00,        +0.00000000000000000e+00,        +0.00000000000000000e+00,        +0.00000000000000000e+00,        +0.00000000000000000e+00,        +0.00000000000000000e+00,        +0.00000000000000000e+00,        +0.00000000000000000e+00,        +0.00000000000000000e+00,        +0.00000000000000000e+00,        +0.00000000000000000e+00,        +0.00000000000000000e+00,        +0.00000000000000000e+00,        +0.00000000000000000e+00,        +0.00000000000000000e+00,        +0.00000000000000000e+00,        +0.00000000000000000e+00,        +0.00000000000000000e+00,        +0.00000000000000000e+00,        +0.00000000000000000e+00,        +0.00000000000000000e+00,        +0.00000000000000000e+00,        +0.00000000000000000e+00,        +0.00000000000000000e+00,        +0.00000000000000000e+00,        +0.00000000000000000e+00,        +0.00000000000000000e+00,        +0.00000000000000000e+00,        +0.00000000000000000e+00,        +0.00000000000000000e+00,        +0.00000000000000000e+00,        +0.00000000000000000e+00,        +0.00000000000000000e+00,        +0.00000000000000000e+00,        +0.00000000000000000e+00,        +0.00000000000000000e+00,        +0.00000000000000000e+00,        +0.00000000000000000e+00,        +0.00000000000000000e+00,        +0.00000000000000000e+00,        +0.00000000000000000e+00,        +0.00000000000000000e+00,        +0.00000000000000000e+00,        +0.00000000000000000e+00,        +0.00000000000000000e+00,        +0.00000000000000000e+00,        +0.00000000000000000e+00,        +0.00000000000000000e+00,        +0.00000000000000000e+00,        +0.00000000000000000e+00,        +0.00000000000000000e+00,        +0.00000000000000000e+00,        +0.00000000000000000e+00,        +0.00000000000000000e+00,        +0.00000000000000000e+00,        +0.00000000000000000e+00,        +0.00000000000000000e+00,        +0.00000000000000000e+00,        +0.00000000000000000e+00,        +0.00000000000000000e+00,        +0.00000000000000000e+00,        +0.00000000000000000e+00,        +0.00000000000000000e+00,        +0.00000000000000000e+00,        +0.00000000000000000e+00,        +0.00000000000000000e+00,        +0.00000000000000000e+00,        +0.00000000000000000e+00,        +0.00000000000000000e+00,        +0.00000000000000000e+00,        +0.00000000000000000e+00,        +0.00000000000000000e+00
        -3.86883862857977259e-18,        -1.20776575000770045e-18,        -1.06488361097358156e-15,        -6.73229023195560940e-15,        +6.92271616637632849e-15,        -1.03031001464669579e-15,        -1.26006087642463660e-16,        +3.27484586318002570e-14,        -1.31847716913168896e-13,        +1.49375415179931109e-13,        -3.65579762961731074e-13,        +1.37305994392566367e-13,        +4.14104327310522594e-13,        -4.78284735382232613e-13,        +2.59464201996627740e-13,        +1.75633391246877245e-13,        +8.40263746814494205e-14,        -4.86940778663155798e-13,        +4.86928232658711519e-13,        -3.51866639197508682e-13,        -2.30239071076622939e-13,        -4.38909018747993223e-13,        +0.00000000000000000e+00,        +0.00000000000000000e+00,        +0.00000000000000000e+00,        +0.00000000000000000e+00,        +0.00000000000000000e+00,        +0.00000000000000000e+00,        +0.00000000000000000e+00,        +0.00000000000000000e+00,        +0.00000000000000000e+00,        +0.00000000000000000e+00,        +0.00000000000000000e+00,        +0.00000000000000000e+00,        +0.00000000000000000e+00,        +0.00000000000000000e+00,        +0.00000000000000000e+00,        +0.00000000000000000e+00,        +0.00000000000000000e+00,        +0.00000000000000000e+00,        +0.00000000000000000e+00,        +0.00000000000000000e+00,        +0.00000000000000000e+00,        +0.00000000000000000e+00,        +0.00000000000000000e+00,        +0.00000000000000000e+00,        +0.00000000000000000e+00,        +0.00000000000000000e+00,        +0.00000000000000000e+00,        +0.00000000000000000e+00,        +0.00000000000000000e+00,        +0.00000000000000000e+00,        +0.00000000000000000e+00,        +0.00000000000000000e+00,        +0.00000000000000000e+00,        +0.00000000000000000e+00,        +0.00000000000000000e+00,        +0.00000000000000000e+00,        +0.00000000000000000e+00,        +0.00000000000000000e+00,        +0.00000000000000000e+00,        +0.00000000000000000e+00,        +0.00000000000000000e+00,        +0.00000000000000000e+00,        +0.00000000000000000e+00,        +0.00000000000000000e+00,        +0.00000000000000000e+00,        +0.00000000000000000e+00,        +0.00000000000000000e+00,        +0.00000000000000000e+00,        +0.00000000000000000e+00,        +0.00000000000000000e+00,        +0.00000000000000000e+00,        +0.00000000000000000e+00,        +0.00000000000000000e+00,        +0.00000000000000000e+00,        +0.00000000000000000e+00,        +0.00000000000000000e+00,        +0.00000000000000000e+00,        +0.00000000000000000e+00,        +0.00000000000000000e+00,        +0.00000000000000000e+00,        +0.00000000000000000e+00,        +0.00000000000000000e+00,        +0.00000000000000000e+00,        +0.00000000000000000e+00,        +0.00000000000000000e+00,        +0.00000000000000000e+00,        +0.00000000000000000e+00,        +0.00000000000000000e+00,        +0.00000000000000000e+00,        +0.00000000000000000e+00,        +0.00000000000000000e+00,        +0.00000000000000000e+00,        +0.00000000000000000e+00,        +0.00000000000000000e+00,        +0.00000000000000000e+00,        +0.00000000000000000e+00,        +0.00000000000000000e+00,        +0.00000000000000000e+00,        +0.00000000000000000e+00,        +0.00000000000000000e+00,        +0.00000000000000000e+00,        +0.00000000000000000e+00,        +0.00000000000000000e+00,        +0.00000000000000000e+00,        +0.00000000000000000e+00,        +0.00000000000000000e+00
        +3.05588171392878285e-18,        -1.18690229091785046e-18,        +1.27634476026648419e-15,        +7.95727752547214296e-15,        -7.95951902264128123e-15,        +1.14286185170248811e-15,        -9.23476443076327400e-16,        -4.05900596417383236e-14,        +1.57604416703850167e-13,        -1.73381273638088565e-13,        +4.30209415689566190e-13,        -1.66761041376825749e-13,        -4.78284735382232815e-13,        +5.67409979789894742e-13,        -3.14198350943488215e-13,        -2.02251871566032230e-13,        -9.63766570539652087e-14,        +6.03315814591009296e-13,        -5.32042022674650885e-13,        +4.30836537433693305e-13,        +2.76694265502493303e-13,        +5.21031488320558021e-13,        +0.00000000000000000e+00,        +0.00000000000000000e+00,        +0.00000000000000000e+00,        +0.00000000000000000e+00,        +0.00000000000000000e+00,        +0.00000000000000000e+00,        +0.00000000000000000e+00,        +0.00000000000000000e+00,        +0.00000000000000000e+00,        +0.00000000000000000e+00,        +0.00000000000000000e+00,        +0.00000000000000000e+00,        +0.00000000000000000e+00,        +0.00000000000000000e+00,        +0.00000000000000000e+00,        +0.00000000000000000e+00,        +0.00000000000000000e+00,        +0.00000000000000000e+00,        +0.00000000000000000e+00,        +0.00000000000000000e+00,        +0.00000000000000000e+00,        +0.00000000000000000e+00,        +0.00000000000000000e+00,        +0.00000000000000000e+00,        +0.00000000000000000e+00,        +0.00000000000000000e+00,        +0.00000000000000000e+00,        +0.00000000000000000e+00,        +0.00000000000000000e+00,        +0.00000000000000000e+00,        +0.00000000000000000e+00,        +0.00000000000000000e+00,        +0.00000000000000000e+00,        +0.00000000000000000e+00,        +0.00000000000000000e+00,        +0.00000000000000000e+00,        +0.00000000000000000e+00,        +0.00000000000000000e+00,        +0.00000000000000000e+00,        +0.00000000000000000e+00,        +0.00000000000000000e+00,        +0.00000000000000000e+00,        +0.00000000000000000e+00,        +0.00000000000000000e+00,        +0.00000000000000000e+00,        +0.00000000000000000e+00,        +0.00000000000000000e+00,        +0.00000000000000000e+00,        +0.00000000000000000e+00,        +0.00000000000000000e+00,        +0.00000000000000000e+00,        +0.00000000000000000e+00,        +0.00000000000000000e+00,        +0.00000000000000000e+00,        +0.00000000000000000e+00,        +0.00000000000000000e+00,        +0.00000000000000000e+00,        +0.00000000000000000e+00,        +0.00000000000000000e+00,        +0.00000000000000000e+00,        +0.00000000000000000e+00,        +0.00000000000000000e+00,        +0.00000000000000000e+00,        +0.00000000000000000e+00,        +0.00000000000000000e+00,        +0.00000000000000000e+00,        +0.00000000000000000e+00,        +0.00000000000000000e+00,        +0.00000000000000000e+00,        +0.00000000000000000e+00,        +0.00000000000000000e+00,        +0.00000000000000000e+00,        +0.00000000000000000e+00,        +0.00000000000000000e+00,        +0.00000000000000000e+00,        +0.00000000000000000e+00,        +0.00000000000000000e+00,        +0.00000000000000000e+00,        +0.00000000000000000e+00,        +0.00000000000000000e+00,        +0.00000000000000000e+00,        +0.00000000000000000e+00,        +0.00000000000000000e+00,        +0.00000000000000000e+00,        +0.00000000000000000e+00,        +0.00000000000000000e+00
        -2.78923375921214581e-19,        +5.21008527062885769e-19,        -4.94300303776983885e-16,        -4.37566286976275646e-15,        +4.25433986886698240e-15,        -3.60220452399769830e-16,        +9.11530731183397173e-16,        +2.37626510928546086e-14,        -8.60469918958419698e-14,        +9.33481506419222516e-14,        -2.40174652866606513e-13,        +9.67520580637969608e-14,        +2.59464201996627740e-13,        -3.14198350943488215e-13,        +1.02177461993655945e-13,        +1.47831095361558579e-13,        +2.33349600184004520e-14,        -4.11752608153713041e-13,        +1.39535786086980528e-13,        -3.73026979411691609e-13,        -2.21408799860551911e-13,        -3.46841389322828449e-13,        +0.00000000000000000e+00,        +0.00000000000000000e+00,        +0.00000000000000000e+00,        +0.00000000000000000e+00,        +0.00000000000000000e+00,        +0.00000000000000000e+00,        +0.00000000000000000e+00,        +0.00000000000000000e+00,        +0.00000000000000000e+00,        +0.00000000000000000e+00,        +0.00000000000000000e+00,        +0.00000000000000000e+00,        +0.00000000000000000e+00,        +0.00000000000000000e+00,        +0.00000000000000000e+00,        +0.00000000000000000e+00,        +0.00000000000000000e+00,        +0.00000000000000000e+00,        +0.00000000000000000e+00,        +0.00000000000000000e+00,        +0.00000000000000000e+00,        +0.00000000000000000e+00,        +0.00000000000000000e+00,        +0.00000000000000000e+00,        +0.00000000000000000e+00,        +0.00000000000000000e+00,        +0.00000000000000000e+00,        +0.00000000000000000e+00,        +0.00000000000000000e+00,        +0.00000000000000000e+00,        +0.00000000000000000e+00,        +0.00000000000000000e+00,        +0.00000000000000000e+00,        +0.00000000000000000e+00,        +0.00000000000000000e+00,        +0.00000000000000000e+00,        +0.00000000000000000e+00,        +0.00000000000000000e+00,        +0.00000000000000000e+00,        +0.00000000000000000e+00,        +0.00000000000000000e+00,        +0.00000000000000000e+00,        +0.00000000000000000e+00,        +0.00000000000000000e+00,        +0.00000000000000000e+00,        +0.00000000000000000e+00,        +0.00000000000000000e+00,        +0.00000000000000000e+00,        +0.00000000000000000e+00,        +0.00000000000000000e+00,        +0.00000000000000000e+00,        +0.00000000000000000e+00,        +0.00000000000000000e+00,        +0.00000000000000000e+00,        +0.00000000000000000e+00,        +0.00000000000000000e+00,        +0.00000000000000000e+00,        +0.00000000000000000e+00,        +0.00000000000000000e+00,        +0.00000000000000000e+00,        +0.00000000000000000e+00,        +0.00000000000000000e+00,        +0.00000000000000000e+00,        +0.00000000000000000e+00,        +0.00000000000000000e+00,        +0.00000000000000000e+00,        +0.00000000000000000e+00,        +0.00000000000000000e+00,        +0.00000000000000000e+00,        +0.00000000000000000e+00,        +0.00000000000000000e+00,        +0.00000000000000000e+00,        +0.00000000000000000e+00,        +0.00000000000000000e+00,        +0.00000000000000000e+00,        +0.00000000000000000e+00,        +0.00000000000000000e+00,        +0.00000000000000000e+00,        +0.00000000000000000e+00,        +0.00000000000000000e+00,        +0.00000000000000000e+00,        +0.00000000000000000e+00,        +0.00000000000000000e+00,        +0.00000000000000000e+00,        +0.00000000000000000e+00,        +0.00000000000000000e+00
        -5.11728394290948111e-19,        +3.21826225535535375e-19,        -5.52586868394878332e-16,        -2.81035611733834750e-15,        +2.77649163774494247e-15,        -8.95216992727455153e-16,        +1.20731585313567617e-15,        +1.01014208873947212e-14,        -5.26337029025348795e-14,        +6.77578789669225730e-14,        -1.59225471567869697e-13,        +5.59840620417982424e-14,        +1.75633391246877245e-13,        -2.02251871566032230e-13,        +1.47831095361558049e-13,        +7.30074837902891488e-14,        +4.03818063514465867e-14,        -1.64747986598552088e-13,        +2.77707614056897115e-13,        -1.08405249117214247e-13,        -5.80804571224435850e-14,        -1.76309006634218341e-13,        +0.00000000000000000e+00,        +0.00000000000000000e+00,        +0.00000000000000000e+00,        +0.00000000000000000e+00,        +0.00000000000000000e+00,        +0.00000000000000000e+00,        +0.00000000000000000e+00,        +0.00000000000000000e+00,        +0.00000000000000000e+00,        +0.00000000000000000e+00,        +0.00000000000000000e+00,        +0.00000000000000000e+00,        +0.00000000000000000e+00,        +0.00000000000000000e+00,        +0.00000000000000000e+00,        +0.00000000000000000e+00,        +0.00000000000000000e+00,        +0.00000000000000000e+00,        +0.00000000000000000e+00,        +0.00000000000000000e+00,        +0.00000000000000000e+00,        +0.00000000000000000e+00,        +0.00000000000000000e+00,        +0.00000000000000000e+00,        +0.00000000000000000e+00,        +0.00000000000000000e+00,        +0.00000000000000000e+00,        +0.00000000000000000e+00,        +0.00000000000000000e+00,        +0.00000000000000000e+00,        +0.00000000000000000e+00,        +0.00000000000000000e+00,        +0.00000000000000000e+00,        +0.00000000000000000e+00,        +0.00000000000000000e+00,        +0.00000000000000000e+00,        +0.00000000000000000e+00,        +0.00000000000000000e+00,        +0.00000000000000000e+00,        +0.00000000000000000e+00,        +0.00000000000000000e+00,        +0.00000000000000000e+00,        +0.00000000000000000e+00,        +0.00000000000000000e+00,        +0.00000000000000000e+00,        +0.00000000000000000e+00,        +0.00000000000000000e+00,        +0.00000000000000000e+00,        +0.00000000000000000e+00,        +0.00000000000000000e+00,        +0.00000000000000000e+00,        +0.00000000000000000e+00,        +0.00000000000000000e+00,        +0.00000000000000000e+00,        +0.00000000000000000e+00,        +0.00000000000000000e+00,        +0.00000000000000000e+00,        +0.00000000000000000e+00,        +0.00000000000000000e+00,        +0.00000000000000000e+00,        +0.00000000000000000e+00,        +0.00000000000000000e+00,        +0.00000000000000000e+00,        +0.00000000000000000e+00,        +0.00000000000000000e+00,        +0.00000000000000000e+00,        +0.00000000000000000e+00,        +0.00000000000000000e+00,        +0.00000000000000000e+00,        +0.00000000000000000e+00,        +0.00000000000000000e+00,        +0.00000000000000000e+00,        +0.00000000000000000e+00,        +0.00000000000000000e+00,        +0.00000000000000000e+00,        +0.00000000000000000e+00,        +0.00000000000000000e+00,        +0.00000000000000000e+00,        +0.00000000000000000e+00,        +0.00000000000000000e+00,        +0.00000000000000000e+00,        +0.00000000000000000e+00,        +0.00000000000000000e+00,        +0.00000000000000000e+00,        +0.00000000000000000e+00,        +0.00000000000000000e+00
        +3.94677798409160153e-19,        +6.29022639592900240e-19,        -1.38538450403977185e-16,        -1.42748702987903310e-15,        +1.41336308351038211e-15,        -3.45397181147994648e-18,        -5.31153802801076425e-16,        +8.09792193065661321e-15,        -2.83815421740091612e-14,        +2.86080116406285664e-14,        -7.04110514318528969e-14,        +2.73176567802340831e-14,        +8.40263746814494205e-14,        -9.63766570539652087e-14,        +2.33349600184004520e-14,        +4.03818063514465867e-14,        +1.85207252350025204e-14,        -1.22367210233040591e-13,        +6.18531358406273147e-14,        -9.51761391262969329e-14,        -7.10418108781594755e-14,        -9.38910526783215921e-14,        +0.00000000000000000e+00,        +0.00000000000000000e+00,        +0.00000000000000000e+00,        +0.00000000000000000e+00,        +0.00000000000000000e+00,        +0.00000000000000000e+00,        +0.00000000000000000e+00,        +0.00000000000000000e+00,        +0.00000000000000000e+00,        +0.00000000000000000e+00,        +0.00000000000000000e+00,        +0.00000000000000000e+00,        +0.00000000000000000e+00,        +0.00000000000000000e+00,        +0.00000000000000000e+00,        +0.00000000000000000e+00,        +0.00000000000000000e+00,        +0.00000000000000000e+00,        +0.00000000000000000e+00,        +0.00000000000000000e+00,        +0.00000000000000000e+00,        +0.00000000000000000e+00,        +0.00000000000000000e+00,        +0.00000000000000000e+00,        +0.00000000000000000e+00,        +0.00000000000000000e+00,        +0.00000000000000000e+00,        +0.00000000000000000e+00,        +0.00000000000000000e+00,        +0.00000000000000000e+00,        +0.00000000000000000e+00,        +0.00000000000000000e+00,        +0.00000000000000000e+00,        +0.00000000000000000e+00,        +0.00000000000000000e+00,        +0.00000000000000000e+00,        +0.00000000000000000e+00,        +0.00000000000000000e+00,        +0.00000000000000000e+00,        +0.00000000000000000e+00,        +0.00000000000000000e+00,        +0.00000000000000000e+00,        +0.00000000000000000e+00,        +0.00000000000000000e+00,        +0.00000000000000000e+00,        +0.00000000000000000e+00,        +0.00000000000000000e+00,        +0.00000000000000000e+00,        +0.00000000000000000e+00,        +0.00000000000000000e+00,        +0.00000000000000000e+00,        +0.00000000000000000e+00,        +0.00000000000000000e+00,        +0.00000000000000000e+00,        +0.00000000000000000e+00,        +0.00000000000000000e+00,        +0.00000000000000000e+00,        +0.00000000000000000e+00,        +0.00000000000000000e+00,        +0.00000000000000000e+00,        +0.00000000000000000e+00,        +0.00000000000000000e+00,        +0.00000000000000000e+00,        +0.00000000000000000e+00,        +0.00000000000000000e+00,        +0.00000000000000000e+00,        +0.00000000000000000e+00,        +0.00000000000000000e+00,        +0.00000000000000000e+00,        +0.00000000000000000e+00,        +0.00000000000000000e+00,        +0.00000000000000000e+00,        +0.00000000000000000e+00,        +0.00000000000000000e+00,        +0.00000000000000000e+00,        +0.00000000000000000e+00,        +0.00000000000000000e+00,        +0.00000000000000000e+00,        +0.00000000000000000e+00,        +0.00000000000000000e+00,        +0.00000000000000000e+00,        +0.00000000000000000e+00,        +0.00000000000000000e+00,        +0.00000000000000000e+00,        +0.00000000000000000e+00,        +0.00000000000000000e+00
        +9.77706671624469253e-19,        -2.36173888311903079e-18,        +1.57097527904721715e-15,        +8.54752096164173504e-15,        -7.69639111724607811e-15,        +1.14526702728272376e-15,        -4.76233952775178357e-15,        -4.92599922986670029e-14,        +1.76296032680602732e-13,        -1.76312294570873001e-13,        +4.51253421866292669e-13,        -1.90118404161706930e-13,        -4.86940778663155798e-13,        +6.03315814591009296e-13,        -4.11752608153713041e-13,        -1.64747986598552088e-13,        -1.22367210233040263e-13,        +6.85818853432090140e-13,        -5.48987859073689811e-13,        +3.91204554810795948e-13,        +2.55064433881233871e-13,        +5.10423467305733606e-13,        +0.00000000000000000e+00,        +0.00000000000000000e+00,        +0.00000000000000000e+00,        +0.00000000000000000e+00,        +0.00000000000000000e+00,        +0.00000000000000000e+00,        +0.00000000000000000e+00,        +0.00000000000000000e+00,        +0.00000000000000000e+00,        +0.00000000000000000e+00,        +0.00000000000000000e+00,        +0.00000000000000000e+00,        +0.00000000000000000e+00,        +0.00000000000000000e+00,        +0.00000000000000000e+00,        +0.00000000000000000e+00,        +0.00000000000000000e+00,        +0.00000000000000000e+00,        +0.00000000000000000e+00,        +0.00000000000000000e+00,        +0.00000000000000000e+00,        +0.00000000000000000e+00,        +0.00000000000000000e+00,        +0.00000000000000000e+00,        +0.00000000000000000e+00,        +0.00000000000000000e+00,        +0.00000000000000000e+00,        +0.00000000000000000e+00,        +0.00000000000000000e+00,        +0.00000000000000000e+00,        +0.00000000000000000e+00,        +0.00000000000000000e+00,        +0.00000000000000000e+00,        +0.00000000000000000e+00,        +0.00000000000000000e+00,        +0.00000000000000000e+00,        +0.00000000000000000e+00,        +0.00000000000000000e+00,        +0.00000000000000000e+00,        +0.00000000000000000e+00,        +0.00000000000000000e+00,        +0.00000000000000000e+00,        +0.00000000000000000e+00,        +0.00000000000000000e+00,        +0.00000000000000000e+00,        +0.00000000000000000e+00,        +0.00000000000000000e+00,        +0.00000000000000000e+00,        +0.00000000000000000e+00,        +0.00000000000000000e+00,        +0.00000000000000000e+00,        +0.00000000000000000e+00,        +0.00000000000000000e+00,        +0.00000000000000000e+00,        +0.00000000000000000e+00,        +0.00000000000000000e+00,        +0.00000000000000000e+00,        +0.00000000000000000e+00,        +0.00000000000000000e+00,        +0.00000000000000000e+00,        +0.00000000000000000e+00,        +0.00000000000000000e+00,        +0.00000000000000000e+00,        +0.00000000000000000e+00,        +0.00000000000000000e+00,        +0.00000000000000000e+00,        +0.00000000000000000e+00,        +0.00000000000000000e+00,        +0.00000000000000000e+00,        +0.00000000000000000e+00,        +0.00000000000000000e+00,        +0.00000000000000000e+00,        +0.00000000000000000e+00,        +0.00000000000000000e+00,        +0.00000000000000000e+00,        +0.00000000000000000e+00,        +0.00000000000000000e+00,        +0.00000000000000000e+00,        +0.00000000000000000e+00,        +0.00000000000000000e+00,        +0.00000000000000000e+00,        +0.00000000000000000e+00,        +0.00000000000000000e+00,        +0.00000000000000000e+00,        +0.00000000000000000e+00,        +0.00000000000000000e+00
        -1.20091492749642927e-18,        +3.19955628255060622e-18,        -7.80079189944650457e-16,        -7.59203612914267239e-15,        +8.35745068088816905e-15,        -1.11747972566165316e-15,        -3.84971252081272506e-15,        +3.02441578489699054e-14,        -1.38767476650264000e-13,        +1.76155389687593576e-13,        -4.12429702281871494e-13,        +1.37577338069585956e-13,        +4.86928232658711519e-13,        -5.32042022674650885e-13,        +1.39535786086980528e-13,        +2.77707614056897115e-13,        +6.18531358406273147e-14,        -5.48987859073689811e-13,        +4.80076429708309286e-13,        -5.48727675069304645e-13,        -3.54395243906246476e-13,        -5.71335741084207552e-13,        +0.00000000000000000e+00,        +0.00000000000000000e+00,        +0.00000000000000000e+00,        +0.00000000000000000e+00,        +0.00000000000000000e+00,        +0.00000000000000000e+00,        +0.00000000000000000e+00,        +0.00000000000000000e+00,        +0.00000000000000000e+00,        +0.00000000000000000e+00,        +0.00000000000000000e+00,        +0.00000000000000000e+00,        +0.00000000000000000e+00,        +0.00000000000000000e+00,        +0.00000000000000000e+00,        +0.00000000000000000e+00,        +0.00000000000000000e+00,        +0.00000000000000000e+00,        +0.00000000000000000e+00,        +0.00000000000000000e+00,        +0.00000000000000000e+00,        +0.00000000000000000e+00,        +0.00000000000000000e+00,        +0.00000000000000000e+00,        +0.00000000000000000e+00,        +0.00000000000000000e+00,        +0.00000000000000000e+00,        +0.00000000000000000e+00,        +0.00000000000000000e+00,        +0.00000000000000000e+00,        +0.00000000000000000e+00,        +0.00000000000000000e+00,        +0.00000000000000000e+00,        +0.00000000000000000e+00,        +0.00000000000000000e+00,        +0.00000000000000000e+00,        +0.00000000000000000e+00,        +0.00000000000000000e+00,        +0.00000000000000000e+00,        +0.00000000000000000e+00,        +0.00000000000000000e+00,        +0.00000000000000000e+00,        +0.00000000000000000e+00,        +0.00000000000000000e+00,        +0.00000000000000000e+00,        +0.00000000000000000e+00,        +0.00000000000000000e+00,        +0.00000000000000000e+00,        +0.00000000000000000e+00,        +0.00000000000000000e+00,        +0.00000000000000000e+00,        +0.00000000000000000e+00,        +0.00000000000000000e+00,        +0.00000000000000000e+00,        +0.00000000000000000e+00,        +0.00000000000000000e+00,        +0.00000000000000000e+00,        +0.00000000000000000e+00,        +0.00000000000000000e+00,        +0.00000000000000000e+00,        +0.00000000000000000e+00,        +0.00000000000000000e+00,        +0.00000000000000000e+00,        +0.00000000000000000e+00,        +0.00000000000000000e+00,        +0.00000000000000000e+00,        +0.00000000000000000e+00,        +0.00000000000000000e+00,        +0.00000000000000000e+00,        +0.00000000000000000e+00,        +0.00000000000000000e+00,        +0.00000000000000000e+00,        +0.00000000000000000e+00,        +0.00000000000000000e+00,        +0.00000000000000000e+00,        +0.00000000000000000e+00,        +0.00000000000000000e+00,        +0.00000000000000000e+00,        +0.00000000000000000e+00,        +0.00000000000000000e+00,        +0.00000000000000000e+00,        +0.00000000000000000e+00,        +0.00000000000000000e+00,        +0.00000000000000000e+00,        +0.00000000000000000e+00,        +0.00000000000000000e+00
        +1.84269290338822321e-18,        -1.62195385347461123e-18,        +1.33170852213680249e-15,        +5.92464989987043804e-15,        -5.51099569096401386e-15,        +1.60610687116764978e-15,        -4.51752359756299354e-15,        -2.78983596262545263e-14,        +1.18541324146144302e-13,        -1.34375164310513592e-13,        +3.33261825284253498e-13,        -1.31737885617793071e-13,        -3.51866639197508682e-13,        +4.30836537433693305e-13,        -3.73026979411691609e-13,        -1.08405249117214247e-13,        -9.51761391262969329e-14,        +3.91204554810795948e-13,        -5.48727675069303636e-13,        +1.90591344347350612e-13,        +9.86956593421140847e-14,        +3.42456789733113913e-13,        +0.00000000000000000e+00,        +0.00000000000000000e+00,        +0.00000000000000000e+00,        +0.00000000000000000e+00,        +0.00000000000000000e+00,        +0.00000000000000000e+00,        +0.00000000000000000e+00,        +0.00000000000000000e+00,        +0.00000000000000000e+00,        +0.00000000000000000e+00,        +0.00000000000000000e+00,        +0.00000000000000000e+00,        +0.00000000000000000e+00,        +0.00000000000000000e+00,        +0.00000000000000000e+00,        +0.00000000000000000e+00,        +0.00000000000000000e+00,        +0.00000000000000000e+00,        +0.00000000000000000e+00,        +0.00000000000000000e+00,        +0.00000000000000000e+00,        +0.00000000000000000e+00,        +0.00000000000000000e+00,        +0.00000000000000000e+00,        +0.00000000000000000e+00,        +0.00000000000000000e+00,        +0.00000000000000000e+00,        +0.00000000000000000e+00,        +0.00000000000000000e+00,        +0.00000000000000000e+00,        +0.00000000000000000e+00,        +0.00000000000000000e+00,        +0.00000000000000000e+00,        +0.00000000000000000e+00,        +0.00000000000000000e+00,        +0.00000000000000000e+00,        +0.00000000000000000e+00,        +0.00000000000000000e+00,        +0.00000000000000000e+00,        +0.00000000000000000e+00,        +0.00000000000000000e+00,        +0.00000000000000000e+00,        +0.00000000000000000e+00,        +0.00000000000000000e+00,        +0.00000000000000000e+00,        +0.00000000000000000e+00,        +0.00000000000000000e+00,        +0.00000000000000000e+00,        +0.00000000000000000e+00,        +0.00000000000000000e+00,        +0.00000000000000000e+00,        +0.00000000000000000e+00,        +0.00000000000000000e+00,        +0.00000000000000000e+00,        +0.00000000000000000e+00,        +0.00000000000000000e+00,        +0.00000000000000000e+00,        +0.00000000000000000e+00,        +0.00000000000000000e+00,        +0.00000000000000000e+00,        +0.00000000000000000e+00,        +0.00000000000000000e+00,        +0.00000000000000000e+00,        +0.00000000000000000e+00,        +0.00000000000000000e+00,        +0.00000000000000000e+00,        +0.00000000000000000e+00,        +0.00000000000000000e+00,        +0.00000000000000000e+00,        +0.00000000000000000e+00,        +0.00000000000000000e+00,        +0.00000000000000000e+00,        +0.00000000000000000e+00,        +0.00000000000000000e+00,        +0.00000000000000000e+00,        +0.00000000000000000e+00,        +0.00000000000000000e+00,        +0.00000000000000000e+00,        +0.00000000000000000e+00,        +0.00000000000000000e+00,        +0.00000000000000000e+00,        +0.00000000000000000e+00,        +0.00000000000000000e+00,        +0.00000000000000000e+00,        +0.00000000000000000e+00,        +0.00000000000000000e+00
        -2.51304661990087735e-19,        -2.16217729877524731e-18,        +8.13856801568782202e-16,        +3.84315275822095737e-15,        -3.93822027902715412e-15,        +5.69070350598644484e-16,        -3.99104335287779096e-16,        -2.16940383985808223e-14,        +8.01590895009364718e-14,        -8.25779361430563967e-14,        +2.08296769402841503e-13,        -8.37627786992271902e-14,        -2.30239071076622939e-13,        +2.76694265502493303e-13,        -2.21408799860551911e-13,        -5.80804571224435850e-14,        -7.10418108781594755e-14,        +2.55064433881233871e-13,        -3.54395243906246476e-13,        +9.86956593421140847e-14,        +7.97034594638104215e-14,        +2.01739196687091512e-13,        +0.00000000000000000e+00,        +0.00000000000000000e+00,        +0.00000000000000000e+00,        +0.00000000000000000e+00,        +0.00000000000000000e+00,        +0.00000000000000000e+00,        +0.00000000000000000e+00,        +0.00000000000000000e+00,        +0.00000000000000000e+00,        +0.00000000000000000e+00,        +0.00000000000000000e+00,        +0.00000000000000000e+00,        +0.00000000000000000e+00,        +0.00000000000000000e+00,        +0.00000000000000000e+00,        +0.00000000000000000e+00,        +0.00000000000000000e+00,        +0.00000000000000000e+00,        +0.00000000000000000e+00,        +0.00000000000000000e+00,        +0.00000000000000000e+00,        +0.00000000000000000e+00,        +0.00000000000000000e+00,        +0.00000000000000000e+00,        +0.00000000000000000e+00,        +0.00000000000000000e+00,        +0.00000000000000000e+00,        +0.00000000000000000e+00,        +0.00000000000000000e+00,        +0.00000000000000000e+00,        +0.00000000000000000e+00,        +0.00000000000000000e+00,        +0.00000000000000000e+00,        +0.00000000000000000e+00,        +0.00000000000000000e+00,        +0.00000000000000000e+00,        +0.00000000000000000e+00,        +0.00000000000000000e+00,        +0.00000000000000000e+00,        +0.00000000000000000e+00,        +0.00000000000000000e+00,        +0.00000000000000000e+00,        +0.00000000000000000e+00,        +0.00000000000000000e+00,        +0.00000000000000000e+00,        +0.00000000000000000e+00,        +0.00000000000000000e+00,        +0.00000000000000000e+00,        +0.00000000000000000e+00,        +0.00000000000000000e+00,        +0.00000000000000000e+00,        +0.00000000000000000e+00,        +0.00000000000000000e+00,        +0.00000000000000000e+00,        +0.00000000000000000e+00,        +0.00000000000000000e+00,        +0.00000000000000000e+00,        +0.00000000000000000e+00,        +0.00000000000000000e+00,        +0.00000000000000000e+00,        +0.00000000000000000e+00,        +0.00000000000000000e+00,        +0.00000000000000000e+00,        +0.00000000000000000e+00,        +0.00000000000000000e+00,        +0.00000000000000000e+00,        +0.00000000000000000e+00,        +0.00000000000000000e+00,        +0.00000000000000000e+00,        +0.00000000000000000e+00,        +0.00000000000000000e+00,        +0.00000000000000000e+00,        +0.00000000000000000e+00,        +0.00000000000000000e+00,        +0.00000000000000000e+00,        +0.00000000000000000e+00,        +0.00000000000000000e+00,        +0.00000000000000000e+00,        +0.00000000000000000e+00,        +0.00000000000000000e+00,        +0.00000000000000000e+00,        +0.00000000000000000e+00,        +0.00000000000000000e+00,        +0.00000000000000000e+00,        +0.00000000000000000e+00,        +0.00000000000000000e+00
        +4.62351474545864488e-19,        -2.69290274865363663e-18,        +1.32831386406278471e-15,        +7.24039823477011587e-15,        -7.20564603757494354e-15,        +1.52845096296327399e-15,        -2.25829047443052622e-15,        -3.37325739952004589e-14,        +1.41852129898657429e-13,        -1.63660557060948354e-13,        +4.02414695499807924e-13,        -1.53674397722502734e-13,        -4.38909018747993223e-13,        +5.21031488320558021e-13,        -3.46841389322828449e-13,        -1.76309006634218341e-13,        -9.38910526783215921e-14,        +5.10423467305733606e-13,        -5.71335741084207552e-13,        +3.42456789733113913e-13,        +2.01739196687091184e-13,        +4.66431891972826935e-13,        +0.00000000000000000e+00,        +0.00000000000000000e+00,        +0.00000000000000000e+00,        +0.00000000000000000e+00,        +0.00000000000000000e+00,        +0.00000000000000000e+00,        +0.00000000000000000e+00,        +0.00000000000000000e+00,        +0.00000000000000000e+00,        +0.00000000000000000e+00,        +0.00000000000000000e+00,        +0.00000000000000000e+00,        +0.00000000000000000e+00,        +0.00000000000000000e+00,        +0.00000000000000000e+00,        +0.00000000000000000e+00,        +0.00000000000000000e+00,        +0.00000000000000000e+00,        +0.00000000000000000e+00,        +0.00000000000000000e+00,        +0.00000000000000000e+00,        +0.00000000000000000e+00,        +0.00000000000000000e+00,        +0.00000000000000000e+00,        +0.00000000000000000e+00,        +0.00000000000000000e+00,        +0.00000000000000000e+00,        +0.00000000000000000e+00,        +0.00000000000000000e+00,        +0.00000000000000000e+00,        +0.00000000000000000e+00,        +0.00000000000000000e+00,        +0.00000000000000000e+00,        +0.00000000000000000e+00,        +0.00000000000000000e+00,        +0.00000000000000000e+00,        +0.00000000000000000e+00,        +0.00000000000000000e+00,        +0.00000000000000000e+00,        +0.00000000000000000e+00,        +0.00000000000000000e+00,        +0.00000000000000000e+00,        +0.00000000000000000e+00,        +0.00000000000000000e+00,        +0.00000000000000000e+00,        +0.00000000000000000e+00,        +0.00000000000000000e+00,        +0.00000000000000000e+00,        +0.00000000000000000e+00,        +0.00000000000000000e+00,        +0.00000000000000000e+00,        +0.00000000000000000e+00,        +0.00000000000000000e+00,        +0.00000000000000000e+00,        +0.00000000000000000e+00,        +0.00000000000000000e+00,        +0.00000000000000000e+00,        +0.00000000000000000e+00,        +0.00000000000000000e+00,        +0.00000000000000000e+00,        +0.00000000000000000e+00,        +0.00000000000000000e+00,        +0.00000000000000000e+00,        +0.00000000000000000e+00,        +0.00000000000000000e+00,        +0.00000000000000000e+00,        +0.00000000000000000e+00,        +0.00000000000000000e+00,        +0.00000000000000000e+00,        +0.00000000000000000e+00,        +0.00000000000000000e+00,        +0.00000000000000000e+00,        +0.00000000000000000e+00,        +0.00000000000000000e+00,        +0.00000000000000000e+00,        +0.00000000000000000e+00,        +0.00000000000000000e+00,        +0.00000000000000000e+00,        +0.00000000000000000e+00,        +0.00000000000000000e+00,        +0.00000000000000000e+00,        +0.00000000000000000e+00,        +0.00000000000000000e+00,        +0.00000000000000000e+00,        +0.00000000000000000e+00,        +0.00000000000000000e+00
        +0.00000000000000000e+00,        +0.00000000000000000e+00,        +0.00000000000000000e+00,        +0.00000000000000000e+00,        +0.00000000000000000e+00,        +0.00000000000000000e+00,        +0.00000000000000000e+00,        +0.00000000000000000e+00,        +0.00000000000000000e+00,        +0.00000000000000000e+00,        +0.00000000000000000e+00,        +0.00000000000000000e+00,        +0.00000000000000000e+00,        +0.00000000000000000e+00,        +0.00000000000000000e+00,        +0.00000000000000000e+00,        +0.00000000000000000e+00,        +0.00000000000000000e+00,        +0.00000000000000000e+00,        +0.00000000000000000e+00,        +0.00000000000000000e+00,        +0.00000000000000000e+00,        +0.00000000000000000e+00,        +0.00000000000000000e+00,        +0.00000000000000000e+00,        +0.00000000000000000e+00,        +0.00000000000000000e+00,        +0.00000000000000000e+00,        +0.00000000000000000e+00,        +0.00000000000000000e+00,        +0.00000000000000000e+00,        +0.00000000000000000e+00,        +0.00000000000000000e+00,        +0.00000000000000000e+00,        +0.00000000000000000e+00,        +0.00000000000000000e+00,        +0.00000000000000000e+00,        +0.00000000000000000e+00,        +0.00000000000000000e+00,        +0.00000000000000000e+00,        +0.00000000000000000e+00,        +0.00000000000000000e+00,        +0.00000000000000000e+00,        +0.00000000000000000e+00,        +0.00000000000000000e+00,        +0.00000000000000000e+00,        +0.00000000000000000e+00,        +0.00000000000000000e+00,        +0.00000000000000000e+00,        +0.00000000000000000e+00,        +0.00000000000000000e+00,        +0.00000000000000000e+00,        +0.00000000000000000e+00,        +0.00000000000000000e+00,        +0.00000000000000000e+00,        +0.00000000000000000e+00,        +0.00000000000000000e+00,        +0.00000000000000000e+00,        +0.00000000000000000e+00,        +0.00000000000000000e+00,        +0.00000000000000000e+00,        +0.00000000000000000e+00,        +0.00000000000000000e+00,        +0.00000000000000000e+00,        +0.00000000000000000e+00,        +0.00000000000000000e+00,        +0.00000000000000000e+00,        +0.00000000000000000e+00,        +0.00000000000000000e+00,        +0.00000000000000000e+00,        +0.00000000000000000e+00,        +0.00000000000000000e+00,        +0.00000000000000000e+00,        +0.00000000000000000e+00,        +0.00000000000000000e+00,        +0.00000000000000000e+00,        +0.00000000000000000e+00,        +0.00000000000000000e+00,        +0.00000000000000000e+00,        +0.00000000000000000e+00,        +0.00000000000000000e+00,        +0.00000000000000000e+00,        +0.00000000000000000e+00,        +0.00000000000000000e+00,        +0.00000000000000000e+00,        +0.00000000000000000e+00,        +0.00000000000000000e+00,        +0.00000000000000000e+00,        +0.00000000000000000e+00,        +0.00000000000000000e+00,        +0.00000000000000000e+00,        +0.00000000000000000e+00,        +0.00000000000000000e+00,        +0.00000000000000000e+00,        +0.00000000000000000e+00,        +0.00000000000000000e+00,        +0.00000000000000000e+00,        +0.00000000000000000e+00,        +0.00000000000000000e+00,        +0.00000000000000000e+00,        +0.00000000000000000e+00,        +0.00000000000000000e+00,        +0.00000000000000000e+00,        +0.00000000000000000e+00,        +0.00000000000000000e+00,        +0.00000000000000000e+00,        +0.00000000000000000e+00,        +0.00000000000000000e+00
        +0.00000000000000000e+00,        +0.00000000000000000e+00,        +0.00000000000000000e+00,        +0.00000000000000000e+00,        +0.00000000000000000e+00,        +0.00000000000000000e+00,        +0.00000000000000000e+00,        +0.00000000000000000e+00,        +0.00000000000000000e+00,        +0.00000000000000000e+00,        +0.00000000000000000e+00,        +0.00000000000000000e+00,        +0.00000000000000000e+00,        +0.00000000000000000e+00,        +0.00000000000000000e+00,        +0.00000000000000000e+00,        +0.00000000000000000e+00,        +0.00000000000000000e+00,        +0.00000000000000000e+00,        +0.00000000000000000e+00,        +0.00000000000000000e+00,        +0.00000000000000000e+00,        +0.00000000000000000e+00,        +0.00000000000000000e+00,        +0.00000000000000000e+00,        +0.00000000000000000e+00,        +0.00000000000000000e+00,        +0.00000000000000000e+00,        +0.00000000000000000e+00,        +0.00000000000000000e+00,        +0.00000000000000000e+00,        +0.00000000000000000e+00,        +0.00000000000000000e+00,        +0.00000000000000000e+00,        +0.00000000000000000e+00,        +0.00000000000000000e+00,        +0.00000000000000000e+00,        +0.00000000000000000e+00,        +0.00000000000000000e+00,        +0.00000000000000000e+00,        +0.00000000000000000e+00,        +0.00000000000000000e+00,        +0.00000000000000000e+00,        +0.00000000000000000e+00,        +0.00000000000000000e+00,        +0.00000000000000000e+00,        +0.00000000000000000e+00,        +0.00000000000000000e+00,        +0.00000000000000000e+00,        +0.00000000000000000e+00,        +0.00000000000000000e+00,        +0.00000000000000000e+00,        +0.00000000000000000e+00,        +0.00000000000000000e+00,        +0.00000000000000000e+00,        +0.00000000000000000e+00,        +0.00000000000000000e+00,        +0.00000000000000000e+00,        +0.00000000000000000e+00,        +0.00000000000000000e+00,        +0.00000000000000000e+00,        +0.00000000000000000e+00,        +0.00000000000000000e+00,        +0.00000000000000000e+00,        +0.00000000000000000e+00,        +0.00000000000000000e+00,        +0.00000000000000000e+00,        +0.00000000000000000e+00,        +0.00000000000000000e+00,        +0.00000000000000000e+00,        +0.00000000000000000e+00,        +0.00000000000000000e+00,        +0.00000000000000000e+00,        +0.00000000000000000e+00,        +0.00000000000000000e+00,        +0.00000000000000000e+00,        +0.00000000000000000e+00,        +0.00000000000000000e+00,        +0.00000000000000000e+00,        +0.00000000000000000e+00,        +0.00000000000000000e+00,        +0.00000000000000000e+00,        +0.00000000000000000e+00,        +0.00000000000000000e+00,        +0.00000000000000000e+00,        +0.00000000000000000e+00,        +0.00000000000000000e+00,        +0.00000000000000000e+00,        +0.00000000000000000e+00,        +0.00000000000000000e+00,        +0.00000000000000000e+00,        +0.00000000000000000e+00,        +0.00000000000000000e+00,        +0.00000000000000000e+00,        +0.00000000000000000e+00,        +0.00000000000000000e+00,        +0.00000000000000000e+00,        +0.00000000000000000e+00,        +0.00000000000000000e+00,        +0.00000000000000000e+00,        +0.00000000000000000e+00,        +0.00000000000000000e+00,        +0.00000000000000000e+00,        +0.00000000000000000e+00,        +0.00000000000000000e+00,        +0.00000000000000000e+00,        +0.00000000000000000e+00,        +0.00000000000000000e+00
        +0.00000000000000000e+00,        +0.00000000000000000e+00,        +0.00000000000000000e+00,        +0.00000000000000000e+00,        +0.00000000000000000e+00,        +0.00000000000000000e+00,        +0.00000000000000000e+00,        +0.00000000000000000e+00,        +0.00000000000000000e+00,        +0.00000000000000000e+00,        +0.00000000000000000e+00,        +0.00000000000000000e+00,        +0.00000000000000000e+00,        +0.00000000000000000e+00,        +0.00000000000000000e+00,        +0.00000000000000000e+00,        +0.00000000000000000e+00,        +0.00000000000000000e+00,        +0.00000000000000000e+00,        +0.00000000000000000e+00,        +0.00000000000000000e+00,        +0.00000000000000000e+00,        +0.00000000000000000e+00,        +0.00000000000000000e+00,        +0.00000000000000000e+00,        +0.00000000000000000e+00,        +0.00000000000000000e+00,        +0.00000000000000000e+00,        +0.00000000000000000e+00,        +0.00000000000000000e+00,        +0.00000000000000000e+00,        +0.00000000000000000e+00,        +0.00000000000000000e+00,        +0.00000000000000000e+00,        +0.00000000000000000e+00,        +0.00000000000000000e+00,        +0.00000000000000000e+00,        +0.00000000000000000e+00,        +0.00000000000000000e+00,        +0.00000000000000000e+00,        +0.00000000000000000e+00,        +0.00000000000000000e+00,        +0.00000000000000000e+00,        +0.00000000000000000e+00,        +0.00000000000000000e+00,        +0.00000000000000000e+00,        +0.00000000000000000e+00,        +0.00000000000000000e+00,        +0.00000000000000000e+00,        +0.00000000000000000e+00,        +0.00000000000000000e+00,        +0.00000000000000000e+00,        +0.00000000000000000e+00,        +0.00000000000000000e+00,        +0.00000000000000000e+00,        +0.00000000000000000e+00,        +0.00000000000000000e+00,        +0.00000000000000000e+00,        +0.00000000000000000e+00,        +0.00000000000000000e+00,        +0.00000000000000000e+00,        +0.00000000000000000e+00,        +0.00000000000000000e+00,        +0.00000000000000000e+00,        +0.00000000000000000e+00,        +0.00000000000000000e+00,        +0.00000000000000000e+00,        +0.00000000000000000e+00,        +0.00000000000000000e+00,        +0.00000000000000000e+00,        +0.00000000000000000e+00,        +0.00000000000000000e+00,        +0.00000000000000000e+00,        +0.00000000000000000e+00,        +0.00000000000000000e+00,        +0.00000000000000000e+00,        +0.00000000000000000e+00,        +0.00000000000000000e+00,        +0.00000000000000000e+00,        +0.00000000000000000e+00,        +0.00000000000000000e+00,        +0.00000000000000000e+00,        +0.00000000000000000e+00,        +0.00000000000000000e+00,        +0.00000000000000000e+00,        +0.00000000000000000e+00,        +0.00000000000000000e+00,        +0.00000000000000000e+00,        +0.00000000000000000e+00,        +0.00000000000000000e+00,        +0.00000000000000000e+00,        +0.00000000000000000e+00,        +0.00000000000000000e+00,        +0.00000000000000000e+00,        +0.00000000000000000e+00,        +0.00000000000000000e+00,        +0.00000000000000000e+00,        +0.00000000000000000e+00,        +0.00000000000000000e+00,        +0.00000000000000000e+00,        +0.00000000000000000e+00,        +0.00000000000000000e+00,        +0.00000000000000000e+00,        +0.00000000000000000e+00,        +0.00000000000000000e+00,        +0.00000000000000000e+00,        +0.00000000000000000e+00,        +0.00000000000000000e+00
        +0.00000000000000000e+00,        +0.00000000000000000e+00,        +0.00000000000000000e+00,        +0.00000000000000000e+00,        +0.00000000000000000e+00,        +0.00000000000000000e+00,        +0.00000000000000000e+00,        +0.00000000000000000e+00,        +0.00000000000000000e+00,        +0.00000000000000000e+00,        +0.00000000000000000e+00,        +0.00000000000000000e+00,        +0.00000000000000000e+00,        +0.00000000000000000e+00,        +0.00000000000000000e+00,        +0.00000000000000000e+00,        +0.00000000000000000e+00,        +0.00000000000000000e+00,        +0.00000000000000000e+00,        +0.00000000000000000e+00,        +0.00000000000000000e+00,        +0.00000000000000000e+00,        +0.00000000000000000e+00,        +0.00000000000000000e+00,        +0.00000000000000000e+00,        +0.00000000000000000e+00,        +0.00000000000000000e+00,        +0.00000000000000000e+00,        +0.00000000000000000e+00,        +0.00000000000000000e+00,        +0.00000000000000000e+00,        +0.00000000000000000e+00,        +0.00000000000000000e+00,        +0.00000000000000000e+00,        +0.00000000000000000e+00,        +0.00000000000000000e+00,        +0.00000000000000000e+00,        +0.00000000000000000e+00,        +0.00000000000000000e+00,        +0.00000000000000000e+00,        +0.00000000000000000e+00,        +0.00000000000000000e+00,        +0.00000000000000000e+00,        +0.00000000000000000e+00,        +0.00000000000000000e+00,        +0.00000000000000000e+00,        +0.00000000000000000e+00,        +0.00000000000000000e+00,        +0.00000000000000000e+00,        +0.00000000000000000e+00,        +0.00000000000000000e+00,        +0.00000000000000000e+00,        +0.00000000000000000e+00,        +0.00000000000000000e+00,        +0.00000000000000000e+00,        +0.00000000000000000e+00,        +0.00000000000000000e+00,        +0.00000000000000000e+00,        +0.00000000000000000e+00,        +0.00000000000000000e+00,        +0.00000000000000000e+00,        +0.00000000000000000e+00,        +0.00000000000000000e+00,        +0.00000000000000000e+00,        +0.00000000000000000e+00,        +0.00000000000000000e+00,        +0.00000000000000000e+00,        +0.00000000000000000e+00,        +0.00000000000000000e+00,        +0.00000000000000000e+00,        +0.00000000000000000e+00,        +0.00000000000000000e+00,        +0.00000000000000000e+00,        +0.00000000000000000e+00,        +0.00000000000000000e+00,        +0.00000000000000000e+00,        +0.00000000000000000e+00,        +0.00000000000000000e+00,        +0.00000000000000000e+00,        +0.00000000000000000e+00,        +0.00000000000000000e+00,        +0.00000000000000000e+00,        +0.00000000000000000e+00,        +0.00000000000000000e+00,        +0.00000000000000000e+00,        +0.00000000000000000e+00,        +0.00000000000000000e+00,        +0.00000000000000000e+00,        +0.00000000000000000e+00,        +0.00000000000000000e+00,        +0.00000000000000000e+00,        +0.00000000000000000e+00,        +0.00000000000000000e+00,        +0.00000000000000000e+00,        +0.00000000000000000e+00,        +0.00000000000000000e+00,        +0.00000000000000000e+00,        +0.00000000000000000e+00,        +0.00000000000000000e+00,        +0.00000000000000000e+00,        +0.00000000000000000e+00,        +0.00000000000000000e+00,        +0.00000000000000000e+00,        +0.00000000000000000e+00,        +0.00000000000000000e+00,        +0.00000000000000000e+00,        +0.00000000000000000e+00,        +0.00000000000000000e+00
        +0.00000000000000000e+00,        +0.00000000000000000e+00,        +0.00000000000000000e+00,        +0.00000000000000000e+00,        +0.00000000000000000e+00,        +0.00000000000000000e+00,        +0.00000000000000000e+00,        +0.00000000000000000e+00,        +0.00000000000000000e+00,        +0.00000000000000000e+00,        +0.00000000000000000e+00,        +0.00000000000000000e+00,        +0.00000000000000000e+00,        +0.00000000000000000e+00,        +0.00000000000000000e+00,        +0.00000000000000000e+00,        +0.00000000000000000e+00,        +0.00000000000000000e+00,        +0.00000000000000000e+00,        +0.00000000000000000e+00,        +0.00000000000000000e+00,        +0.00000000000000000e+00,        +0.00000000000000000e+00,        +0.00000000000000000e+00,        +0.00000000000000000e+00,        +0.00000000000000000e+00,        +0.00000000000000000e+00,        +0.00000000000000000e+00,        +0.00000000000000000e+00,        +0.00000000000000000e+00,        +0.00000000000000000e+00,        +0.00000000000000000e+00,        +0.00000000000000000e+00,        +0.00000000000000000e+00,        +0.00000000000000000e+00,        +0.00000000000000000e+00,        +0.00000000000000000e+00,        +0.00000000000000000e+00,        +0.00000000000000000e+00,        +0.00000000000000000e+00,        +0.00000000000000000e+00,        +0.00000000000000000e+00,        +0.00000000000000000e+00,        +0.00000000000000000e+00,        +0.00000000000000000e+00,        +0.00000000000000000e+00,        +0.00000000000000000e+00,        +0.00000000000000000e+00,        +0.00000000000000000e+00,        +0.00000000000000000e+00,        +0.00000000000000000e+00,        +0.00000000000000000e+00,        +0.00000000000000000e+00,        +0.00000000000000000e+00,        +0.00000000000000000e+00,        +0.00000000000000000e+00,        +0.00000000000000000e+00,        +0.00000000000000000e+00,        +0.00000000000000000e+00,        +0.00000000000000000e+00,        +0.00000000000000000e+00,        +0.00000000000000000e+00,        +0.00000000000000000e+00,        +0.00000000000000000e+00,        +0.00000000000000000e+00,        +0.00000000000000000e+00,        +0.00000000000000000e+00,        +0.00000000000000000e+00,        +0.00000000000000000e+00,        +0.00000000000000000e+00,        +0.00000000000000000e+00,        +0.00000000000000000e+00,        +0.00000000000000000e+00,        +0.00000000000000000e+00,        +0.00000000000000000e+00,        +0.00000000000000000e+00,        +0.00000000000000000e+00,        +0.00000000000000000e+00,        +0.00000000000000000e+00,        +0.00000000000000000e+00,        +0.00000000000000000e+00,        +0.00000000000000000e+00,        +0.00000000000000000e+00,        +0.00000000000000000e+00,        +0.00000000000000000e+00,        +0.00000000000000000e+00,        +0.00000000000000000e+00,        +0.00000000000000000e+00,        +0.00000000000000000e+00,        +0.00000000000000000e+00,        +0.00000000000000000e+00,        +0.00000000000000000e+00,        +0.00000000000000000e+00,        +0.00000000000000000e+00,        +0.00000000000000000e+00,        +0.00000000000000000e+00,        +0.00000000000000000e+00,        +0.00000000000000000e+00,        +0.00000000000000000e+00,        +0.00000000000000000e+00,        +0.00000000000000000e+00,        +0.00000000000000000e+00,        +0.00000000000000000e+00,        +0.00000000000000000e+00,        +0.00000000000000000e+00,        +0.00000000000000000e+00,        +0.00000000000000000e+00,        +0.00000000000000000e+00
        +0.00000000000000000e+00,        +0.00000000000000000e+00,        +0.00000000000000000e+00,        +0.00000000000000000e+00,        +0.00000000000000000e+00,        +0.00000000000000000e+00,        +0.00000000000000000e+00,        +0.00000000000000000e+00,        +0.00000000000000000e+00,        +0.00000000000000000e+00,        +0.00000000000000000e+00,        +0.00000000000000000e+00,        +0.00000000000000000e+00,        +0.00000000000000000e+00,        +0.00000000000000000e+00,        +0.00000000000000000e+00,        +0.00000000000000000e+00,        +0.00000000000000000e+00,        +0.00000000000000000e+00,        +0.00000000000000000e+00,        +0.00000000000000000e+00,        +0.00000000000000000e+00,        +0.00000000000000000e+00,        +0.00000000000000000e+00,        +0.00000000000000000e+00,        +0.00000000000000000e+00,        +0.00000000000000000e+00,        +0.00000000000000000e+00,        +0.00000000000000000e+00,        +0.00000000000000000e+00,        +0.00000000000000000e+00,        +0.00000000000000000e+00,        +0.00000000000000000e+00,        +0.00000000000000000e+00,        +0.00000000000000000e+00,        +0.00000000000000000e+00,        +0.00000000000000000e+00,        +0.00000000000000000e+00,        +0.00000000000000000e+00,        +0.00000000000000000e+00,        +0.00000000000000000e+00,        +0.00000000000000000e+00,        +0.00000000000000000e+00,        +0.00000000000000000e+00,        +0.00000000000000000e+00,        +0.00000000000000000e+00,        +0.00000000000000000e+00,        +0.00000000000000000e+00,        +0.00000000000000000e+00,        +0.00000000000000000e+00,        +0.00000000000000000e+00,        +0.00000000000000000e+00,        +0.00000000000000000e+00,        +0.00000000000000000e+00,        +0.00000000000000000e+00,        +0.00000000000000000e+00,        +0.00000000000000000e+00,        +0.00000000000000000e+00,        +0.00000000000000000e+00,        +0.00000000000000000e+00,        +0.00000000000000000e+00,        +0.00000000000000000e+00,        +0.00000000000000000e+00,        +0.00000000000000000e+00,        +0.00000000000000000e+00,        +0.00000000000000000e+00,        +0.00000000000000000e+00,        +0.00000000000000000e+00,        +0.00000000000000000e+00,        +0.00000000000000000e+00,        +0.00000000000000000e+00,        +0.00000000000000000e+00,        +0.00000000000000000e+00,        +0.00000000000000000e+00,        +0.00000000000000000e+00,        +0.00000000000000000e+00,        +0.00000000000000000e+00,        +0.00000000000000000e+00,        +0.00000000000000000e+00,        +0.00000000000000000e+00,        +0.00000000000000000e+00,        +0.00000000000000000e+00,        +0.00000000000000000e+00,        +0.00000000000000000e+00,        +0.00000000000000000e+00,        +0.00000000000000000e+00,        +0.00000000000000000e+00,        +0.00000000000000000e+00,        +0.00000000000000000e+00,        +0.00000000000000000e+00,        +0.00000000000000000e+00,        +0.00000000000000000e+00,        +0.00000000000000000e+00,        +0.00000000000000000e+00,        +0.00000000000000000e+00,        +0.00000000000000000e+00,        +0.00000000000000000e+00,        +0.00000000000000000e+00,        +0.00000000000000000e+00,        +0.00000000000000000e+00,        +0.00000000000000000e+00,        +0.00000000000000000e+00,        +0.00000000000000000e+00,        +0.00000000000000000e+00,        +0.00000000000000000e+00,        +0.00000000000000000e+00,        +0.00000000000000000e+00,        +0.00000000000000000e+00
        +0.00000000000000000e+00,        +0.00000000000000000e+00,        +0.00000000000000000e+00,        +0.00000000000000000e+00,        +0.00000000000000000e+00,        +0.00000000000000000e+00,        +0.00000000000000000e+00,        +0.00000000000000000e+00,        +0.00000000000000000e+00,        +0.00000000000000000e+00,        +0.00000000000000000e+00,        +0.00000000000000000e+00,        +0.00000000000000000e+00,        +0.00000000000000000e+00,        +0.00000000000000000e+00,        +0.00000000000000000e+00,        +0.00000000000000000e+00,        +0.00000000000000000e+00,        +0.00000000000000000e+00,        +0.00000000000000000e+00,        +0.00000000000000000e+00,        +0.00000000000000000e+00,        +0.00000000000000000e+00,        +0.00000000000000000e+00,        +0.00000000000000000e+00,        +0.00000000000000000e+00,        +0.00000000000000000e+00,        +0.00000000000000000e+00,        +0.00000000000000000e+00,        +0.00000000000000000e+00,        +0.00000000000000000e+00,        +0.00000000000000000e+00,        +0.00000000000000000e+00,        +0.00000000000000000e+00,        +0.00000000000000000e+00,        +0.00000000000000000e+00,        +0.00000000000000000e+00,        +0.00000000000000000e+00,        +0.00000000000000000e+00,        +0.00000000000000000e+00,        +0.00000000000000000e+00,        +0.00000000000000000e+00,        +0.00000000000000000e+00,        +0.00000000000000000e+00,        +0.00000000000000000e+00,        +0.00000000000000000e+00,        +0.00000000000000000e+00,        +0.00000000000000000e+00,        +0.00000000000000000e+00,        +0.00000000000000000e+00,        +0.00000000000000000e+00,        +0.00000000000000000e+00,        +0.00000000000000000e+00,        +0.00000000000000000e+00,        +0.00000000000000000e+00,        +0.00000000000000000e+00,        +0.00000000000000000e+00,        +0.00000000000000000e+00,        +0.00000000000000000e+00,        +0.00000000000000000e+00,        +0.00000000000000000e+00,        +0.00000000000000000e+00,        +0.00000000000000000e+00,        +0.00000000000000000e+00,        +0.00000000000000000e+00,        +0.00000000000000000e+00,        +0.00000000000000000e+00,        +0.00000000000000000e+00,        +0.00000000000000000e+00,        +0.00000000000000000e+00,        +0.00000000000000000e+00,        +0.00000000000000000e+00,        +0.00000000000000000e+00,        +0.00000000000000000e+00,        +0.00000000000000000e+00,        +0.00000000000000000e+00,        +0.00000000000000000e+00,        +0.00000000000000000e+00,        +0.00000000000000000e+00,        +0.00000000000000000e+00,        +0.00000000000000000e+00,        +0.00000000000000000e+00,        +0.00000000000000000e+00,        +0.00000000000000000e+00,        +0.00000000000000000e+00,        +0.00000000000000000e+00,        +0.00000000000000000e+00,        +0.00000000000000000e+00,        +0.00000000000000000e+00,        +0.00000000000000000e+00,        +0.00000000000000000e+00,        +0.00000000000000000e+00,        +0.00000000000000000e+00,        +0.00000000000000000e+00,        +0.00000000000000000e+00,        +0.00000000000000000e+00,        +0.00000000000000000e+00,        +0.00000000000000000e+00,        +0.00000000000000000e+00,        +0.00000000000000000e+00,        +0.00000000000000000e+00,        +0.00000000000000000e+00,        +0.00000000000000000e+00,        +0.00000000000000000e+00,        +0.00000000000000000e+00,        +0.00000000000000000e+00,        +0.00000000000000000e+00,        +0.00000000000000000e+00
        +0.00000000000000000e+00,        +0.00000000000000000e+00,        +0.00000000000000000e+00,        +0.00000000000000000e+00,        +0.00000000000000000e+00,        +0.00000000000000000e+00,        +0.00000000000000000e+00,        +0.00000000000000000e+00,        +0.00000000000000000e+00,        +0.00000000000000000e+00,        +0.00000000000000000e+00,        +0.00000000000000000e+00,        +0.00000000000000000e+00,        +0.00000000000000000e+00,        +0.00000000000000000e+00,        +0.00000000000000000e+00,        +0.00000000000000000e+00,        +0.00000000000000000e+00,        +0.00000000000000000e+00,        +0.00000000000000000e+00,        +0.00000000000000000e+00,        +0.00000000000000000e+00,        +0.00000000000000000e+00,        +0.00000000000000000e+00,        +0.00000000000000000e+00,        +0.00000000000000000e+00,        +0.00000000000000000e+00,        +0.00000000000000000e+00,        +0.00000000000000000e+00,        +0.00000000000000000e+00,        +0.00000000000000000e+00,        +0.00000000000000000e+00,        +0.00000000000000000e+00,        +0.00000000000000000e+00,        +0.00000000000000000e+00,        +0.00000000000000000e+00,        +0.00000000000000000e+00,        +0.00000000000000000e+00,        +0.00000000000000000e+00,        +0.00000000000000000e+00,        +0.00000000000000000e+00,        +0.00000000000000000e+00,        +0.00000000000000000e+00,        +0.00000000000000000e+00,        +0.00000000000000000e+00,        +0.00000000000000000e+00,        +0.00000000000000000e+00,        +0.00000000000000000e+00,        +0.00000000000000000e+00,        +0.00000000000000000e+00,        +0.00000000000000000e+00,        +0.00000000000000000e+00,        +0.00000000000000000e+00,        +0.00000000000000000e+00,        +0.00000000000000000e+00,        +0.00000000000000000e+00,        +0.00000000000000000e+00,        +0.00000000000000000e+00,        +0.00000000000000000e+00,        +0.00000000000000000e+00,        +0.00000000000000000e+00,        +0.00000000000000000e+00,        +0.00000000000000000e+00,        +0.00000000000000000e+00,        +0.00000000000000000e+00,        +0.00000000000000000e+00,        +0.00000000000000000e+00,        +0.00000000000000000e+00,        +0.00000000000000000e+00,        +0.00000000000000000e+00,        +0.00000000000000000e+00,        +0.00000000000000000e+00,        +0.00000000000000000e+00,        +0.00000000000000000e+00,        +0.00000000000000000e+00,        +0.00000000000000000e+00,        +0.00000000000000000e+00,        +0.00000000000000000e+00,        +0.00000000000000000e+00,        +0.00000000000000000e+00,        +0.00000000000000000e+00,        +0.00000000000000000e+00,        +0.00000000000000000e+00,        +0.00000000000000000e+00,        +0.00000000000000000e+00,        +0.00000000000000000e+00,        +0.00000000000000000e+00,        +0.00000000000000000e+00,        +0.00000000000000000e+00,        +0.00000000000000000e+00,        +0.00000000000000000e+00,        +0.00000000000000000e+00,        +0.00000000000000000e+00,        +0.00000000000000000e+00,        +0.00000000000000000e+00,        +0.00000000000000000e+00,        +0.00000000000000000e+00,        +0.00000000000000000e+00,        +0.00000000000000000e+00,        +0.00000000000000000e+00,        +0.00000000000000000e+00,        +0.00000000000000000e+00,        +0.00000000000000000e+00,        +0.00000000000000000e+00,        +0.00000000000000000e+00,        +0.00000000000000000e+00,        +0.00000000000000000e+00,        +0.00000000000000000e+00
        +0.00000000000000000e+00,        +0.00000000000000000e+00,        +0.00000000000000000e+00,        +0.00000000000000000e+00,        +0.00000000000000000e+00,        +0.00000000000000000e+00,        +0.00000000000000000e+00,        +0.00000000000000000e+00,        +0.00000000000000000e+00,        +0.00000000000000000e+00,        +0.00000000000000000e+00,        +0.00000000000000000e+00,        +0.00000000000000000e+00,        +0.00000000000000000e+00,        +0.00000000000000000e+00,        +0.00000000000000000e+00,        +0.00000000000000000e+00,        +0.00000000000000000e+00,        +0.00000000000000000e+00,        +0.00000000000000000e+00,        +0.00000000000000000e+00,        +0.00000000000000000e+00,        +0.00000000000000000e+00,        +0.00000000000000000e+00,        +0.00000000000000000e+00,        +0.00000000000000000e+00,        +0.00000000000000000e+00,        +0.00000000000000000e+00,        +0.00000000000000000e+00,        +0.00000000000000000e+00,        +0.00000000000000000e+00,        +0.00000000000000000e+00,        +0.00000000000000000e+00,        +0.00000000000000000e+00,        +0.00000000000000000e+00,        +0.00000000000000000e+00,        +0.00000000000000000e+00,        +0.00000000000000000e+00,        +0.00000000000000000e+00,        +0.00000000000000000e+00,        +0.00000000000000000e+00,        +0.00000000000000000e+00,        +0.00000000000000000e+00,        +0.00000000000000000e+00,        +0.00000000000000000e+00,        +0.00000000000000000e+00,        +0.00000000000000000e+00,        +0.00000000000000000e+00,        +0.00000000000000000e+00,        +0.00000000000000000e+00,        +0.00000000000000000e+00,        +0.00000000000000000e+00,        +0.00000000000000000e+00,        +0.00000000000000000e+00,        +0.00000000000000000e+00,        +0.00000000000000000e+00,        +0.00000000000000000e+00,        +0.00000000000000000e+00,        +0.00000000000000000e+00,        +0.00000000000000000e+00,        +0.00000000000000000e+00,        +0.00000000000000000e+00,        +0.00000000000000000e+00,        +0.00000000000000000e+00,        +0.00000000000000000e+00,        +0.00000000000000000e+00,        +0.00000000000000000e+00,        +0.00000000000000000e+00,        +0.00000000000000000e+00,        +0.00000000000000000e+00,        +0.00000000000000000e+00,        +0.00000000000000000e+00,        +0.00000000000000000e+00,        +0.00000000000000000e+00,        +0.00000000000000000e+00,        +0.00000000000000000e+00,        +0.00000000000000000e+00,        +0.00000000000000000e+00,        +0.00000000000000000e+00,        +0.00000000000000000e+00,        +0.00000000000000000e+00,        +0.00000000000000000e+00,        +0.00000000000000000e+00,        +0.00000000000000000e+00,        +0.00000000000000000e+00,        +0.00000000000000000e+00,        +0.00000000000000000e+00,        +0.00000000000000000e+00,        +0.00000000000000000e+00,        +0.00000000000000000e+00,        +0.00000000000000000e+00,        +0.00000000000000000e+00,        +0.00000000000000000e+00,        +0.00000000000000000e+00,        +0.00000000000000000e+00,        +0.00000000000000000e+00,        +0.00000000000000000e+00,        +0.00000000000000000e+00,        +0.00000000000000000e+00,        +0.00000000000000000e+00,        +0.00000000000000000e+00,        +0.00000000000000000e+00,        +0.00000000000000000e+00,        +0.00000000000000000e+00,        +0.00000000000000000e+00,        +0.00000000000000000e+00,        +0.00000000000000000e+00,        +0.00000000000000000e+00
        +0.00000000000000000e+00,        +0.00000000000000000e+00,        +0.00000000000000000e+00,        +0.00000000000000000e+00,        +0.00000000000000000e+00,        +0.00000000000000000e+00,        +0.00000000000000000e+00,        +0.00000000000000000e+00,        +0.00000000000000000e+00,        +0.00000000000000000e+00,        +0.00000000000000000e+00,        +0.00000000000000000e+00,        +0.00000000000000000e+00,        +0.00000000000000000e+00,        +0.00000000000000000e+00,        +0.00000000000000000e+00,        +0.00000000000000000e+00,        +0.00000000000000000e+00,        +0.00000000000000000e+00,        +0.00000000000000000e+00,        +0.00000000000000000e+00,        +0.00000000000000000e+00,        +0.00000000000000000e+00,        +0.00000000000000000e+00,        +0.00000000000000000e+00,        +0.00000000000000000e+00,        +0.00000000000000000e+00,        +0.00000000000000000e+00,        +0.00000000000000000e+00,        +0.00000000000000000e+00,        +0.00000000000000000e+00,        +0.00000000000000000e+00,        +0.00000000000000000e+00,        +0.00000000000000000e+00,        +0.00000000000000000e+00,        +0.00000000000000000e+00,        +0.00000000000000000e+00,        +0.00000000000000000e+00,        +0.00000000000000000e+00,        +0.00000000000000000e+00,        +0.00000000000000000e+00,        +0.00000000000000000e+00,        +0.00000000000000000e+00,        +0.00000000000000000e+00,        +0.00000000000000000e+00,        +0.00000000000000000e+00,        +0.00000000000000000e+00,        +0.00000000000000000e+00,        +0.00000000000000000e+00,        +0.00000000000000000e+00,        +0.00000000000000000e+00,        +0.00000000000000000e+00,        +0.00000000000000000e+00,        +0.00000000000000000e+00,        +0.00000000000000000e+00,        +0.00000000000000000e+00,        +0.00000000000000000e+00,        +0.00000000000000000e+00,        +0.00000000000000000e+00,        +0.00000000000000000e+00,        +0.00000000000000000e+00,        +0.00000000000000000e+00,        +0.00000000000000000e+00,        +0.00000000000000000e+00,        +0.00000000000000000e+00,        +0.00000000000000000e+00,        +0.00000000000000000e+00,        +0.00000000000000000e+00,        +0.00000000000000000e+00,        +0.00000000000000000e+00,        +0.00000000000000000e+00,        +0.00000000000000000e+00,        +0.00000000000000000e+00,        +0.00000000000000000e+00,        +0.00000000000000000e+00,        +0.00000000000000000e+00,        +0.00000000000000000e+00,        +0.00000000000000000e+00,        +0.00000000000000000e+00,        +0.00000000000000000e+00,        +0.00000000000000000e+00,        +0.00000000000000000e+00,        +0.00000000000000000e+00,        +0.00000000000000000e+00,        +0.00000000000000000e+00,        +0.00000000000000000e+00,        +0.00000000000000000e+00,        +0.00000000000000000e+00,        +0.00000000000000000e+00,        +0.00000000000000000e+00,        +0.00000000000000000e+00,        +0.00000000000000000e+00,        +0.00000000000000000e+00,        +0.00000000000000000e+00,        +0.00000000000000000e+00,        +0.00000000000000000e+00,        +0.00000000000000000e+00,        +0.00000000000000000e+00,        +0.00000000000000000e+00,        +0.00000000000000000e+00,        +0.00000000000000000e+00,        +0.00000000000000000e+00,        +0.00000000000000000e+00,        +0.00000000000000000e+00,        +0.00000000000000000e+00,        +0.00000000000000000e+00,        +0.00000000000000000e+00,        +0.00000000000000000e+00
        +0.00000000000000000e+00,        +0.00000000000000000e+00,        +0.00000000000000000e+00,        +0.00000000000000000e+00,        +0.00000000000000000e+00,        +0.00000000000000000e+00,        +0.00000000000000000e+00,        +0.00000000000000000e+00,        +0.00000000000000000e+00,        +0.00000000000000000e+00,        +0.00000000000000000e+00,        +0.00000000000000000e+00,        +0.00000000000000000e+00,        +0.00000000000000000e+00,        +0.00000000000000000e+00,        +0.00000000000000000e+00,        +0.00000000000000000e+00,        +0.00000000000000000e+00,        +0.00000000000000000e+00,        +0.00000000000000000e+00,        +0.00000000000000000e+00,        +0.00000000000000000e+00,        +0.00000000000000000e+00,        +0.00000000000000000e+00,        +0.00000000000000000e+00,        +0.00000000000000000e+00,        +0.00000000000000000e+00,        +0.00000000000000000e+00,        +0.00000000000000000e+00,        +0.00000000000000000e+00,        +0.00000000000000000e+00,        +0.00000000000000000e+00,        +0.00000000000000000e+00,        +0.00000000000000000e+00,        +0.00000000000000000e+00,        +0.00000000000000000e+00,        +0.00000000000000000e+00,        +0.00000000000000000e+00,        +0.00000000000000000e+00,        +0.00000000000000000e+00,        +0.00000000000000000e+00,        +0.00000000000000000e+00,        +0.00000000000000000e+00,        +0.00000000000000000e+00,        +0.00000000000000000e+00,        +0.00000000000000000e+00,        +0.00000000000000000e+00,        +0.00000000000000000e+00,        +0.00000000000000000e+00,        +0.00000000000000000e+00,        +0.00000000000000000e+00,        +0.00000000000000000e+00,        +0.00000000000000000e+00,        +0.00000000000000000e+00,        +0.00000000000000000e+00,        +0.00000000000000000e+00,        +0.00000000000000000e+00,        +0.00000000000000000e+00,        +0.00000000000000000e+00,        +0.00000000000000000e+00,        +0.00000000000000000e+00,        +0.00000000000000000e+00,        +0.00000000000000000e+00,        +0.00000000000000000e+00,        +0.00000000000000000e+00,        +0.00000000000000000e+00,        +0.00000000000000000e+00,        +0.00000000000000000e+00,        +0.00000000000000000e+00,        +0.00000000000000000e+00,        +0.00000000000000000e+00,        +0.00000000000000000e+00,        +0.00000000000000000e+00,        +0.00000000000000000e+00,        +0.00000000000000000e+00,        +0.00000000000000000e+00,        +0.00000000000000000e+00,        +0.00000000000000000e+00,        +0.00000000000000000e+00,        +0.00000000000000000e+00,        +0.00000000000000000e+00,        +0.00000000000000000e+00,        +0.00000000000000000e+00,        +0.00000000000000000e+00,        +0.00000000000000000e+00,        +0.00000000000000000e+00,        +0.00000000000000000e+00,        +0.00000000000000000e+00,        +0.00000000000000000e+00,        +0.00000000000000000e+00,        +0.00000000000000000e+00,        +0.00000000000000000e+00,        +0.00000000000000000e+00,        +0.00000000000000000e+00,        +0.00000000000000000e+00,        +0.00000000000000000e+00,        +0.00000000000000000e+00,        +0.00000000000000000e+00,        +0.00000000000000000e+00,        +0.00000000000000000e+00,        +0.00000000000000000e+00,        +0.00000000000000000e+00,        +0.00000000000000000e+00,        +0.00000000000000000e+00,        +0.00000000000000000e+00,        +0.00000000000000000e+00,        +0.00000000000000000e+00,        +0.00000000000000000e+00
        +0.00000000000000000e+00,        +0.00000000000000000e+00,        +0.00000000000000000e+00,        +0.00000000000000000e+00,        +0.00000000000000000e+00,        +0.00000000000000000e+00,        +0.00000000000000000e+00,        +0.00000000000000000e+00,        +0.00000000000000000e+00,        +0.00000000000000000e+00,        +0.00000000000000000e+00,        +0.00000000000000000e+00,        +0.00000000000000000e+00,        +0.00000000000000000e+00,        +0.00000000000000000e+00,        +0.00000000000000000e+00,        +0.00000000000000000e+00,        +0.00000000000000000e+00,        +0.00000000000000000e+00,        +0.00000000000000000e+00,        +0.00000000000000000e+00,        +0.00000000000000000e+00,        +0.00000000000000000e+00,        +0.00000000000000000e+00,        +0.00000000000000000e+00,        +0.00000000000000000e+00,        +0.00000000000000000e+00,        +0.00000000000000000e+00,        +0.00000000000000000e+00,        +0.00000000000000000e+00,        +0.00000000000000000e+00,        +0.00000000000000000e+00,        +0.00000000000000000e+00,        +0.00000000000000000e+00,        +0.00000000000000000e+00,        +0.00000000000000000e+00,        +0.00000000000000000e+00,        +0.00000000000000000e+00,        +0.00000000000000000e+00,        +0.00000000000000000e+00,        +0.00000000000000000e+00,        +0.00000000000000000e+00,        +0.00000000000000000e+00,        +0.00000000000000000e+00,        +0.00000000000000000e+00,        +0.00000000000000000e+00,        +0.00000000000000000e+00,        +0.00000000000000000e+00,        +0.00000000000000000e+00,        +0.00000000000000000e+00,        +0.00000000000000000e+00,        +0.00000000000000000e+00,        +0.00000000000000000e+00,        +0.00000000000000000e+00,        +0.00000000000000000e+00,        +0.00000000000000000e+00,        +0.00000000000000000e+00,        +0.00000000000000000e+00,        +0.00000000000000000e+00,        +0.00000000000000000e+00,        +0.00000000000000000e+00,        +0.00000000000000000e+00,        +0.00000000000000000e+00,        +0.00000000000000000e+00,        +0.00000000000000000e+00,        +0.00000000000000000e+00,        +0.00000000000000000e+00,        +0.00000000000000000e+00,        +0.00000000000000000e+00,        +0.00000000000000000e+00,        +0.00000000000000000e+00,        +0.00000000000000000e+00,        +0.00000000000000000e+00,        +0.00000000000000000e+00,        +0.00000000000000000e+00,        +0.00000000000000000e+00,        +0.00000000000000000e+00,        +0.00000000000000000e+00,        +0.00000000000000000e+00,        +0.00000000000000000e+00,        +0.00000000000000000e+00,        +0.00000000000000000e+00,        +0.00000000000000000e+00,        +0.00000000000000000e+00,        +0.00000000000000000e+00,        +0.00000000000000000e+00,        +0.00000000000000000e+00,        +0.00000000000000000e+00,        +0.00000000000000000e+00,        +0.00000000000000000e+00,        +0.00000000000000000e+00,        +0.00000000000000000e+00,        +0.00000000000000000e+00,        +0.00000000000000000e+00,        +0.00000000000000000e+00,        +0.00000000000000000e+00,        +0.00000000000000000e+00,        +0.00000000000000000e+00,        +0.00000000000000000e+00,        +0.00000000000000000e+00,        +0.00000000000000000e+00,        +0.00000000000000000e+00,        +0.00000000000000000e+00,        +0.00000000000000000e+00,        +0.00000000000000000e+00,        +0.00000000000000000e+00,        +0.00000000000000000e+00,        +0.00000000000000000e+00
        +0.00000000000000000e+00,        +0.00000000000000000e+00,        +0.00000000000000000e+00,        +0.00000000000000000e+00,        +0.00000000000000000e+00,        +0.00000000000000000e+00,        +0.00000000000000000e+00,        +0.00000000000000000e+00,        +0.00000000000000000e+00,        +0.00000000000000000e+00,        +0.00000000000000000e+00,        +0.00000000000000000e+00,        +0.00000000000000000e+00,        +0.00000000000000000e+00,        +0.00000000000000000e+00,        +0.00000000000000000e+00,        +0.00000000000000000e+00,        +0.00000000000000000e+00,        +0.00000000000000000e+00,        +0.00000000000000000e+00,        +0.00000000000000000e+00,        +0.00000000000000000e+00,        +0.00000000000000000e+00,        +0.00000000000000000e+00,        +0.00000000000000000e+00,        +0.00000000000000000e+00,        +0.00000000000000000e+00,        +0.00000000000000000e+00,        +0.00000000000000000e+00,        +0.00000000000000000e+00,        +0.00000000000000000e+00,        +0.00000000000000000e+00,        +0.00000000000000000e+00,        +0.00000000000000000e+00,        +0.00000000000000000e+00,        +0.00000000000000000e+00,        +0.00000000000000000e+00,        +0.00000000000000000e+00,        +0.00000000000000000e+00,        +0.00000000000000000e+00,        +0.00000000000000000e+00,        +0.00000000000000000e+00,        +0.00000000000000000e+00,        +0.00000000000000000e+00,        +0.00000000000000000e+00,        +0.00000000000000000e+00,        +0.00000000000000000e+00,        +0.00000000000000000e+00,        +0.00000000000000000e+00,        +0.00000000000000000e+00,        +0.00000000000000000e+00,        +0.00000000000000000e+00,        +0.00000000000000000e+00,        +0.00000000000000000e+00,        +0.00000000000000000e+00,        +0.00000000000000000e+00,        +0.00000000000000000e+00,        +0.00000000000000000e+00,        +0.00000000000000000e+00,        +0.00000000000000000e+00,        +0.00000000000000000e+00,        +0.00000000000000000e+00,        +0.00000000000000000e+00,        +0.00000000000000000e+00,        +0.00000000000000000e+00,        +0.00000000000000000e+00,        +0.00000000000000000e+00,        +0.00000000000000000e+00,        +0.00000000000000000e+00,        +0.00000000000000000e+00,        +0.00000000000000000e+00,        +0.00000000000000000e+00,        +0.00000000000000000e+00,        +0.00000000000000000e+00,        +0.00000000000000000e+00,        +0.00000000000000000e+00,        +0.00000000000000000e+00,        +0.00000000000000000e+00,        +0.00000000000000000e+00,        +0.00000000000000000e+00,        +0.00000000000000000e+00,        +0.00000000000000000e+00,        +0.00000000000000000e+00,        +0.00000000000000000e+00,        +0.00000000000000000e+00,        +0.00000000000000000e+00,        +0.00000000000000000e+00,        +0.00000000000000000e+00,        +0.00000000000000000e+00,        +0.00000000000000000e+00,        +0.00000000000000000e+00,        +0.00000000000000000e+00,        +0.00000000000000000e+00,        +0.00000000000000000e+00,        +0.00000000000000000e+00,        +0.00000000000000000e+00,        +0.00000000000000000e+00,        +0.00000000000000000e+00,        +0.00000000000000000e+00,        +0.00000000000000000e+00,        +0.00000000000000000e+00,        +0.00000000000000000e+00,        +0.00000000000000000e+00,        +0.00000000000000000e+00,        +0.00000000000000000e+00,        +0.00000000000000000e+00,        +0.00000000000000000e+00,        +0.00000000000000000e+00
        +0.00000000000000000e+00,        +0.00000000000000000e+00,        +0.00000000000000000e+00,        +0.00000000000000000e+00,        +0.00000000000000000e+00,        +0.00000000000000000e+00,        +0.00000000000000000e+00,        +0.00000000000000000e+00,        +0.00000000000000000e+00,        +0.00000000000000000e+00,        +0.00000000000000000e+00,        +0.00000000000000000e+00,        +0.00000000000000000e+00,        +0.00000000000000000e+00,        +0.00000000000000000e+00,        +0.00000000000000000e+00,        +0.00000000000000000e+00,        +0.00000000000000000e+00,        +0.00000000000000000e+00,        +0.00000000000000000e+00,        +0.00000000000000000e+00,        +0.00000000000000000e+00,        +0.00000000000000000e+00,        +0.00000000000000000e+00,        +0.00000000000000000e+00,        +0.00000000000000000e+00,        +0.00000000000000000e+00,        +0.00000000000000000e+00,        +0.00000000000000000e+00,        +0.00000000000000000e+00,        +0.00000000000000000e+00,        +0.00000000000000000e+00,        +0.00000000000000000e+00,        +0.00000000000000000e+00,        +0.00000000000000000e+00,        +0.00000000000000000e+00,        +0.00000000000000000e+00,        +0.00000000000000000e+00,        +0.00000000000000000e+00,        +0.00000000000000000e+00,        +0.00000000000000000e+00,        +0.00000000000000000e+00,        +0.00000000000000000e+00,        +0.00000000000000000e+00,        +0.00000000000000000e+00,        +0.00000000000000000e+00,        +0.00000000000000000e+00,        +0.00000000000000000e+00,        +0.00000000000000000e+00,        +0.00000000000000000e+00,        +0.00000000000000000e+00,        +0.00000000000000000e+00,        +0.00000000000000000e+00,        +0.00000000000000000e+00,        +0.00000000000000000e+00,        +0.00000000000000000e+00,        +0.00000000000000000e+00,        +0.00000000000000000e+00,        +0.00000000000000000e+00,        +0.00000000000000000e+00,        +0.00000000000000000e+00,        +0.00000000000000000e+00,        +0.00000000000000000e+00,        +0.00000000000000000e+00,        +0.00000000000000000e+00,        +0.00000000000000000e+00,        +0.00000000000000000e+00,        +0.00000000000000000e+00,        +0.00000000000000000e+00,        +0.00000000000000000e+00,        +0.00000000000000000e+00,        +0.00000000000000000e+00,        +0.00000000000000000e+00,        +0.00000000000000000e+00,        +0.00000000000000000e+00,        +0.00000000000000000e+00,        +0.00000000000000000e+00,        +0.00000000000000000e+00,        +0.00000000000000000e+00,        +0.00000000000000000e+00,        +0.00000000000000000e+00,        +0.00000000000000000e+00,        +0.00000000000000000e+00,        +0.00000000000000000e+00,        +0.00000000000000000e+00,        +0.00000000000000000e+00,        +0.00000000000000000e+00,        +0.00000000000000000e+00,        +0.00000000000000000e+00,        +0.00000000000000000e+00,        +0.00000000000000000e+00,        +0.00000000000000000e+00,        +0.00000000000000000e+00,        +0.00000000000000000e+00,        +0.00000000000000000e+00,        +0.00000000000000000e+00,        +0.00000000000000000e+00,        +0.00000000000000000e+00,        +0.00000000000000000e+00,        +0.00000000000000000e+00,        +0.00000000000000000e+00,        +0.00000000000000000e+00,        +0.00000000000000000e+00,        +0.00000000000000000e+00,        +0.00000000000000000e+00,        +0.00000000000000000e+00,        +0.00000000000000000e+00,        +0.00000000000000000e+00
        +0.00000000000000000e+00,        +0.00000000000000000e+00,        +0.00000000000000000e+00,        +0.00000000000000000e+00,        +0.00000000000000000e+00,        +0.00000000000000000e+00,        +0.00000000000000000e+00,        +0.00000000000000000e+00,        +0.00000000000000000e+00,        +0.00000000000000000e+00,        +0.00000000000000000e+00,        +0.00000000000000000e+00,        +0.00000000000000000e+00,        +0.00000000000000000e+00,        +0.00000000000000000e+00,        +0.00000000000000000e+00,        +0.00000000000000000e+00,        +0.00000000000000000e+00,        +0.00000000000000000e+00,        +0.00000000000000000e+00,        +0.00000000000000000e+00,        +0.00000000000000000e+00,        +0.00000000000000000e+00,        +0.00000000000000000e+00,        +0.00000000000000000e+00,        +0.00000000000000000e+00,        +0.00000000000000000e+00,        +0.00000000000000000e+00,        +0.00000000000000000e+00,        +0.00000000000000000e+00,        +0.00000000000000000e+00,        +0.00000000000000000e+00,        +0.00000000000000000e+00,        +0.00000000000000000e+00,        +0.00000000000000000e+00,        +0.00000000000000000e+00,        +0.00000000000000000e+00,        +0.00000000000000000e+00,        +0.00000000000000000e+00,        +0.00000000000000000e+00,        +0.00000000000000000e+00,        +0.00000000000000000e+00,        +0.00000000000000000e+00,        +0.00000000000000000e+00,        +0.00000000000000000e+00,        +0.00000000000000000e+00,        +0.00000000000000000e+00,        +0.00000000000000000e+00,        +0.00000000000000000e+00,        +0.00000000000000000e+00,        +0.00000000000000000e+00,        +0.00000000000000000e+00,        +0.00000000000000000e+00,        +0.00000000000000000e+00,        +0.00000000000000000e+00,        +0.00000000000000000e+00,        +0.00000000000000000e+00,        +0.00000000000000000e+00,        +0.00000000000000000e+00,        +0.00000000000000000e+00,        +0.00000000000000000e+00,        +0.00000000000000000e+00,        +0.00000000000000000e+00,        +0.00000000000000000e+00,        +0.00000000000000000e+00,        +0.00000000000000000e+00,        +0.00000000000000000e+00,        +0.00000000000000000e+00,        +0.00000000000000000e+00,        +0.00000000000000000e+00,        +0.00000000000000000e+00,        +0.00000000000000000e+00,        +0.00000000000000000e+00,        +0.00000000000000000e+00,        +0.00000000000000000e+00,        +0.00000000000000000e+00,        +0.00000000000000000e+00,        +0.00000000000000000e+00,        +0.00000000000000000e+00,        +0.00000000000000000e+00,        +0.00000000000000000e+00,        +0.00000000000000000e+00,        +0.00000000000000000e+00,        +0.00000000000000000e+00,        +0.00000000000000000e+00,        +0.00000000000000000e+00,        +0.00000000000000000e+00,        +0.00000000000000000e+00,        +0.00000000000000000e+00,        +0.00000000000000000e+00,        +0.00000000000000000e+00,        +0.00000000000000000e+00,        +0.00000000000000000e+00,        +0.00000000000000000e+00,        +0.00000000000000000e+00,        +0.00000000000000000e+00,        +0.00000000000000000e+00,        +0.00000000000000000e+00,        +0.00000000000000000e+00,        +0.00000000000000000e+00,        +0.00000000000000000e+00,        +0.00000000000000000e+00,        +0.00000000000000000e+00,        +0.00000000000000000e+00,        +0.00000000000000000e+00,        +0.00000000000000000e+00,        +0.00000000000000000e+00,        +0.00000000000000000e+00
        +0.00000000000000000e+00,        +0.00000000000000000e+00,        +0.00000000000000000e+00,        +0.00000000000000000e+00,        +0.00000000000000000e+00,        +0.00000000000000000e+00,        +0.00000000000000000e+00,        +0.00000000000000000e+00,        +0.00000000000000000e+00,        +0.00000000000000000e+00,        +0.00000000000000000e+00,        +0.00000000000000000e+00,        +0.00000000000000000e+00,        +0.00000000000000000e+00,        +0.00000000000000000e+00,        +0.00000000000000000e+00,        +0.00000000000000000e+00,        +0.00000000000000000e+00,        +0.00000000000000000e+00,        +0.00000000000000000e+00,        +0.00000000000000000e+00,        +0.00000000000000000e+00,        +0.00000000000000000e+00,        +0.00000000000000000e+00,        +0.00000000000000000e+00,        +0.00000000000000000e+00,        +0.00000000000000000e+00,        +0.00000000000000000e+00,        +0.00000000000000000e+00,        +0.00000000000000000e+00,        +0.00000000000000000e+00,        +0.00000000000000000e+00,        +0.00000000000000000e+00,        +0.00000000000000000e+00,        +0.00000000000000000e+00,        +0.00000000000000000e+00,        +0.00000000000000000e+00,        +0.00000000000000000e+00,        +0.00000000000000000e+00,        +0.00000000000000000e+00,        +0.00000000000000000e+00,        +0.00000000000000000e+00,        +0.00000000000000000e+00,        +0.00000000000000000e+00,        +0.00000000000000000e+00,        +0.00000000000000000e+00,        +0.00000000000000000e+00,        +0.00000000000000000e+00,        +0.00000000000000000e+00,        +0.00000000000000000e+00,        +0.00000000000000000e+00,        +0.00000000000000000e+00,        +0.00000000000000000e+00,        +0.00000000000000000e+00,        +0.00000000000000000e+00,        +0.00000000000000000e+00,        +0.00000000000000000e+00,        +0.00000000000000000e+00,        +0.00000000000000000e+00,        +0.00000000000000000e+00,        +0.00000000000000000e+00,        +0.00000000000000000e+00,        +0.00000000000000000e+00,        +0.00000000000000000e+00,        +0.00000000000000000e+00,        +0.00000000000000000e+00,        +0.00000000000000000e+00,        +0.00000000000000000e+00,        +0.00000000000000000e+00,        +0.00000000000000000e+00,        +0.00000000000000000e+00,        +0.00000000000000000e+00,        +0.00000000000000000e+00,        +0.00000000000000000e+00,        +0.00000000000000000e+00,        +0.00000000000000000e+00,        +0.00000000000000000e+00,        +0.00000000000000000e+00,        +0.00000000000000000e+00,        +0.00000000000000000e+00,        +0.00000000000000000e+00,        +0.00000000000000000e+00,        +0.00000000000000000e+00,        +0.00000000000000000e+00,        +0.00000000000000000e+00,        +0.00000000000000000e+00,        +0.00000000000000000e+00,        +0.00000000000000000e+00,        +0.00000000000000000e+00,        +0.00000000000000000e+00,        +0.00000000000000000e+00,        +0.00000000000000000e+00,        +0.00000000000000000e+00,        +0.00000000000000000e+00,        +0.00000000000000000e+00,        +0.00000000000000000e+00,        +0.00000000000000000e+00,        +0.00000000000000000e+00,        +0.00000000000000000e+00,        +0.00000000000000000e+00,        +0.00000000000000000e+00,        +0.00000000000000000e+00,        +0.00000000000000000e+00,        +0.00000000000000000e+00,        +0.00000000000000000e+00,        +0.00000000000000000e+00,        +0.00000000000000000e+00,        +0.00000000000000000e+00
        +0.00000000000000000e+00,        +0.00000000000000000e+00,        +0.00000000000000000e+00,        +0.00000000000000000e+00,        +0.00000000000000000e+00,        +0.00000000000000000e+00,        +0.00000000000000000e+00,        +0.00000000000000000e+00,        +0.00000000000000000e+00,        +0.00000000000000000e+00,        +0.00000000000000000e+00,        +0.00000000000000000e+00,        +0.00000000000000000e+00,        +0.00000000000000000e+00,        +0.00000000000000000e+00,        +0.00000000000000000e+00,        +0.00000000000000000e+00,        +0.00000000000000000e+00,        +0.00000000000000000e+00,        +0.00000000000000000e+00,        +0.00000000000000000e+00,        +0.00000000000000000e+00,        +0.00000000000000000e+00,        +0.00000000000000000e+00,        +0.00000000000000000e+00,        +0.00000000000000000e+00,        +0.00000000000000000e+00,        +0.00000000000000000e+00,        +0.00000000000000000e+00,        +0.00000000000000000e+00,        +0.00000000000000000e+00,        +0.00000000000000000e+00,        +0.00000000000000000e+00,        +0.00000000000000000e+00,        +0.00000000000000000e+00,        +0.00000000000000000e+00,        +0.00000000000000000e+00,        +0.00000000000000000e+00,        +0.00000000000000000e+00,        +0.00000000000000000e+00,        +0.00000000000000000e+00,        +0.00000000000000000e+00,        +0.00000000000000000e+00,        +0.00000000000000000e+00,        +0.00000000000000000e+00,        +0.00000000000000000e+00,        +0.00000000000000000e+00,        +0.00000000000000000e+00,        +0.00000000000000000e+00,        +0.00000000000000000e+00,        +0.00000000000000000e+00,        +0.00000000000000000e+00,        +0.00000000000000000e+00,        +0.00000000000000000e+00,        +0.00000000000000000e+00,        +0.00000000000000000e+00,        +0.00000000000000000e+00,        +0.00000000000000000e+00,        +0.00000000000000000e+00,        +0.00000000000000000e+00,        +0.00000000000000000e+00,        +0.00000000000000000e+00,        +0.00000000000000000e+00,        +0.00000000000000000e+00,        +0.00000000000000000e+00,        +0.00000000000000000e+00,        +0.00000000000000000e+00,        +0.00000000000000000e+00,        +0.00000000000000000e+00,        +0.00000000000000000e+00,        +0.00000000000000000e+00,        +0.00000000000000000e+00,        +0.00000000000000000e+00,        +0.00000000000000000e+00,        +0.00000000000000000e+00,        +0.00000000000000000e+00,        +0.00000000000000000e+00,        +0.00000000000000000e+00,        +0.00000000000000000e+00,        +0.00000000000000000e+00,        +0.00000000000000000e+00,        +0.00000000000000000e+00,        +0.00000000000000000e+00,        +0.00000000000000000e+00,        +0.00000000000000000e+00,        +0.00000000000000000e+00,        +0.00000000000000000e+00,        +0.00000000000000000e+00,        +0.00000000000000000e+00,        +0.00000000000000000e+00,        +0.00000000000000000e+00,        +0.00000000000000000e+00,        +0.00000000000000000e+00,        +0.00000000000000000e+00,        +0.00000000000000000e+00,        +0.00000000000000000e+00,        +0.00000000000000000e+00,        +0.00000000000000000e+00,        +0.00000000000000000e+00,        +0.00000000000000000e+00,        +0.00000000000000000e+00,        +0.00000000000000000e+00,        +0.00000000000000000e+00,        +0.00000000000000000e+00,        +0.00000000000000000e+00,        +0.00000000000000000e+00,        +0.00000000000000000e+00,        +0.00000000000000000e+00
        +0.00000000000000000e+00,        +0.00000000000000000e+00,        +0.00000000000000000e+00,        +0.00000000000000000e+00,        +0.00000000000000000e+00,        +0.00000000000000000e+00,        +0.00000000000000000e+00,        +0.00000000000000000e+00,        +0.00000000000000000e+00,        +0.00000000000000000e+00,        +0.00000000000000000e+00,        +0.00000000000000000e+00,        +0.00000000000000000e+00,        +0.00000000000000000e+00,        +0.00000000000000000e+00,        +0.00000000000000000e+00,        +0.00000000000000000e+00,        +0.00000000000000000e+00,        +0.00000000000000000e+00,        +0.00000000000000000e+00,        +0.00000000000000000e+00,        +0.00000000000000000e+00,        +0.00000000000000000e+00,        +0.00000000000000000e+00,        +0.00000000000000000e+00,        +0.00000000000000000e+00,        +0.00000000000000000e+00,        +0.00000000000000000e+00,        +0.00000000000000000e+00,        +0.00000000000000000e+00,        +0.00000000000000000e+00,        +0.00000000000000000e+00,        +0.00000000000000000e+00,        +0.00000000000000000e+00,        +0.00000000000000000e+00,        +0.00000000000000000e+00,        +0.00000000000000000e+00,        +0.00000000000000000e+00,        +0.00000000000000000e+00,        +0.00000000000000000e+00,        +0.00000000000000000e+00,        +0.00000000000000000e+00,        +0.00000000000000000e+00,        +0.00000000000000000e+00,        +0.00000000000000000e+00,        +0.00000000000000000e+00,        +0.00000000000000000e+00,        +0.00000000000000000e+00,        +0.00000000000000000e+00,        +0.00000000000000000e+00,        +0.00000000000000000e+00,        +0.00000000000000000e+00,        +0.00000000000000000e+00,        +0.00000000000000000e+00,        +0.00000000000000000e+00,        +0.00000000000000000e+00,        +0.00000000000000000e+00,        +0.00000000000000000e+00,        +0.00000000000000000e+00,        +0.00000000000000000e+00,        +0.00000000000000000e+00,        +0.00000000000000000e+00,        +0.00000000000000000e+00,        +0.00000000000000000e+00,        +0.00000000000000000e+00,        +0.00000000000000000e+00,        +0.00000000000000000e+00,        +0.00000000000000000e+00,        +0.00000000000000000e+00,        +0.00000000000000000e+00,        +0.00000000000000000e+00,        +0.00000000000000000e+00,        +0.00000000000000000e+00,        +0.00000000000000000e+00,        +0.00000000000000000e+00,        +0.00000000000000000e+00,        +0.00000000000000000e+00,        +0.00000000000000000e+00,        +0.00000000000000000e+00,        +0.00000000000000000e+00,        +0.00000000000000000e+00,        +0.00000000000000000e+00,        +0.00000000000000000e+00,        +0.00000000000000000e+00,        +0.00000000000000000e+00,        +0.00000000000000000e+00,        +0.00000000000000000e+00,        +0.00000000000000000e+00,        +0.00000000000000000e+00,        +0.00000000000000000e+00,        +0.00000000000000000e+00,        +0.00000000000000000e+00,        +0.00000000000000000e+00,        +0.00000000000000000e+00,        +0.00000000000000000e+00,        +0.00000000000000000e+00,        +0.00000000000000000e+00,        +0.00000000000000000e+00,        +0.00000000000000000e+00,        +0.00000000000000000e+00,        +0.00000000000000000e+00,        +0.00000000000000000e+00,        +0.00000000000000000e+00,        +0.00000000000000000e+00,        +0.00000000000000000e+00,        +0.00000000000000000e+00,        +0.00000000000000000e+00,        +0.00000000000000000e+00
        +0.00000000000000000e+00,        +0.00000000000000000e+00,        +0.00000000000000000e+00,        +0.00000000000000000e+00,        +0.00000000000000000e+00,        +0.00000000000000000e+00,        +0.00000000000000000e+00,        +0.00000000000000000e+00,        +0.00000000000000000e+00,        +0.00000000000000000e+00,        +0.00000000000000000e+00,        +0.00000000000000000e+00,        +0.00000000000000000e+00,        +0.00000000000000000e+00,        +0.00000000000000000e+00,        +0.00000000000000000e+00,        +0.00000000000000000e+00,        +0.00000000000000000e+00,        +0.00000000000000000e+00,        +0.00000000000000000e+00,        +0.00000000000000000e+00,        +0.00000000000000000e+00,        +0.00000000000000000e+00,        +0.00000000000000000e+00,        +0.00000000000000000e+00,        +0.00000000000000000e+00,        +0.00000000000000000e+00,        +0.00000000000000000e+00,        +0.00000000000000000e+00,        +0.00000000000000000e+00,        +0.00000000000000000e+00,        +0.00000000000000000e+00,        +0.00000000000000000e+00,        +0.00000000000000000e+00,        +0.00000000000000000e+00,        +0.00000000000000000e+00,        +0.00000000000000000e+00,        +0.00000000000000000e+00,        +0.00000000000000000e+00,        +0.00000000000000000e+00,        +0.00000000000000000e+00,        +0.00000000000000000e+00,        +0.00000000000000000e+00,        +0.00000000000000000e+00,        +0.00000000000000000e+00,        +0.00000000000000000e+00,        +0.00000000000000000e+00,        +0.00000000000000000e+00,        +0.00000000000000000e+00,        +0.00000000000000000e+00,        +0.00000000000000000e+00,        +0.00000000000000000e+00,        +0.00000000000000000e+00,        +0.00000000000000000e+00,        +0.00000000000000000e+00,        +0.00000000000000000e+00,        +0.00000000000000000e+00,        +0.00000000000000000e+00,        +0.00000000000000000e+00,        +0.00000000000000000e+00,        +0.00000000000000000e+00,        +0.00000000000000000e+00,        +0.00000000000000000e+00,        +0.00000000000000000e+00,        +0.00000000000000000e+00,        +0.00000000000000000e+00,        +0.00000000000000000e+00,        +0.00000000000000000e+00,        +0.00000000000000000e+00,        +0.00000000000000000e+00,        +0.00000000000000000e+00,        +0.00000000000000000e+00,        +0.00000000000000000e+00,        +0.00000000000000000e+00,        +0.00000000000000000e+00,        +0.00000000000000000e+00,        +0.00000000000000000e+00,        +0.00000000000000000e+00,        +0.00000000000000000e+00,        +0.00000000000000000e+00,        +0.00000000000000000e+00,        +0.00000000000000000e+00,        +0.00000000000000000e+00,        +0.00000000000000000e+00,        +0.00000000000000000e+00,        +0.00000000000000000e+00,        +0.00000000000000000e+00,        +0.00000000000000000e+00,        +0.00000000000000000e+00,        +0.00000000000000000e+00,        +0.00000000000000000e+00,        +0.00000000000000000e+00,        +0.00000000000000000e+00,        +0.00000000000000000e+00,        +0.00000000000000000e+00,        +0.00000000000000000e+00,        +0.00000000000000000e+00,        +0.00000000000000000e+00,        +0.00000000000000000e+00,        +0.00000000000000000e+00,        +0.00000000000000000e+00,        +0.00000000000000000e+00,        +0.00000000000000000e+00,        +0.00000000000000000e+00,        +0.00000000000000000e+00,        +0.00000000000000000e+00,        +0.00000000000000000e+00,        +0.00000000000000000e+00
        +0.00000000000000000e+00,        +0.00000000000000000e+00,        +0.00000000000000000e+00,        +0.00000000000000000e+00,        +0.00000000000000000e+00,        +0.00000000000000000e+00,        +0.00000000000000000e+00,        +0.00000000000000000e+00,        +0.00000000000000000e+00,        +0.00000000000000000e+00,        +0.00000000000000000e+00,        +0.00000000000000000e+00,        +0.00000000000000000e+00,        +0.00000000000000000e+00,        +0.00000000000000000e+00,        +0.00000000000000000e+00,        +0.00000000000000000e+00,        +0.00000000000000000e+00,        +0.00000000000000000e+00,        +0.00000000000000000e+00,        +0.00000000000000000e+00,        +0.00000000000000000e+00,        +0.00000000000000000e+00,        +0.00000000000000000e+00,        +0.00000000000000000e+00,        +0.00000000000000000e+00,        +0.00000000000000000e+00,        +0.00000000000000000e+00,        +0.00000000000000000e+00,        +0.00000000000000000e+00,        +0.00000000000000000e+00,        +0.00000000000000000e+00,        +0.00000000000000000e+00,        +0.00000000000000000e+00,        +0.00000000000000000e+00,        +0.00000000000000000e+00,        +0.00000000000000000e+00,        +0.00000000000000000e+00,        +0.00000000000000000e+00,        +0.00000000000000000e+00,        +0.00000000000000000e+00,        +0.00000000000000000e+00,        +0.00000000000000000e+00,        +0.00000000000000000e+00,        +0.00000000000000000e+00,        +0.00000000000000000e+00,        +0.00000000000000000e+00,        +0.00000000000000000e+00,        +0.00000000000000000e+00,        +0.00000000000000000e+00,        +0.00000000000000000e+00,        +0.00000000000000000e+00,        +0.00000000000000000e+00,        +0.00000000000000000e+00,        +0.00000000000000000e+00,        +0.00000000000000000e+00,        +0.00000000000000000e+00,        +0.00000000000000000e+00,        +0.00000000000000000e+00,        +0.00000000000000000e+00,        +0.00000000000000000e+00,        +0.00000000000000000e+00,        +0.00000000000000000e+00,        +0.00000000000000000e+00,        +0.00000000000000000e+00,        +0.00000000000000000e+00,        +0.00000000000000000e+00,        +0.00000000000000000e+00,        +0.00000000000000000e+00,        +0.00000000000000000e+00,        +0.00000000000000000e+00,        +0.00000000000000000e+00,        +0.00000000000000000e+00,        +0.00000000000000000e+00,        +0.00000000000000000e+00,        +0.00000000000000000e+00,        +0.00000000000000000e+00,        +0.00000000000000000e+00,        +0.00000000000000000e+00,        +0.00000000000000000e+00,        +0.00000000000000000e+00,        +0.00000000000000000e+00,        +0.00000000000000000e+00,        +0.00000000000000000e+00,        +0.00000000000000000e+00,        +0.00000000000000000e+00,        +0.00000000000000000e+00,        +0.00000000000000000e+00,        +0.00000000000000000e+00,        +0.00000000000000000e+00,        +0.00000000000000000e+00,        +0.00000000000000000e+00,        +0.00000000000000000e+00,        +0.00000000000000000e+00,        +0.00000000000000000e+00,        +0.00000000000000000e+00,        +0.00000000000000000e+00,        +0.00000000000000000e+00,        +0.00000000000000000e+00,        +0.00000000000000000e+00,        +0.00000000000000000e+00,        +0.00000000000000000e+00,        +0.00000000000000000e+00,        +0.00000000000000000e+00,        +0.00000000000000000e+00,        +0.00000000000000000e+00,        +0.00000000000000000e+00,        +0.00000000000000000e+00
        +0.00000000000000000e+00,        +0.00000000000000000e+00,        +0.00000000000000000e+00,        +0.00000000000000000e+00,        +0.00000000000000000e+00,        +0.00000000000000000e+00,        +0.00000000000000000e+00,        +0.00000000000000000e+00,        +0.00000000000000000e+00,        +0.00000000000000000e+00,        +0.00000000000000000e+00,        +0.00000000000000000e+00,        +0.00000000000000000e+00,        +0.00000000000000000e+00,        +0.00000000000000000e+00,        +0.00000000000000000e+00,        +0.00000000000000000e+00,        +0.00000000000000000e+00,        +0.00000000000000000e+00,        +0.00000000000000000e+00,        +0.00000000000000000e+00,        +0.00000000000000000e+00,        +0.00000000000000000e+00,        +0.00000000000000000e+00,        +0.00000000000000000e+00,        +0.00000000000000000e+00,        +0.00000000000000000e+00,        +0.00000000000000000e+00,        +0.00000000000000000e+00,        +0.00000000000000000e+00,        +0.00000000000000000e+00,        +0.00000000000000000e+00,        +0.00000000000000000e+00,        +0.00000000000000000e+00,        +0.00000000000000000e+00,        +0.00000000000000000e+00,        +0.00000000000000000e+00,        +0.00000000000000000e+00,        +0.00000000000000000e+00,        +0.00000000000000000e+00,        +0.00000000000000000e+00,        +0.00000000000000000e+00,        +0.00000000000000000e+00,        +0.00000000000000000e+00,        +0.00000000000000000e+00,        +0.00000000000000000e+00,        +0.00000000000000000e+00,        +0.00000000000000000e+00,        +0.00000000000000000e+00,        +0.00000000000000000e+00,        +0.00000000000000000e+00,        +0.00000000000000000e+00,        +0.00000000000000000e+00,        +0.00000000000000000e+00,        +0.00000000000000000e+00,        +0.00000000000000000e+00,        +0.00000000000000000e+00,        +0.00000000000000000e+00,        +0.00000000000000000e+00,        +0.00000000000000000e+00,        +0.00000000000000000e+00,        +0.00000000000000000e+00,        +0.00000000000000000e+00,        +0.00000000000000000e+00,        +0.00000000000000000e+00,        +0.00000000000000000e+00,        +0.00000000000000000e+00,        +0.00000000000000000e+00,        +0.00000000000000000e+00,        +0.00000000000000000e+00,        +0.00000000000000000e+00,        +0.00000000000000000e+00,        +0.00000000000000000e+00,        +0.00000000000000000e+00,        +0.00000000000000000e+00,        +0.00000000000000000e+00,        +0.00000000000000000e+00,        +0.00000000000000000e+00,        +0.00000000000000000e+00,        +0.00000000000000000e+00,        +0.00000000000000000e+00,        +0.00000000000000000e+00,        +0.00000000000000000e+00,        +0.00000000000000000e+00,        +0.00000000000000000e+00,        +0.00000000000000000e+00,        +0.00000000000000000e+00,        +0.00000000000000000e+00,        +0.00000000000000000e+00,        +0.00000000000000000e+00,        +0.00000000000000000e+00,        +0.00000000000000000e+00,        +0.00000000000000000e+00,        +0.00000000000000000e+00,        +0.00000000000000000e+00,        +0.00000000000000000e+00,        +0.00000000000000000e+00,        +0.00000000000000000e+00,        +0.00000000000000000e+00,        +0.00000000000000000e+00,        +0.00000000000000000e+00,        +0.00000000000000000e+00,        +0.00000000000000000e+00,        +0.00000000000000000e+00,        +0.00000000000000000e+00,        +0.00000000000000000e+00,        +0.00000000000000000e+00,        +0.00000000000000000e+00
        +0.00000000000000000e+00,        +0.00000000000000000e+00,        +0.00000000000000000e+00,        +0.00000000000000000e+00,        +0.00000000000000000e+00,        +0.00000000000000000e+00,        +0.00000000000000000e+00,        +0.00000000000000000e+00,        +0.00000000000000000e+00,        +0.00000000000000000e+00,        +0.00000000000000000e+00,        +0.00000000000000000e+00,        +0.00000000000000000e+00,        +0.00000000000000000e+00,        +0.00000000000000000e+00,        +0.00000000000000000e+00,        +0.00000000000000000e+00,        +0.00000000000000000e+00,        +0.00000000000000000e+00,        +0.00000000000000000e+00,        +0.00000000000000000e+00,        +0.00000000000000000e+00,        +0.00000000000000000e+00,        +0.00000000000000000e+00,        +0.00000000000000000e+00,        +0.00000000000000000e+00,        +0.00000000000000000e+00,        +0.00000000000000000e+00,        +0.00000000000000000e+00,        +0.00000000000000000e+00,        +0.00000000000000000e+00,        +0.00000000000000000e+00,        +0.00000000000000000e+00,        +0.00000000000000000e+00,        +0.00000000000000000e+00,        +0.00000000000000000e+00,        +0.00000000000000000e+00,        +0.00000000000000000e+00,        +0.00000000000000000e+00,        +0.00000000000000000e+00,        +0.00000000000000000e+00,        +0.00000000000000000e+00,        +0.00000000000000000e+00,        +0.00000000000000000e+00,        +0.00000000000000000e+00,        +0.00000000000000000e+00,        +0.00000000000000000e+00,        +0.00000000000000000e+00,        +0.00000000000000000e+00,        +0.00000000000000000e+00,        +0.00000000000000000e+00,        +0.00000000000000000e+00,        +0.00000000000000000e+00,        +0.00000000000000000e+00,        +0.00000000000000000e+00,        +0.00000000000000000e+00,        +0.00000000000000000e+00,        +0.00000000000000000e+00,        +0.00000000000000000e+00,        +0.00000000000000000e+00,        +0.00000000000000000e+00,        +0.00000000000000000e+00,        +0.00000000000000000e+00,        +0.00000000000000000e+00,        +0.00000000000000000e+00,        +0.00000000000000000e+00,        +0.00000000000000000e+00,        +0.00000000000000000e+00,        +0.00000000000000000e+00,        +0.00000000000000000e+00,        +0.00000000000000000e+00,        +0.00000000000000000e+00,        +0.00000000000000000e+00,        +0.00000000000000000e+00,        +0.00000000000000000e+00,        +0.00000000000000000e+00,        +0.00000000000000000e+00,        +0.00000000000000000e+00,        +0.00000000000000000e+00,        +0.00000000000000000e+00,        +0.00000000000000000e+00,        +0.00000000000000000e+00,        +0.00000000000000000e+00,        +0.00000000000000000e+00,        +0.00000000000000000e+00,        +0.00000000000000000e+00,        +0.00000000000000000e+00,        +0.00000000000000000e+00,        +0.00000000000000000e+00,        +0.00000000000000000e+00,        +0.00000000000000000e+00,        +0.00000000000000000e+00,        +0.00000000000000000e+00,        +0.00000000000000000e+00,        +0.00000000000000000e+00,        +0.00000000000000000e+00,        +0.00000000000000000e+00,        +0.00000000000000000e+00,        +0.00000000000000000e+00,        +0.00000000000000000e+00,        +0.00000000000000000e+00,        +0.00000000000000000e+00,        +0.00000000000000000e+00,        +0.00000000000000000e+00,        +0.00000000000000000e+00,        +0.00000000000000000e+00,        +0.00000000000000000e+00,        +0.00000000000000000e+00
        +0.00000000000000000e+00,        +0.00000000000000000e+00,        +0.00000000000000000e+00,        +0.00000000000000000e+00,        +0.00000000000000000e+00,        +0.00000000000000000e+00,        +0.00000000000000000e+00,        +0.00000000000000000e+00,        +0.00000000000000000e+00,        +0.00000000000000000e+00,        +0.00000000000000000e+00,        +0.00000000000000000e+00,        +0.00000000000000000e+00,        +0.00000000000000000e+00,        +0.00000000000000000e+00,        +0.00000000000000000e+00,        +0.00000000000000000e+00,        +0.00000000000000000e+00,        +0.00000000000000000e+00,        +0.00000000000000000e+00,        +0.00000000000000000e+00,        +0.00000000000000000e+00,        +0.00000000000000000e+00,        +0.00000000000000000e+00,        +0.00000000000000000e+00,        +0.00000000000000000e+00,        +0.00000000000000000e+00,        +0.00000000000000000e+00,        +0.00000000000000000e+00,        +0.00000000000000000e+00,        +0.00000000000000000e+00,        +0.00000000000000000e+00,        +0.00000000000000000e+00,        +0.00000000000000000e+00,        +0.00000000000000000e+00,        +0.00000000000000000e+00,        +0.00000000000000000e+00,        +0.00000000000000000e+00,        +0.00000000000000000e+00,        +0.00000000000000000e+00,        +0.00000000000000000e+00,        +0.00000000000000000e+00,        +0.00000000000000000e+00,        +0.00000000000000000e+00,        +0.00000000000000000e+00,        +0.00000000000000000e+00,        +0.00000000000000000e+00,        +0.00000000000000000e+00,        +0.00000000000000000e+00,        +0.00000000000000000e+00,        +0.00000000000000000e+00,        +0.00000000000000000e+00,        +0.00000000000000000e+00,        +0.00000000000000000e+00,        +0.00000000000000000e+00,        +0.00000000000000000e+00,        +0.00000000000000000e+00,        +0.00000000000000000e+00,        +0.00000000000000000e+00,        +0.00000000000000000e+00,        +0.00000000000000000e+00,        +0.00000000000000000e+00,        +0.00000000000000000e+00,        +0.00000000000000000e+00,        +0.00000000000000000e+00,        +0.00000000000000000e+00,        +0.00000000000000000e+00,        +0.00000000000000000e+00,        +0.00000000000000000e+00,        +0.00000000000000000e+00,        +0.00000000000000000e+00,        +0.00000000000000000e+00,        +0.00000000000000000e+00,        +0.00000000000000000e+00,        +0.00000000000000000e+00,        +0.00000000000000000e+00,        +0.00000000000000000e+00,        +0.00000000000000000e+00,        +0.00000000000000000e+00,        +0.00000000000000000e+00,        +0.00000000000000000e+00,        +0.00000000000000000e+00,        +0.00000000000000000e+00,        +0.00000000000000000e+00,        +0.00000000000000000e+00,        +0.00000000000000000e+00,        +0.00000000000000000e+00,        +0.00000000000000000e+00,        +0.00000000000000000e+00,        +0.00000000000000000e+00,        +0.00000000000000000e+00,        +0.00000000000000000e+00,        +0.00000000000000000e+00,        +0.00000000000000000e+00,        +0.00000000000000000e+00,        +0.00000000000000000e+00,        +0.00000000000000000e+00,        +0.00000000000000000e+00,        +0.00000000000000000e+00,        +0.00000000000000000e+00,        +0.00000000000000000e+00,        +0.00000000000000000e+00,        +0.00000000000000000e+00,        +0.00000000000000000e+00,        +0.00000000000000000e+00,        +0.00000000000000000e+00,        +0.00000000000000000e+00,        +0.00000000000000000e+00
        +0.00000000000000000e+00,        +0.00000000000000000e+00,        +0.00000000000000000e+00,        +0.00000000000000000e+00,        +0.00000000000000000e+00,        +0.00000000000000000e+00,        +0.00000000000000000e+00,        +0.00000000000000000e+00,        +0.00000000000000000e+00,        +0.00000000000000000e+00,        +0.00000000000000000e+00,        +0.00000000000000000e+00,        +0.00000000000000000e+00,        +0.00000000000000000e+00,        +0.00000000000000000e+00,        +0.00000000000000000e+00,        +0.00000000000000000e+00,        +0.00000000000000000e+00,        +0.00000000000000000e+00,        +0.00000000000000000e+00,        +0.00000000000000000e+00,        +0.00000000000000000e+00,        +0.00000000000000000e+00,        +0.00000000000000000e+00,        +0.00000000000000000e+00,        +0.00000000000000000e+00,        +0.00000000000000000e+00,        +0.00000000000000000e+00,        +0.00000000000000000e+00,        +0.00000000000000000e+00,        +0.00000000000000000e+00,        +0.00000000000000000e+00,        +0.00000000000000000e+00,        +0.00000000000000000e+00,        +0.00000000000000000e+00,        +0.00000000000000000e+00,        +0.00000000000000000e+00,        +0.00000000000000000e+00,        +0.00000000000000000e+00,        +0.00000000000000000e+00,        +0.00000000000000000e+00,        +0.00000000000000000e+00,        +0.00000000000000000e+00,        +0.00000000000000000e+00,        +0.00000000000000000e+00,        +0.00000000000000000e+00,        +0.00000000000000000e+00,        +0.00000000000000000e+00,        +0.00000000000000000e+00,        +0.00000000000000000e+00,        +0.00000000000000000e+00,        +0.00000000000000000e+00,        +0.00000000000000000e+00,        +0.00000000000000000e+00,        +0.00000000000000000e+00,        +0.00000000000000000e+00,        +0.00000000000000000e+00,        +0.00000000000000000e+00,        +0.00000000000000000e+00,        +0.00000000000000000e+00,        +0.00000000000000000e+00,        +0.00000000000000000e+00,        +0.00000000000000000e+00,        +0.00000000000000000e+00,        +0.00000000000000000e+00,        +0.00000000000000000e+00,        +0.00000000000000000e+00,        +0.00000000000000000e+00,        +0.00000000000000000e+00,        +0.00000000000000000e+00,        +0.00000000000000000e+00,        +0.00000000000000000e+00,        +0.00000000000000000e+00,        +0.00000000000000000e+00,        +0.00000000000000000e+00,        +0.00000000000000000e+00,        +0.00000000000000000e+00,        +0.00000000000000000e+00,        +0.00000000000000000e+00,        +0.00000000000000000e+00,        +0.00000000000000000e+00,        +0.00000000000000000e+00,        +0.00000000000000000e+00,        +0.00000000000000000e+00,        +0.00000000000000000e+00,        +0.00000000000000000e+00,        +0.00000000000000000e+00,        +0.00000000000000000e+00,        +0.00000000000000000e+00,        +0.00000000000000000e+00,        +0.00000000000000000e+00,        +0.00000000000000000e+00,        +0.00000000000000000e+00,        +0.00000000000000000e+00,        +0.00000000000000000e+00,        +0.00000000000000000e+00,        +0.00000000000000000e+00,        +0.00000000000000000e+00,        +0.00000000000000000e+00,        +0.00000000000000000e+00,        +0.00000000000000000e+00,        +0.00000000000000000e+00,        +0.00000000000000000e+00,        +0.00000000000000000e+00,        +0.00000000000000000e+00,        +0.00000000000000000e+00,        +0.00000000000000000e+00,        +0.00000000000000000e+00
        +0.00000000000000000e+00,        +0.00000000000000000e+00,        +0.00000000000000000e+00,        +0.00000000000000000e+00,        +0.00000000000000000e+00,        +0.00000000000000000e+00,        +0.00000000000000000e+00,        +0.00000000000000000e+00,        +0.00000000000000000e+00,        +0.00000000000000000e+00,        +0.00000000000000000e+00,        +0.00000000000000000e+00,        +0.00000000000000000e+00,        +0.00000000000000000e+00,        +0.00000000000000000e+00,        +0.00000000000000000e+00,        +0.00000000000000000e+00,        +0.00000000000000000e+00,        +0.00000000000000000e+00,        +0.00000000000000000e+00,        +0.00000000000000000e+00,        +0.00000000000000000e+00,        +0.00000000000000000e+00,        +0.00000000000000000e+00,        +0.00000000000000000e+00,        +0.00000000000000000e+00,        +0.00000000000000000e+00,        +0.00000000000000000e+00,        +0.00000000000000000e+00,        +0.00000000000000000e+00,        +0.00000000000000000e+00,        +0.00000000000000000e+00,        +0.00000000000000000e+00,        +0.00000000000000000e+00,        +0.00000000000000000e+00,        +0.00000000000000000e+00,        +0.00000000000000000e+00,        +0.00000000000000000e+00,        +0.00000000000000000e+00,        +0.00000000000000000e+00,        +0.00000000000000000e+00,        +0.00000000000000000e+00,        +0.00000000000000000e+00,        +0.00000000000000000e+00,        +0.00000000000000000e+00,        +0.00000000000000000e+00,        +0.00000000000000000e+00,        +0.00000000000000000e+00,        +0.00000000000000000e+00,        +0.00000000000000000e+00,        +0.00000000000000000e+00,        +0.00000000000000000e+00,        +0.00000000000000000e+00,        +0.00000000000000000e+00,        +0.00000000000000000e+00,        +0.00000000000000000e+00,        +0.00000000000000000e+00,        +0.00000000000000000e+00,        +0.00000000000000000e+00,        +0.00000000000000000e+00,        +0.00000000000000000e+00,        +0.00000000000000000e+00,        +0.00000000000000000e+00,        +0.00000000000000000e+00,        +0.00000000000000000e+00,        +0.00000000000000000e+00,        +0.00000000000000000e+00,        +0.00000000000000000e+00,        +0.00000000000000000e+00,        +0.00000000000000000e+00,        +0.00000000000000000e+00,        +0.00000000000000000e+00,        +0.00000000000000000e+00,        +0.00000000000000000e+00,        +0.00000000000000000e+00,        +0.00000000000000000e+00,        +0.00000000000000000e+00,        +0.00000000000000000e+00,        +0.00000000000000000e+00,        +0.00000000000000000e+00,        +0.00000000000000000e+00,        +0.00000000000000000e+00,        +0.00000000000000000e+00,        +0.00000000000000000e+00,        +0.00000000000000000e+00,        +0.00000000000000000e+00,        +0.00000000000000000e+00,        +0.00000000000000000e+00,        +0.00000000000000000e+00,        +0.00000000000000000e+00,        +0.00000000000000000e+00,        +0.00000000000000000e+00,        +0.00000000000000000e+00,        +0.00000000000000000e+00,        +0.00000000000000000e+00,        +0.00000000000000000e+00,        +0.00000000000000000e+00,        +0.00000000000000000e+00,        +0.00000000000000000e+00,        +0.00000000000000000e+00,        +0.00000000000000000e+00,        +0.00000000000000000e+00,        +0.00000000000000000e+00,        +0.00000000000000000e+00,        +0.00000000000000000e+00,        +0.00000000000000000e+00,        +0.00000000000000000e+00,        +0.00000000000000000e+00
        +0.00000000000000000e+00,        +0.00000000000000000e+00,        +0.00000000000000000e+00,        +0.00000000000000000e+00,        +0.00000000000000000e+00,        +0.00000000000000000e+00,        +0.00000000000000000e+00,        +0.00000000000000000e+00,        +0.00000000000000000e+00,        +0.00000000000000000e+00,        +0.00000000000000000e+00,        +0.00000000000000000e+00,        +0.00000000000000000e+00,        +0.00000000000000000e+00,        +0.00000000000000000e+00,        +0.00000000000000000e+00,        +0.00000000000000000e+00,        +0.00000000000000000e+00,        +0.00000000000000000e+00,        +0.00000000000000000e+00,        +0.00000000000000000e+00,        +0.00000000000000000e+00,        +0.00000000000000000e+00,        +0.00000000000000000e+00,        +0.00000000000000000e+00,        +0.00000000000000000e+00,        +0.00000000000000000e+00,        +0.00000000000000000e+00,        +0.00000000000000000e+00,        +0.00000000000000000e+00,        +0.00000000000000000e+00,        +0.00000000000000000e+00,        +0.00000000000000000e+00,        +0.00000000000000000e+00,        +0.00000000000000000e+00,        +0.00000000000000000e+00,        +0.00000000000000000e+00,        +0.00000000000000000e+00,        +0.00000000000000000e+00,        +0.00000000000000000e+00,        +0.00000000000000000e+00,        +0.00000000000000000e+00,        +0.00000000000000000e+00,        +0.00000000000000000e+00,        +0.00000000000000000e+00,        +0.00000000000000000e+00,        +0.00000000000000000e+00,        +0.00000000000000000e+00,        +0.00000000000000000e+00,        +0.00000000000000000e+00,        +0.00000000000000000e+00,        +0.00000000000000000e+00,        +0.00000000000000000e+00,        +0.00000000000000000e+00,        +0.00000000000000000e+00,        +0.00000000000000000e+00,        +0.00000000000000000e+00,        +0.00000000000000000e+00,        +0.00000000000000000e+00,        +0.00000000000000000e+00,        +0.00000000000000000e+00,        +0.00000000000000000e+00,        +0.00000000000000000e+00,        +0.00000000000000000e+00,        +0.00000000000000000e+00,        +0.00000000000000000e+00,        +0.00000000000000000e+00,        +0.00000000000000000e+00,        +0.00000000000000000e+00,        +0.00000000000000000e+00,        +0.00000000000000000e+00,        +0.00000000000000000e+00,        +0.00000000000000000e+00,        +0.00000000000000000e+00,        +0.00000000000000000e+00,        +0.00000000000000000e+00,        +0.00000000000000000e+00,        +0.00000000000000000e+00,        +0.00000000000000000e+00,        +0.00000000000000000e+00,        +0.00000000000000000e+00,        +0.00000000000000000e+00,        +0.00000000000000000e+00,        +0.00000000000000000e+00,        +0.00000000000000000e+00,        +0.00000000000000000e+00,        +0.00000000000000000e+00,        +0.00000000000000000e+00,        +0.00000000000000000e+00,        +0.00000000000000000e+00,        +0.00000000000000000e+00,        +0.00000000000000000e+00,        +0.00000000000000000e+00,        +0.00000000000000000e+00,        +0.00000000000000000e+00,        +0.00000000000000000e+00,        +0.00000000000000000e+00,        +0.00000000000000000e+00,        +0.00000000000000000e+00,        +0.00000000000000000e+00,        +0.00000000000000000e+00,        +0.00000000000000000e+00,        +0.00000000000000000e+00,        +0.00000000000000000e+00,        +0.00000000000000000e+00,        +0.00000000000000000e+00,        +0.00000000000000000e+00,        +0.00000000000000000e+00
        +0.00000000000000000e+00,        +0.00000000000000000e+00,        +0.00000000000000000e+00,        +0.00000000000000000e+00,        +0.00000000000000000e+00,        +0.00000000000000000e+00,        +0.00000000000000000e+00,        +0.00000000000000000e+00,        +0.00000000000000000e+00,        +0.00000000000000000e+00,        +0.00000000000000000e+00,        +0.00000000000000000e+00,        +0.00000000000000000e+00,        +0.00000000000000000e+00,        +0.00000000000000000e+00,        +0.00000000000000000e+00,        +0.00000000000000000e+00,        +0.00000000000000000e+00,        +0.00000000000000000e+00,        +0.00000000000000000e+00,        +0.00000000000000000e+00,        +0.00000000000000000e+00,        +0.00000000000000000e+00,        +0.00000000000000000e+00,        +0.00000000000000000e+00,        +0.00000000000000000e+00,        +0.00000000000000000e+00,        +0.00000000000000000e+00,        +0.00000000000000000e+00,        +0.00000000000000000e+00,        +0.00000000000000000e+00,        +0.00000000000000000e+00,        +0.00000000000000000e+00,        +0.00000000000000000e+00,        +0.00000000000000000e+00,        +0.00000000000000000e+00,        +0.00000000000000000e+00,        +0.00000000000000000e+00,        +0.00000000000000000e+00,        +0.00000000000000000e+00,        +0.00000000000000000e+00,        +0.00000000000000000e+00,        +0.00000000000000000e+00,        +0.00000000000000000e+00,        +0.00000000000000000e+00,        +0.00000000000000000e+00,        +0.00000000000000000e+00,        +0.00000000000000000e+00,        +0.00000000000000000e+00,        +0.00000000000000000e+00,        +0.00000000000000000e+00,        +0.00000000000000000e+00,        +0.00000000000000000e+00,        +0.00000000000000000e+00,        +0.00000000000000000e+00,        +0.00000000000000000e+00,        +0.00000000000000000e+00,        +0.00000000000000000e+00,        +0.00000000000000000e+00,        +0.00000000000000000e+00,        +0.00000000000000000e+00,        +0.00000000000000000e+00,        +0.00000000000000000e+00,        +0.00000000000000000e+00,        +0.00000000000000000e+00,        +0.00000000000000000e+00,        +0.00000000000000000e+00,        +0.00000000000000000e+00,        +0.00000000000000000e+00,        +0.00000000000000000e+00,        +0.00000000000000000e+00,        +0.00000000000000000e+00,        +0.00000000000000000e+00,        +0.00000000000000000e+00,        +0.00000000000000000e+00,        +0.00000000000000000e+00,        +0.00000000000000000e+00,        +0.00000000000000000e+00,        +0.00000000000000000e+00,        +0.00000000000000000e+00,        +0.00000000000000000e+00,        +0.00000000000000000e+00,        +0.00000000000000000e+00,        +0.00000000000000000e+00,        +0.00000000000000000e+00,        +0.00000000000000000e+00,        +0.00000000000000000e+00,        +0.00000000000000000e+00,        +0.00000000000000000e+00,        +0.00000000000000000e+00,        +0.00000000000000000e+00,        +0.00000000000000000e+00,        +0.00000000000000000e+00,        +0.00000000000000000e+00,        +0.00000000000000000e+00,        +0.00000000000000000e+00,        +0.00000000000000000e+00,        +0.00000000000000000e+00,        +0.00000000000000000e+00,        +0.00000000000000000e+00,        +0.00000000000000000e+00,        +0.00000000000000000e+00,        +0.00000000000000000e+00,        +0.00000000000000000e+00,        +0.00000000000000000e+00,        +0.00000000000000000e+00,        +0.00000000000000000e+00,        +0.00000000000000000e+00
        +0.00000000000000000e+00,        +0.00000000000000000e+00,        +0.00000000000000000e+00,        +0.00000000000000000e+00,        +0.00000000000000000e+00,        +0.00000000000000000e+00,        +0.00000000000000000e+00,        +0.00000000000000000e+00,        +0.00000000000000000e+00,        +0.00000000000000000e+00,        +0.00000000000000000e+00,        +0.00000000000000000e+00,        +0.00000000000000000e+00,        +0.00000000000000000e+00,        +0.00000000000000000e+00,        +0.00000000000000000e+00,        +0.00000000000000000e+00,        +0.00000000000000000e+00,        +0.00000000000000000e+00,        +0.00000000000000000e+00,        +0.00000000000000000e+00,        +0.00000000000000000e+00,        +0.00000000000000000e+00,        +0.00000000000000000e+00,        +0.00000000000000000e+00,        +0.00000000000000000e+00,        +0.00000000000000000e+00,        +0.00000000000000000e+00,        +0.00000000000000000e+00,        +0.00000000000000000e+00,        +0.00000000000000000e+00,        +0.00000000000000000e+00,        +0.00000000000000000e+00,        +0.00000000000000000e+00,        +0.00000000000000000e+00,        +0.00000000000000000e+00,        +0.00000000000000000e+00,        +0.00000000000000000e+00,        +0.00000000000000000e+00,        +0.00000000000000000e+00,        +0.00000000000000000e+00,        +0.00000000000000000e+00,        +0.00000000000000000e+00,        +0.00000000000000000e+00,        +0.00000000000000000e+00,        +0.00000000000000000e+00,        +0.00000000000000000e+00,        +0.00000000000000000e+00,        +0.00000000000000000e+00,        +0.00000000000000000e+00,        +0.00000000000000000e+00,        +0.00000000000000000e+00,        +0.00000000000000000e+00,        +0.00000000000000000e+00,        +0.00000000000000000e+00,        +0.00000000000000000e+00,        +0.00000000000000000e+00,        +0.00000000000000000e+00,        +0.00000000000000000e+00,        +0.00000000000000000e+00,        +0.00000000000000000e+00,        +0.00000000000000000e+00,        +0.00000000000000000e+00,        +0.00000000000000000e+00,        +0.00000000000000000e+00,        +0.00000000000000000e+00,        +0.00000000000000000e+00,        +0.00000000000000000e+00,        +0.00000000000000000e+00,        +0.00000000000000000e+00,        +0.00000000000000000e+00,        +0.00000000000000000e+00,        +0.00000000000000000e+00,        +0.00000000000000000e+00,        +0.00000000000000000e+00,        +0.00000000000000000e+00,        +0.00000000000000000e+00,        +0.00000000000000000e+00,        +0.00000000000000000e+00,        +0.00000000000000000e+00,        +0.00000000000000000e+00,        +0.00000000000000000e+00,        +0.00000000000000000e+00,        +0.00000000000000000e+00,        +0.00000000000000000e+00,        +0.00000000000000000e+00,        +0.00000000000000000e+00,        +0.00000000000000000e+00,        +0.00000000000000000e+00,        +0.00000000000000000e+00,        +0.00000000000000000e+00,        +0.00000000000000000e+00,        +0.00000000000000000e+00,        +0.00000000000000000e+00,        +0.00000000000000000e+00,        +0.00000000000000000e+00,        +0.00000000000000000e+00,        +0.00000000000000000e+00,        +0.00000000000000000e+00,        +0.00000000000000000e+00,        +0.00000000000000000e+00,        +0.00000000000000000e+00,        +0.00000000000000000e+00,        +0.00000000000000000e+00,        +0.00000000000000000e+00,        +0.00000000000000000e+00,        +0.00000000000000000e+00,        +0.00000000000000000e+00
        +0.00000000000000000e+00,        +0.00000000000000000e+00,        +0.00000000000000000e+00,        +0.00000000000000000e+00,        +0.00000000000000000e+00,        +0.00000000000000000e+00,        +0.00000000000000000e+00,        +0.00000000000000000e+00,        +0.00000000000000000e+00,        +0.00000000000000000e+00,        +0.00000000000000000e+00,        +0.00000000000000000e+00,        +0.00000000000000000e+00,        +0.00000000000000000e+00,        +0.00000000000000000e+00,        +0.00000000000000000e+00,        +0.00000000000000000e+00,        +0.00000000000000000e+00,        +0.00000000000000000e+00,        +0.00000000000000000e+00,        +0.00000000000000000e+00,        +0.00000000000000000e+00,        +0.00000000000000000e+00,        +0.00000000000000000e+00,        +0.00000000000000000e+00,        +0.00000000000000000e+00,        +0.00000000000000000e+00,        +0.00000000000000000e+00,        +0.00000000000000000e+00,        +0.00000000000000000e+00,        +0.00000000000000000e+00,        +0.00000000000000000e+00,        +0.00000000000000000e+00,        +0.00000000000000000e+00,        +0.00000000000000000e+00,        +0.00000000000000000e+00,        +0.00000000000000000e+00,        +0.00000000000000000e+00,        +0.00000000000000000e+00,        +0.00000000000000000e+00,        +0.00000000000000000e+00,        +0.00000000000000000e+00,        +0.00000000000000000e+00,        +0.00000000000000000e+00,        +0.00000000000000000e+00,        +0.00000000000000000e+00,        +0.00000000000000000e+00,        +0.00000000000000000e+00,        +0.00000000000000000e+00,        +0.00000000000000000e+00,        +0.00000000000000000e+00,        +0.00000000000000000e+00,        +0.00000000000000000e+00,        +0.00000000000000000e+00,        +0.00000000000000000e+00,        +0.00000000000000000e+00,        +0.00000000000000000e+00,        +0.00000000000000000e+00,        +0.00000000000000000e+00,        +0.00000000000000000e+00,        +0.00000000000000000e+00,        +0.00000000000000000e+00,        +0.00000000000000000e+00,        +0.00000000000000000e+00,        +0.00000000000000000e+00,        +0.00000000000000000e+00,        +0.00000000000000000e+00,        +0.00000000000000000e+00,        +0.00000000000000000e+00,        +0.00000000000000000e+00,        +0.00000000000000000e+00,        +0.00000000000000000e+00,        +0.00000000000000000e+00,        +0.00000000000000000e+00,        +0.00000000000000000e+00,        +0.00000000000000000e+00,        +0.00000000000000000e+00,        +0.00000000000000000e+00,        +0.00000000000000000e+00,        +0.00000000000000000e+00,        +0.00000000000000000e+00,        +0.00000000000000000e+00,        +0.00000000000000000e+00,        +0.00000000000000000e+00,        +0.00000000000000000e+00,        +0.00000000000000000e+00,        +0.00000000000000000e+00,        +0.00000000000000000e+00,        +0.00000000000000000e+00,        +0.00000000000000000e+00,        +0.00000000000000000e+00,        +0.00000000000000000e+00,        +0.00000000000000000e+00,        +0.00000000000000000e+00,        +0.00000000000000000e+00,        +0.00000000000000000e+00,        +0.00000000000000000e+00,        +0.00000000000000000e+00,        +0.00000000000000000e+00,        +0.00000000000000000e+00,        +0.00000000000000000e+00,        +0.00000000000000000e+00,        +0.00000000000000000e+00,        +0.00000000000000000e+00,        +0.00000000000000000e+00,        +0.00000000000000000e+00,        +0.00000000000000000e+00,        +0.00000000000000000e+00
        +0.00000000000000000e+00,        +0.00000000000000000e+00,        +0.00000000000000000e+00,        +0.00000000000000000e+00,        +0.00000000000000000e+00,        +0.00000000000000000e+00,        +0.00000000000000000e+00,        +0.00000000000000000e+00,        +0.00000000000000000e+00,        +0.00000000000000000e+00,        +0.00000000000000000e+00,        +0.00000000000000000e+00,        +0.00000000000000000e+00,        +0.00000000000000000e+00,        +0.00000000000000000e+00,        +0.00000000000000000e+00,        +0.00000000000000000e+00,        +0.00000000000000000e+00,        +0.00000000000000000e+00,        +0.00000000000000000e+00,        +0.00000000000000000e+00,        +0.00000000000000000e+00,        +0.00000000000000000e+00,        +0.00000000000000000e+00,        +0.00000000000000000e+00,        +0.00000000000000000e+00,        +0.00000000000000000e+00,        +0.00000000000000000e+00,        +0.00000000000000000e+00,        +0.00000000000000000e+00,        +0.00000000000000000e+00,        +0.00000000000000000e+00,        +0.00000000000000000e+00,        +0.00000000000000000e+00,        +0.00000000000000000e+00,        +0.00000000000000000e+00,        +0.00000000000000000e+00,        +0.00000000000000000e+00,        +0.00000000000000000e+00,        +0.00000000000000000e+00,        +0.00000000000000000e+00,        +0.00000000000000000e+00,        +0.00000000000000000e+00,        +0.00000000000000000e+00,        +0.00000000000000000e+00,        +0.00000000000000000e+00,        +0.00000000000000000e+00,        +0.00000000000000000e+00,        +0.00000000000000000e+00,        +0.00000000000000000e+00,        +0.00000000000000000e+00,        +0.00000000000000000e+00,        +0.00000000000000000e+00,        +0.00000000000000000e+00,        +0.00000000000000000e+00,        +0.00000000000000000e+00,        +0.00000000000000000e+00,        +0.00000000000000000e+00,        +0.00000000000000000e+00,        +0.00000000000000000e+00,        +0.00000000000000000e+00,        +0.00000000000000000e+00,        +0.00000000000000000e+00,        +0.00000000000000000e+00,        +0.00000000000000000e+00,        +0.00000000000000000e+00,        +0.00000000000000000e+00,        +0.00000000000000000e+00,        +0.00000000000000000e+00,        +0.00000000000000000e+00,        +0.00000000000000000e+00,        +0.00000000000000000e+00,        +0.00000000000000000e+00,        +0.00000000000000000e+00,        +0.00000000000000000e+00,        +0.00000000000000000e+00,        +0.00000000000000000e+00,        +0.00000000000000000e+00,        +0.00000000000000000e+00,        +0.00000000000000000e+00,        +0.00000000000000000e+00,        +0.00000000000000000e+00,        +0.00000000000000000e+00,        +0.00000000000000000e+00,        +0.00000000000000000e+00,        +0.00000000000000000e+00,        +0.00000000000000000e+00,        +0.00000000000000000e+00,        +0.00000000000000000e+00,        +0.00000000000000000e+00,        +0.00000000000000000e+00,        +0.00000000000000000e+00,        +0.00000000000000000e+00,        +0.00000000000000000e+00,        +0.00000000000000000e+00,        +0.00000000000000000e+00,        +0.00000000000000000e+00,        +0.00000000000000000e+00,        +0.00000000000000000e+00,        +0.00000000000000000e+00,        +0.00000000000000000e+00,        +0.00000000000000000e+00,        +0.00000000000000000e+00,        +0.00000000000000000e+00,        +0.00000000000000000e+00,        +0.00000000000000000e+00,        +0.00000000000000000e+00,        +0.00000000000000000e+00
        +0.00000000000000000e+00,        +0.00000000000000000e+00,        +0.00000000000000000e+00,        +0.00000000000000000e+00,        +0.00000000000000000e+00,        +0.00000000000000000e+00,        +0.00000000000000000e+00,        +0.00000000000000000e+00,        +0.00000000000000000e+00,        +0.00000000000000000e+00,        +0.00000000000000000e+00,        +0.00000000000000000e+00,        +0.00000000000000000e+00,        +0.00000000000000000e+00,        +0.00000000000000000e+00,        +0.00000000000000000e+00,        +0.00000000000000000e+00,        +0.00000000000000000e+00,        +0.00000000000000000e+00,        +0.00000000000000000e+00,        +0.00000000000000000e+00,        +0.00000000000000000e+00,        +0.00000000000000000e+00,        +0.00000000000000000e+00,        +0.00000000000000000e+00,        +0.00000000000000000e+00,        +0.00000000000000000e+00,        +0.00000000000000000e+00,        +0.00000000000000000e+00,        +0.00000000000000000e+00,        +0.00000000000000000e+00,        +0.00000000000000000e+00,        +0.00000000000000000e+00,        +0.00000000000000000e+00,        +0.00000000000000000e+00,        +0.00000000000000000e+00,        +0.00000000000000000e+00,        +0.00000000000000000e+00,        +0.00000000000000000e+00,        +0.00000000000000000e+00,        +0.00000000000000000e+00,        +0.00000000000000000e+00,        +0.00000000000000000e+00,        +0.00000000000000000e+00,        +0.00000000000000000e+00,        +0.00000000000000000e+00,        +0.00000000000000000e+00,        +0.00000000000000000e+00,        +0.00000000000000000e+00,        +0.00000000000000000e+00,        +0.00000000000000000e+00,        +0.00000000000000000e+00,        +0.00000000000000000e+00,        +0.00000000000000000e+00,        +0.00000000000000000e+00,        +0.00000000000000000e+00,        +0.00000000000000000e+00,        +0.00000000000000000e+00,        +0.00000000000000000e+00,        +0.00000000000000000e+00,        +0.00000000000000000e+00,        +0.00000000000000000e+00,        +0.00000000000000000e+00,        +0.00000000000000000e+00,        +0.00000000000000000e+00,        +0.00000000000000000e+00,        +0.00000000000000000e+00,        +0.00000000000000000e+00,        +0.00000000000000000e+00,        +0.00000000000000000e+00,        +0.00000000000000000e+00,        +0.00000000000000000e+00,        +0.00000000000000000e+00,        +0.00000000000000000e+00,        +0.00000000000000000e+00,        +0.00000000000000000e+00,        +0.00000000000000000e+00,        +0.00000000000000000e+00,        +0.00000000000000000e+00,        +0.00000000000000000e+00,        +0.00000000000000000e+00,        +0.00000000000000000e+00,        +0.00000000000000000e+00,        +0.00000000000000000e+00,        +0.00000000000000000e+00,        +0.00000000000000000e+00,        +0.00000000000000000e+00,        +0.00000000000000000e+00,        +0.00000000000000000e+00,        +0.00000000000000000e+00,        +0.00000000000000000e+00,        +0.00000000000000000e+00,        +0.00000000000000000e+00,        +0.00000000000000000e+00,        +0.00000000000000000e+00,        +0.00000000000000000e+00,        +0.00000000000000000e+00,        +0.00000000000000000e+00,        +0.00000000000000000e+00,        +0.00000000000000000e+00,        +0.00000000000000000e+00,        +0.00000000000000000e+00,        +0.00000000000000000e+00,        +0.00000000000000000e+00,        +0.00000000000000000e+00,        +0.00000000000000000e+00,        +0.00000000000000000e+00,        +0.00000000000000000e+00
        +0.00000000000000000e+00,        +0.00000000000000000e+00,        +0.00000000000000000e+00,        +0.00000000000000000e+00,        +0.00000000000000000e+00,        +0.00000000000000000e+00,        +0.00000000000000000e+00,        +0.00000000000000000e+00,        +0.00000000000000000e+00,        +0.00000000000000000e+00,        +0.00000000000000000e+00,        +0.00000000000000000e+00,        +0.00000000000000000e+00,        +0.00000000000000000e+00,        +0.00000000000000000e+00,        +0.00000000000000000e+00,        +0.00000000000000000e+00,        +0.00000000000000000e+00,        +0.00000000000000000e+00,        +0.00000000000000000e+00,        +0.00000000000000000e+00,        +0.00000000000000000e+00,        +0.00000000000000000e+00,        +0.00000000000000000e+00,        +0.00000000000000000e+00,        +0.00000000000000000e+00,        +0.00000000000000000e+00,        +0.00000000000000000e+00,        +0.00000000000000000e+00,        +0.00000000000000000e+00,        +0.00000000000000000e+00,        +0.00000000000000000e+00,        +0.00000000000000000e+00,        +0.00000000000000000e+00,        +0.00000000000000000e+00,        +0.00000000000000000e+00,        +0.00000000000000000e+00,        +0.00000000000000000e+00,        +0.00000000000000000e+00,        +0.00000000000000000e+00,        +0.00000000000000000e+00,        +0.00000000000000000e+00,        +0.00000000000000000e+00,        +0.00000000000000000e+00,        +0.00000000000000000e+00,        +0.00000000000000000e+00,        +0.00000000000000000e+00,        +0.00000000000000000e+00,        +0.00000000000000000e+00,        +0.00000000000000000e+00,        +0.00000000000000000e+00,        +0.00000000000000000e+00,        +0.00000000000000000e+00,        +0.00000000000000000e+00,        +0.00000000000000000e+00,        +0.00000000000000000e+00,        +0.00000000000000000e+00,        +0.00000000000000000e+00,        +0.00000000000000000e+00,        +0.00000000000000000e+00,        +0.00000000000000000e+00,        +0.00000000000000000e+00,        +0.00000000000000000e+00,        +0.00000000000000000e+00,        +0.00000000000000000e+00,        +0.00000000000000000e+00,        +0.00000000000000000e+00,        +0.00000000000000000e+00,        +0.00000000000000000e+00,        +0.00000000000000000e+00,        +0.00000000000000000e+00,        +0.00000000000000000e+00,        +0.00000000000000000e+00,        +0.00000000000000000e+00,        +0.00000000000000000e+00,        +0.00000000000000000e+00,        +0.00000000000000000e+00,        +0.00000000000000000e+00,        +0.00000000000000000e+00,        +0.00000000000000000e+00,        +0.00000000000000000e+00,        +0.00000000000000000e+00,        +0.00000000000000000e+00,        +0.00000000000000000e+00,        +0.00000000000000000e+00,        +0.00000000000000000e+00,        +0.00000000000000000e+00,        +0.00000000000000000e+00,        +0.00000000000000000e+00,        +0.00000000000000000e+00,        +0.00000000000000000e+00,        +0.00000000000000000e+00,        +0.00000000000000000e+00,        +0.00000000000000000e+00,        +0.00000000000000000e+00,        +0.00000000000000000e+00,        +0.00000000000000000e+00,        +0.00000000000000000e+00,        +0.00000000000000000e+00,        +0.00000000000000000e+00,        +0.00000000000000000e+00,        +0.00000000000000000e+00,        +0.00000000000000000e+00,        +0.00000000000000000e+00,        +0.00000000000000000e+00,        +0.00000000000000000e+00,        +0.00000000000000000e+00,        +0.00000000000000000e+00
        +0.00000000000000000e+00,        +0.00000000000000000e+00,        +0.00000000000000000e+00,        +0.00000000000000000e+00,        +0.00000000000000000e+00,        +0.00000000000000000e+00,        +0.00000000000000000e+00,        +0.00000000000000000e+00,        +0.00000000000000000e+00,        +0.00000000000000000e+00,        +0.00000000000000000e+00,        +0.00000000000000000e+00,        +0.00000000000000000e+00,        +0.00000000000000000e+00,        +0.00000000000000000e+00,        +0.00000000000000000e+00,        +0.00000000000000000e+00,        +0.00000000000000000e+00,        +0.00000000000000000e+00,        +0.00000000000000000e+00,        +0.00000000000000000e+00,        +0.00000000000000000e+00,        +0.00000000000000000e+00,        +0.00000000000000000e+00,        +0.00000000000000000e+00,        +0.00000000000000000e+00,        +0.00000000000000000e+00,        +0.00000000000000000e+00,        +0.00000000000000000e+00,        +0.00000000000000000e+00,        +0.00000000000000000e+00,        +0.00000000000000000e+00,        +0.00000000000000000e+00,        +0.00000000000000000e+00,        +0.00000000000000000e+00,        +0.00000000000000000e+00,        +0.00000000000000000e+00,        +0.00000000000000000e+00,        +0.00000000000000000e+00,        +0.00000000000000000e+00,        +0.00000000000000000e+00,        +0.00000000000000000e+00,        +0.00000000000000000e+00,        +0.00000000000000000e+00,        +0.00000000000000000e+00,        +0.00000000000000000e+00,        +0.00000000000000000e+00,        +0.00000000000000000e+00,        +0.00000000000000000e+00,        +0.00000000000000000e+00,        +0.00000000000000000e+00,        +0.00000000000000000e+00,        +0.00000000000000000e+00,        +0.00000000000000000e+00,        +0.00000000000000000e+00,        +0.00000000000000000e+00,        +0.00000000000000000e+00,        +0.00000000000000000e+00,        +0.00000000000000000e+00,        +0.00000000000000000e+00,        +0.00000000000000000e+00,        +0.00000000000000000e+00,        +0.00000000000000000e+00,        +0.00000000000000000e+00,        +0.00000000000000000e+00,        +0.00000000000000000e+00,        +0.00000000000000000e+00,        +0.00000000000000000e+00,        +0.00000000000000000e+00,        +0.00000000000000000e+00,        +0.00000000000000000e+00,        +0.00000000000000000e+00,        +0.00000000000000000e+00,        +0.00000000000000000e+00,        +0.00000000000000000e+00,        +0.00000000000000000e+00,        +0.00000000000000000e+00,        +0.00000000000000000e+00,        +0.00000000000000000e+00,        +0.00000000000000000e+00,        +0.00000000000000000e+00,        +0.00000000000000000e+00,        +0.00000000000000000e+00,        +0.00000000000000000e+00,        +0.00000000000000000e+00,        +0.00000000000000000e+00,        +0.00000000000000000e+00,        +0.00000000000000000e+00,        +0.00000000000000000e+00,        +0.00000000000000000e+00,        +0.00000000000000000e+00,        +0.00000000000000000e+00,        +0.00000000000000000e+00,        +0.00000000000000000e+00,        +0.00000000000000000e+00,        +0.00000000000000000e+00,        +0.00000000000000000e+00,        +0.00000000000000000e+00,        +0.00000000000000000e+00,        +0.00000000000000000e+00,        +0.00000000000000000e+00,        +0.00000000000000000e+00,        +0.00000000000000000e+00,        +0.00000000000000000e+00,        +0.00000000000000000e+00,        +0.00000000000000000e+00,        +0.00000000000000000e+00,        +0.00000000000000000e+00
        +0.00000000000000000e+00,        +0.00000000000000000e+00,        +0.00000000000000000e+00,        +0.00000000000000000e+00,        +0.00000000000000000e+00,        +0.00000000000000000e+00,        +0.00000000000000000e+00,        +0.00000000000000000e+00,        +0.00000000000000000e+00,        +0.00000000000000000e+00,        +0.00000000000000000e+00,        +0.00000000000000000e+00,        +0.00000000000000000e+00,        +0.00000000000000000e+00,        +0.00000000000000000e+00,        +0.00000000000000000e+00,        +0.00000000000000000e+00,        +0.00000000000000000e+00,        +0.00000000000000000e+00,        +0.00000000000000000e+00,        +0.00000000000000000e+00,        +0.00000000000000000e+00,        +0.00000000000000000e+00,        +0.00000000000000000e+00,        +0.00000000000000000e+00,        +0.00000000000000000e+00,        +0.00000000000000000e+00,        +0.00000000000000000e+00,        +0.00000000000000000e+00,        +0.00000000000000000e+00,        +0.00000000000000000e+00,        +0.00000000000000000e+00,        +0.00000000000000000e+00,        +0.00000000000000000e+00,        +0.00000000000000000e+00,        +0.00000000000000000e+00,        +0.00000000000000000e+00,        +0.00000000000000000e+00,        +0.00000000000000000e+00,        +0.00000000000000000e+00,        +0.00000000000000000e+00,        +0.00000000000000000e+00,        +0.00000000000000000e+00,        +0.00000000000000000e+00,        +0.00000000000000000e+00,        +0.00000000000000000e+00,        +0.00000000000000000e+00,        +0.00000000000000000e+00,        +0.00000000000000000e+00,        +0.00000000000000000e+00,        +0.00000000000000000e+00,        +0.00000000000000000e+00,        +0.00000000000000000e+00,        +0.00000000000000000e+00,        +0.00000000000000000e+00,        +0.00000000000000000e+00,        +0.00000000000000000e+00,        +0.00000000000000000e+00,        +0.00000000000000000e+00,        +0.00000000000000000e+00,        +0.00000000000000000e+00,        +0.00000000000000000e+00,        +0.00000000000000000e+00,        +0.00000000000000000e+00,        +0.00000000000000000e+00,        +0.00000000000000000e+00,        +0.00000000000000000e+00,        +0.00000000000000000e+00,        +0.00000000000000000e+00,        +0.00000000000000000e+00,        +0.00000000000000000e+00,        +0.00000000000000000e+00,        +0.00000000000000000e+00,        +0.00000000000000000e+00,        +0.00000000000000000e+00,        +0.00000000000000000e+00,        +0.00000000000000000e+00,        +0.00000000000000000e+00,        +0.00000000000000000e+00,        +0.00000000000000000e+00,        +0.00000000000000000e+00,        +0.00000000000000000e+00,        +0.00000000000000000e+00,        +0.00000000000000000e+00,        +0.00000000000000000e+00,        +0.00000000000000000e+00,        +0.00000000000000000e+00,        +0.00000000000000000e+00,        +0.00000000000000000e+00,        +0.00000000000000000e+00,        +0.00000000000000000e+00,        +0.00000000000000000e+00,        +0.00000000000000000e+00,        +0.00000000000000000e+00,        +0.00000000000000000e+00,        +0.00000000000000000e+00,        +0.00000000000000000e+00,        +0.00000000000000000e+00,        +0.00000000000000000e+00,        +0.00000000000000000e+00,        +0.00000000000000000e+00,        +0.00000000000000000e+00,        +0.00000000000000000e+00,        +0.00000000000000000e+00,        +0.00000000000000000e+00,        +0.00000000000000000e+00,        +0.00000000000000000e+00,        +0.00000000000000000e+00
        +0.00000000000000000e+00,        +0.00000000000000000e+00,        +0.00000000000000000e+00,        +0.00000000000000000e+00,        +0.00000000000000000e+00,        +0.00000000000000000e+00,        +0.00000000000000000e+00,        +0.00000000000000000e+00,        +0.00000000000000000e+00,        +0.00000000000000000e+00,        +0.00000000000000000e+00,        +0.00000000000000000e+00,        +0.00000000000000000e+00,        +0.00000000000000000e+00,        +0.00000000000000000e+00,        +0.00000000000000000e+00,        +0.00000000000000000e+00,        +0.00000000000000000e+00,        +0.00000000000000000e+00,        +0.00000000000000000e+00,        +0.00000000000000000e+00,        +0.00000000000000000e+00,        +0.00000000000000000e+00,        +0.00000000000000000e+00,        +0.00000000000000000e+00,        +0.00000000000000000e+00,        +0.00000000000000000e+00,        +0.00000000000000000e+00,        +0.00000000000000000e+00,        +0.00000000000000000e+00,        +0.00000000000000000e+00,        +0.00000000000000000e+00,        +0.00000000000000000e+00,        +0.00000000000000000e+00,        +0.00000000000000000e+00,        +0.00000000000000000e+00,        +0.00000000000000000e+00,        +0.00000000000000000e+00,        +0.00000000000000000e+00,        +0.00000000000000000e+00,        +0.00000000000000000e+00,        +0.00000000000000000e+00,        +0.00000000000000000e+00,        +0.00000000000000000e+00,        +0.00000000000000000e+00,        +0.00000000000000000e+00,        +0.00000000000000000e+00,        +0.00000000000000000e+00,        +0.00000000000000000e+00,        +0.00000000000000000e+00,        +0.00000000000000000e+00,        +0.00000000000000000e+00,        +0.00000000000000000e+00,        +0.00000000000000000e+00,        +0.00000000000000000e+00,        +0.00000000000000000e+00,        +0.00000000000000000e+00,        +0.00000000000000000e+00,        +0.00000000000000000e+00,        +0.00000000000000000e+00,        +0.00000000000000000e+00,        +0.00000000000000000e+00,        +0.00000000000000000e+00,        +0.00000000000000000e+00,        +0.00000000000000000e+00,        +0.00000000000000000e+00,        +0.00000000000000000e+00,        +0.00000000000000000e+00,        +0.00000000000000000e+00,        +0.00000000000000000e+00,        +0.00000000000000000e+00,        +0.00000000000000000e+00,        +0.00000000000000000e+00,        +0.00000000000000000e+00,        +0.00000000000000000e+00,        +0.00000000000000000e+00,        +0.00000000000000000e+00,        +0.00000000000000000e+00,        +0.00000000000000000e+00,        +0.00000000000000000e+00,        +0.00000000000000000e+00,        +0.00000000000000000e+00,        +0.00000000000000000e+00,        +0.00000000000000000e+00,        +0.00000000000000000e+00,        +0.00000000000000000e+00,        +0.00000000000000000e+00,        +0.00000000000000000e+00,        +0.00000000000000000e+00,        +0.00000000000000000e+00,        +0.00000000000000000e+00,        +0.00000000000000000e+00,        +0.00000000000000000e+00,        +0.00000000000000000e+00,        +0.00000000000000000e+00,        +0.00000000000000000e+00,        +0.00000000000000000e+00,        +0.00000000000000000e+00,        +0.00000000000000000e+00,        +0.00000000000000000e+00,        +0.00000000000000000e+00,        +0.00000000000000000e+00,        +0.00000000000000000e+00,        +0.00000000000000000e+00,        +0.00000000000000000e+00,        +0.00000000000000000e+00,        +0.00000000000000000e+00,        +0.00000000000000000e+00
        +0.00000000000000000e+00,        +0.00000000000000000e+00,        +0.00000000000000000e+00,        +0.00000000000000000e+00,        +0.00000000000000000e+00,        +0.00000000000000000e+00,        +0.00000000000000000e+00,        +0.00000000000000000e+00,        +0.00000000000000000e+00,        +0.00000000000000000e+00,        +0.00000000000000000e+00,        +0.00000000000000000e+00,        +0.00000000000000000e+00,        +0.00000000000000000e+00,        +0.00000000000000000e+00,        +0.00000000000000000e+00,        +0.00000000000000000e+00,        +0.00000000000000000e+00,        +0.00000000000000000e+00,        +0.00000000000000000e+00,        +0.00000000000000000e+00,        +0.00000000000000000e+00,        +0.00000000000000000e+00,        +0.00000000000000000e+00,        +0.00000000000000000e+00,        +0.00000000000000000e+00,        +0.00000000000000000e+00,        +0.00000000000000000e+00,        +0.00000000000000000e+00,        +0.00000000000000000e+00,        +0.00000000000000000e+00,        +0.00000000000000000e+00,        +0.00000000000000000e+00,        +0.00000000000000000e+00,        +0.00000000000000000e+00,        +0.00000000000000000e+00,        +0.00000000000000000e+00,        +0.00000000000000000e+00,        +0.00000000000000000e+00,        +0.00000000000000000e+00,        +0.00000000000000000e+00,        +0.00000000000000000e+00,        +0.00000000000000000e+00,        +0.00000000000000000e+00,        +0.00000000000000000e+00,        +0.00000000000000000e+00,        +0.00000000000000000e+00,        +0.00000000000000000e+00,        +0.00000000000000000e+00,        +0.00000000000000000e+00,        +0.00000000000000000e+00,        +0.00000000000000000e+00,        +0.00000000000000000e+00,        +0.00000000000000000e+00,        +0.00000000000000000e+00,        +0.00000000000000000e+00,        +0.00000000000000000e+00,        +0.00000000000000000e+00,        +0.00000000000000000e+00,        +0.00000000000000000e+00,        +0.00000000000000000e+00,        +0.00000000000000000e+00,        +0.00000000000000000e+00,        +0.00000000000000000e+00,        +0.00000000000000000e+00,        +0.00000000000000000e+00,        +0.00000000000000000e+00,        +0.00000000000000000e+00,        +0.00000000000000000e+00,        +0.00000000000000000e+00,        +0.00000000000000000e+00,        +0.00000000000000000e+00,        +0.00000000000000000e+00,        +0.00000000000000000e+00,        +0.00000000000000000e+00,        +0.00000000000000000e+00,        +0.00000000000000000e+00,        +0.00000000000000000e+00,        +0.00000000000000000e+00,        +0.00000000000000000e+00,        +0.00000000000000000e+00,        +0.00000000000000000e+00,        +0.00000000000000000e+00,        +0.00000000000000000e+00,        +0.00000000000000000e+00,        +0.00000000000000000e+00,        +0.00000000000000000e+00,        +0.00000000000000000e+00,        +0.00000000000000000e+00,        +0.00000000000000000e+00,        +0.00000000000000000e+00,        +0.00000000000000000e+00,        +0.00000000000000000e+00,        +0.00000000000000000e+00,        +0.00000000000000000e+00,        +0.00000000000000000e+00,        +0.00000000000000000e+00,        +0.00000000000000000e+00,        +0.00000000000000000e+00,        +0.00000000000000000e+00,        +0.00000000000000000e+00,        +0.00000000000000000e+00,        +0.00000000000000000e+00,        +0.00000000000000000e+00,        +0.00000000000000000e+00,        +0.00000000000000000e+00,        +0.00000000000000000e+00,        +0.00000000000000000e+00
        +0.00000000000000000e+00,        +0.00000000000000000e+00,        +0.00000000000000000e+00,        +0.00000000000000000e+00,        +0.00000000000000000e+00,        +0.00000000000000000e+00,        +0.00000000000000000e+00,        +0.00000000000000000e+00,        +0.00000000000000000e+00,        +0.00000000000000000e+00,        +0.00000000000000000e+00,        +0.00000000000000000e+00,        +0.00000000000000000e+00,        +0.00000000000000000e+00,        +0.00000000000000000e+00,        +0.00000000000000000e+00,        +0.00000000000000000e+00,        +0.00000000000000000e+00,        +0.00000000000000000e+00,        +0.00000000000000000e+00,        +0.00000000000000000e+00,        +0.00000000000000000e+00,        +0.00000000000000000e+00,        +0.00000000000000000e+00,        +0.00000000000000000e+00,        +0.00000000000000000e+00,        +0.00000000000000000e+00,        +0.00000000000000000e+00,        +0.00000000000000000e+00,        +0.00000000000000000e+00,        +0.00000000000000000e+00,        +0.00000000000000000e+00,        +0.00000000000000000e+00,        +0.00000000000000000e+00,        +0.00000000000000000e+00,        +0.00000000000000000e+00,        +0.00000000000000000e+00,        +0.00000000000000000e+00,        +0.00000000000000000e+00,        +0.00000000000000000e+00,        +0.00000000000000000e+00,        +0.00000000000000000e+00,        +0.00000000000000000e+00,        +0.00000000000000000e+00,        +0.00000000000000000e+00,        +0.00000000000000000e+00,        +0.00000000000000000e+00,        +0.00000000000000000e+00,        +0.00000000000000000e+00,        +0.00000000000000000e+00,        +0.00000000000000000e+00,        +0.00000000000000000e+00,        +0.00000000000000000e+00,        +0.00000000000000000e+00,        +0.00000000000000000e+00,        +0.00000000000000000e+00,        +0.00000000000000000e+00,        +0.00000000000000000e+00,        +0.00000000000000000e+00,        +0.00000000000000000e+00,        +0.00000000000000000e+00,        +0.00000000000000000e+00,        +0.00000000000000000e+00,        +0.00000000000000000e+00,        +0.00000000000000000e+00,        +0.00000000000000000e+00,        +0.00000000000000000e+00,        +0.00000000000000000e+00,        +0.00000000000000000e+00,        +0.00000000000000000e+00,        +0.00000000000000000e+00,        +0.00000000000000000e+00,        +0.00000000000000000e+00,        +0.00000000000000000e+00,        +0.00000000000000000e+00,        +0.00000000000000000e+00,        +0.00000000000000000e+00,        +0.00000000000000000e+00,        +0.00000000000000000e+00,        +0.00000000000000000e+00,        +0.00000000000000000e+00,        +0.00000000000000000e+00,        +0.00000000000000000e+00,        +0.00000000000000000e+00,        +0.00000000000000000e+00,        +0.00000000000000000e+00,        +0.00000000000000000e+00,        +0.00000000000000000e+00,        +0.00000000000000000e+00,        +0.00000000000000000e+00,        +0.00000000000000000e+00,        +0.00000000000000000e+00,        +0.00000000000000000e+00,        +0.00000000000000000e+00,        +0.00000000000000000e+00,        +0.00000000000000000e+00,        +0.00000000000000000e+00,        +0.00000000000000000e+00,        +0.00000000000000000e+00,        +0.00000000000000000e+00,        +0.00000000000000000e+00,        +0.00000000000000000e+00,        +0.00000000000000000e+00,        +0.00000000000000000e+00,        +0.00000000000000000e+00,        +0.00000000000000000e+00,        +0.00000000000000000e+00,        +0.00000000000000000e+00
        +0.00000000000000000e+00,        +0.00000000000000000e+00,        +0.00000000000000000e+00,        +0.00000000000000000e+00,        +0.00000000000000000e+00,        +0.00000000000000000e+00,        +0.00000000000000000e+00,        +0.00000000000000000e+00,        +0.00000000000000000e+00,        +0.00000000000000000e+00,        +0.00000000000000000e+00,        +0.00000000000000000e+00,        +0.00000000000000000e+00,        +0.00000000000000000e+00,        +0.00000000000000000e+00,        +0.00000000000000000e+00,        +0.00000000000000000e+00,        +0.00000000000000000e+00,        +0.00000000000000000e+00,        +0.00000000000000000e+00,        +0.00000000000000000e+00,        +0.00000000000000000e+00,        +0.00000000000000000e+00,        +0.00000000000000000e+00,        +0.00000000000000000e+00,        +0.00000000000000000e+00,        +0.00000000000000000e+00,        +0.00000000000000000e+00,        +0.00000000000000000e+00,        +0.00000000000000000e+00,        +0.00000000000000000e+00,        +0.00000000000000000e+00,        +0.00000000000000000e+00,        +0.00000000000000000e+00,        +0.00000000000000000e+00,        +0.00000000000000000e+00,        +0.00000000000000000e+00,        +0.00000000000000000e+00,        +0.00000000000000000e+00,        +0.00000000000000000e+00,        +0.00000000000000000e+00,        +0.00000000000000000e+00,        +0.00000000000000000e+00,        +0.00000000000000000e+00,        +0.00000000000000000e+00,        +0.00000000000000000e+00,        +0.00000000000000000e+00,        +0.00000000000000000e+00,        +0.00000000000000000e+00,        +0.00000000000000000e+00,        +0.00000000000000000e+00,        +0.00000000000000000e+00,        +0.00000000000000000e+00,        +0.00000000000000000e+00,        +0.00000000000000000e+00,        +0.00000000000000000e+00,        +0.00000000000000000e+00,        +0.00000000000000000e+00,        +0.00000000000000000e+00,        +0.00000000000000000e+00,        +0.00000000000000000e+00,        +0.00000000000000000e+00,        +0.00000000000000000e+00,        +0.00000000000000000e+00,        +0.00000000000000000e+00,        +0.00000000000000000e+00,        +0.00000000000000000e+00,        +0.00000000000000000e+00,        +0.00000000000000000e+00,        +0.00000000000000000e+00,        +0.00000000000000000e+00,        +0.00000000000000000e+00,        +0.00000000000000000e+00,        +0.00000000000000000e+00,        +0.00000000000000000e+00,        +0.00000000000000000e+00,        +0.00000000000000000e+00,        +0.00000000000000000e+00,        +0.00000000000000000e+00,        +0.00000000000000000e+00,        +0.00000000000000000e+00,        +0.00000000000000000e+00,        +0.00000000000000000e+00,        +0.00000000000000000e+00,        +0.00000000000000000e+00,        +0.00000000000000000e+00,        +0.00000000000000000e+00,        +0.00000000000000000e+00,        +0.00000000000000000e+00,        +0.00000000000000000e+00,        +0.00000000000000000e+00,        +0.00000000000000000e+00,        +0.00000000000000000e+00,        +0.00000000000000000e+00,        +0.00000000000000000e+00,        +0.00000000000000000e+00,        +0.00000000000000000e+00,        +0.00000000000000000e+00,        +0.00000000000000000e+00,        +0.00000000000000000e+00,        +0.00000000000000000e+00,        +0.00000000000000000e+00,        +0.00000000000000000e+00,        +0.00000000000000000e+00,        +0.00000000000000000e+00,        +0.00000000000000000e+00,        +0.00000000000000000e+00,        +0.00000000000000000e+00
        +0.00000000000000000e+00,        +0.00000000000000000e+00,        +0.00000000000000000e+00,        +0.00000000000000000e+00,        +0.00000000000000000e+00,        +0.00000000000000000e+00,        +0.00000000000000000e+00,        +0.00000000000000000e+00,        +0.00000000000000000e+00,        +0.00000000000000000e+00,        +0.00000000000000000e+00,        +0.00000000000000000e+00,        +0.00000000000000000e+00,        +0.00000000000000000e+00,        +0.00000000000000000e+00,        +0.00000000000000000e+00,        +0.00000000000000000e+00,        +0.00000000000000000e+00,        +0.00000000000000000e+00,        +0.00000000000000000e+00,        +0.00000000000000000e+00,        +0.00000000000000000e+00,        +0.00000000000000000e+00,        +0.00000000000000000e+00,        +0.00000000000000000e+00,        +0.00000000000000000e+00,        +0.00000000000000000e+00,        +0.00000000000000000e+00,        +0.00000000000000000e+00,        +0.00000000000000000e+00,        +0.00000000000000000e+00,        +0.00000000000000000e+00,        +0.00000000000000000e+00,        +0.00000000000000000e+00,        +0.00000000000000000e+00,        +0.00000000000000000e+00,        +0.00000000000000000e+00,        +0.00000000000000000e+00,        +0.00000000000000000e+00,        +0.00000000000000000e+00,        +0.00000000000000000e+00,        +0.00000000000000000e+00,        +0.00000000000000000e+00,        +0.00000000000000000e+00,        +0.00000000000000000e+00,        +0.00000000000000000e+00,        +0.00000000000000000e+00,        +0.00000000000000000e+00,        +0.00000000000000000e+00,        +0.00000000000000000e+00,        +0.00000000000000000e+00,        +0.00000000000000000e+00,        +0.00000000000000000e+00,        +0.00000000000000000e+00,        +0.00000000000000000e+00,        +0.00000000000000000e+00,        +0.00000000000000000e+00,        +0.00000000000000000e+00,        +0.00000000000000000e+00,        +0.00000000000000000e+00,        +0.00000000000000000e+00,        +0.00000000000000000e+00,        +0.00000000000000000e+00,        +0.00000000000000000e+00,        +0.00000000000000000e+00,        +0.00000000000000000e+00,        +0.00000000000000000e+00,        +0.00000000000000000e+00,        +0.00000000000000000e+00,        +0.00000000000000000e+00,        +0.00000000000000000e+00,        +0.00000000000000000e+00,        +0.00000000000000000e+00,        +0.00000000000000000e+00,        +0.00000000000000000e+00,        +0.00000000000000000e+00,        +0.00000000000000000e+00,        +0.00000000000000000e+00,        +0.00000000000000000e+00,        +0.00000000000000000e+00,        +0.00000000000000000e+00,        +0.00000000000000000e+00,        +0.00000000000000000e+00,        +0.00000000000000000e+00,        +0.00000000000000000e+00,        +0.00000000000000000e+00,        +0.00000000000000000e+00,        +0.00000000000000000e+00,        +0.00000000000000000e+00,        +0.00000000000000000e+00,        +0.00000000000000000e+00,        +0.00000000000000000e+00,        +0.00000000000000000e+00,        +0.00000000000000000e+00,        +0.00000000000000000e+00,        +0.00000000000000000e+00,        +0.00000000000000000e+00,        +0.00000000000000000e+00,        +0.00000000000000000e+00,        +0.00000000000000000e+00,        +0.00000000000000000e+00,        +0.00000000000000000e+00,        +0.00000000000000000e+00,        +0.00000000000000000e+00,        +0.00000000000000000e+00,        +0.00000000000000000e+00,        +0.00000000000000000e+00,        +0.00000000000000000e+00
        +0.00000000000000000e+00,        +0.00000000000000000e+00,        +0.00000000000000000e+00,        +0.00000000000000000e+00,        +0.00000000000000000e+00,        +0.00000000000000000e+00,        +0.00000000000000000e+00,        +0.00000000000000000e+00,        +0.00000000000000000e+00,        +0.00000000000000000e+00,        +0.00000000000000000e+00,        +0.00000000000000000e+00,        +0.00000000000000000e+00,        +0.00000000000000000e+00,        +0.00000000000000000e+00,        +0.00000000000000000e+00,        +0.00000000000000000e+00,        +0.00000000000000000e+00,        +0.00000000000000000e+00,        +0.00000000000000000e+00,        +0.00000000000000000e+00,        +0.00000000000000000e+00,        +0.00000000000000000e+00,        +0.00000000000000000e+00,        +0.00000000000000000e+00,        +0.00000000000000000e+00,        +0.00000000000000000e+00,        +0.00000000000000000e+00,        +0.00000000000000000e+00,        +0.00000000000000000e+00,        +0.00000000000000000e+00,        +0.00000000000000000e+00,        +0.00000000000000000e+00,        +0.00000000000000000e+00,        +0.00000000000000000e+00,        +0.00000000000000000e+00,        +0.00000000000000000e+00,        +0.00000000000000000e+00,        +0.00000000000000000e+00,        +0.00000000000000000e+00,        +0.00000000000000000e+00,        +0.00000000000000000e+00,        +0.00000000000000000e+00,        +0.00000000000000000e+00,        +0.00000000000000000e+00,        +0.00000000000000000e+00,        +0.00000000000000000e+00,        +0.00000000000000000e+00,        +0.00000000000000000e+00,        +0.00000000000000000e+00,        +0.00000000000000000e+00,        +0.00000000000000000e+00,        +0.00000000000000000e+00,        +0.00000000000000000e+00,        +0.00000000000000000e+00,        +0.00000000000000000e+00,        +0.00000000000000000e+00,        +0.00000000000000000e+00,        +0.00000000000000000e+00,        +0.00000000000000000e+00,        +0.00000000000000000e+00,        +0.00000000000000000e+00,        +0.00000000000000000e+00,        +0.00000000000000000e+00,        +0.00000000000000000e+00,        +0.00000000000000000e+00,        +0.00000000000000000e+00,        +0.00000000000000000e+00,        +0.00000000000000000e+00,        +0.00000000000000000e+00,        +0.00000000000000000e+00,        +0.00000000000000000e+00,        +0.00000000000000000e+00,        +0.00000000000000000e+00,        +0.00000000000000000e+00,        +0.00000000000000000e+00,        +0.00000000000000000e+00,        +0.00000000000000000e+00,        +0.00000000000000000e+00,        +0.00000000000000000e+00,        +0.00000000000000000e+00,        +0.00000000000000000e+00,        +0.00000000000000000e+00,        +0.00000000000000000e+00,        +0.00000000000000000e+00,        +0.00000000000000000e+00,        +0.00000000000000000e+00,        +0.00000000000000000e+00,        +0.00000000000000000e+00,        +0.00000000000000000e+00,        +0.00000000000000000e+00,        +0.00000000000000000e+00,        +0.00000000000000000e+00,        +0.00000000000000000e+00,        +0.00000000000000000e+00,        +0.00000000000000000e+00,        +0.00000000000000000e+00,        +0.00000000000000000e+00,        +0.00000000000000000e+00,        +0.00000000000000000e+00,        +0.00000000000000000e+00,        +0.00000000000000000e+00,        +0.00000000000000000e+00,        +0.00000000000000000e+00,        +0.00000000000000000e+00,        +0.00000000000000000e+00,        +0.00000000000000000e+00,        +0.00000000000000000e+00
        +0.00000000000000000e+00,        +0.00000000000000000e+00,        +0.00000000000000000e+00,        +0.00000000000000000e+00,        +0.00000000000000000e+00,        +0.00000000000000000e+00,        +0.00000000000000000e+00,        +0.00000000000000000e+00,        +0.00000000000000000e+00,        +0.00000000000000000e+00,        +0.00000000000000000e+00,        +0.00000000000000000e+00,        +0.00000000000000000e+00,        +0.00000000000000000e+00,        +0.00000000000000000e+00,        +0.00000000000000000e+00,        +0.00000000000000000e+00,        +0.00000000000000000e+00,        +0.00000000000000000e+00,        +0.00000000000000000e+00,        +0.00000000000000000e+00,        +0.00000000000000000e+00,        +0.00000000000000000e+00,        +0.00000000000000000e+00,        +0.00000000000000000e+00,        +0.00000000000000000e+00,        +0.00000000000000000e+00,        +0.00000000000000000e+00,        +0.00000000000000000e+00,        +0.00000000000000000e+00,        +0.00000000000000000e+00,        +0.00000000000000000e+00,        +0.00000000000000000e+00,        +0.00000000000000000e+00,        +0.00000000000000000e+00,        +0.00000000000000000e+00,        +0.00000000000000000e+00,        +0.00000000000000000e+00,        +0.00000000000000000e+00,        +0.00000000000000000e+00,        +0.00000000000000000e+00,        +0.00000000000000000e+00,        +0.00000000000000000e+00,        +0.00000000000000000e+00,        +0.00000000000000000e+00,        +0.00000000000000000e+00,        +0.00000000000000000e+00,        +0.00000000000000000e+00,        +0.00000000000000000e+00,        +0.00000000000000000e+00,        +0.00000000000000000e+00,        +0.00000000000000000e+00,        +0.00000000000000000e+00,        +0.00000000000000000e+00,        +0.00000000000000000e+00,        +0.00000000000000000e+00,        +0.00000000000000000e+00,        +0.00000000000000000e+00,        +0.00000000000000000e+00,        +0.00000000000000000e+00,        +0.00000000000000000e+00,        +0.00000000000000000e+00,        +0.00000000000000000e+00,        +0.00000000000000000e+00,        +0.00000000000000000e+00,        +0.00000000000000000e+00,        +0.00000000000000000e+00,        +0.00000000000000000e+00,        +0.00000000000000000e+00,        +0.00000000000000000e+00,        +0.00000000000000000e+00,        +0.00000000000000000e+00,        +0.00000000000000000e+00,        +0.00000000000000000e+00,        +0.00000000000000000e+00,        +0.00000000000000000e+00,        +0.00000000000000000e+00,        +0.00000000000000000e+00,        +0.00000000000000000e+00,        +0.00000000000000000e+00,        +0.00000000000000000e+00,        +0.00000000000000000e+00,        +0.00000000000000000e+00,        +0.00000000000000000e+00,        +0.00000000000000000e+00,        +0.00000000000000000e+00,        +0.00000000000000000e+00,        +0.00000000000000000e+00,        +0.00000000000000000e+00,        +0.00000000000000000e+00,        +0.00000000000000000e+00,        +0.00000000000000000e+00,        +0.00000000000000000e+00,        +0.00000000000000000e+00,        +0.00000000000000000e+00,        +0.00000000000000000e+00,        +0.00000000000000000e+00,        +0.00000000000000000e+00,        +0.00000000000000000e+00,        +0.00000000000000000e+00,        +0.00000000000000000e+00,        +0.00000000000000000e+00,        +0.00000000000000000e+00,        +0.00000000000000000e+00,        +0.00000000000000000e+00,        +0.00000000000000000e+00,        +0.00000000000000000e+00,        +0.00000000000000000e+00
        +0.00000000000000000e+00,        +0.00000000000000000e+00,        +0.00000000000000000e+00,        +0.00000000000000000e+00,        +0.00000000000000000e+00,        +0.00000000000000000e+00,        +0.00000000000000000e+00,        +0.00000000000000000e+00,        +0.00000000000000000e+00,        +0.00000000000000000e+00,        +0.00000000000000000e+00,        +0.00000000000000000e+00,        +0.00000000000000000e+00,        +0.00000000000000000e+00,        +0.00000000000000000e+00,        +0.00000000000000000e+00,        +0.00000000000000000e+00,        +0.00000000000000000e+00,        +0.00000000000000000e+00,        +0.00000000000000000e+00,        +0.00000000000000000e+00,        +0.00000000000000000e+00,        +0.00000000000000000e+00,        +0.00000000000000000e+00,        +0.00000000000000000e+00,        +0.00000000000000000e+00,        +0.00000000000000000e+00,        +0.00000000000000000e+00,        +0.00000000000000000e+00,        +0.00000000000000000e+00,        +0.00000000000000000e+00,        +0.00000000000000000e+00,        +0.00000000000000000e+00,        +0.00000000000000000e+00,        +0.00000000000000000e+00,        +0.00000000000000000e+00,        +0.00000000000000000e+00,        +0.00000000000000000e+00,        +0.00000000000000000e+00,        +0.00000000000000000e+00,        +0.00000000000000000e+00,        +0.00000000000000000e+00,        +0.00000000000000000e+00,        +0.00000000000000000e+00,        +0.00000000000000000e+00,        +0.00000000000000000e+00,        +0.00000000000000000e+00,        +0.00000000000000000e+00,        +0.00000000000000000e+00,        +0.00000000000000000e+00,        +0.00000000000000000e+00,        +0.00000000000000000e+00,        +0.00000000000000000e+00,        +0.00000000000000000e+00,        +0.00000000000000000e+00,        +0.00000000000000000e+00,        +0.00000000000000000e+00,        +0.00000000000000000e+00,        +0.00000000000000000e+00,        +0.00000000000000000e+00,        +0.00000000000000000e+00,        +0.00000000000000000e+00,        +0.00000000000000000e+00,        +0.00000000000000000e+00,        +0.00000000000000000e+00,        +0.00000000000000000e+00,        +0.00000000000000000e+00,        +0.00000000000000000e+00,        +0.00000000000000000e+00,        +0.00000000000000000e+00,        +0.00000000000000000e+00,        +0.00000000000000000e+00,        +0.00000000000000000e+00,        +0.00000000000000000e+00,        +0.00000000000000000e+00,        +0.00000000000000000e+00,        +0.00000000000000000e+00,        +0.00000000000000000e+00,        +0.00000000000000000e+00,        +0.00000000000000000e+00,        +0.00000000000000000e+00,        +0.00000000000000000e+00,        +0.00000000000000000e+00,        +0.00000000000000000e+00,        +0.00000000000000000e+00,        +0.00000000000000000e+00,        +0.00000000000000000e+00,        +0.00000000000000000e+00,        +0.00000000000000000e+00,        +0.00000000000000000e+00,        +0.00000000000000000e+00,        +0.00000000000000000e+00,        +0.00000000000000000e+00,        +0.00000000000000000e+00,        +0.00000000000000000e+00,        +0.00000000000000000e+00,        +0.00000000000000000e+00,        +0.00000000000000000e+00,        +0.00000000000000000e+00,        +0.00000000000000000e+00,        +0.00000000000000000e+00,        +0.00000000000000000e+00,        +0.00000000000000000e+00,        +0.00000000000000000e+00,        +0.00000000000000000e+00,        +0.00000000000000000e+00,        +0.00000000000000000e+00,        +0.00000000000000000e+00
        +0.00000000000000000e+00,        +0.00000000000000000e+00,        +0.00000000000000000e+00,        +0.00000000000000000e+00,        +0.00000000000000000e+00,        +0.00000000000000000e+00,        +0.00000000000000000e+00,        +0.00000000000000000e+00,        +0.00000000000000000e+00,        +0.00000000000000000e+00,        +0.00000000000000000e+00,        +0.00000000000000000e+00,        +0.00000000000000000e+00,        +0.00000000000000000e+00,        +0.00000000000000000e+00,        +0.00000000000000000e+00,        +0.00000000000000000e+00,        +0.00000000000000000e+00,        +0.00000000000000000e+00,        +0.00000000000000000e+00,        +0.00000000000000000e+00,        +0.00000000000000000e+00,        +0.00000000000000000e+00,        +0.00000000000000000e+00,        +0.00000000000000000e+00,        +0.00000000000000000e+00,        +0.00000000000000000e+00,        +0.00000000000000000e+00,        +0.00000000000000000e+00,        +0.00000000000000000e+00,        +0.00000000000000000e+00,        +0.00000000000000000e+00,        +0.00000000000000000e+00,        +0.00000000000000000e+00,        +0.00000000000000000e+00,        +0.00000000000000000e+00,        +0.00000000000000000e+00,        +0.00000000000000000e+00,        +0.00000000000000000e+00,        +0.00000000000000000e+00,        +0.00000000000000000e+00,        +0.00000000000000000e+00,        +0.00000000000000000e+00,        +0.00000000000000000e+00,        +0.00000000000000000e+00,        +0.00000000000000000e+00,        +0.00000000000000000e+00,        +0.00000000000000000e+00,        +0.00000000000000000e+00,        +0.00000000000000000e+00,        +0.00000000000000000e+00,        +0.00000000000000000e+00,        +0.00000000000000000e+00,        +0.00000000000000000e+00,        +0.00000000000000000e+00,        +0.00000000000000000e+00,        +0.00000000000000000e+00,        +0.00000000000000000e+00,        +0.00000000000000000e+00,        +0.00000000000000000e+00,        +0.00000000000000000e+00,        +0.00000000000000000e+00,        +0.00000000000000000e+00,        +0.00000000000000000e+00,        +0.00000000000000000e+00,        +0.00000000000000000e+00,        +0.00000000000000000e+00,        +0.00000000000000000e+00,        +0.00000000000000000e+00,        +0.00000000000000000e+00,        +0.00000000000000000e+00,        +0.00000000000000000e+00,        +0.00000000000000000e+00,        +0.00000000000000000e+00,        +0.00000000000000000e+00,        +0.00000000000000000e+00,        +0.00000000000000000e+00,        +0.00000000000000000e+00,        +0.00000000000000000e+00,        +0.00000000000000000e+00,        +0.00000000000000000e+00,        +0.00000000000000000e+00,        +0.00000000000000000e+00,        +0.00000000000000000e+00,        +0.00000000000000000e+00,        +0.00000000000000000e+00,        +0.00000000000000000e+00,        +0.00000000000000000e+00,        +0.00000000000000000e+00,        +0.00000000000000000e+00,        +0.00000000000000000e+00,        +0.00000000000000000e+00,        +0.00000000000000000e+00,        +0.00000000000000000e+00,        +0.00000000000000000e+00,        +0.00000000000000000e+00,        +0.00000000000000000e+00,        +0.00000000000000000e+00,        +0.00000000000000000e+00,        +0.00000000000000000e+00,        +0.00000000000000000e+00,        +0.00000000000000000e+00,        +0.00000000000000000e+00,        +0.00000000000000000e+00,        +0.00000000000000000e+00,        +0.00000000000000000e+00,        +0.00000000000000000e+00,        +0.00000000000000000e+00
        +0.00000000000000000e+00,        +0.00000000000000000e+00,        +0.00000000000000000e+00,        +0.00000000000000000e+00,        +0.00000000000000000e+00,        +0.00000000000000000e+00,        +0.00000000000000000e+00,        +0.00000000000000000e+00,        +0.00000000000000000e+00,        +0.00000000000000000e+00,        +0.00000000000000000e+00,        +0.00000000000000000e+00,        +0.00000000000000000e+00,        +0.00000000000000000e+00,        +0.00000000000000000e+00,        +0.00000000000000000e+00,        +0.00000000000000000e+00,        +0.00000000000000000e+00,        +0.00000000000000000e+00,        +0.00000000000000000e+00,        +0.00000000000000000e+00,        +0.00000000000000000e+00,        +0.00000000000000000e+00,        +0.00000000000000000e+00,        +0.00000000000000000e+00,        +0.00000000000000000e+00,        +0.00000000000000000e+00,        +0.00000000000000000e+00,        +0.00000000000000000e+00,        +0.00000000000000000e+00,        +0.00000000000000000e+00,        +0.00000000000000000e+00,        +0.00000000000000000e+00,        +0.00000000000000000e+00,        +0.00000000000000000e+00,        +0.00000000000000000e+00,        +0.00000000000000000e+00,        +0.00000000000000000e+00,        +0.00000000000000000e+00,        +0.00000000000000000e+00,        +0.00000000000000000e+00,        +0.00000000000000000e+00,        +0.00000000000000000e+00,        +0.00000000000000000e+00,        +0.00000000000000000e+00,        +0.00000000000000000e+00,        +0.00000000000000000e+00,        +0.00000000000000000e+00,        +0.00000000000000000e+00,        +0.00000000000000000e+00,        +0.00000000000000000e+00,        +0.00000000000000000e+00,        +0.00000000000000000e+00,        +0.00000000000000000e+00,        +0.00000000000000000e+00,        +0.00000000000000000e+00,        +0.00000000000000000e+00,        +0.00000000000000000e+00,        +0.00000000000000000e+00,        +0.00000000000000000e+00,        +0.00000000000000000e+00,        +0.00000000000000000e+00,        +0.00000000000000000e+00,        +0.00000000000000000e+00,        +0.00000000000000000e+00,        +0.00000000000000000e+00,        +0.00000000000000000e+00,        +0.00000000000000000e+00,        +0.00000000000000000e+00,        +0.00000000000000000e+00,        +0.00000000000000000e+00,        +0.00000000000000000e+00,        +0.00000000000000000e+00,        +0.00000000000000000e+00,        +0.00000000000000000e+00,        +0.00000000000000000e+00,        +0.00000000000000000e+00,        +0.00000000000000000e+00,        +0.00000000000000000e+00,        +0.00000000000000000e+00,        +0.00000000000000000e+00,        +0.00000000000000000e+00,        +0.00000000000000000e+00,        +0.00000000000000000e+00,        +0.00000000000000000e+00,        +0.00000000000000000e+00,        +0.00000000000000000e+00,        +0.00000000000000000e+00,        +0.00000000000000000e+00,        +0.00000000000000000e+00,        +0.00000000000000000e+00,        +0.00000000000000000e+00,        +0.00000000000000000e+00,        +0.00000000000000000e+00,        +0.00000000000000000e+00,        +0.00000000000000000e+00,        +0.00000000000000000e+00,        +0.00000000000000000e+00,        +0.00000000000000000e+00,        +0.00000000000000000e+00,        +0.00000000000000000e+00,        +0.00000000000000000e+00,        +0.00000000000000000e+00,        +0.00000000000000000e+00,        +0.00000000000000000e+00,        +0.00000000000000000e+00,        +0.00000000000000000e+00,        +0.00000000000000000e+00
        +0.00000000000000000e+00,        +0.00000000000000000e+00,        +0.00000000000000000e+00,        +0.00000000000000000e+00,        +0.00000000000000000e+00,        +0.00000000000000000e+00,        +0.00000000000000000e+00,        +0.00000000000000000e+00,        +0.00000000000000000e+00,        +0.00000000000000000e+00,        +0.00000000000000000e+00,        +0.00000000000000000e+00,        +0.00000000000000000e+00,        +0.00000000000000000e+00,        +0.00000000000000000e+00,        +0.00000000000000000e+00,        +0.00000000000000000e+00,        +0.00000000000000000e+00,        +0.00000000000000000e+00,        +0.00000000000000000e+00,        +0.00000000000000000e+00,        +0.00000000000000000e+00,        +0.00000000000000000e+00,        +0.00000000000000000e+00,        +0.00000000000000000e+00,        +0.00000000000000000e+00,        +0.00000000000000000e+00,        +0.00000000000000000e+00,        +0.00000000000000000e+00,        +0.00000000000000000e+00,        +0.00000000000000000e+00,        +0.00000000000000000e+00,        +0.00000000000000000e+00,        +0.00000000000000000e+00,        +0.00000000000000000e+00,        +0.00000000000000000e+00,        +0.00000000000000000e+00,        +0.00000000000000000e+00,        +0.00000000000000000e+00,        +0.00000000000000000e+00,        +0.00000000000000000e+00,        +0.00000000000000000e+00,        +0.00000000000000000e+00,        +0.00000000000000000e+00,        +0.00000000000000000e+00,        +0.00000000000000000e+00,        +0.00000000000000000e+00,        +0.00000000000000000e+00,        +0.00000000000000000e+00,        +0.00000000000000000e+00,        +0.00000000000000000e+00,        +0.00000000000000000e+00,        +0.00000000000000000e+00,        +0.00000000000000000e+00,        +0.00000000000000000e+00,        +0.00000000000000000e+00,        +0.00000000000000000e+00,        +0.00000000000000000e+00,        +0.00000000000000000e+00,        +0.00000000000000000e+00,        +0.00000000000000000e+00,        +0.00000000000000000e+00,        +0.00000000000000000e+00,        +0.00000000000000000e+00,        +0.00000000000000000e+00,        +0.00000000000000000e+00,        +0.00000000000000000e+00,        +0.00000000000000000e+00,        +0.00000000000000000e+00,        +0.00000000000000000e+00,        +0.00000000000000000e+00,        +0.00000000000000000e+00,        +0.00000000000000000e+00,        +0.00000000000000000e+00,        +0.00000000000000000e+00,        +0.00000000000000000e+00,        +0.00000000000000000e+00,        +0.00000000000000000e+00,        +0.00000000000000000e+00,        +0.00000000000000000e+00,        +0.00000000000000000e+00,        +0.00000000000000000e+00,        +0.00000000000000000e+00,        +0.00000000000000000e+00,        +0.00000000000000000e+00,        +0.00000000000000000e+00,        +0.00000000000000000e+00,        +0.00000000000000000e+00,        +0.00000000000000000e+00,        +0.00000000000000000e+00,        +0.00000000000000000e+00,        +0.00000000000000000e+00,        +0.00000000000000000e+00,        +0.00000000000000000e+00,        +0.00000000000000000e+00,        +0.00000000000000000e+00,        +0.00000000000000000e+00,        +0.00000000000000000e+00,        +0.00000000000000000e+00,        +0.00000000000000000e+00,        +0.00000000000000000e+00,        +0.00000000000000000e+00,        +0.00000000000000000e+00,        +0.00000000000000000e+00,        +0.00000000000000000e+00,        +0.00000000000000000e+00,        +0.00000000000000000e+00,        +0.00000000000000000e+00
        +0.00000000000000000e+00,        +0.00000000000000000e+00,        +0.00000000000000000e+00,        +0.00000000000000000e+00,        +0.00000000000000000e+00,        +0.00000000000000000e+00,        +0.00000000000000000e+00,        +0.00000000000000000e+00,        +0.00000000000000000e+00,        +0.00000000000000000e+00,        +0.00000000000000000e+00,        +0.00000000000000000e+00,        +0.00000000000000000e+00,        +0.00000000000000000e+00,        +0.00000000000000000e+00,        +0.00000000000000000e+00,        +0.00000000000000000e+00,        +0.00000000000000000e+00,        +0.00000000000000000e+00,        +0.00000000000000000e+00,        +0.00000000000000000e+00,        +0.00000000000000000e+00,        +0.00000000000000000e+00,        +0.00000000000000000e+00,        +0.00000000000000000e+00,        +0.00000000000000000e+00,        +0.00000000000000000e+00,        +0.00000000000000000e+00,        +0.00000000000000000e+00,        +0.00000000000000000e+00,        +0.00000000000000000e+00,        +0.00000000000000000e+00,        +0.00000000000000000e+00,        +0.00000000000000000e+00,        +0.00000000000000000e+00,        +0.00000000000000000e+00,        +0.00000000000000000e+00,        +0.00000000000000000e+00,        +0.00000000000000000e+00,        +0.00000000000000000e+00,        +0.00000000000000000e+00,        +0.00000000000000000e+00,        +0.00000000000000000e+00,        +0.00000000000000000e+00,        +0.00000000000000000e+00,        +0.00000000000000000e+00,        +0.00000000000000000e+00,        +0.00000000000000000e+00,        +0.00000000000000000e+00,        +0.00000000000000000e+00,        +0.00000000000000000e+00,        +0.00000000000000000e+00,        +0.00000000000000000e+00,        +0.00000000000000000e+00,        +0.00000000000000000e+00,        +0.00000000000000000e+00,        +0.00000000000000000e+00,        +0.00000000000000000e+00,        +0.00000000000000000e+00,        +0.00000000000000000e+00,        +0.00000000000000000e+00,        +0.00000000000000000e+00,        +0.00000000000000000e+00,        +0.00000000000000000e+00,        +0.00000000000000000e+00,        +0.00000000000000000e+00,        +0.00000000000000000e+00,        +0.00000000000000000e+00,        +0.00000000000000000e+00,        +0.00000000000000000e+00,        +0.00000000000000000e+00,        +0.00000000000000000e+00,        +0.00000000000000000e+00,        +0.00000000000000000e+00,        +0.00000000000000000e+00,        +0.00000000000000000e+00,        +0.00000000000000000e+00,        +0.00000000000000000e+00,        +0.00000000000000000e+00,        +0.00000000000000000e+00,        +0.00000000000000000e+00,        +0.00000000000000000e+00,        +0.00000000000000000e+00,        +0.00000000000000000e+00,        +0.00000000000000000e+00,        +0.00000000000000000e+00,        +0.00000000000000000e+00,        +0.00000000000000000e+00,        +0.00000000000000000e+00,        +0.00000000000000000e+00,        +0.00000000000000000e+00,        +0.00000000000000000e+00,        +0.00000000000000000e+00,        +0.00000000000000000e+00,        +0.00000000000000000e+00,        +0.00000000000000000e+00,        +0.00000000000000000e+00,        +0.00000000000000000e+00,        +0.00000000000000000e+00,        +0.00000000000000000e+00,        +0.00000000000000000e+00,        +0.00000000000000000e+00,        +0.00000000000000000e+00,        +0.00000000000000000e+00,        +0.00000000000000000e+00,        +0.00000000000000000e+00,        +0.00000000000000000e+00,        +0.00000000000000000e+00
        +0.00000000000000000e+00,        +0.00000000000000000e+00,        +0.00000000000000000e+00,        +0.00000000000000000e+00,        +0.00000000000000000e+00,        +0.00000000000000000e+00,        +0.00000000000000000e+00,        +0.00000000000000000e+00,        +0.00000000000000000e+00,        +0.00000000000000000e+00,        +0.00000000000000000e+00,        +0.00000000000000000e+00,        +0.00000000000000000e+00,        +0.00000000000000000e+00,        +0.00000000000000000e+00,        +0.00000000000000000e+00,        +0.00000000000000000e+00,        +0.00000000000000000e+00,        +0.00000000000000000e+00,        +0.00000000000000000e+00,        +0.00000000000000000e+00,        +0.00000000000000000e+00,        +0.00000000000000000e+00,        +0.00000000000000000e+00,        +0.00000000000000000e+00,        +0.00000000000000000e+00,        +0.00000000000000000e+00,        +0.00000000000000000e+00,        +0.00000000000000000e+00,        +0.00000000000000000e+00,        +0.00000000000000000e+00,        +0.00000000000000000e+00,        +0.00000000000000000e+00,        +0.00000000000000000e+00,        +0.00000000000000000e+00,        +0.00000000000000000e+00,        +0.00000000000000000e+00,        +0.00000000000000000e+00,        +0.00000000000000000e+00,        +0.00000000000000000e+00,        +0.00000000000000000e+00,        +0.00000000000000000e+00,        +0.00000000000000000e+00,        +0.00000000000000000e+00,        +0.00000000000000000e+00,        +0.00000000000000000e+00,        +0.00000000000000000e+00,        +0.00000000000000000e+00,        +0.00000000000000000e+00,        +0.00000000000000000e+00,        +0.00000000000000000e+00,        +0.00000000000000000e+00,        +0.00000000000000000e+00,        +0.00000000000000000e+00,        +0.00000000000000000e+00,        +0.00000000000000000e+00,        +0.00000000000000000e+00,        +0.00000000000000000e+00,        +0.00000000000000000e+00,        +0.00000000000000000e+00,        +0.00000000000000000e+00,        +0.00000000000000000e+00,        +0.00000000000000000e+00,        +0.00000000000000000e+00,        +0.00000000000000000e+00,        +0.00000000000000000e+00,        +0.00000000000000000e+00,        +0.00000000000000000e+00,        +0.00000000000000000e+00,        +0.00000000000000000e+00,        +0.00000000000000000e+00,        +0.00000000000000000e+00,        +0.00000000000000000e+00,        +0.00000000000000000e+00,        +0.00000000000000000e+00,        +0.00000000000000000e+00,        +0.00000000000000000e+00,        +0.00000000000000000e+00,        +0.00000000000000000e+00,        +0.00000000000000000e+00,        +0.00000000000000000e+00,        +0.00000000000000000e+00,        +0.00000000000000000e+00,        +0.00000000000000000e+00,        +0.00000000000000000e+00,        +0.00000000000000000e+00,        +0.00000000000000000e+00,        +0.00000000000000000e+00,        +0.00000000000000000e+00,        +0.00000000000000000e+00,        +0.00000000000000000e+00,        +0.00000000000000000e+00,        +0.00000000000000000e+00,        +0.00000000000000000e+00,        +0.00000000000000000e+00,        +0.00000000000000000e+00,        +0.00000000000000000e+00,        +0.00000000000000000e+00,        +0.00000000000000000e+00,        +0.00000000000000000e+00,        +0.00000000000000000e+00,        +0.00000000000000000e+00,        +0.00000000000000000e+00,        +0.00000000000000000e+00,        +0.00000000000000000e+00,        +0.00000000000000000e+00,        +0.00000000000000000e+00,        +0.00000000000000000e+00
        +0.00000000000000000e+00,        +0.00000000000000000e+00,        +0.00000000000000000e+00,        +0.00000000000000000e+00,        +0.00000000000000000e+00,        +0.00000000000000000e+00,        +0.00000000000000000e+00,        +0.00000000000000000e+00,        +0.00000000000000000e+00,        +0.00000000000000000e+00,        +0.00000000000000000e+00,        +0.00000000000000000e+00,        +0.00000000000000000e+00,        +0.00000000000000000e+00,        +0.00000000000000000e+00,        +0.00000000000000000e+00,        +0.00000000000000000e+00,        +0.00000000000000000e+00,        +0.00000000000000000e+00,        +0.00000000000000000e+00,        +0.00000000000000000e+00,        +0.00000000000000000e+00,        +0.00000000000000000e+00,        +0.00000000000000000e+00,        +0.00000000000000000e+00,        +0.00000000000000000e+00,        +0.00000000000000000e+00,        +0.00000000000000000e+00,        +0.00000000000000000e+00,        +0.00000000000000000e+00,        +0.00000000000000000e+00,        +0.00000000000000000e+00,        +0.00000000000000000e+00,        +0.00000000000000000e+00,        +0.00000000000000000e+00,        +0.00000000000000000e+00,        +0.00000000000000000e+00,        +0.00000000000000000e+00,        +0.00000000000000000e+00,        +0.00000000000000000e+00,        +0.00000000000000000e+00,        +0.00000000000000000e+00,        +0.00000000000000000e+00,        +0.00000000000000000e+00,        +0.00000000000000000e+00,        +0.00000000000000000e+00,        +0.00000000000000000e+00,        +0.00000000000000000e+00,        +0.00000000000000000e+00,        +0.00000000000000000e+00,        +0.00000000000000000e+00,        +0.00000000000000000e+00,        +0.00000000000000000e+00,        +0.00000000000000000e+00,        +0.00000000000000000e+00,        +0.00000000000000000e+00,        +0.00000000000000000e+00,        +0.00000000000000000e+00,        +0.00000000000000000e+00,        +0.00000000000000000e+00,        +0.00000000000000000e+00,        +0.00000000000000000e+00,        +0.00000000000000000e+00,        +0.00000000000000000e+00,        +0.00000000000000000e+00,        +0.00000000000000000e+00,        +0.00000000000000000e+00,        +0.00000000000000000e+00,        +0.00000000000000000e+00,        +0.00000000000000000e+00,        +0.00000000000000000e+00,        +0.00000000000000000e+00,        +0.00000000000000000e+00,        +0.00000000000000000e+00,        +0.00000000000000000e+00,        +0.00000000000000000e+00,        +0.00000000000000000e+00,        +0.00000000000000000e+00,        +0.00000000000000000e+00,        +0.00000000000000000e+00,        +0.00000000000000000e+00,        +0.00000000000000000e+00,        +0.00000000000000000e+00,        +0.00000000000000000e+00,        +0.00000000000000000e+00,        +0.00000000000000000e+00,        +0.00000000000000000e+00,        +0.00000000000000000e+00,        +0.00000000000000000e+00,        +0.00000000000000000e+00,        +0.00000000000000000e+00,        +0.00000000000000000e+00,        +0.00000000000000000e+00,        +0.00000000000000000e+00,        +0.00000000000000000e+00,        +0.00000000000000000e+00,        +0.00000000000000000e+00,        +0.00000000000000000e+00,        +0.00000000000000000e+00,        +0.00000000000000000e+00,        +0.00000000000000000e+00,        +0.00000000000000000e+00,        +0.00000000000000000e+00,        +0.00000000000000000e+00,        +0.00000000000000000e+00,        +0.00000000000000000e+00,        +0.00000000000000000e+00,        +0.00000000000000000e+00
        +0.00000000000000000e+00,        +0.00000000000000000e+00,        +0.00000000000000000e+00,        +0.00000000000000000e+00,        +0.00000000000000000e+00,        +0.00000000000000000e+00,        +0.00000000000000000e+00,        +0.00000000000000000e+00,        +0.00000000000000000e+00,        +0.00000000000000000e+00,        +0.00000000000000000e+00,        +0.00000000000000000e+00,        +0.00000000000000000e+00,        +0.00000000000000000e+00,        +0.00000000000000000e+00,        +0.00000000000000000e+00,        +0.00000000000000000e+00,        +0.00000000000000000e+00,        +0.00000000000000000e+00,        +0.00000000000000000e+00,        +0.00000000000000000e+00,        +0.00000000000000000e+00,        +0.00000000000000000e+00,        +0.00000000000000000e+00,        +0.00000000000000000e+00,        +0.00000000000000000e+00,        +0.00000000000000000e+00,        +0.00000000000000000e+00,        +0.00000000000000000e+00,        +0.00000000000000000e+00,        +0.00000000000000000e+00,        +0.00000000000000000e+00,        +0.00000000000000000e+00,        +0.00000000000000000e+00,        +0.00000000000000000e+00,        +0.00000000000000000e+00,        +0.00000000000000000e+00,        +0.00000000000000000e+00,        +0.00000000000000000e+00,        +0.00000000000000000e+00,        +0.00000000000000000e+00,        +0.00000000000000000e+00,        +0.00000000000000000e+00,        +0.00000000000000000e+00,        +0.00000000000000000e+00,        +0.00000000000000000e+00,        +0.00000000000000000e+00,        +0.00000000000000000e+00,        +0.00000000000000000e+00,        +0.00000000000000000e+00,        +0.00000000000000000e+00,        +0.00000000000000000e+00,        +0.00000000000000000e+00,        +0.00000000000000000e+00,        +0.00000000000000000e+00,        +0.00000000000000000e+00,        +0.00000000000000000e+00,        +0.00000000000000000e+00,        +0.00000000000000000e+00,        +0.00000000000000000e+00,        +0.00000000000000000e+00,        +0.00000000000000000e+00,        +0.00000000000000000e+00,        +0.00000000000000000e+00,        +0.00000000000000000e+00,        +0.00000000000000000e+00,        +0.00000000000000000e+00,        +0.00000000000000000e+00,        +0.00000000000000000e+00,        +0.00000000000000000e+00,        +0.00000000000000000e+00,        +0.00000000000000000e+00,        +0.00000000000000000e+00,        +0.00000000000000000e+00,        +0.00000000000000000e+00,        +0.00000000000000000e+00,        +0.00000000000000000e+00,        +0.00000000000000000e+00,        +0.00000000000000000e+00,        +0.00000000000000000e+00,        +0.00000000000000000e+00,        +0.00000000000000000e+00,        +0.00000000000000000e+00,        +0.00000000000000000e+00,        +0.00000000000000000e+00,        +0.00000000000000000e+00,        +0.00000000000000000e+00,        +0.00000000000000000e+00,        +0.00000000000000000e+00,        +0.00000000000000000e+00,        +0.00000000000000000e+00,        +0.00000000000000000e+00,        +0.00000000000000000e+00,        +0.00000000000000000e+00,        +0.00000000000000000e+00,        +0.00000000000000000e+00,        +0.00000000000000000e+00,        +0.00000000000000000e+00,        +0.00000000000000000e+00,        +0.00000000000000000e+00,        +0.00000000000000000e+00,        +0.00000000000000000e+00,        +0.00000000000000000e+00,        +0.00000000000000000e+00,        +0.00000000000000000e+00,        +0.00000000000000000e+00,        +0.00000000000000000e+00,        +0.00000000000000000e+00
        +0.00000000000000000e+00,        +0.00000000000000000e+00,        +0.00000000000000000e+00,        +0.00000000000000000e+00,        +0.00000000000000000e+00,        +0.00000000000000000e+00,        +0.00000000000000000e+00,        +0.00000000000000000e+00,        +0.00000000000000000e+00,        +0.00000000000000000e+00,        +0.00000000000000000e+00,        +0.00000000000000000e+00,        +0.00000000000000000e+00,        +0.00000000000000000e+00,        +0.00000000000000000e+00,        +0.00000000000000000e+00,        +0.00000000000000000e+00,        +0.00000000000000000e+00,        +0.00000000000000000e+00,        +0.00000000000000000e+00,        +0.00000000000000000e+00,        +0.00000000000000000e+00,        +0.00000000000000000e+00,        +0.00000000000000000e+00,        +0.00000000000000000e+00,        +0.00000000000000000e+00,        +0.00000000000000000e+00,        +0.00000000000000000e+00,        +0.00000000000000000e+00,        +0.00000000000000000e+00,        +0.00000000000000000e+00,        +0.00000000000000000e+00,        +0.00000000000000000e+00,        +0.00000000000000000e+00,        +0.00000000000000000e+00,        +0.00000000000000000e+00,        +0.00000000000000000e+00,        +0.00000000000000000e+00,        +0.00000000000000000e+00,        +0.00000000000000000e+00,        +0.00000000000000000e+00,        +0.00000000000000000e+00,        +0.00000000000000000e+00,        +0.00000000000000000e+00,        +0.00000000000000000e+00,        +0.00000000000000000e+00,        +0.00000000000000000e+00,        +0.00000000000000000e+00,        +0.00000000000000000e+00,        +0.00000000000000000e+00,        +0.00000000000000000e+00,        +0.00000000000000000e+00,        +0.00000000000000000e+00,        +0.00000000000000000e+00,        +0.00000000000000000e+00,        +0.00000000000000000e+00,        +0.00000000000000000e+00,        +0.00000000000000000e+00,        +0.00000000000000000e+00,        +0.00000000000000000e+00,        +0.00000000000000000e+00,        +0.00000000000000000e+00,        +0.00000000000000000e+00,        +0.00000000000000000e+00,        +0.00000000000000000e+00,        +0.00000000000000000e+00,        +0.00000000000000000e+00,        +0.00000000000000000e+00,        +0.00000000000000000e+00,        +0.00000000000000000e+00,        +0.00000000000000000e+00,        +0.00000000000000000e+00,        +0.00000000000000000e+00,        +0.00000000000000000e+00,        +0.00000000000000000e+00,        +0.00000000000000000e+00,        +0.00000000000000000e+00,        +0.00000000000000000e+00,        +0.00000000000000000e+00,        +0.00000000000000000e+00,        +0.00000000000000000e+00,        +0.00000000000000000e+00,        +0.00000000000000000e+00,        +0.00000000000000000e+00,        +0.00000000000000000e+00,        +0.00000000000000000e+00,        +0.00000000000000000e+00,        +0.00000000000000000e+00,        +0.00000000000000000e+00,        +0.00000000000000000e+00,        +0.00000000000000000e+00,        +0.00000000000000000e+00,        +0.00000000000000000e+00,        +0.00000000000000000e+00,        +0.00000000000000000e+00,        +0.00000000000000000e+00,        +0.00000000000000000e+00,        +0.00000000000000000e+00,        +0.00000000000000000e+00,        +0.00000000000000000e+00,        +0.00000000000000000e+00,        +0.00000000000000000e+00,        +0.00000000000000000e+00,        +0.00000000000000000e+00,        +0.00000000000000000e+00,        +0.00000000000000000e+00,        +0.00000000000000000e+00,        +0.00000000000000000e+00
        +0.00000000000000000e+00,        +0.00000000000000000e+00,        +0.00000000000000000e+00,        +0.00000000000000000e+00,        +0.00000000000000000e+00,        +0.00000000000000000e+00,        +0.00000000000000000e+00,        +0.00000000000000000e+00,        +0.00000000000000000e+00,        +0.00000000000000000e+00,        +0.00000000000000000e+00,        +0.00000000000000000e+00,        +0.00000000000000000e+00,        +0.00000000000000000e+00,        +0.00000000000000000e+00,        +0.00000000000000000e+00,        +0.00000000000000000e+00,        +0.00000000000000000e+00,        +0.00000000000000000e+00,        +0.00000000000000000e+00,        +0.00000000000000000e+00,        +0.00000000000000000e+00,        +0.00000000000000000e+00,        +0.00000000000000000e+00,        +0.00000000000000000e+00,        +0.00000000000000000e+00,        +0.00000000000000000e+00,        +0.00000000000000000e+00,        +0.00000000000000000e+00,        +0.00000000000000000e+00,        +0.00000000000000000e+00,        +0.00000000000000000e+00,        +0.00000000000000000e+00,        +0.00000000000000000e+00,        +0.00000000000000000e+00,        +0.00000000000000000e+00,        +0.00000000000000000e+00,        +0.00000000000000000e+00,        +0.00000000000000000e+00,        +0.00000000000000000e+00,        +0.00000000000000000e+00,        +0.00000000000000000e+00,        +0.00000000000000000e+00,        +0.00000000000000000e+00,        +0.00000000000000000e+00,        +0.00000000000000000e+00,        +0.00000000000000000e+00,        +0.00000000000000000e+00,        +0.00000000000000000e+00,        +0.00000000000000000e+00,        +0.00000000000000000e+00,        +0.00000000000000000e+00,        +0.00000000000000000e+00,        +0.00000000000000000e+00,        +0.00000000000000000e+00,        +0.00000000000000000e+00,        +0.00000000000000000e+00,        +0.00000000000000000e+00,        +0.00000000000000000e+00,        +0.00000000000000000e+00,        +0.00000000000000000e+00,        +0.00000000000000000e+00,        +0.00000000000000000e+00,        +0.00000000000000000e+00,        +0.00000000000000000e+00,        +0.00000000000000000e+00,        +0.00000000000000000e+00,        +0.00000000000000000e+00,        +0.00000000000000000e+00,        +0.00000000000000000e+00,        +0.00000000000000000e+00,        +0.00000000000000000e+00,        +0.00000000000000000e+00,        +0.00000000000000000e+00,        +0.00000000000000000e+00,        +0.00000000000000000e+00,        +0.00000000000000000e+00,        +0.00000000000000000e+00,        +0.00000000000000000e+00,        +0.00000000000000000e+00,        +0.00000000000000000e+00,        +0.00000000000000000e+00,        +0.00000000000000000e+00,        +0.00000000000000000e+00,        +0.00000000000000000e+00,        +0.00000000000000000e+00,        +0.00000000000000000e+00,        +0.00000000000000000e+00,        +0.00000000000000000e+00,        +0.00000000000000000e+00,        +0.00000000000000000e+00,        +0.00000000000000000e+00,        +0.00000000000000000e+00,        +0.00000000000000000e+00,        +0.00000000000000000e+00,        +0.00000000000000000e+00,        +0.00000000000000000e+00,        +0.00000000000000000e+00,        +0.00000000000000000e+00,        +0.00000000000000000e+00,        +0.00000000000000000e+00,        +0.00000000000000000e+00,        +0.00000000000000000e+00,        +0.00000000000000000e+00,        +0.00000000000000000e+00,        +0.00000000000000000e+00,        +0.00000000000000000e+00,        +0.00000000000000000e+00
        +0.00000000000000000e+00,        +0.00000000000000000e+00,        +0.00000000000000000e+00,        +0.00000000000000000e+00,        +0.00000000000000000e+00,        +0.00000000000000000e+00,        +0.00000000000000000e+00,        +0.00000000000000000e+00,        +0.00000000000000000e+00,        +0.00000000000000000e+00,        +0.00000000000000000e+00,        +0.00000000000000000e+00,        +0.00000000000000000e+00,        +0.00000000000000000e+00,        +0.00000000000000000e+00,        +0.00000000000000000e+00,        +0.00000000000000000e+00,        +0.00000000000000000e+00,        +0.00000000000000000e+00,        +0.00000000000000000e+00,        +0.00000000000000000e+00,        +0.00000000000000000e+00,        +0.00000000000000000e+00,        +0.00000000000000000e+00,        +0.00000000000000000e+00,        +0.00000000000000000e+00,        +0.00000000000000000e+00,        +0.00000000000000000e+00,        +0.00000000000000000e+00,        +0.00000000000000000e+00,        +0.00000000000000000e+00,        +0.00000000000000000e+00,        +0.00000000000000000e+00,        +0.00000000000000000e+00,        +0.00000000000000000e+00,        +0.00000000000000000e+00,        +0.00000000000000000e+00,        +0.00000000000000000e+00,        +0.00000000000000000e+00,        +0.00000000000000000e+00,        +0.00000000000000000e+00,        +0.00000000000000000e+00,        +0.00000000000000000e+00,        +0.00000000000000000e+00,        +0.00000000000000000e+00,        +0.00000000000000000e+00,        +0.00000000000000000e+00,        +0.00000000000000000e+00,        +0.00000000000000000e+00,        +0.00000000000000000e+00,        +0.00000000000000000e+00,        +0.00000000000000000e+00,        +0.00000000000000000e+00,        +0.00000000000000000e+00,        +0.00000000000000000e+00,        +0.00000000000000000e+00,        +0.00000000000000000e+00,        +0.00000000000000000e+00,        +0.00000000000000000e+00,        +0.00000000000000000e+00,        +0.00000000000000000e+00,        +0.00000000000000000e+00,        +0.00000000000000000e+00,        +0.00000000000000000e+00,        +0.00000000000000000e+00,        +0.00000000000000000e+00,        +0.00000000000000000e+00,        +0.00000000000000000e+00,        +0.00000000000000000e+00,        +0.00000000000000000e+00,        +0.00000000000000000e+00,        +0.00000000000000000e+00,        +0.00000000000000000e+00,        +0.00000000000000000e+00,        +0.00000000000000000e+00,        +0.00000000000000000e+00,        +0.00000000000000000e+00,        +0.00000000000000000e+00,        +0.00000000000000000e+00,        +0.00000000000000000e+00,        +0.00000000000000000e+00,        +0.00000000000000000e+00,        +0.00000000000000000e+00,        +0.00000000000000000e+00,        +0.00000000000000000e+00,        +0.00000000000000000e+00,        +0.00000000000000000e+00,        +0.00000000000000000e+00,        +0.00000000000000000e+00,        +0.00000000000000000e+00,        +0.00000000000000000e+00,        +0.00000000000000000e+00,        +0.00000000000000000e+00,        +0.00000000000000000e+00,        +0.00000000000000000e+00,        +0.00000000000000000e+00,        +0.00000000000000000e+00,        +0.00000000000000000e+00,        +0.00000000000000000e+00,        +0.00000000000000000e+00,        +0.00000000000000000e+00,        +0.00000000000000000e+00,        +0.00000000000000000e+00,        +0.00000000000000000e+00,        +0.00000000000000000e+00,        +0.00000000000000000e+00,        +0.00000000000000000e+00,        +0.00000000000000000e+00
        +0.00000000000000000e+00,        +0.00000000000000000e+00,        +0.00000000000000000e+00,        +0.00000000000000000e+00,        +0.00000000000000000e+00,        +0.00000000000000000e+00,        +0.00000000000000000e+00,        +0.00000000000000000e+00,        +0.00000000000000000e+00,        +0.00000000000000000e+00,        +0.00000000000000000e+00,        +0.00000000000000000e+00,        +0.00000000000000000e+00,        +0.00000000000000000e+00,        +0.00000000000000000e+00,        +0.00000000000000000e+00,        +0.00000000000000000e+00,        +0.00000000000000000e+00,        +0.00000000000000000e+00,        +0.00000000000000000e+00,        +0.00000000000000000e+00,        +0.00000000000000000e+00,        +0.00000000000000000e+00,        +0.00000000000000000e+00,        +0.00000000000000000e+00,        +0.00000000000000000e+00,        +0.00000000000000000e+00,        +0.00000000000000000e+00,        +0.00000000000000000e+00,        +0.00000000000000000e+00,        +0.00000000000000000e+00,        +0.00000000000000000e+00,        +0.00000000000000000e+00,        +0.00000000000000000e+00,        +0.00000000000000000e+00,        +0.00000000000000000e+00,        +0.00000000000000000e+00,        +0.00000000000000000e+00,        +0.00000000000000000e+00,        +0.00000000000000000e+00,        +0.00000000000000000e+00,        +0.00000000000000000e+00,        +0.00000000000000000e+00,        +0.00000000000000000e+00,        +0.00000000000000000e+00,        +0.00000000000000000e+00,        +0.00000000000000000e+00,        +0.00000000000000000e+00,        +0.00000000000000000e+00,        +0.00000000000000000e+00,        +0.00000000000000000e+00,        +0.00000000000000000e+00,        +0.00000000000000000e+00,        +0.00000000000000000e+00,        +0.00000000000000000e+00,        +0.00000000000000000e+00,        +0.00000000000000000e+00,        +0.00000000000000000e+00,        +0.00000000000000000e+00,        +0.00000000000000000e+00,        +0.00000000000000000e+00,        +0.00000000000000000e+00,        +0.00000000000000000e+00,        +0.00000000000000000e+00,        +0.00000000000000000e+00,        +0.00000000000000000e+00,        +0.00000000000000000e+00,        +0.00000000000000000e+00,        +0.00000000000000000e+00,        +0.00000000000000000e+00,        +0.00000000000000000e+00,        +0.00000000000000000e+00,        +0.00000000000000000e+00,        +0.00000000000000000e+00,        +0.00000000000000000e+00,        +0.00000000000000000e+00,        +0.00000000000000000e+00,        +0.00000000000000000e+00,        +0.00000000000000000e+00,        +0.00000000000000000e+00,        +0.00000000000000000e+00,        +0.00000000000000000e+00,        +0.00000000000000000e+00,        +0.00000000000000000e+00,        +0.00000000000000000e+00,        +0.00000000000000000e+00,        +0.00000000000000000e+00,        +0.00000000000000000e+00,        +0.00000000000000000e+00,        +0.00000000000000000e+00,        +0.00000000000000000e+00,        +0.00000000000000000e+00,        +0.00000000000000000e+00,        +0.00000000000000000e+00,        +0.00000000000000000e+00,        +0.00000000000000000e+00,        +0.00000000000000000e+00,        +0.00000000000000000e+00,        +0.00000000000000000e+00,        +0.00000000000000000e+00,        +0.00000000000000000e+00,        +0.00000000000000000e+00,        +0.00000000000000000e+00,        +0.00000000000000000e+00,        +0.00000000000000000e+00,        +0.00000000000000000e+00,        +0.00000000000000000e+00,        +0.00000000000000000e+00
        +0.00000000000000000e+00,        +0.00000000000000000e+00,        +0.00000000000000000e+00,        +0.00000000000000000e+00,        +0.00000000000000000e+00,        +0.00000000000000000e+00,        +0.00000000000000000e+00,        +0.00000000000000000e+00,        +0.00000000000000000e+00,        +0.00000000000000000e+00,        +0.00000000000000000e+00,        +0.00000000000000000e+00,        +0.00000000000000000e+00,        +0.00000000000000000e+00,        +0.00000000000000000e+00,        +0.00000000000000000e+00,        +0.00000000000000000e+00,        +0.00000000000000000e+00,        +0.00000000000000000e+00,        +0.00000000000000000e+00,        +0.00000000000000000e+00,        +0.00000000000000000e+00,        +0.00000000000000000e+00,        +0.00000000000000000e+00,        +0.00000000000000000e+00,        +0.00000000000000000e+00,        +0.00000000000000000e+00,        +0.00000000000000000e+00,        +0.00000000000000000e+00,        +0.00000000000000000e+00,        +0.00000000000000000e+00,        +0.00000000000000000e+00,        +0.00000000000000000e+00,        +0.00000000000000000e+00,        +0.00000000000000000e+00,        +0.00000000000000000e+00,        +0.00000000000000000e+00,        +0.00000000000000000e+00,        +0.00000000000000000e+00,        +0.00000000000000000e+00,        +0.00000000000000000e+00,        +0.00000000000000000e+00,        +0.00000000000000000e+00,        +0.00000000000000000e+00,        +0.00000000000000000e+00,        +0.00000000000000000e+00,        +0.00000000000000000e+00,        +0.00000000000000000e+00,        +0.00000000000000000e+00,        +0.00000000000000000e+00,        +0.00000000000000000e+00,        +0.00000000000000000e+00,        +0.00000000000000000e+00,        +0.00000000000000000e+00,        +0.00000000000000000e+00,        +0.00000000000000000e+00,        +0.00000000000000000e+00,        +0.00000000000000000e+00,        +0.00000000000000000e+00,        +0.00000000000000000e+00,        +0.00000000000000000e+00,        +0.00000000000000000e+00,        +0.00000000000000000e+00,        +0.00000000000000000e+00,        +0.00000000000000000e+00,        +0.00000000000000000e+00,        +0.00000000000000000e+00,        +0.00000000000000000e+00,        +0.00000000000000000e+00,        +0.00000000000000000e+00,        +0.00000000000000000e+00,        +0.00000000000000000e+00,        +0.00000000000000000e+00,        +0.00000000000000000e+00,        +0.00000000000000000e+00,        +0.00000000000000000e+00,        +0.00000000000000000e+00,        +0.00000000000000000e+00,        +0.00000000000000000e+00,        +0.00000000000000000e+00,        +0.00000000000000000e+00,        +0.00000000000000000e+00,        +0.00000000000000000e+00,        +0.00000000000000000e+00,        +0.00000000000000000e+00,        +0.00000000000000000e+00,        +0.00000000000000000e+00,        +0.00000000000000000e+00,        +0.00000000000000000e+00,        +0.00000000000000000e+00,        +0.00000000000000000e+00,        +0.00000000000000000e+00,        +0.00000000000000000e+00,        +0.00000000000000000e+00,        +0.00000000000000000e+00,        +0.00000000000000000e+00,        +0.00000000000000000e+00,        +0.00000000000000000e+00,        +0.00000000000000000e+00,        +0.00000000000000000e+00,        +0.00000000000000000e+00,        +0.00000000000000000e+00,        +0.00000000000000000e+00,        +0.00000000000000000e+00,        +0.00000000000000000e+00,        +0.00000000000000000e+00,        +0.00000000000000000e+00,        +0.00000000000000000e+00
        +0.00000000000000000e+00,        +0.00000000000000000e+00,        +0.00000000000000000e+00,        +0.00000000000000000e+00,        +0.00000000000000000e+00,        +0.00000000000000000e+00,        +0.00000000000000000e+00,        +0.00000000000000000e+00,        +0.00000000000000000e+00,        +0.00000000000000000e+00,        +0.00000000000000000e+00,        +0.00000000000000000e+00,        +0.00000000000000000e+00,        +0.00000000000000000e+00,        +0.00000000000000000e+00,        +0.00000000000000000e+00,        +0.00000000000000000e+00,        +0.00000000000000000e+00,        +0.00000000000000000e+00,        +0.00000000000000000e+00,        +0.00000000000000000e+00,        +0.00000000000000000e+00,        +0.00000000000000000e+00,        +0.00000000000000000e+00,        +0.00000000000000000e+00,        +0.00000000000000000e+00,        +0.00000000000000000e+00,        +0.00000000000000000e+00,        +0.00000000000000000e+00,        +0.00000000000000000e+00,        +0.00000000000000000e+00,        +0.00000000000000000e+00,        +0.00000000000000000e+00,        +0.00000000000000000e+00,        +0.00000000000000000e+00,        +0.00000000000000000e+00,        +0.00000000000000000e+00,        +0.00000000000000000e+00,        +0.00000000000000000e+00,        +0.00000000000000000e+00,        +0.00000000000000000e+00,        +0.00000000000000000e+00,        +0.00000000000000000e+00,        +0.00000000000000000e+00,        +0.00000000000000000e+00,        +0.00000000000000000e+00,        +0.00000000000000000e+00,        +0.00000000000000000e+00,        +0.00000000000000000e+00,        +0.00000000000000000e+00,        +0.00000000000000000e+00,        +0.00000000000000000e+00,        +0.00000000000000000e+00,        +0.00000000000000000e+00,        +0.00000000000000000e+00,        +0.00000000000000000e+00,        +0.00000000000000000e+00,        +0.00000000000000000e+00,        +0.00000000000000000e+00,        +0.00000000000000000e+00,        +0.00000000000000000e+00,        +0.00000000000000000e+00,        +0.00000000000000000e+00,        +0.00000000000000000e+00,        +0.00000000000000000e+00,        +0.00000000000000000e+00,        +0.00000000000000000e+00,        +0.00000000000000000e+00,        +0.00000000000000000e+00,        +0.00000000000000000e+00,        +0.00000000000000000e+00,        +0.00000000000000000e+00,        +0.00000000000000000e+00,        +0.00000000000000000e+00,        +0.00000000000000000e+00,        +0.00000000000000000e+00,        +0.00000000000000000e+00,        +0.00000000000000000e+00,        +0.00000000000000000e+00,        +0.00000000000000000e+00,        +0.00000000000000000e+00,        +0.00000000000000000e+00,        +0.00000000000000000e+00,        +0.00000000000000000e+00,        +0.00000000000000000e+00,        +0.00000000000000000e+00,        +0.00000000000000000e+00,        +0.00000000000000000e+00,        +0.00000000000000000e+00,        +0.00000000000000000e+00,        +0.00000000000000000e+00,        +0.00000000000000000e+00,        +0.00000000000000000e+00,        +0.00000000000000000e+00,        +0.00000000000000000e+00,        +0.00000000000000000e+00,        +0.00000000000000000e+00,        +0.00000000000000000e+00,        +0.00000000000000000e+00,        +0.00000000000000000e+00,        +0.00000000000000000e+00,        +0.00000000000000000e+00,        +0.00000000000000000e+00,        +0.00000000000000000e+00,        +0.00000000000000000e+00,        +0.00000000000000000e+00,        +0.00000000000000000e+00,        +0.00000000000000000e+00
        +0.00000000000000000e+00,        +0.00000000000000000e+00,        +0.00000000000000000e+00,        +0.00000000000000000e+00,        +0.00000000000000000e+00,        +0.00000000000000000e+00,        +0.00000000000000000e+00,        +0.00000000000000000e+00,        +0.00000000000000000e+00,        +0.00000000000000000e+00,        +0.00000000000000000e+00,        +0.00000000000000000e+00,        +0.00000000000000000e+00,        +0.00000000000000000e+00,        +0.00000000000000000e+00,        +0.00000000000000000e+00,        +0.00000000000000000e+00,        +0.00000000000000000e+00,        +0.00000000000000000e+00,        +0.00000000000000000e+00,        +0.00000000000000000e+00,        +0.00000000000000000e+00,        +0.00000000000000000e+00,        +0.00000000000000000e+00,        +0.00000000000000000e+00,        +0.00000000000000000e+00,        +0.00000000000000000e+00,        +0.00000000000000000e+00,        +0.00000000000000000e+00,        +0.00000000000000000e+00,        +0.00000000000000000e+00,        +0.00000000000000000e+00,        +0.00000000000000000e+00,        +0.00000000000000000e+00,        +0.00000000000000000e+00,        +0.00000000000000000e+00,        +0.00000000000000000e+00,        +0.00000000000000000e+00,        +0.00000000000000000e+00,        +0.00000000000000000e+00,        +0.00000000000000000e+00,        +0.00000000000000000e+00,        +0.00000000000000000e+00,        +0.00000000000000000e+00,        +0.00000000000000000e+00,        +0.00000000000000000e+00,        +0.00000000000000000e+00,        +0.00000000000000000e+00,        +0.00000000000000000e+00,        +0.00000000000000000e+00,        +0.00000000000000000e+00,        +0.00000000000000000e+00,        +0.00000000000000000e+00,        +0.00000000000000000e+00,        +0.00000000000000000e+00,        +0.00000000000000000e+00,        +0.00000000000000000e+00,        +0.00000000000000000e+00,        +0.00000000000000000e+00,        +0.00000000000000000e+00,        +0.00000000000000000e+00,        +0.00000000000000000e+00,        +0.00000000000000000e+00,        +0.00000000000000000e+00,        +0.00000000000000000e+00,        +0.00000000000000000e+00,        +0.00000000000000000e+00,        +0.00000000000000000e+00,        +0.00000000000000000e+00,        +0.00000000000000000e+00,        +0.00000000000000000e+00,        +0.00000000000000000e+00,        +0.00000000000000000e+00,        +0.00000000000000000e+00,        +0.00000000000000000e+00,        +0.00000000000000000e+00,        +0.00000000000000000e+00,        +0.00000000000000000e+00,        +0.00000000000000000e+00,        +0.00000000000000000e+00,        +0.00000000000000000e+00,        +0.00000000000000000e+00,        +0.00000000000000000e+00,        +0.00000000000000000e+00,        +0.00000000000000000e+00,        +0.00000000000000000e+00,        +0.00000000000000000e+00,        +0.00000000000000000e+00,        +0.00000000000000000e+00,        +0.00000000000000000e+00,        +0.00000000000000000e+00,        +0.00000000000000000e+00,        +0.00000000000000000e+00,        +0.00000000000000000e+00,        +0.00000000000000000e+00,        +0.00000000000000000e+00,        +0.00000000000000000e+00,        +0.00000000000000000e+00,        +0.00000000000000000e+00,        +0.00000000000000000e+00,        +0.00000000000000000e+00,        +0.00000000000000000e+00,        +0.00000000000000000e+00,        +0.00000000000000000e+00,        +0.00000000000000000e+00,        +0.00000000000000000e+00,        +0.00000000000000000e+00,        +0.00000000000000000e+00
        +0.00000000000000000e+00,        +0.00000000000000000e+00,        +0.00000000000000000e+00,        +0.00000000000000000e+00,        +0.00000000000000000e+00,        +0.00000000000000000e+00,        +0.00000000000000000e+00,        +0.00000000000000000e+00,        +0.00000000000000000e+00,        +0.00000000000000000e+00,        +0.00000000000000000e+00,        +0.00000000000000000e+00,        +0.00000000000000000e+00,        +0.00000000000000000e+00,        +0.00000000000000000e+00,        +0.00000000000000000e+00,        +0.00000000000000000e+00,        +0.00000000000000000e+00,        +0.00000000000000000e+00,        +0.00000000000000000e+00,        +0.00000000000000000e+00,        +0.00000000000000000e+00,        +0.00000000000000000e+00,        +0.00000000000000000e+00,        +0.00000000000000000e+00,        +0.00000000000000000e+00,        +0.00000000000000000e+00,        +0.00000000000000000e+00,        +0.00000000000000000e+00,        +0.00000000000000000e+00,        +0.00000000000000000e+00,        +0.00000000000000000e+00,        +0.00000000000000000e+00,        +0.00000000000000000e+00,        +0.00000000000000000e+00,        +0.00000000000000000e+00,        +0.00000000000000000e+00,        +0.00000000000000000e+00,        +0.00000000000000000e+00,        +0.00000000000000000e+00,        +0.00000000000000000e+00,        +0.00000000000000000e+00,        +0.00000000000000000e+00,        +0.00000000000000000e+00,        +0.00000000000000000e+00,        +0.00000000000000000e+00,        +0.00000000000000000e+00,        +0.00000000000000000e+00,        +0.00000000000000000e+00,        +0.00000000000000000e+00,        +0.00000000000000000e+00,        +0.00000000000000000e+00,        +0.00000000000000000e+00,        +0.00000000000000000e+00,        +0.00000000000000000e+00,        +0.00000000000000000e+00,        +0.00000000000000000e+00,        +0.00000000000000000e+00,        +0.00000000000000000e+00,        +0.00000000000000000e+00,        +0.00000000000000000e+00,        +0.00000000000000000e+00,        +0.00000000000000000e+00,        +0.00000000000000000e+00,        +0.00000000000000000e+00,        +0.00000000000000000e+00,        +0.00000000000000000e+00,        +0.00000000000000000e+00,        +0.00000000000000000e+00,        +0.00000000000000000e+00,        +0.00000000000000000e+00,        +0.00000000000000000e+00,        +0.00000000000000000e+00,        +0.00000000000000000e+00,        +0.00000000000000000e+00,        +0.00000000000000000e+00,        +0.00000000000000000e+00,        +0.00000000000000000e+00,        +0.00000000000000000e+00,        +0.00000000000000000e+00,        +0.00000000000000000e+00,        +0.00000000000000000e+00,        +0.00000000000000000e+00,        +0.00000000000000000e+00,        +0.00000000000000000e+00,        +0.00000000000000000e+00,        +0.00000000000000000e+00,        +0.00000000000000000e+00,        +0.00000000000000000e+00,        +0.00000000000000000e+00,        +0.00000000000000000e+00,        +0.00000000000000000e+00,        +0.00000000000000000e+00,        +0.00000000000000000e+00,        +0.00000000000000000e+00,        +0.00000000000000000e+00,        +0.00000000000000000e+00,        +0.00000000000000000e+00,        +0.00000000000000000e+00,        +0.00000000000000000e+00,        +0.00000000000000000e+00,        +0.00000000000000000e+00,        +0.00000000000000000e+00,        +0.00000000000000000e+00,        +0.00000000000000000e+00,        +0.00000000000000000e+00,        +0.00000000000000000e+00,        +0.00000000000000000e+00
        +0.00000000000000000e+00,        +0.00000000000000000e+00,        +0.00000000000000000e+00,        +0.00000000000000000e+00,        +0.00000000000000000e+00,        +0.00000000000000000e+00,        +0.00000000000000000e+00,        +0.00000000000000000e+00,        +0.00000000000000000e+00,        +0.00000000000000000e+00,        +0.00000000000000000e+00,        +0.00000000000000000e+00,        +0.00000000000000000e+00,        +0.00000000000000000e+00,        +0.00000000000000000e+00,        +0.00000000000000000e+00,        +0.00000000000000000e+00,        +0.00000000000000000e+00,        +0.00000000000000000e+00,        +0.00000000000000000e+00,        +0.00000000000000000e+00,        +0.00000000000000000e+00,        +0.00000000000000000e+00,        +0.00000000000000000e+00,        +0.00000000000000000e+00,        +0.00000000000000000e+00,        +0.00000000000000000e+00,        +0.00000000000000000e+00,        +0.00000000000000000e+00,        +0.00000000000000000e+00,        +0.00000000000000000e+00,        +0.00000000000000000e+00,        +0.00000000000000000e+00,        +0.00000000000000000e+00,        +0.00000000000000000e+00,        +0.00000000000000000e+00,        +0.00000000000000000e+00,        +0.00000000000000000e+00,        +0.00000000000000000e+00,        +0.00000000000000000e+00,        +0.00000000000000000e+00,        +0.00000000000000000e+00,        +0.00000000000000000e+00,        +0.00000000000000000e+00,        +0.00000000000000000e+00,        +0.00000000000000000e+00,        +0.00000000000000000e+00,        +0.00000000000000000e+00,        +0.00000000000000000e+00,        +0.00000000000000000e+00,        +0.00000000000000000e+00,        +0.00000000000000000e+00,        +0.00000000000000000e+00,        +0.00000000000000000e+00,        +0.00000000000000000e+00,        +0.00000000000000000e+00,        +0.00000000000000000e+00,        +0.00000000000000000e+00,        +0.00000000000000000e+00,        +0.00000000000000000e+00,        +0.00000000000000000e+00,        +0.00000000000000000e+00,        +0.00000000000000000e+00,        +0.00000000000000000e+00,        +0.00000000000000000e+00,        +0.00000000000000000e+00,        +0.00000000000000000e+00,        +0.00000000000000000e+00,        +0.00000000000000000e+00,        +0.00000000000000000e+00,        +0.00000000000000000e+00,        +0.00000000000000000e+00,        +0.00000000000000000e+00,        +0.00000000000000000e+00,        +0.00000000000000000e+00,        +0.00000000000000000e+00,        +0.00000000000000000e+00,        +0.00000000000000000e+00,        +0.00000000000000000e+00,        +0.00000000000000000e+00,        +0.00000000000000000e+00,        +0.00000000000000000e+00,        +0.00000000000000000e+00,        +0.00000000000000000e+00,        +0.00000000000000000e+00,        +0.00000000000000000e+00,        +0.00000000000000000e+00,        +0.00000000000000000e+00,        +0.00000000000000000e+00,        +0.00000000000000000e+00,        +0.00000000000000000e+00,        +0.00000000000000000e+00,        +0.00000000000000000e+00,        +0.00000000000000000e+00,        +0.00000000000000000e+00,        +0.00000000000000000e+00,        +0.00000000000000000e+00,        +0.00000000000000000e+00,        +0.00000000000000000e+00,        +0.00000000000000000e+00,        +0.00000000000000000e+00,        +0.00000000000000000e+00,        +0.00000000000000000e+00,        +0.00000000000000000e+00,        +0.00000000000000000e+00,        +0.00000000000000000e+00,        +0.00000000000000000e+00,        +0.00000000000000000e+00
        +0.00000000000000000e+00,        +0.00000000000000000e+00,        +0.00000000000000000e+00,        +0.00000000000000000e+00,        +0.00000000000000000e+00,        +0.00000000000000000e+00,        +0.00000000000000000e+00,        +0.00000000000000000e+00,        +0.00000000000000000e+00,        +0.00000000000000000e+00,        +0.00000000000000000e+00,        +0.00000000000000000e+00,        +0.00000000000000000e+00,        +0.00000000000000000e+00,        +0.00000000000000000e+00,        +0.00000000000000000e+00,        +0.00000000000000000e+00,        +0.00000000000000000e+00,        +0.00000000000000000e+00,        +0.00000000000000000e+00,        +0.00000000000000000e+00,        +0.00000000000000000e+00,        +0.00000000000000000e+00,        +0.00000000000000000e+00,        +0.00000000000000000e+00,        +0.00000000000000000e+00,        +0.00000000000000000e+00,        +0.00000000000000000e+00,        +0.00000000000000000e+00,        +0.00000000000000000e+00,        +0.00000000000000000e+00,        +0.00000000000000000e+00,        +0.00000000000000000e+00,        +0.00000000000000000e+00,        +0.00000000000000000e+00,        +0.00000000000000000e+00,        +0.00000000000000000e+00,        +0.00000000000000000e+00,        +0.00000000000000000e+00,        +0.00000000000000000e+00,        +0.00000000000000000e+00,        +0.00000000000000000e+00,        +0.00000000000000000e+00,        +0.00000000000000000e+00,        +0.00000000000000000e+00,        +0.00000000000000000e+00,        +0.00000000000000000e+00,        +0.00000000000000000e+00,        +0.00000000000000000e+00,        +0.00000000000000000e+00,        +0.00000000000000000e+00,        +0.00000000000000000e+00,        +0.00000000000000000e+00,        +0.00000000000000000e+00,        +0.00000000000000000e+00,        +0.00000000000000000e+00,        +0.00000000000000000e+00,        +0.00000000000000000e+00,        +0.00000000000000000e+00,        +0.00000000000000000e+00,        +0.00000000000000000e+00,        +0.00000000000000000e+00,        +0.00000000000000000e+00,        +0.00000000000000000e+00,        +0.00000000000000000e+00,        +0.00000000000000000e+00,        +0.00000000000000000e+00,        +0.00000000000000000e+00,        +0.00000000000000000e+00,        +0.00000000000000000e+00,        +0.00000000000000000e+00,        +0.00000000000000000e+00,        +0.00000000000000000e+00,        +0.00000000000000000e+00,        +0.00000000000000000e+00,        +0.00000000000000000e+00,        +0.00000000000000000e+00,        +0.00000000000000000e+00,        +0.00000000000000000e+00,        +0.00000000000000000e+00,        +0.00000000000000000e+00,        +0.00000000000000000e+00,        +0.00000000000000000e+00,        +0.00000000000000000e+00,        +0.00000000000000000e+00,        +0.00000000000000000e+00,        +0.00000000000000000e+00,        +0.00000000000000000e+00,        +0.00000000000000000e+00,        +0.00000000000000000e+00,        +0.00000000000000000e+00,        +0.00000000000000000e+00,        +0.00000000000000000e+00,        +0.00000000000000000e+00,        +0.00000000000000000e+00,        +0.00000000000000000e+00,        +0.00000000000000000e+00,        +0.00000000000000000e+00,        +0.00000000000000000e+00,        +0.00000000000000000e+00,        +0.00000000000000000e+00,        +0.00000000000000000e+00,        +0.00000000000000000e+00,        +0.00000000000000000e+00,        +0.00000000000000000e+00,        +0.00000000000000000e+00,        +0.00000000000000000e+00,        +0.00000000000000000e+00
        +0.00000000000000000e+00,        +0.00000000000000000e+00,        +0.00000000000000000e+00,        +0.00000000000000000e+00,        +0.00000000000000000e+00,        +0.00000000000000000e+00,        +0.00000000000000000e+00,        +0.00000000000000000e+00,        +0.00000000000000000e+00,        +0.00000000000000000e+00,        +0.00000000000000000e+00,        +0.00000000000000000e+00,        +0.00000000000000000e+00,        +0.00000000000000000e+00,        +0.00000000000000000e+00,        +0.00000000000000000e+00,        +0.00000000000000000e+00,        +0.00000000000000000e+00,        +0.00000000000000000e+00,        +0.00000000000000000e+00,        +0.00000000000000000e+00,        +0.00000000000000000e+00,        +0.00000000000000000e+00,        +0.00000000000000000e+00,        +0.00000000000000000e+00,        +0.00000000000000000e+00,        +0.00000000000000000e+00,        +0.00000000000000000e+00,        +0.00000000000000000e+00,        +0.00000000000000000e+00,        +0.00000000000000000e+00,        +0.00000000000000000e+00,        +0.00000000000000000e+00,        +0.00000000000000000e+00,        +0.00000000000000000e+00,        +0.00000000000000000e+00,        +0.00000000000000000e+00,        +0.00000000000000000e+00,        +0.00000000000000000e+00,        +0.00000000000000000e+00,        +0.00000000000000000e+00,        +0.00000000000000000e+00,        +0.00000000000000000e+00,        +0.00000000000000000e+00,        +0.00000000000000000e+00,        +0.00000000000000000e+00,        +0.00000000000000000e+00,        +0.00000000000000000e+00,        +0.00000000000000000e+00,        +0.00000000000000000e+00,        +0.00000000000000000e+00,        +0.00000000000000000e+00,        +0.00000000000000000e+00,        +0.00000000000000000e+00,        +0.00000000000000000e+00,        +0.00000000000000000e+00,        +0.00000000000000000e+00,        +0.00000000000000000e+00,        +0.00000000000000000e+00,        +0.00000000000000000e+00,        +0.00000000000000000e+00,        +0.00000000000000000e+00,        +0.00000000000000000e+00,        +0.00000000000000000e+00,        +0.00000000000000000e+00,        +0.00000000000000000e+00,        +0.00000000000000000e+00,        +0.00000000000000000e+00,        +0.00000000000000000e+00,        +0.00000000000000000e+00,        +0.00000000000000000e+00,        +0.00000000000000000e+00,        +0.00000000000000000e+00,        +0.00000000000000000e+00,        +0.00000000000000000e+00,        +0.00000000000000000e+00,        +0.00000000000000000e+00,        +0.00000000000000000e+00,        +0.00000000000000000e+00,        +0.00000000000000000e+00,        +0.00000000000000000e+00,        +0.00000000000000000e+00,        +0.00000000000000000e+00,        +0.00000000000000000e+00,        +0.00000000000000000e+00,        +0.00000000000000000e+00,        +0.00000000000000000e+00,        +0.00000000000000000e+00,        +0.00000000000000000e+00,        +0.00000000000000000e+00,        +0.00000000000000000e+00,        +0.00000000000000000e+00,        +0.00000000000000000e+00,        +0.00000000000000000e+00,        +0.00000000000000000e+00,        +0.00000000000000000e+00,        +0.00000000000000000e+00,        +0.00000000000000000e+00,        +0.00000000000000000e+00,        +0.00000000000000000e+00,        +0.00000000000000000e+00,        +0.00000000000000000e+00,        +0.00000000000000000e+00,        +0.00000000000000000e+00,        +0.00000000000000000e+00,        +0.00000000000000000e+00,        +0.00000000000000000e+00,        +0.00000000000000000e+00
        +0.00000000000000000e+00,        +0.00000000000000000e+00,        +0.00000000000000000e+00,        +0.00000000000000000e+00,        +0.00000000000000000e+00,        +0.00000000000000000e+00,        +0.00000000000000000e+00,        +0.00000000000000000e+00,        +0.00000000000000000e+00,        +0.00000000000000000e+00,        +0.00000000000000000e+00,        +0.00000000000000000e+00,        +0.00000000000000000e+00,        +0.00000000000000000e+00,        +0.00000000000000000e+00,        +0.00000000000000000e+00,        +0.00000000000000000e+00,        +0.00000000000000000e+00,        +0.00000000000000000e+00,        +0.00000000000000000e+00,        +0.00000000000000000e+00,        +0.00000000000000000e+00,        +0.00000000000000000e+00,        +0.00000000000000000e+00,        +0.00000000000000000e+00,        +0.00000000000000000e+00,        +0.00000000000000000e+00,        +0.00000000000000000e+00,        +0.00000000000000000e+00,        +0.00000000000000000e+00,        +0.00000000000000000e+00,        +0.00000000000000000e+00,        +0.00000000000000000e+00,        +0.00000000000000000e+00,        +0.00000000000000000e+00,        +0.00000000000000000e+00,        +0.00000000000000000e+00,        +0.00000000000000000e+00,        +0.00000000000000000e+00,        +0.00000000000000000e+00,        +0.00000000000000000e+00,        +0.00000000000000000e+00,        +0.00000000000000000e+00,        +0.00000000000000000e+00,        +0.00000000000000000e+00,        +0.00000000000000000e+00,        +0.00000000000000000e+00,        +0.00000000000000000e+00,        +0.00000000000000000e+00,        +0.00000000000000000e+00,        +0.00000000000000000e+00,        +0.00000000000000000e+00,        +0.00000000000000000e+00,        +0.00000000000000000e+00,        +0.00000000000000000e+00,        +0.00000000000000000e+00,        +0.00000000000000000e+00,        +0.00000000000000000e+00,        +0.00000000000000000e+00,        +0.00000000000000000e+00,        +0.00000000000000000e+00,        +0.00000000000000000e+00,        +0.00000000000000000e+00,        +0.00000000000000000e+00,        +0.00000000000000000e+00,        +0.00000000000000000e+00,        +0.00000000000000000e+00,        +0.00000000000000000e+00,        +0.00000000000000000e+00,        +0.00000000000000000e+00,        +0.00000000000000000e+00,        +0.00000000000000000e+00,        +0.00000000000000000e+00,        +0.00000000000000000e+00,        +0.00000000000000000e+00,        +0.00000000000000000e+00,        +0.00000000000000000e+00,        +0.00000000000000000e+00,        +0.00000000000000000e+00,        +0.00000000000000000e+00,        +0.00000000000000000e+00,        +0.00000000000000000e+00,        +0.00000000000000000e+00,        +0.00000000000000000e+00,        +0.00000000000000000e+00,        +0.00000000000000000e+00,        +0.00000000000000000e+00,        +0.00000000000000000e+00,        +0.00000000000000000e+00,        +0.00000000000000000e+00,        +0.00000000000000000e+00,        +0.00000000000000000e+00,        +0.00000000000000000e+00,        +0.00000000000000000e+00,        +0.00000000000000000e+00,        +0.00000000000000000e+00,        +0.00000000000000000e+00,        +0.00000000000000000e+00,        +0.00000000000000000e+00,        +0.00000000000000000e+00,        +0.00000000000000000e+00,        +0.00000000000000000e+00,        +0.00000000000000000e+00,        +0.00000000000000000e+00,        +0.00000000000000000e+00,        +0.00000000000000000e+00,        +0.00000000000000000e+00,        +0.00000000000000000e+00
        +0.00000000000000000e+00,        +0.00000000000000000e+00,        +0.00000000000000000e+00,        +0.00000000000000000e+00,        +0.00000000000000000e+00,        +0.00000000000000000e+00,        +0.00000000000000000e+00,        +0.00000000000000000e+00,        +0.00000000000000000e+00,        +0.00000000000000000e+00,        +0.00000000000000000e+00,        +0.00000000000000000e+00,        +0.00000000000000000e+00,        +0.00000000000000000e+00,        +0.00000000000000000e+00,        +0.00000000000000000e+00,        +0.00000000000000000e+00,        +0.00000000000000000e+00,        +0.00000000000000000e+00,        +0.00000000000000000e+00,        +0.00000000000000000e+00,        +0.00000000000000000e+00,        +0.00000000000000000e+00,        +0.00000000000000000e+00,        +0.00000000000000000e+00,        +0.00000000000000000e+00,        +0.00000000000000000e+00,        +0.00000000000000000e+00,        +0.00000000000000000e+00,        +0.00000000000000000e+00,        +0.00000000000000000e+00,        +0.00000000000000000e+00,        +0.00000000000000000e+00,        +0.00000000000000000e+00,        +0.00000000000000000e+00,        +0.00000000000000000e+00,        +0.00000000000000000e+00,        +0.00000000000000000e+00,        +0.00000000000000000e+00,        +0.00000000000000000e+00,        +0.00000000000000000e+00,        +0.00000000000000000e+00,        +0.00000000000000000e+00,        +0.00000000000000000e+00,        +0.00000000000000000e+00,        +0.00000000000000000e+00,        +0.00000000000000000e+00,        +0.00000000000000000e+00,        +0.00000000000000000e+00,        +0.00000000000000000e+00,        +0.00000000000000000e+00,        +0.00000000000000000e+00,        +0.00000000000000000e+00,        +0.00000000000000000e+00,        +0.00000000000000000e+00,        +0.00000000000000000e+00,        +0.00000000000000000e+00,        +0.00000000000000000e+00,        +0.00000000000000000e+00,        +0.00000000000000000e+00,        +0.00000000000000000e+00,        +0.00000000000000000e+00,        +0.00000000000000000e+00,        +0.00000000000000000e+00,        +0.00000000000000000e+00,        +0.00000000000000000e+00,        +0.00000000000000000e+00,        +0.00000000000000000e+00,        +0.00000000000000000e+00,        +0.00000000000000000e+00,        +0.00000000000000000e+00,        +0.00000000000000000e+00,        +0.00000000000000000e+00,        +0.00000000000000000e+00,        +0.00000000000000000e+00,        +0.00000000000000000e+00,        +0.00000000000000000e+00,        +0.00000000000000000e+00,        +0.00000000000000000e+00,        +0.00000000000000000e+00,        +0.00000000000000000e+00,        +0.00000000000000000e+00,        +0.00000000000000000e+00,        +0.00000000000000000e+00,        +0.00000000000000000e+00,        +0.00000000000000000e+00,        +0.00000000000000000e+00,        +0.00000000000000000e+00,        +0.00000000000000000e+00,        +0.00000000000000000e+00,        +0.00000000000000000e+00,        +0.00000000000000000e+00,        +0.00000000000000000e+00,        +0.00000000000000000e+00,        +0.00000000000000000e+00,        +0.00000000000000000e+00,        +0.00000000000000000e+00,        +0.00000000000000000e+00,        +0.00000000000000000e+00,        +0.00000000000000000e+00,        +0.00000000000000000e+00,        +0.00000000000000000e+00,        +0.00000000000000000e+00,        +0.00000000000000000e+00,        +0.00000000000000000e+00,        +0.00000000000000000e+00,        +0.00000000000000000e+00,        +0.00000000000000000e+00
        +0.00000000000000000e+00,        +0.00000000000000000e+00,        +0.00000000000000000e+00,        +0.00000000000000000e+00,        +0.00000000000000000e+00,        +0.00000000000000000e+00,        +0.00000000000000000e+00,        +0.00000000000000000e+00,        +0.00000000000000000e+00,        +0.00000000000000000e+00,        +0.00000000000000000e+00,        +0.00000000000000000e+00,        +0.00000000000000000e+00,        +0.00000000000000000e+00,        +0.00000000000000000e+00,        +0.00000000000000000e+00,        +0.00000000000000000e+00,        +0.00000000000000000e+00,        +0.00000000000000000e+00,        +0.00000000000000000e+00,        +0.00000000000000000e+00,        +0.00000000000000000e+00,        +0.00000000000000000e+00,        +0.00000000000000000e+00,        +0.00000000000000000e+00,        +0.00000000000000000e+00,        +0.00000000000000000e+00,        +0.00000000000000000e+00,        +0.00000000000000000e+00,        +0.00000000000000000e+00,        +0.00000000000000000e+00,        +0.00000000000000000e+00,        +0.00000000000000000e+00,        +0.00000000000000000e+00,        +0.00000000000000000e+00,        +0.00000000000000000e+00,        +0.00000000000000000e+00,        +0.00000000000000000e+00,        +0.00000000000000000e+00,        +0.00000000000000000e+00,        +0.00000000000000000e+00,        +0.00000000000000000e+00,        +0.00000000000000000e+00,        +0.00000000000000000e+00,        +0.00000000000000000e+00,        +0.00000000000000000e+00,        +0.00000000000000000e+00,        +0.00000000000000000e+00,        +0.00000000000000000e+00,        +0.00000000000000000e+00,        +0.00000000000000000e+00,        +0.00000000000000000e+00,        +0.00000000000000000e+00,        +0.00000000000000000e+00,        +0.00000000000000000e+00,        +0.00000000000000000e+00,        +0.00000000000000000e+00,        +0.00000000000000000e+00,        +0.00000000000000000e+00,        +0.00000000000000000e+00,        +0.00000000000000000e+00,        +0.00000000000000000e+00,        +0.00000000000000000e+00,        +0.00000000000000000e+00,        +0.00000000000000000e+00,        +0.00000000000000000e+00,        +0.00000000000000000e+00,        +0.00000000000000000e+00,        +0.00000000000000000e+00,        +0.00000000000000000e+00,        +0.00000000000000000e+00,        +0.00000000000000000e+00,        +0.00000000000000000e+00,        +0.00000000000000000e+00,        +0.00000000000000000e+00,        +0.00000000000000000e+00,        +0.00000000000000000e+00,        +0.00000000000000000e+00,        +0.00000000000000000e+00,        +0.00000000000000000e+00,        +0.00000000000000000e+00,        +0.00000000000000000e+00,        +0.00000000000000000e+00,        +0.00000000000000000e+00,        +0.00000000000000000e+00,        +0.00000000000000000e+00,        +0.00000000000000000e+00,        +0.00000000000000000e+00,        +0.00000000000000000e+00,        +0.00000000000000000e+00,        +0.00000000000000000e+00,        +0.00000000000000000e+00,        +0.00000000000000000e+00,        +0.00000000000000000e+00,        +0.00000000000000000e+00,        +0.00000000000000000e+00,        +0.00000000000000000e+00,        +0.00000000000000000e+00,        +0.00000000000000000e+00,        +0.00000000000000000e+00,        +0.00000000000000000e+00,        +0.00000000000000000e+00,        +0.00000000000000000e+00,        +0.00000000000000000e+00,        +0.00000000000000000e+00,        +0.00000000000000000e+00,        +0.00000000000000000e+00,        +0.00000000000000000e+00
        +0.00000000000000000e+00,        +0.00000000000000000e+00,        +0.00000000000000000e+00,        +0.00000000000000000e+00,        +0.00000000000000000e+00,        +0.00000000000000000e+00,        +0.00000000000000000e+00,        +0.00000000000000000e+00,        +0.00000000000000000e+00,        +0.00000000000000000e+00,        +0.00000000000000000e+00,        +0.00000000000000000e+00,        +0.00000000000000000e+00,        +0.00000000000000000e+00,        +0.00000000000000000e+00,        +0.00000000000000000e+00,        +0.00000000000000000e+00,        +0.00000000000000000e+00,        +0.00000000000000000e+00,        +0.00000000000000000e+00,        +0.00000000000000000e+00,        +0.00000000000000000e+00,        +0.00000000000000000e+00,        +0.00000000000000000e+00,        +0.00000000000000000e+00,        +0.00000000000000000e+00,        +0.00000000000000000e+00,        +0.00000000000000000e+00,        +0.00000000000000000e+00,        +0.00000000000000000e+00,        +0.00000000000000000e+00,        +0.00000000000000000e+00,        +0.00000000000000000e+00,        +0.00000000000000000e+00,        +0.00000000000000000e+00,        +0.00000000000000000e+00,        +0.00000000000000000e+00,        +0.00000000000000000e+00,        +0.00000000000000000e+00,        +0.00000000000000000e+00,        +0.00000000000000000e+00,        +0.00000000000000000e+00,        +0.00000000000000000e+00,        +0.00000000000000000e+00,        +0.00000000000000000e+00,        +0.00000000000000000e+00,        +0.00000000000000000e+00,        +0.00000000000000000e+00,        +0.00000000000000000e+00,        +0.00000000000000000e+00,        +0.00000000000000000e+00,        +0.00000000000000000e+00,        +0.00000000000000000e+00,        +0.00000000000000000e+00,        +0.00000000000000000e+00,        +0.00000000000000000e+00,        +0.00000000000000000e+00,        +0.00000000000000000e+00,        +0.00000000000000000e+00,        +0.00000000000000000e+00,        +0.00000000000000000e+00,        +0.00000000000000000e+00,        +0.00000000000000000e+00,        +0.00000000000000000e+00,        +0.00000000000000000e+00,        +0.00000000000000000e+00,        +0.00000000000000000e+00,        +0.00000000000000000e+00,        +0.00000000000000000e+00,        +0.00000000000000000e+00,        +0.00000000000000000e+00,        +0.00000000000000000e+00,        +0.00000000000000000e+00,        +0.00000000000000000e+00,        +0.00000000000000000e+00,        +0.00000000000000000e+00,        +0.00000000000000000e+00,        +0.00000000000000000e+00,        +0.00000000000000000e+00,        +0.00000000000000000e+00,        +0.00000000000000000e+00,        +0.00000000000000000e+00,        +0.00000000000000000e+00,        +0.00000000000000000e+00,        +0.00000000000000000e+00,        +0.00000000000000000e+00,        +0.00000000000000000e+00,        +0.00000000000000000e+00,        +0.00000000000000000e+00,        +0.00000000000000000e+00,        +0.00000000000000000e+00,        +0.00000000000000000e+00,        +0.00000000000000000e+00,        +0.00000000000000000e+00,        +0.00000000000000000e+00,        +0.00000000000000000e+00,        +0.00000000000000000e+00,        +0.00000000000000000e+00,        +0.00000000000000000e+00,        +0.00000000000000000e+00,        +0.00000000000000000e+00,        +0.00000000000000000e+00,        +0.00000000000000000e+00,        +0.00000000000000000e+00,        +0.00000000000000000e+00,        +0.00000000000000000e+00,        +0.00000000000000000e+00,        +0.00000000000000000e+00
        +0.00000000000000000e+00,        +0.00000000000000000e+00,        +0.00000000000000000e+00,        +0.00000000000000000e+00,        +0.00000000000000000e+00,        +0.00000000000000000e+00,        +0.00000000000000000e+00,        +0.00000000000000000e+00,        +0.00000000000000000e+00,        +0.00000000000000000e+00,        +0.00000000000000000e+00,        +0.00000000000000000e+00,        +0.00000000000000000e+00,        +0.00000000000000000e+00,        +0.00000000000000000e+00,        +0.00000000000000000e+00,        +0.00000000000000000e+00,        +0.00000000000000000e+00,        +0.00000000000000000e+00,        +0.00000000000000000e+00,        +0.00000000000000000e+00,        +0.00000000000000000e+00,        +0.00000000000000000e+00,        +0.00000000000000000e+00,        +0.00000000000000000e+00,        +0.00000000000000000e+00,        +0.00000000000000000e+00,        +0.00000000000000000e+00,        +0.00000000000000000e+00,        +0.00000000000000000e+00,        +0.00000000000000000e+00,        +0.00000000000000000e+00,        +0.00000000000000000e+00,        +0.00000000000000000e+00,        +0.00000000000000000e+00,        +0.00000000000000000e+00,        +0.00000000000000000e+00,        +0.00000000000000000e+00,        +0.00000000000000000e+00,        +0.00000000000000000e+00,        +0.00000000000000000e+00,        +0.00000000000000000e+00,        +0.00000000000000000e+00,        +0.00000000000000000e+00,        +0.00000000000000000e+00,        +0.00000000000000000e+00,        +0.00000000000000000e+00,        +0.00000000000000000e+00,        +0.00000000000000000e+00,        +0.00000000000000000e+00,        +0.00000000000000000e+00,        +0.00000000000000000e+00,        +0.00000000000000000e+00,        +0.00000000000000000e+00,        +0.00000000000000000e+00,        +0.00000000000000000e+00,        +0.00000000000000000e+00,        +0.00000000000000000e+00,        +0.00000000000000000e+00,        +0.00000000000000000e+00,        +0.00000000000000000e+00,        +0.00000000000000000e+00,        +0.00000000000000000e+00,        +0.00000000000000000e+00,        +0.00000000000000000e+00,        +0.00000000000000000e+00,        +0.00000000000000000e+00,        +0.00000000000000000e+00,        +0.00000000000000000e+00,        +0.00000000000000000e+00,        +0.00000000000000000e+00,        +0.00000000000000000e+00,        +0.00000000000000000e+00,        +0.00000000000000000e+00,        +0.00000000000000000e+00,        +0.00000000000000000e+00,        +0.00000000000000000e+00,        +0.00000000000000000e+00,        +0.00000000000000000e+00,        +0.00000000000000000e+00,        +0.00000000000000000e+00,        +0.00000000000000000e+00,        +0.00000000000000000e+00,        +0.00000000000000000e+00,        +0.00000000000000000e+00,        +0.00000000000000000e+00,        +0.00000000000000000e+00,        +0.00000000000000000e+00,        +0.00000000000000000e+00,        +0.00000000000000000e+00,        +0.00000000000000000e+00,        +0.00000000000000000e+00,        +0.00000000000000000e+00,        +0.00000000000000000e+00,        +0.00000000000000000e+00,        +0.00000000000000000e+00,        +0.00000000000000000e+00,        +0.00000000000000000e+00,        +0.00000000000000000e+00,        +0.00000000000000000e+00,        +0.00000000000000000e+00,        +0.00000000000000000e+00,        +0.00000000000000000e+00,        +0.00000000000000000e+00,        +0.00000000000000000e+00,        +0.00000000000000000e+00,        +0.00000000000000000e+00,        +0.00000000000000000e+00
        +0.00000000000000000e+00,        +0.00000000000000000e+00,        +0.00000000000000000e+00,        +0.00000000000000000e+00,        +0.00000000000000000e+00,        +0.00000000000000000e+00,        +0.00000000000000000e+00,        +0.00000000000000000e+00,        +0.00000000000000000e+00,        +0.00000000000000000e+00,        +0.00000000000000000e+00,        +0.00000000000000000e+00,        +0.00000000000000000e+00,        +0.00000000000000000e+00,        +0.00000000000000000e+00,        +0.00000000000000000e+00,        +0.00000000000000000e+00,        +0.00000000000000000e+00,        +0.00000000000000000e+00,        +0.00000000000000000e+00,        +0.00000000000000000e+00,        +0.00000000000000000e+00,        +0.00000000000000000e+00,        +0.00000000000000000e+00,        +0.00000000000000000e+00,        +0.00000000000000000e+00,        +0.00000000000000000e+00,        +0.00000000000000000e+00,        +0.00000000000000000e+00,        +0.00000000000000000e+00,        +0.00000000000000000e+00,        +0.00000000000000000e+00,        +0.00000000000000000e+00,        +0.00000000000000000e+00,        +0.00000000000000000e+00,        +0.00000000000000000e+00,        +0.00000000000000000e+00,        +0.00000000000000000e+00,        +0.00000000000000000e+00,        +0.00000000000000000e+00,        +0.00000000000000000e+00,        +0.00000000000000000e+00,        +0.00000000000000000e+00,        +0.00000000000000000e+00,        +0.00000000000000000e+00,        +0.00000000000000000e+00,        +0.00000000000000000e+00,        +0.00000000000000000e+00,        +0.00000000000000000e+00,        +0.00000000000000000e+00,        +0.00000000000000000e+00,        +0.00000000000000000e+00,        +0.00000000000000000e+00,        +0.00000000000000000e+00,        +0.00000000000000000e+00,        +0.00000000000000000e+00,        +0.00000000000000000e+00,        +0.00000000000000000e+00,        +0.00000000000000000e+00,        +0.00000000000000000e+00,        +0.00000000000000000e+00,        +0.00000000000000000e+00,        +0.00000000000000000e+00,        +0.00000000000000000e+00,        +0.00000000000000000e+00,        +0.00000000000000000e+00,        +0.00000000000000000e+00,        +0.00000000000000000e+00,        +0.00000000000000000e+00,        +0.00000000000000000e+00,        +0.00000000000000000e+00,        +0.00000000000000000e+00,        +0.00000000000000000e+00,        +0.00000000000000000e+00,        +0.00000000000000000e+00,        +0.00000000000000000e+00,        +0.00000000000000000e+00,        +0.00000000000000000e+00,        +0.00000000000000000e+00,        +0.00000000000000000e+00,        +0.00000000000000000e+00,        +0.00000000000000000e+00,        +0.00000000000000000e+00,        +0.00000000000000000e+00,        +0.00000000000000000e+00,        +0.00000000000000000e+00,        +0.00000000000000000e+00,        +0.00000000000000000e+00,        +0.00000000000000000e+00,        +0.00000000000000000e+00,        +0.00000000000000000e+00,        +0.00000000000000000e+00,        +0.00000000000000000e+00,        +0.00000000000000000e+00,        +0.00000000000000000e+00,        +0.00000000000000000e+00,        +0.00000000000000000e+00,        +0.00000000000000000e+00,        +0.00000000000000000e+00,        +0.00000000000000000e+00,        +0.00000000000000000e+00,        +0.00000000000000000e+00,        +0.00000000000000000e+00,        +0.00000000000000000e+00,        +0.00000000000000000e+00,        +0.00000000000000000e+00,        +0.00000000000000000e+00,        +0.00000000000000000e+00
        +0.00000000000000000e+00,        +0.00000000000000000e+00,        +0.00000000000000000e+00,        +0.00000000000000000e+00,        +0.00000000000000000e+00,        +0.00000000000000000e+00,        +0.00000000000000000e+00,        +0.00000000000000000e+00,        +0.00000000000000000e+00,        +0.00000000000000000e+00,        +0.00000000000000000e+00,        +0.00000000000000000e+00,        +0.00000000000000000e+00,        +0.00000000000000000e+00,        +0.00000000000000000e+00,        +0.00000000000000000e+00,        +0.00000000000000000e+00,        +0.00000000000000000e+00,        +0.00000000000000000e+00,        +0.00000000000000000e+00,        +0.00000000000000000e+00,        +0.00000000000000000e+00,        +0.00000000000000000e+00,        +0.00000000000000000e+00,        +0.00000000000000000e+00,        +0.00000000000000000e+00,        +0.00000000000000000e+00,        +0.00000000000000000e+00,        +0.00000000000000000e+00,        +0.00000000000000000e+00,        +0.00000000000000000e+00,        +0.00000000000000000e+00,        +0.00000000000000000e+00,        +0.00000000000000000e+00,        +0.00000000000000000e+00,        +0.00000000000000000e+00,        +0.00000000000000000e+00,        +0.00000000000000000e+00,        +0.00000000000000000e+00,        +0.00000000000000000e+00,        +0.00000000000000000e+00,        +0.00000000000000000e+00,        +0.00000000000000000e+00,        +0.00000000000000000e+00,        +0.00000000000000000e+00,        +0.00000000000000000e+00,        +0.00000000000000000e+00,        +0.00000000000000000e+00,        +0.00000000000000000e+00,        +0.00000000000000000e+00,        +0.00000000000000000e+00,        +0.00000000000000000e+00,        +0.00000000000000000e+00,        +0.00000000000000000e+00,        +0.00000000000000000e+00,        +0.00000000000000000e+00,        +0.00000000000000000e+00,        +0.00000000000000000e+00,        +0.00000000000000000e+00,        +0.00000000000000000e+00,        +0.00000000000000000e+00,        +0.00000000000000000e+00,        +0.00000000000000000e+00,        +0.00000000000000000e+00,        +0.00000000000000000e+00,        +0.00000000000000000e+00,        +0.00000000000000000e+00,        +0.00000000000000000e+00,        +0.00000000000000000e+00,        +0.00000000000000000e+00,        +0.00000000000000000e+00,        +0.00000000000000000e+00,        +0.00000000000000000e+00,        +0.00000000000000000e+00,        +0.00000000000000000e+00,        +0.00000000000000000e+00,        +0.00000000000000000e+00,        +0.00000000000000000e+00,        +0.00000000000000000e+00,        +0.00000000000000000e+00,        +0.00000000000000000e+00,        +0.00000000000000000e+00,        +0.00000000000000000e+00,        +0.00000000000000000e+00,        +0.00000000000000000e+00,        +0.00000000000000000e+00,        +0.00000000000000000e+00,        +0.00000000000000000e+00,        +0.00000000000000000e+00,        +0.00000000000000000e+00,        +0.00000000000000000e+00,        +0.00000000000000000e+00,        +0.00000000000000000e+00,        +0.00000000000000000e+00,        +0.00000000000000000e+00,        +0.00000000000000000e+00,        +0.00000000000000000e+00,        +0.00000000000000000e+00,        +0.00000000000000000e+00,        +0.00000000000000000e+00,        +0.00000000000000000e+00,        +0.00000000000000000e+00,        +0.00000000000000000e+00,        +0.00000000000000000e+00,        +0.00000000000000000e+00,        +0.00000000000000000e+00,        +0.00000000000000000e+00,        +0.00000000000000000e+00
        +0.00000000000000000e+00,        +0.00000000000000000e+00,        +0.00000000000000000e+00,        +0.00000000000000000e+00,        +0.00000000000000000e+00,        +0.00000000000000000e+00,        +0.00000000000000000e+00,        +0.00000000000000000e+00,        +0.00000000000000000e+00,        +0.00000000000000000e+00,        +0.00000000000000000e+00,        +0.00000000000000000e+00,        +0.00000000000000000e+00,        +0.00000000000000000e+00,        +0.00000000000000000e+00,        +0.00000000000000000e+00,        +0.00000000000000000e+00,        +0.00000000000000000e+00,        +0.00000000000000000e+00,        +0.00000000000000000e+00,        +0.00000000000000000e+00,        +0.00000000000000000e+00,        +0.00000000000000000e+00,        +0.00000000000000000e+00,        +0.00000000000000000e+00,        +0.00000000000000000e+00,        +0.00000000000000000e+00,        +0.00000000000000000e+00,        +0.00000000000000000e+00,        +0.00000000000000000e+00,        +0.00000000000000000e+00,        +0.00000000000000000e+00,        +0.00000000000000000e+00,        +0.00000000000000000e+00,        +0.00000000000000000e+00,        +0.00000000000000000e+00,        +0.00000000000000000e+00,        +0.00000000000000000e+00,        +0.00000000000000000e+00,        +0.00000000000000000e+00,        +0.00000000000000000e+00,        +0.00000000000000000e+00,        +0.00000000000000000e+00,        +0.00000000000000000e+00,        +0.00000000000000000e+00,        +0.00000000000000000e+00,        +0.00000000000000000e+00,        +0.00000000000000000e+00,        +0.00000000000000000e+00,        +0.00000000000000000e+00,        +0.00000000000000000e+00,        +0.00000000000000000e+00,        +0.00000000000000000e+00,        +0.00000000000000000e+00,        +0.00000000000000000e+00,        +0.00000000000000000e+00,        +0.00000000000000000e+00,        +0.00000000000000000e+00,        +0.00000000000000000e+00,        +0.00000000000000000e+00,        +0.00000000000000000e+00,        +0.00000000000000000e+00,        +0.00000000000000000e+00,        +0.00000000000000000e+00,        +0.00000000000000000e+00,        +0.00000000000000000e+00,        +0.00000000000000000e+00,        +0.00000000000000000e+00,        +0.00000000000000000e+00,        +0.00000000000000000e+00,        +0.00000000000000000e+00,        +0.00000000000000000e+00,        +0.00000000000000000e+00,        +0.00000000000000000e+00,        +0.00000000000000000e+00,        +0.00000000000000000e+00,        +0.00000000000000000e+00,        +0.00000000000000000e+00,        +0.00000000000000000e+00,        +0.00000000000000000e+00,        +0.00000000000000000e+00,        +0.00000000000000000e+00,        +0.00000000000000000e+00,        +0.00000000000000000e+00,        +0.00000000000000000e+00,        +0.00000000000000000e+00,        +0.00000000000000000e+00,        +0.00000000000000000e+00,        +0.00000000000000000e+00,        +0.00000000000000000e+00,        +0.00000000000000000e+00,        +0.00000000000000000e+00,        +0.00000000000000000e+00,        +0.00000000000000000e+00,        +0.00000000000000000e+00,        +0.00000000000000000e+00,        +0.00000000000000000e+00,        +0.00000000000000000e+00,        +0.00000000000000000e+00,        +0.00000000000000000e+00,        +0.00000000000000000e+00,        +0.00000000000000000e+00,        +0.00000000000000000e+00,        +0.00000000000000000e+00,        +0.00000000000000000e+00,        +0.00000000000000000e+00,        +0.00000000000000000e+00,        +0.00000000000000000e+00
        +0.00000000000000000e+00,        +0.00000000000000000e+00,        +0.00000000000000000e+00,        +0.00000000000000000e+00,        +0.00000000000000000e+00,        +0.00000000000000000e+00,        +0.00000000000000000e+00,        +0.00000000000000000e+00,        +0.00000000000000000e+00,        +0.00000000000000000e+00,        +0.00000000000000000e+00,        +0.00000000000000000e+00,        +0.00000000000000000e+00,        +0.00000000000000000e+00,        +0.00000000000000000e+00,        +0.00000000000000000e+00,        +0.00000000000000000e+00,        +0.00000000000000000e+00,        +0.00000000000000000e+00,        +0.00000000000000000e+00,        +0.00000000000000000e+00,        +0.00000000000000000e+00,        +0.00000000000000000e+00,        +0.00000000000000000e+00,        +0.00000000000000000e+00,        +0.00000000000000000e+00,        +0.00000000000000000e+00,        +0.00000000000000000e+00,        +0.00000000000000000e+00,        +0.00000000000000000e+00,        +0.00000000000000000e+00,        +0.00000000000000000e+00,        +0.00000000000000000e+00,        +0.00000000000000000e+00,        +0.00000000000000000e+00,        +0.00000000000000000e+00,        +0.00000000000000000e+00,        +0.00000000000000000e+00,        +0.00000000000000000e+00,        +0.00000000000000000e+00,        +0.00000000000000000e+00,        +0.00000000000000000e+00,        +0.00000000000000000e+00,        +0.00000000000000000e+00,        +0.00000000000000000e+00,        +0.00000000000000000e+00,        +0.00000000000000000e+00,        +0.00000000000000000e+00,        +0.00000000000000000e+00,        +0.00000000000000000e+00,        +0.00000000000000000e+00,        +0.00000000000000000e+00,        +0.00000000000000000e+00,        +0.00000000000000000e+00,        +0.00000000000000000e+00,        +0.00000000000000000e+00,        +0.00000000000000000e+00,        +0.00000000000000000e+00,        +0.00000000000000000e+00,        +0.00000000000000000e+00,        +0.00000000000000000e+00,        +0.00000000000000000e+00,        +0.00000000000000000e+00,        +0.00000000000000000e+00,        +0.00000000000000000e+00,        +0.00000000000000000e+00,        +0.00000000000000000e+00,        +0.00000000000000000e+00,        +0.00000000000000000e+00,        +0.00000000000000000e+00,        +0.00000000000000000e+00,        +0.00000000000000000e+00,        +0.00000000000000000e+00,        +0.00000000000000000e+00,        +0.00000000000000000e+00,        +0.00000000000000000e+00,        +0.00000000000000000e+00,        +0.00000000000000000e+00,        +0.00000000000000000e+00,        +0.00000000000000000e+00,        +0.00000000000000000e+00,        +0.00000000000000000e+00,        +0.00000000000000000e+00,        +0.00000000000000000e+00,        +0.00000000000000000e+00,        +0.00000000000000000e+00,        +0.00000000000000000e+00,        +0.00000000000000000e+00,        +0.00000000000000000e+00,        +0.00000000000000000e+00,        +0.00000000000000000e+00,        +0.00000000000000000e+00,        +0.00000000000000000e+00,        +0.00000000000000000e+00,        +0.00000000000000000e+00,        +0.00000000000000000e+00,        +0.00000000000000000e+00,        +0.00000000000000000e+00,        +0.00000000000000000e+00,        +0.00000000000000000e+00,        +0.00000000000000000e+00,        +0.00000000000000000e+00,        +0.00000000000000000e+00,        +0.00000000000000000e+00,        +0.00000000000000000e+00,        +0.00000000000000000e+00,        +0.00000000000000000e+00,        +0.00000000000000000e+00
        +0.00000000000000000e+00,        +0.00000000000000000e+00,        +0.00000000000000000e+00,        +0.00000000000000000e+00,        +0.00000000000000000e+00,        +0.00000000000000000e+00,        +0.00000000000000000e+00,        +0.00000000000000000e+00,        +0.00000000000000000e+00,        +0.00000000000000000e+00,        +0.00000000000000000e+00,        +0.00000000000000000e+00,        +0.00000000000000000e+00,        +0.00000000000000000e+00,        +0.00000000000000000e+00,        +0.00000000000000000e+00,        +0.00000000000000000e+00,        +0.00000000000000000e+00,        +0.00000000000000000e+00,        +0.00000000000000000e+00,        +0.00000000000000000e+00,        +0.00000000000000000e+00,        +0.00000000000000000e+00,        +0.00000000000000000e+00,        +0.00000000000000000e+00,        +0.00000000000000000e+00,        +0.00000000000000000e+00,        +0.00000000000000000e+00,        +0.00000000000000000e+00,        +0.00000000000000000e+00,        +0.00000000000000000e+00,        +0.00000000000000000e+00,        +0.00000000000000000e+00,        +0.00000000000000000e+00,        +0.00000000000000000e+00,        +0.00000000000000000e+00,        +0.00000000000000000e+00,        +0.00000000000000000e+00,        +0.00000000000000000e+00,        +0.00000000000000000e+00,        +0.00000000000000000e+00,        +0.00000000000000000e+00,        +0.00000000000000000e+00,        +0.00000000000000000e+00,        +0.00000000000000000e+00,        +0.00000000000000000e+00,        +0.00000000000000000e+00,        +0.00000000000000000e+00,        +0.00000000000000000e+00,        +0.00000000000000000e+00,        +0.00000000000000000e+00,        +0.00000000000000000e+00,        +0.00000000000000000e+00,        +0.00000000000000000e+00,        +0.00000000000000000e+00,        +0.00000000000000000e+00,        +0.00000000000000000e+00,        +0.00000000000000000e+00,        +0.00000000000000000e+00,        +0.00000000000000000e+00,        +0.00000000000000000e+00,        +0.00000000000000000e+00,        +0.00000000000000000e+00,        +0.00000000000000000e+00,        +0.00000000000000000e+00,        +0.00000000000000000e+00,        +0.00000000000000000e+00,        +0.00000000000000000e+00,        +0.00000000000000000e+00,        +0.00000000000000000e+00,        +0.00000000000000000e+00,        +0.00000000000000000e+00,        +0.00000000000000000e+00,        +0.00000000000000000e+00,        +0.00000000000000000e+00,        +0.00000000000000000e+00,        +0.00000000000000000e+00,        +0.00000000000000000e+00,        +0.00000000000000000e+00,        +0.00000000000000000e+00,        +0.00000000000000000e+00,        +0.00000000000000000e+00,        +0.00000000000000000e+00,        +0.00000000000000000e+00,        +0.00000000000000000e+00,        +0.00000000000000000e+00,        +0.00000000000000000e+00,        +0.00000000000000000e+00,        +0.00000000000000000e+00,        +0.00000000000000000e+00,        +0.00000000000000000e+00,        +0.00000000000000000e+00,        +0.00000000000000000e+00,        +0.00000000000000000e+00,        +0.00000000000000000e+00,        +0.00000000000000000e+00,        +0.00000000000000000e+00,        +0.00000000000000000e+00,        +0.00000000000000000e+00,        +0.00000000000000000e+00,        +0.00000000000000000e+00,        +0.00000000000000000e+00,        +0.00000000000000000e+00,        +0.00000000000000000e+00,        +0.00000000000000000e+00,        +0.00000000000000000e+00,        +0.00000000000000000e+00,        +0.00000000000000000e+00
        +0.00000000000000000e+00,        +0.00000000000000000e+00,        +0.00000000000000000e+00,        +0.00000000000000000e+00,        +0.00000000000000000e+00,        +0.00000000000000000e+00,        +0.00000000000000000e+00,        +0.00000000000000000e+00,        +0.00000000000000000e+00,        +0.00000000000000000e+00,        +0.00000000000000000e+00,        +0.00000000000000000e+00,        +0.00000000000000000e+00,        +0.00000000000000000e+00,        +0.00000000000000000e+00,        +0.00000000000000000e+00,        +0.00000000000000000e+00,        +0.00000000000000000e+00,        +0.00000000000000000e+00,        +0.00000000000000000e+00,        +0.00000000000000000e+00,        +0.00000000000000000e+00,        +0.00000000000000000e+00,        +0.00000000000000000e+00,        +0.00000000000000000e+00,        +0.00000000000000000e+00,        +0.00000000000000000e+00,        +0.00000000000000000e+00,        +0.00000000000000000e+00,        +0.00000000000000000e+00,        +0.00000000000000000e+00,        +0.00000000000000000e+00,        +0.00000000000000000e+00,        +0.00000000000000000e+00,        +0.00000000000000000e+00,        +0.00000000000000000e+00,        +0.00000000000000000e+00,        +0.00000000000000000e+00,        +0.00000000000000000e+00,        +0.00000000000000000e+00,        +0.00000000000000000e+00,        +0.00000000000000000e+00,        +0.00000000000000000e+00,        +0.00000000000000000e+00,        +0.00000000000000000e+00,        +0.00000000000000000e+00,        +0.00000000000000000e+00,        +0.00000000000000000e+00,        +0.00000000000000000e+00,        +0.00000000000000000e+00,        +0.00000000000000000e+00,        +0.00000000000000000e+00,        +0.00000000000000000e+00,        +0.00000000000000000e+00,        +0.00000000000000000e+00,        +0.00000000000000000e+00,        +0.00000000000000000e+00,        +0.00000000000000000e+00,        +0.00000000000000000e+00,        +0.00000000000000000e+00,        +0.00000000000000000e+00,        +0.00000000000000000e+00,        +0.00000000000000000e+00,        +0.00000000000000000e+00,        +0.00000000000000000e+00,        +0.00000000000000000e+00,        +0.00000000000000000e+00,        +0.00000000000000000e+00,        +0.00000000000000000e+00,        +0.00000000000000000e+00,        +0.00000000000000000e+00,        +0.00000000000000000e+00,        +0.00000000000000000e+00,        +0.00000000000000000e+00,        +0.00000000000000000e+00,        +0.00000000000000000e+00,        +0.00000000000000000e+00,        +0.00000000000000000e+00,        +0.00000000000000000e+00,        +0.00000000000000000e+00,        +0.00000000000000000e+00,        +0.00000000000000000e+00,        +0.00000000000000000e+00,        +0.00000000000000000e+00,        +0.00000000000000000e+00,        +0.00000000000000000e+00,        +0.00000000000000000e+00,        +0.00000000000000000e+00,        +0.00000000000000000e+00,        +0.00000000000000000e+00,        +0.00000000000000000e+00,        +0.00000000000000000e+00,        +0.00000000000000000e+00,        +0.00000000000000000e+00,        +0.00000000000000000e+00,        +0.00000000000000000e+00,        +0.00000000000000000e+00,        +0.00000000000000000e+00,        +0.00000000000000000e+00,        +0.00000000000000000e+00,        +0.00000000000000000e+00,        +0.00000000000000000e+00,        +0.00000000000000000e+00,        +0.00000000000000000e+00,        +0.00000000000000000e+00,        +0.00000000000000000e+00,        +0.00000000000000000e+00,        +0.00000000000000000e+00
        +0.00000000000000000e+00,        +0.00000000000000000e+00,        +0.00000000000000000e+00,        +0.00000000000000000e+00,        +0.00000000000000000e+00,        +0.00000000000000000e+00,        +0.00000000000000000e+00,        +0.00000000000000000e+00,        +0.00000000000000000e+00,        +0.00000000000000000e+00,        +0.00000000000000000e+00,        +0.00000000000000000e+00,        +0.00000000000000000e+00,        +0.00000000000000000e+00,        +0.00000000000000000e+00,        +0.00000000000000000e+00,        +0.00000000000000000e+00,        +0.00000000000000000e+00,        +0.00000000000000000e+00,        +0.00000000000000000e+00,        +0.00000000000000000e+00,        +0.00000000000000000e+00,        +0.00000000000000000e+00,        +0.00000000000000000e+00,        +0.00000000000000000e+00,        +0.00000000000000000e+00,        +0.00000000000000000e+00,        +0.00000000000000000e+00,        +0.00000000000000000e+00,        +0.00000000000000000e+00,        +0.00000000000000000e+00,        +0.00000000000000000e+00,        +0.00000000000000000e+00,        +0.00000000000000000e+00,        +0.00000000000000000e+00,        +0.00000000000000000e+00,        +0.00000000000000000e+00,        +0.00000000000000000e+00,        +0.00000000000000000e+00,        +0.00000000000000000e+00,        +0.00000000000000000e+00,        +0.00000000000000000e+00,        +0.00000000000000000e+00,        +0.00000000000000000e+00,        +0.00000000000000000e+00,        +0.00000000000000000e+00,        +0.00000000000000000e+00,        +0.00000000000000000e+00,        +0.00000000000000000e+00,        +0.00000000000000000e+00,        +0.00000000000000000e+00,        +0.00000000000000000e+00,        +0.00000000000000000e+00,        +0.00000000000000000e+00,        +0.00000000000000000e+00,        +0.00000000000000000e+00,        +0.00000000000000000e+00,        +0.00000000000000000e+00,        +0.00000000000000000e+00,        +0.00000000000000000e+00,        +0.00000000000000000e+00,        +0.00000000000000000e+00,        +0.00000000000000000e+00,        +0.00000000000000000e+00,        +0.00000000000000000e+00,        +0.00000000000000000e+00,        +0.00000000000000000e+00,        +0.00000000000000000e+00,        +0.00000000000000000e+00,        +0.00000000000000000e+00,        +0.00000000000000000e+00,        +0.00000000000000000e+00,        +0.00000000000000000e+00,        +0.00000000000000000e+00,        +0.00000000000000000e+00,        +0.00000000000000000e+00,        +0.00000000000000000e+00,        +0.00000000000000000e+00,        +0.00000000000000000e+00,        +0.00000000000000000e+00,        +0.00000000000000000e+00,        +0.00000000000000000e+00,        +0.00000000000000000e+00,        +0.00000000000000000e+00,        +0.00000000000000000e+00,        +0.00000000000000000e+00,        +0.00000000000000000e+00,        +0.00000000000000000e+00,        +0.00000000000000000e+00,        +0.00000000000000000e+00,        +0.00000000000000000e+00,        +0.00000000000000000e+00,        +0.00000000000000000e+00,        +0.00000000000000000e+00,        +0.00000000000000000e+00,        +0.00000000000000000e+00,        +0.00000000000000000e+00,        +0.00000000000000000e+00,        +0.00000000000000000e+00,        +0.00000000000000000e+00,        +0.00000000000000000e+00,        +0.00000000000000000e+00,        +0.00000000000000000e+00,        +0.00000000000000000e+00,        +0.00000000000000000e+00,        +0.00000000000000000e+00,        +0.00000000000000000e+00,        +0.00000000000000000e+00
        +0.00000000000000000e+00,        +0.00000000000000000e+00,        +0.00000000000000000e+00,        +0.00000000000000000e+00,        +0.00000000000000000e+00,        +0.00000000000000000e+00,        +0.00000000000000000e+00,        +0.00000000000000000e+00,        +0.00000000000000000e+00,        +0.00000000000000000e+00,        +0.00000000000000000e+00,        +0.00000000000000000e+00,        +0.00000000000000000e+00,        +0.00000000000000000e+00,        +0.00000000000000000e+00,        +0.00000000000000000e+00,        +0.00000000000000000e+00,        +0.00000000000000000e+00,        +0.00000000000000000e+00,        +0.00000000000000000e+00,        +0.00000000000000000e+00,        +0.00000000000000000e+00,        +0.00000000000000000e+00,        +0.00000000000000000e+00,        +0.00000000000000000e+00,        +0.00000000000000000e+00,        +0.00000000000000000e+00,        +0.00000000000000000e+00,        +0.00000000000000000e+00,        +0.00000000000000000e+00,        +0.00000000000000000e+00,        +0.00000000000000000e+00,        +0.00000000000000000e+00,        +0.00000000000000000e+00,        +0.00000000000000000e+00,        +0.00000000000000000e+00,        +0.00000000000000000e+00,        +0.00000000000000000e+00,        +0.00000000000000000e+00,        +0.00000000000000000e+00,        +0.00000000000000000e+00,        +0.00000000000000000e+00,        +0.00000000000000000e+00,        +0.00000000000000000e+00,        +0.00000000000000000e+00,        +0.00000000000000000e+00,        +0.00000000000000000e+00,        +0.00000000000000000e+00,        +0.00000000000000000e+00,        +0.00000000000000000e+00,        +0.00000000000000000e+00,        +0.00000000000000000e+00,        +0.00000000000000000e+00,        +0.00000000000000000e+00,        +0.00000000000000000e+00,        +0.00000000000000000e+00,        +0.00000000000000000e+00,        +0.00000000000000000e+00,        +0.00000000000000000e+00,        +0.00000000000000000e+00,        +0.00000000000000000e+00,        +0.00000000000000000e+00,        +0.00000000000000000e+00,        +0.00000000000000000e+00,        +0.00000000000000000e+00,        +0.00000000000000000e+00,        +0.00000000000000000e+00,        +0.00000000000000000e+00,        +0.00000000000000000e+00,        +0.00000000000000000e+00,        +0.00000000000000000e+00,        +0.00000000000000000e+00,        +0.00000000000000000e+00,        +0.00000000000000000e+00,        +0.00000000000000000e+00,        +0.00000000000000000e+00,        +0.00000000000000000e+00,        +0.00000000000000000e+00,        +0.00000000000000000e+00,        +0.00000000000000000e+00,        +0.00000000000000000e+00,        +0.00000000000000000e+00,        +0.00000000000000000e+00,        +0.00000000000000000e+00,        +0.00000000000000000e+00,        +0.00000000000000000e+00,        +0.00000000000000000e+00,        +0.00000000000000000e+00,        +0.00000000000000000e+00,        +0.00000000000000000e+00,        +0.00000000000000000e+00,        +0.00000000000000000e+00,        +0.00000000000000000e+00,        +0.00000000000000000e+00,        +0.00000000000000000e+00,        +0.00000000000000000e+00,        +0.00000000000000000e+00,        +0.00000000000000000e+00,        +0.00000000000000000e+00,        +0.00000000000000000e+00,        +0.00000000000000000e+00,        +0.00000000000000000e+00,        +0.00000000000000000e+00,        +0.00000000000000000e+00,        +0.00000000000000000e+00,        +0.00000000000000000e+00,        +0.00000000000000000e+00,        +0.00000000000000000e+00
        +0.00000000000000000e+00,        +0.00000000000000000e+00,        +0.00000000000000000e+00,        +0.00000000000000000e+00,        +0.00000000000000000e+00,        +0.00000000000000000e+00,        +0.00000000000000000e+00,        +0.00000000000000000e+00,        +0.00000000000000000e+00,        +0.00000000000000000e+00,        +0.00000000000000000e+00,        +0.00000000000000000e+00,        +0.00000000000000000e+00,        +0.00000000000000000e+00,        +0.00000000000000000e+00,        +0.00000000000000000e+00,        +0.00000000000000000e+00,        +0.00000000000000000e+00,        +0.00000000000000000e+00,        +0.00000000000000000e+00,        +0.00000000000000000e+00,        +0.00000000000000000e+00,        +0.00000000000000000e+00,        +0.00000000000000000e+00,        +0.00000000000000000e+00,        +0.00000000000000000e+00,        +0.00000000000000000e+00,        +0.00000000000000000e+00,        +0.00000000000000000e+00,        +0.00000000000000000e+00,        +0.00000000000000000e+00,        +0.00000000000000000e+00,        +0.00000000000000000e+00,        +0.00000000000000000e+00,        +0.00000000000000000e+00,        +0.00000000000000000e+00,        +0.00000000000000000e+00,        +0.00000000000000000e+00,        +0.00000000000000000e+00,        +0.00000000000000000e+00,        +0.00000000000000000e+00,        +0.00000000000000000e+00,        +0.00000000000000000e+00,        +0.00000000000000000e+00,        +0.00000000000000000e+00,        +0.00000000000000000e+00,        +0.00000000000000000e+00,        +0.00000000000000000e+00,        +0.00000000000000000e+00,        +0.00000000000000000e+00,        +0.00000000000000000e+00,        +0.00000000000000000e+00,        +0.00000000000000000e+00,        +0.00000000000000000e+00,        +0.00000000000000000e+00,        +0.00000000000000000e+00,        +0.00000000000000000e+00,        +0.00000000000000000e+00,        +0.00000000000000000e+00,        +0.00000000000000000e+00,        +0.00000000000000000e+00,        +0.00000000000000000e+00,        +0.00000000000000000e+00,        +0.00000000000000000e+00,        +0.00000000000000000e+00,        +0.00000000000000000e+00,        +0.00000000000000000e+00,        +0.00000000000000000e+00,        +0.00000000000000000e+00,        +0.00000000000000000e+00,        +0.00000000000000000e+00,        +0.00000000000000000e+00,        +0.00000000000000000e+00,        +0.00000000000000000e+00,        +0.00000000000000000e+00,        +0.00000000000000000e+00,        +0.00000000000000000e+00,        +0.00000000000000000e+00,        +0.00000000000000000e+00,        +0.00000000000000000e+00,        +0.00000000000000000e+00,        +0.00000000000000000e+00,        +0.00000000000000000e+00,        +0.00000000000000000e+00,        +0.00000000000000000e+00,        +0.00000000000000000e+00,        +0.00000000000000000e+00,        +0.00000000000000000e+00,        +0.00000000000000000e+00,        +0.00000000000000000e+00,        +0.00000000000000000e+00,        +0.00000000000000000e+00,        +0.00000000000000000e+00,        +0.00000000000000000e+00,        +0.00000000000000000e+00,        +0.00000000000000000e+00,        +0.00000000000000000e+00,        +0.00000000000000000e+00,        +0.00000000000000000e+00,        +0.00000000000000000e+00,        +0.00000000000000000e+00,        +0.00000000000000000e+00,        +0.00000000000000000e+00,        +0.00000000000000000e+00,        +0.00000000000000000e+00,        +0.00000000000000000e+00,        +0.00000000000000000e+00,        +0.00000000000000000e+00
        +0.00000000000000000e+00,        +0.00000000000000000e+00,        +0.00000000000000000e+00,        +0.00000000000000000e+00,        +0.00000000000000000e+00,        +0.00000000000000000e+00,        +0.00000000000000000e+00,        +0.00000000000000000e+00,        +0.00000000000000000e+00,        +0.00000000000000000e+00,        +0.00000000000000000e+00,        +0.00000000000000000e+00,        +0.00000000000000000e+00,        +0.00000000000000000e+00,        +0.00000000000000000e+00,        +0.00000000000000000e+00,        +0.00000000000000000e+00,        +0.00000000000000000e+00,        +0.00000000000000000e+00,        +0.00000000000000000e+00,        +0.00000000000000000e+00,        +0.00000000000000000e+00,        +0.00000000000000000e+00,        +0.00000000000000000e+00,        +0.00000000000000000e+00,        +0.00000000000000000e+00,        +0.00000000000000000e+00,        +0.00000000000000000e+00,        +0.00000000000000000e+00,        +0.00000000000000000e+00,        +0.00000000000000000e+00,        +0.00000000000000000e+00,        +0.00000000000000000e+00,        +0.00000000000000000e+00,        +0.00000000000000000e+00,        +0.00000000000000000e+00,        +0.00000000000000000e+00,        +0.00000000000000000e+00,        +0.00000000000000000e+00,        +0.00000000000000000e+00,        +0.00000000000000000e+00,        +0.00000000000000000e+00,        +0.00000000000000000e+00,        +0.00000000000000000e+00,        +0.00000000000000000e+00,        +0.00000000000000000e+00,        +0.00000000000000000e+00,        +0.00000000000000000e+00,        +0.00000000000000000e+00,        +0.00000000000000000e+00,        +0.00000000000000000e+00,        +0.00000000000000000e+00,        +0.00000000000000000e+00,        +0.00000000000000000e+00,        +0.00000000000000000e+00,        +0.00000000000000000e+00,        +0.00000000000000000e+00,        +0.00000000000000000e+00,        +0.00000000000000000e+00,        +0.00000000000000000e+00,        +0.00000000000000000e+00,        +0.00000000000000000e+00,        +0.00000000000000000e+00,        +0.00000000000000000e+00,        +0.00000000000000000e+00,        +0.00000000000000000e+00,        +0.00000000000000000e+00,        +0.00000000000000000e+00,        +0.00000000000000000e+00,        +0.00000000000000000e+00,        +0.00000000000000000e+00,        +0.00000000000000000e+00,        +0.00000000000000000e+00,        +0.00000000000000000e+00,        +0.00000000000000000e+00,        +0.00000000000000000e+00,        +0.00000000000000000e+00,        +0.00000000000000000e+00,        +0.00000000000000000e+00,        +0.00000000000000000e+00,        +0.00000000000000000e+00,        +0.00000000000000000e+00,        +0.00000000000000000e+00,        +0.00000000000000000e+00,        +0.00000000000000000e+00,        +0.00000000000000000e+00,        +0.00000000000000000e+00,        +0.00000000000000000e+00,        +0.00000000000000000e+00,        +0.00000000000000000e+00,        +0.00000000000000000e+00,        +0.00000000000000000e+00,        +0.00000000000000000e+00,        +0.00000000000000000e+00,        +0.00000000000000000e+00,        +0.00000000000000000e+00,        +0.00000000000000000e+00,        +0.00000000000000000e+00,        +0.00000000000000000e+00,        +0.00000000000000000e+00,        +0.00000000000000000e+00,        +0.00000000000000000e+00,        +0.00000000000000000e+00,        +0.00000000000000000e+00,        +0.00000000000000000e+00,        +0.00000000000000000e+00,        +0.00000000000000000e+00,        +0.00000000000000000e+00
        +0.00000000000000000e+00,        +0.00000000000000000e+00,        +0.00000000000000000e+00,        +0.00000000000000000e+00,        +0.00000000000000000e+00,        +0.00000000000000000e+00,        +0.00000000000000000e+00,        +0.00000000000000000e+00,        +0.00000000000000000e+00,        +0.00000000000000000e+00,        +0.00000000000000000e+00,        +0.00000000000000000e+00,        +0.00000000000000000e+00,        +0.00000000000000000e+00,        +0.00000000000000000e+00,        +0.00000000000000000e+00,        +0.00000000000000000e+00,        +0.00000000000000000e+00,        +0.00000000000000000e+00,        +0.00000000000000000e+00,        +0.00000000000000000e+00,        +0.00000000000000000e+00,        +0.00000000000000000e+00,        +0.00000000000000000e+00,        +0.00000000000000000e+00,        +0.00000000000000000e+00,        +0.00000000000000000e+00,        +0.00000000000000000e+00,        +0.00000000000000000e+00,        +0.00000000000000000e+00,        +0.00000000000000000e+00,        +0.00000000000000000e+00,        +0.00000000000000000e+00,        +0.00000000000000000e+00,        +0.00000000000000000e+00,        +0.00000000000000000e+00,        +0.00000000000000000e+00,        +0.00000000000000000e+00,        +0.00000000000000000e+00,        +0.00000000000000000e+00,        +0.00000000000000000e+00,        +0.00000000000000000e+00,        +0.00000000000000000e+00,        +0.00000000000000000e+00,        +0.00000000000000000e+00,        +0.00000000000000000e+00,        +0.00000000000000000e+00,        +0.00000000000000000e+00,        +0.00000000000000000e+00,        +0.00000000000000000e+00,        +0.00000000000000000e+00,        +0.00000000000000000e+00,        +0.00000000000000000e+00,        +0.00000000000000000e+00,        +0.00000000000000000e+00,        +0.00000000000000000e+00,        +0.00000000000000000e+00,        +0.00000000000000000e+00,        +0.00000000000000000e+00,        +0.00000000000000000e+00,        +0.00000000000000000e+00,        +0.00000000000000000e+00,        +0.00000000000000000e+00,        +0.00000000000000000e+00,        +0.00000000000000000e+00,        +0.00000000000000000e+00,        +0.00000000000000000e+00,        +0.00000000000000000e+00,        +0.00000000000000000e+00,        +0.00000000000000000e+00,        +0.00000000000000000e+00,        +0.00000000000000000e+00,        +0.00000000000000000e+00,        +0.00000000000000000e+00,        +0.00000000000000000e+00,        +0.00000000000000000e+00,        +0.00000000000000000e+00,        +0.00000000000000000e+00,        +0.00000000000000000e+00,        +0.00000000000000000e+00,        +0.00000000000000000e+00,        +0.00000000000000000e+00,        +0.00000000000000000e+00,        +0.00000000000000000e+00,        +0.00000000000000000e+00,        +0.00000000000000000e+00,        +0.00000000000000000e+00,        +0.00000000000000000e+00,        +0.00000000000000000e+00,        +0.00000000000000000e+00,        +0.00000000000000000e+00,        +0.00000000000000000e+00,        +0.00000000000000000e+00,        +0.00000000000000000e+00,        +0.00000000000000000e+00,        +0.00000000000000000e+00,        +0.00000000000000000e+00,        +0.00000000000000000e+00,        +0.00000000000000000e+00,        +0.00000000000000000e+00,        +0.00000000000000000e+00,        +0.00000000000000000e+00,        +0.00000000000000000e+00,        +0.00000000000000000e+00,        +0.00000000000000000e+00,        +0.00000000000000000e+00,        +0.00000000000000000e+00,        +0.00000000000000000e+00
        +0.00000000000000000e+00,        +0.00000000000000000e+00,        +0.00000000000000000e+00,        +0.00000000000000000e+00,        +0.00000000000000000e+00,        +0.00000000000000000e+00,        +0.00000000000000000e+00,        +0.00000000000000000e+00,        +0.00000000000000000e+00,        +0.00000000000000000e+00,        +0.00000000000000000e+00,        +0.00000000000000000e+00,        +0.00000000000000000e+00,        +0.00000000000000000e+00,        +0.00000000000000000e+00,        +0.00000000000000000e+00,        +0.00000000000000000e+00,        +0.00000000000000000e+00,        +0.00000000000000000e+00,        +0.00000000000000000e+00,        +0.00000000000000000e+00,        +0.00000000000000000e+00,        +0.00000000000000000e+00,        +0.00000000000000000e+00,        +0.00000000000000000e+00,        +0.00000000000000000e+00,        +0.00000000000000000e+00,        +0.00000000000000000e+00,        +0.00000000000000000e+00,        +0.00000000000000000e+00,        +0.00000000000000000e+00,        +0.00000000000000000e+00,        +0.00000000000000000e+00,        +0.00000000000000000e+00,        +0.00000000000000000e+00,        +0.00000000000000000e+00,        +0.00000000000000000e+00,        +0.00000000000000000e+00,        +0.00000000000000000e+00,        +0.00000000000000000e+00,        +0.00000000000000000e+00,        +0.00000000000000000e+00,        +0.00000000000000000e+00,        +0.00000000000000000e+00,        +0.00000000000000000e+00,        +0.00000000000000000e+00,        +0.00000000000000000e+00,        +0.00000000000000000e+00,        +0.00000000000000000e+00,        +0.00000000000000000e+00,        +0.00000000000000000e+00,        +0.00000000000000000e+00,        +0.00000000000000000e+00,        +0.00000000000000000e+00,        +0.00000000000000000e+00,        +0.00000000000000000e+00,        +0.00000000000000000e+00,        +0.00000000000000000e+00,        +0.00000000000000000e+00,        +0.00000000000000000e+00,        +0.00000000000000000e+00,        +0.00000000000000000e+00,        +0.00000000000000000e+00,        +0.00000000000000000e+00,        +0.00000000000000000e+00,        +0.00000000000000000e+00,        +0.00000000000000000e+00,        +0.00000000000000000e+00,        +0.00000000000000000e+00,        +0.00000000000000000e+00,        +0.00000000000000000e+00,        +0.00000000000000000e+00,        +0.00000000000000000e+00,        +0.00000000000000000e+00,        +0.00000000000000000e+00,        +0.00000000000000000e+00,        +0.00000000000000000e+00,        +0.00000000000000000e+00,        +0.00000000000000000e+00,        +0.00000000000000000e+00,        +0.00000000000000000e+00,        +0.00000000000000000e+00,        +0.00000000000000000e+00,        +0.00000000000000000e+00,        +0.00000000000000000e+00,        +0.00000000000000000e+00,        +0.00000000000000000e+00,        +0.00000000000000000e+00,        +0.00000000000000000e+00,        +0.00000000000000000e+00,        +0.00000000000000000e+00,        +0.00000000000000000e+00,        +0.00000000000000000e+00,        +0.00000000000000000e+00,        +0.00000000000000000e+00,        +0.00000000000000000e+00,        +0.00000000000000000e+00,        +0.00000000000000000e+00,        +0.00000000000000000e+00,        +0.00000000000000000e+00,        +0.00000000000000000e+00,        +0.00000000000000000e+00,        +0.00000000000000000e+00,        +0.00000000000000000e+00,        +0.00000000000000000e+00,        +0.00000000000000000e+00,        +0.00000000000000000e+00,        +0.00000000000000000e+00
        +0.00000000000000000e+00,        +0.00000000000000000e+00,        +0.00000000000000000e+00,        +0.00000000000000000e+00,        +0.00000000000000000e+00,        +0.00000000000000000e+00,        +0.00000000000000000e+00,        +0.00000000000000000e+00,        +0.00000000000000000e+00,        +0.00000000000000000e+00,        +0.00000000000000000e+00,        +0.00000000000000000e+00,        +0.00000000000000000e+00,        +0.00000000000000000e+00,        +0.00000000000000000e+00,        +0.00000000000000000e+00,        +0.00000000000000000e+00,        +0.00000000000000000e+00,        +0.00000000000000000e+00,        +0.00000000000000000e+00,        +0.00000000000000000e+00,        +0.00000000000000000e+00,        +0.00000000000000000e+00,        +0.00000000000000000e+00,        +0.00000000000000000e+00,        +0.00000000000000000e+00,        +0.00000000000000000e+00,        +0.00000000000000000e+00,        +0.00000000000000000e+00,        +0.00000000000000000e+00,        +0.00000000000000000e+00,        +0.00000000000000000e+00,        +0.00000000000000000e+00,        +0.00000000000000000e+00,        +0.00000000000000000e+00,        +0.00000000000000000e+00,        +0.00000000000000000e+00,        +0.00000000000000000e+00,        +0.00000000000000000e+00,        +0.00000000000000000e+00,        +0.00000000000000000e+00,        +0.00000000000000000e+00,        +0.00000000000000000e+00,        +0.00000000000000000e+00,        +0.00000000000000000e+00,        +0.00000000000000000e+00,        +0.00000000000000000e+00,        +0.00000000000000000e+00,        +0.00000000000000000e+00,        +0.00000000000000000e+00,        +0.00000000000000000e+00,        +0.00000000000000000e+00,        +0.00000000000000000e+00,        +0.00000000000000000e+00,        +0.00000000000000000e+00,        +0.00000000000000000e+00,        +0.00000000000000000e+00,        +0.00000000000000000e+00,        +0.00000000000000000e+00,        +0.00000000000000000e+00,        +0.00000000000000000e+00,        +0.00000000000000000e+00,        +0.00000000000000000e+00,        +0.00000000000000000e+00,        +0.00000000000000000e+00,        +0.00000000000000000e+00,        +0.00000000000000000e+00,        +0.00000000000000000e+00,        +0.00000000000000000e+00,        +0.00000000000000000e+00,        +0.00000000000000000e+00,        +0.00000000000000000e+00,        +0.00000000000000000e+00,        +0.00000000000000000e+00,        +0.00000000000000000e+00,        +0.00000000000000000e+00,        +0.00000000000000000e+00,        +0.00000000000000000e+00,        +0.00000000000000000e+00,        +0.00000000000000000e+00,        +0.00000000000000000e+00,        +0.00000000000000000e+00,        +0.00000000000000000e+00,        +0.00000000000000000e+00,        +0.00000000000000000e+00,        +0.00000000000000000e+00,        +0.00000000000000000e+00,        +0.00000000000000000e+00,        +0.00000000000000000e+00,        +0.00000000000000000e+00,        +0.00000000000000000e+00,        +0.00000000000000000e+00,        +0.00000000000000000e+00,        +0.00000000000000000e+00,        +0.00000000000000000e+00,        +0.00000000000000000e+00,        +0.00000000000000000e+00,        +0.00000000000000000e+00,        +0.00000000000000000e+00,        +0.00000000000000000e+00,        +0.00000000000000000e+00,        +0.00000000000000000e+00,        +0.00000000000000000e+00,        +0.00000000000000000e+00,        +0.00000000000000000e+00,        +0.00000000000000000e+00,        +0.00000000000000000e+00,        +0.00000000000000000e+00
        +0.00000000000000000e+00,        +0.00000000000000000e+00,        +0.00000000000000000e+00,        +0.00000000000000000e+00,        +0.00000000000000000e+00,        +0.00000000000000000e+00,        +0.00000000000000000e+00,        +0.00000000000000000e+00,        +0.00000000000000000e+00,        +0.00000000000000000e+00,        +0.00000000000000000e+00,        +0.00000000000000000e+00,        +0.00000000000000000e+00,        +0.00000000000000000e+00,        +0.00000000000000000e+00,        +0.00000000000000000e+00,        +0.00000000000000000e+00,        +0.00000000000000000e+00,        +0.00000000000000000e+00,        +0.00000000000000000e+00,        +0.00000000000000000e+00,        +0.00000000000000000e+00,        +0.00000000000000000e+00,        +0.00000000000000000e+00,        +0.00000000000000000e+00,        +0.00000000000000000e+00,        +0.00000000000000000e+00,        +0.00000000000000000e+00,        +0.00000000000000000e+00,        +0.00000000000000000e+00,        +0.00000000000000000e+00,        +0.00000000000000000e+00,        +0.00000000000000000e+00,        +0.00000000000000000e+00,        +0.00000000000000000e+00,        +0.00000000000000000e+00,        +0.00000000000000000e+00,        +0.00000000000000000e+00,        +0.00000000000000000e+00,        +0.00000000000000000e+00,        +0.00000000000000000e+00,        +0.00000000000000000e+00,        +0.00000000000000000e+00,        +0.00000000000000000e+00,        +0.00000000000000000e+00,        +0.00000000000000000e+00,        +0.00000000000000000e+00,        +0.00000000000000000e+00,        +0.00000000000000000e+00,        +0.00000000000000000e+00,        +0.00000000000000000e+00,        +0.00000000000000000e+00,        +0.00000000000000000e+00,        +0.00000000000000000e+00,        +0.00000000000000000e+00,        +0.00000000000000000e+00,        +0.00000000000000000e+00,        +0.00000000000000000e+00,        +0.00000000000000000e+00,        +0.00000000000000000e+00,        +0.00000000000000000e+00,        +0.00000000000000000e+00,        +0.00000000000000000e+00,        +0.00000000000000000e+00,        +0.00000000000000000e+00,        +0.00000000000000000e+00,        +0.00000000000000000e+00,        +0.00000000000000000e+00,        +0.00000000000000000e+00,        +0.00000000000000000e+00,        +0.00000000000000000e+00,        +0.00000000000000000e+00,        +0.00000000000000000e+00,        +0.00000000000000000e+00,        +0.00000000000000000e+00,        +0.00000000000000000e+00,        +0.00000000000000000e+00,        +0.00000000000000000e+00,        +0.00000000000000000e+00,        +0.00000000000000000e+00,        +0.00000000000000000e+00,        +0.00000000000000000e+00,        +0.00000000000000000e+00,        +0.00000000000000000e+00,        +0.00000000000000000e+00,        +0.00000000000000000e+00,        +0.00000000000000000e+00,        +0.00000000000000000e+00,        +0.00000000000000000e+00,        +0.00000000000000000e+00,        +0.00000000000000000e+00,        +0.00000000000000000e+00,        +0.00000000000000000e+00,        +0.00000000000000000e+00,        +0.00000000000000000e+00,        +0.00000000000000000e+00,        +0.00000000000000000e+00,        +0.00000000000000000e+00,        +0.00000000000000000e+00,        +0.00000000000000000e+00,        +0.00000000000000000e+00,        +0.00000000000000000e+00,        +0.00000000000000000e+00,        +0.00000000000000000e+00,        +0.00000000000000000e+00,        +0.00000000000000000e+00,        +0.00000000000000000e+00,        +0.00000000000000000e+00
        +0.00000000000000000e+00,        +0.00000000000000000e+00,        +0.00000000000000000e+00,        +0.00000000000000000e+00,        +0.00000000000000000e+00,        +0.00000000000000000e+00,        +0.00000000000000000e+00,        +0.00000000000000000e+00,        +0.00000000000000000e+00,        +0.00000000000000000e+00,        +0.00000000000000000e+00,        +0.00000000000000000e+00,        +0.00000000000000000e+00,        +0.00000000000000000e+00,        +0.00000000000000000e+00,        +0.00000000000000000e+00,        +0.00000000000000000e+00,        +0.00000000000000000e+00,        +0.00000000000000000e+00,        +0.00000000000000000e+00,        +0.00000000000000000e+00,        +0.00000000000000000e+00,        +0.00000000000000000e+00,        +0.00000000000000000e+00,        +0.00000000000000000e+00,        +0.00000000000000000e+00,        +0.00000000000000000e+00,        +0.00000000000000000e+00,        +0.00000000000000000e+00,        +0.00000000000000000e+00,        +0.00000000000000000e+00,        +0.00000000000000000e+00,        +0.00000000000000000e+00,        +0.00000000000000000e+00,        +0.00000000000000000e+00,        +0.00000000000000000e+00,        +0.00000000000000000e+00,        +0.00000000000000000e+00,        +0.00000000000000000e+00,        +0.00000000000000000e+00,        +0.00000000000000000e+00,        +0.00000000000000000e+00,        +0.00000000000000000e+00,        +0.00000000000000000e+00,        +0.00000000000000000e+00,        +0.00000000000000000e+00,        +0.00000000000000000e+00,        +0.00000000000000000e+00,        +0.00000000000000000e+00,        +0.00000000000000000e+00,        +0.00000000000000000e+00,        +0.00000000000000000e+00,        +0.00000000000000000e+00,        +0.00000000000000000e+00,        +0.00000000000000000e+00,        +0.00000000000000000e+00,        +0.00000000000000000e+00,        +0.00000000000000000e+00,        +0.00000000000000000e+00,        +0.00000000000000000e+00,        +0.00000000000000000e+00,        +0.00000000000000000e+00,        +0.00000000000000000e+00,        +0.00000000000000000e+00,        +0.00000000000000000e+00,        +0.00000000000000000e+00,        +0.00000000000000000e+00,        +0.00000000000000000e+00,        +0.00000000000000000e+00,        +0.00000000000000000e+00,        +0.00000000000000000e+00,        +0.00000000000000000e+00,        +0.00000000000000000e+00,        +0.00000000000000000e+00,        +0.00000000000000000e+00,        +0.00000000000000000e+00,        +0.00000000000000000e+00,        +0.00000000000000000e+00,        +0.00000000000000000e+00,        +0.00000000000000000e+00,        +0.00000000000000000e+00,        +0.00000000000000000e+00,        +0.00000000000000000e+00,        +0.00000000000000000e+00,        +0.00000000000000000e+00,        +0.00000000000000000e+00,        +0.00000000000000000e+00,        +0.00000000000000000e+00,        +0.00000000000000000e+00,        +0.00000000000000000e+00,        +0.00000000000000000e+00,        +0.00000000000000000e+00,        +0.00000000000000000e+00,        +0.00000000000000000e+00,        +0.00000000000000000e+00,        +0.00000000000000000e+00,        +0.00000000000000000e+00,        +0.00000000000000000e+00,        +0.00000000000000000e+00,        +0.00000000000000000e+00,        +0.00000000000000000e+00,        +0.00000000000000000e+00,        +0.00000000000000000e+00,        +0.00000000000000000e+00,        +0.00000000000000000e+00,        +0.00000000000000000e+00,        +0.00000000000000000e+00,        +0.00000000000000000e+00
        +0.00000000000000000e+00,        +0.00000000000000000e+00,        +0.00000000000000000e+00,        +0.00000000000000000e+00,        +0.00000000000000000e+00,        +0.00000000000000000e+00,        +0.00000000000000000e+00,        +0.00000000000000000e+00,        +0.00000000000000000e+00,        +0.00000000000000000e+00,        +0.00000000000000000e+00,        +0.00000000000000000e+00,        +0.00000000000000000e+00,        +0.00000000000000000e+00,        +0.00000000000000000e+00,        +0.00000000000000000e+00,        +0.00000000000000000e+00,        +0.00000000000000000e+00,        +0.00000000000000000e+00,        +0.00000000000000000e+00,        +0.00000000000000000e+00,        +0.00000000000000000e+00,        +0.00000000000000000e+00,        +0.00000000000000000e+00,        +0.00000000000000000e+00,        +0.00000000000000000e+00,        +0.00000000000000000e+00,        +0.00000000000000000e+00,        +0.00000000000000000e+00,        +0.00000000000000000e+00,        +0.00000000000000000e+00,        +0.00000000000000000e+00,        +0.00000000000000000e+00,        +0.00000000000000000e+00,        +0.00000000000000000e+00,        +0.00000000000000000e+00,        +0.00000000000000000e+00,        +0.00000000000000000e+00,        +0.00000000000000000e+00,        +0.00000000000000000e+00,        +0.00000000000000000e+00,        +0.00000000000000000e+00,        +0.00000000000000000e+00,        +0.00000000000000000e+00,        +0.00000000000000000e+00,        +0.00000000000000000e+00,        +0.00000000000000000e+00,        +0.00000000000000000e+00,        +0.00000000000000000e+00,        +0.00000000000000000e+00,        +0.00000000000000000e+00,        +0.00000000000000000e+00,        +0.00000000000000000e+00,        +0.00000000000000000e+00,        +0.00000000000000000e+00,        +0.00000000000000000e+00,        +0.00000000000000000e+00,        +0.00000000000000000e+00,        +0.00000000000000000e+00,        +0.00000000000000000e+00,        +0.00000000000000000e+00,        +0.00000000000000000e+00,        +0.00000000000000000e+00,        +0.00000000000000000e+00,        +0.00000000000000000e+00,        +0.00000000000000000e+00,        +0.00000000000000000e+00,        +0.00000000000000000e+00,        +0.00000000000000000e+00,        +0.00000000000000000e+00,        +0.00000000000000000e+00,        +0.00000000000000000e+00,        +0.00000000000000000e+00,        +0.00000000000000000e+00,        +0.00000000000000000e+00,        +0.00000000000000000e+00,        +0.00000000000000000e+00,        +0.00000000000000000e+00,        +0.00000000000000000e+00,        +0.00000000000000000e+00,        +0.00000000000000000e+00,        +0.00000000000000000e+00,        +0.00000000000000000e+00,        +0.00000000000000000e+00,        +0.00000000000000000e+00,        +0.00000000000000000e+00,        +0.00000000000000000e+00,        +0.00000000000000000e+00,        +0.00000000000000000e+00,        +0.00000000000000000e+00,        +0.00000000000000000e+00,        +0.00000000000000000e+00,        +0.00000000000000000e+00,        +0.00000000000000000e+00,        +0.00000000000000000e+00,        +0.00000000000000000e+00,        +0.00000000000000000e+00,        +0.00000000000000000e+00,        +0.00000000000000000e+00,        +0.00000000000000000e+00,        +0.00000000000000000e+00,        +0.00000000000000000e+00,        +0.00000000000000000e+00,        +0.00000000000000000e+00,        +0.00000000000000000e+00,        +0.00000000000000000e+00,        +0.00000000000000000e+00,        +0.00000000000000000e+00
        +0.00000000000000000e+00,        +0.00000000000000000e+00,        +0.00000000000000000e+00,        +0.00000000000000000e+00,        +0.00000000000000000e+00,        +0.00000000000000000e+00,        +0.00000000000000000e+00,        +0.00000000000000000e+00,        +0.00000000000000000e+00,        +0.00000000000000000e+00,        +0.00000000000000000e+00,        +0.00000000000000000e+00,        +0.00000000000000000e+00,        +0.00000000000000000e+00,        +0.00000000000000000e+00,        +0.00000000000000000e+00,        +0.00000000000000000e+00,        +0.00000000000000000e+00,        +0.00000000000000000e+00,        +0.00000000000000000e+00,        +0.00000000000000000e+00,        +0.00000000000000000e+00,        +0.00000000000000000e+00,        +0.00000000000000000e+00,        +0.00000000000000000e+00,        +0.00000000000000000e+00,        +0.00000000000000000e+00,        +0.00000000000000000e+00,        +0.00000000000000000e+00,        +0.00000000000000000e+00,        +0.00000000000000000e+00,        +0.00000000000000000e+00,        +0.00000000000000000e+00,        +0.00000000000000000e+00,        +0.00000000000000000e+00,        +0.00000000000000000e+00,        +0.00000000000000000e+00,        +0.00000000000000000e+00,        +0.00000000000000000e+00,        +0.00000000000000000e+00,        +0.00000000000000000e+00,        +0.00000000000000000e+00,        +0.00000000000000000e+00,        +0.00000000000000000e+00,        +0.00000000000000000e+00,        +0.00000000000000000e+00,        +0.00000000000000000e+00,        +0.00000000000000000e+00,        +0.00000000000000000e+00,        +0.00000000000000000e+00,        +0.00000000000000000e+00,        +0.00000000000000000e+00,        +0.00000000000000000e+00,        +0.00000000000000000e+00,        +0.00000000000000000e+00,        +0.00000000000000000e+00,        +0.00000000000000000e+00,        +0.00000000000000000e+00,        +0.00000000000000000e+00,        +0.00000000000000000e+00,        +0.00000000000000000e+00,        +0.00000000000000000e+00,        +0.00000000000000000e+00,        +0.00000000000000000e+00,        +0.00000000000000000e+00,        +0.00000000000000000e+00,        +0.00000000000000000e+00,        +0.00000000000000000e+00,        +0.00000000000000000e+00,        +0.00000000000000000e+00,        +0.00000000000000000e+00,        +0.00000000000000000e+00,        +0.00000000000000000e+00,        +0.00000000000000000e+00,        +0.00000000000000000e+00,        +0.00000000000000000e+00,        +0.00000000000000000e+00,        +0.00000000000000000e+00,        +0.00000000000000000e+00,        +0.00000000000000000e+00,        +0.00000000000000000e+00,        +0.00000000000000000e+00,        +0.00000000000000000e+00,        +0.00000000000000000e+00,        +0.00000000000000000e+00,        +0.00000000000000000e+00,        +0.00000000000000000e+00,        +0.00000000000000000e+00,        +0.00000000000000000e+00,        +0.00000000000000000e+00,        +0.00000000000000000e+00,        +0.00000000000000000e+00,        +0.00000000000000000e+00,        +0.00000000000000000e+00,        +0.00000000000000000e+00,        +0.00000000000000000e+00,        +0.00000000000000000e+00,        +0.00000000000000000e+00,        +0.00000000000000000e+00,        +0.00000000000000000e+00,        +0.00000000000000000e+00,        +0.00000000000000000e+00,        +0.00000000000000000e+00,        +0.00000000000000000e+00,        +0.00000000000000000e+00,        +0.00000000000000000e+00,        +0.00000000000000000e+00,        +0.00000000000000000e+00
        +0.00000000000000000e+00,        +0.00000000000000000e+00,        +0.00000000000000000e+00,        +0.00000000000000000e+00,        +0.00000000000000000e+00,        +0.00000000000000000e+00,        +0.00000000000000000e+00,        +0.00000000000000000e+00,        +0.00000000000000000e+00,        +0.00000000000000000e+00,        +0.00000000000000000e+00,        +0.00000000000000000e+00,        +0.00000000000000000e+00,        +0.00000000000000000e+00,        +0.00000000000000000e+00,        +0.00000000000000000e+00,        +0.00000000000000000e+00,        +0.00000000000000000e+00,        +0.00000000000000000e+00,        +0.00000000000000000e+00,        +0.00000000000000000e+00,        +0.00000000000000000e+00,        +0.00000000000000000e+00,        +0.00000000000000000e+00,        +0.00000000000000000e+00,        +0.00000000000000000e+00,        +0.00000000000000000e+00,        +0.00000000000000000e+00,        +0.00000000000000000e+00,        +0.00000000000000000e+00,        +0.00000000000000000e+00,        +0.00000000000000000e+00,        +0.00000000000000000e+00,        +0.00000000000000000e+00,        +0.00000000000000000e+00,        +0.00000000000000000e+00,        +0.00000000000000000e+00,        +0.00000000000000000e+00,        +0.00000000000000000e+00,        +0.00000000000000000e+00,        +0.00000000000000000e+00,        +0.00000000000000000e+00,        +0.00000000000000000e+00,        +0.00000000000000000e+00,        +0.00000000000000000e+00,        +0.00000000000000000e+00,        +0.00000000000000000e+00,        +0.00000000000000000e+00,        +0.00000000000000000e+00,        +0.00000000000000000e+00,        +0.00000000000000000e+00,        +0.00000000000000000e+00,        +0.00000000000000000e+00,        +0.00000000000000000e+00,        +0.00000000000000000e+00,        +0.00000000000000000e+00,        +0.00000000000000000e+00,        +0.00000000000000000e+00,        +0.00000000000000000e+00,        +0.00000000000000000e+00,        +0.00000000000000000e+00,        +0.00000000000000000e+00,        +0.00000000000000000e+00,        +0.00000000000000000e+00,        +0.00000000000000000e+00,        +0.00000000000000000e+00,        +0.00000000000000000e+00,        +0.00000000000000000e+00,        +0.00000000000000000e+00,        +0.00000000000000000e+00,        +0.00000000000000000e+00,        +0.00000000000000000e+00,        +0.00000000000000000e+00,        +0.00000000000000000e+00,        +0.00000000000000000e+00,        +0.00000000000000000e+00,        +0.00000000000000000e+00,        +0.00000000000000000e+00,        +0.00000000000000000e+00,        +0.00000000000000000e+00,        +0.00000000000000000e+00,        +0.00000000000000000e+00,        +0.00000000000000000e+00,        +0.00000000000000000e+00,        +0.00000000000000000e+00,        +0.00000000000000000e+00,        +0.00000000000000000e+00,        +0.00000000000000000e+00,        +0.00000000000000000e+00,        +0.00000000000000000e+00,        +0.00000000000000000e+00,        +0.00000000000000000e+00,        +0.00000000000000000e+00,        +0.00000000000000000e+00,        +0.00000000000000000e+00,        +0.00000000000000000e+00,        +0.00000000000000000e+00,        +0.00000000000000000e+00,        +0.00000000000000000e+00,        +0.00000000000000000e+00,        +0.00000000000000000e+00,        +0.00000000000000000e+00,        +0.00000000000000000e+00,        +0.00000000000000000e+00,        +0.00000000000000000e+00,        +0.00000000000000000e+00,        +0.00000000000000000e+00,        +0.00000000000000000e+00
        +0.00000000000000000e+00,        +0.00000000000000000e+00,        +0.00000000000000000e+00,        +0.00000000000000000e+00,        +0.00000000000000000e+00,        +0.00000000000000000e+00,        +0.00000000000000000e+00,        +0.00000000000000000e+00,        +0.00000000000000000e+00,        +0.00000000000000000e+00,        +0.00000000000000000e+00,        +0.00000000000000000e+00,        +0.00000000000000000e+00,        +0.00000000000000000e+00,        +0.00000000000000000e+00,        +0.00000000000000000e+00,        +0.00000000000000000e+00,        +0.00000000000000000e+00,        +0.00000000000000000e+00,        +0.00000000000000000e+00,        +0.00000000000000000e+00,        +0.00000000000000000e+00,        +0.00000000000000000e+00,        +0.00000000000000000e+00,        +0.00000000000000000e+00,        +0.00000000000000000e+00,        +0.00000000000000000e+00,        +0.00000000000000000e+00,        +0.00000000000000000e+00,        +0.00000000000000000e+00,        +0.00000000000000000e+00,        +0.00000000000000000e+00,        +0.00000000000000000e+00,        +0.00000000000000000e+00,        +0.00000000000000000e+00,        +0.00000000000000000e+00,        +0.00000000000000000e+00,        +0.00000000000000000e+00,        +0.00000000000000000e+00,        +0.00000000000000000e+00,        +0.00000000000000000e+00,        +0.00000000000000000e+00,        +0.00000000000000000e+00,        +0.00000000000000000e+00,        +0.00000000000000000e+00,        +0.00000000000000000e+00,        +0.00000000000000000e+00,        +0.00000000000000000e+00,        +0.00000000000000000e+00,        +0.00000000000000000e+00,        +0.00000000000000000e+00,        +0.00000000000000000e+00,        +0.00000000000000000e+00,        +0.00000000000000000e+00,        +0.00000000000000000e+00,        +0.00000000000000000e+00,        +0.00000000000000000e+00,        +0.00000000000000000e+00,        +0.00000000000000000e+00,        +0.00000000000000000e+00,        +0.00000000000000000e+00,        +0.00000000000000000e+00,        +0.00000000000000000e+00,        +0.00000000000000000e+00,        +0.00000000000000000e+00,        +0.00000000000000000e+00,        +0.00000000000000000e+00,        +0.00000000000000000e+00,        +0.00000000000000000e+00,        +0.00000000000000000e+00,        +0.00000000000000000e+00,        +0.00000000000000000e+00,        +0.00000000000000000e+00,        +0.00000000000000000e+00,        +0.00000000000000000e+00,        +0.00000000000000000e+00,        +0.00000000000000000e+00,        +0.00000000000000000e+00,        +0.00000000000000000e+00,        +0.00000000000000000e+00,        +0.00000000000000000e+00,        +0.00000000000000000e+00,        +0.00000000000000000e+00,        +0.00000000000000000e+00,        +0.00000000000000000e+00,        +0.00000000000000000e+00,        +0.00000000000000000e+00,        +0.00000000000000000e+00,        +0.00000000000000000e+00,        +0.00000000000000000e+00,        +0.00000000000000000e+00,        +0.00000000000000000e+00,        +0.00000000000000000e+00,        +0.00000000000000000e+00,        +0.00000000000000000e+00,        +0.00000000000000000e+00,        +0.00000000000000000e+00,        +0.00000000000000000e+00,        +0.00000000000000000e+00,        +0.00000000000000000e+00,        +0.00000000000000000e+00,        +0.00000000000000000e+00,        +0.00000000000000000e+00,        +0.00000000000000000e+00,        +0.00000000000000000e+00,        +0.00000000000000000e+00,        +0.00000000000000000e+00,        +0.00000000000000000e+00
        +0.00000000000000000e+00,        +0.00000000000000000e+00,        +0.00000000000000000e+00,        +0.00000000000000000e+00,        +0.00000000000000000e+00,        +0.00000000000000000e+00,        +0.00000000000000000e+00,        +0.00000000000000000e+00,        +0.00000000000000000e+00,        +0.00000000000000000e+00,        +0.00000000000000000e+00,        +0.00000000000000000e+00,        +0.00000000000000000e+00,        +0.00000000000000000e+00,        +0.00000000000000000e+00,        +0.00000000000000000e+00,        +0.00000000000000000e+00,        +0.00000000000000000e+00,        +0.00000000000000000e+00,        +0.00000000000000000e+00,        +0.00000000000000000e+00,        +0.00000000000000000e+00,        +0.00000000000000000e+00,        +0.00000000000000000e+00,        +0.00000000000000000e+00,        +0.00000000000000000e+00,        +0.00000000000000000e+00,        +0.00000000000000000e+00,        +0.00000000000000000e+00,        +0.00000000000000000e+00,        +0.00000000000000000e+00,        +0.00000000000000000e+00,        +0.00000000000000000e+00,        +0.00000000000000000e+00,        +0.00000000000000000e+00,        +0.00000000000000000e+00,        +0.00000000000000000e+00,        +0.00000000000000000e+00,        +0.00000000000000000e+00,        +0.00000000000000000e+00,        +0.00000000000000000e+00,        +0.00000000000000000e+00,        +0.00000000000000000e+00,        +0.00000000000000000e+00,        +0.00000000000000000e+00,        +0.00000000000000000e+00,        +0.00000000000000000e+00,        +0.00000000000000000e+00,        +0.00000000000000000e+00,        +0.00000000000000000e+00,        +0.00000000000000000e+00,        +0.00000000000000000e+00,        +0.00000000000000000e+00,        +0.00000000000000000e+00,        +0.00000000000000000e+00,        +0.00000000000000000e+00,        +0.00000000000000000e+00,        +0.00000000000000000e+00,        +0.00000000000000000e+00,        +0.00000000000000000e+00,        +0.00000000000000000e+00,        +0.00000000000000000e+00,        +0.00000000000000000e+00,        +0.00000000000000000e+00,        +0.00000000000000000e+00,        +0.00000000000000000e+00,        +0.00000000000000000e+00,        +0.00000000000000000e+00,        +0.00000000000000000e+00,        +0.00000000000000000e+00,        +0.00000000000000000e+00,        +0.00000000000000000e+00,        +0.00000000000000000e+00,        +0.00000000000000000e+00,        +0.00000000000000000e+00,        +0.00000000000000000e+00,        +0.00000000000000000e+00,        +0.00000000000000000e+00,        +0.00000000000000000e+00,        +0.00000000000000000e+00,        +0.00000000000000000e+00,        +0.00000000000000000e+00,        +0.00000000000000000e+00,        +0.00000000000000000e+00,        +0.00000000000000000e+00,        +0.00000000000000000e+00,        +0.00000000000000000e+00,        +0.00000000000000000e+00,        +0.00000000000000000e+00,        +0.00000000000000000e+00,        +0.00000000000000000e+00,        +0.00000000000000000e+00,        +0.00000000000000000e+00,        +0.00000000000000000e+00,        +0.00000000000000000e+00,        +0.00000000000000000e+00,        +0.00000000000000000e+00,        +0.00000000000000000e+00,        +0.00000000000000000e+00,        +0.00000000000000000e+00,        +0.00000000000000000e+00,        +0.00000000000000000e+00,        +0.00000000000000000e+00,        +0.00000000000000000e+00,        +0.00000000000000000e+00,        +0.00000000000000000e+00,        +0.00000000000000000e+00,        +0.00000000000000000e+00
        +0.00000000000000000e+00,        +0.00000000000000000e+00,        +0.00000000000000000e+00,        +0.00000000000000000e+00,        +0.00000000000000000e+00,        +0.00000000000000000e+00,        +0.00000000000000000e+00,        +0.00000000000000000e+00,        +0.00000000000000000e+00,        +0.00000000000000000e+00,        +0.00000000000000000e+00,        +0.00000000000000000e+00,        +0.00000000000000000e+00,        +0.00000000000000000e+00,        +0.00000000000000000e+00,        +0.00000000000000000e+00,        +0.00000000000000000e+00,        +0.00000000000000000e+00,        +0.00000000000000000e+00,        +0.00000000000000000e+00,        +0.00000000000000000e+00,        +0.00000000000000000e+00,        +0.00000000000000000e+00,        +0.00000000000000000e+00,        +0.00000000000000000e+00,        +0.00000000000000000e+00,        +0.00000000000000000e+00,        +0.00000000000000000e+00,        +0.00000000000000000e+00,        +0.00000000000000000e+00,        +0.00000000000000000e+00,        +0.00000000000000000e+00,        +0.00000000000000000e+00,        +0.00000000000000000e+00,        +0.00000000000000000e+00,        +0.00000000000000000e+00,        +0.00000000000000000e+00,        +0.00000000000000000e+00,        +0.00000000000000000e+00,        +0.00000000000000000e+00,        +0.00000000000000000e+00,        +0.00000000000000000e+00,        +0.00000000000000000e+00,        +0.00000000000000000e+00,        +0.00000000000000000e+00,        +0.00000000000000000e+00,        +0.00000000000000000e+00,        +0.00000000000000000e+00,        +0.00000000000000000e+00,        +0.00000000000000000e+00,        +0.00000000000000000e+00,        +0.00000000000000000e+00,        +0.00000000000000000e+00,        +0.00000000000000000e+00,        +0.00000000000000000e+00,        +0.00000000000000000e+00,        +0.00000000000000000e+00,        +0.00000000000000000e+00,        +0.00000000000000000e+00,        +0.00000000000000000e+00,        +0.00000000000000000e+00,        +0.00000000000000000e+00,        +0.00000000000000000e+00,        +0.00000000000000000e+00,        +0.00000000000000000e+00,        +0.00000000000000000e+00,        +0.00000000000000000e+00,        +0.00000000000000000e+00,        +0.00000000000000000e+00,        +0.00000000000000000e+00,        +0.00000000000000000e+00,        +0.00000000000000000e+00,        +0.00000000000000000e+00,        +0.00000000000000000e+00,        +0.00000000000000000e+00,        +0.00000000000000000e+00,        +0.00000000000000000e+00,        +0.00000000000000000e+00,        +0.00000000000000000e+00,        +0.00000000000000000e+00,        +0.00000000000000000e+00,        +0.00000000000000000e+00,        +0.00000000000000000e+00,        +0.00000000000000000e+00,        +0.00000000000000000e+00,        +0.00000000000000000e+00,        +0.00000000000000000e+00,        +0.00000000000000000e+00,        +0.00000000000000000e+00,        +0.00000000000000000e+00,        +0.00000000000000000e+00,        +0.00000000000000000e+00,        +0.00000000000000000e+00,        +0.00000000000000000e+00,        +0.00000000000000000e+00,        +0.00000000000000000e+00,        +0.00000000000000000e+00,        +0.00000000000000000e+00,        +0.00000000000000000e+00,        +0.00000000000000000e+00,        +0.00000000000000000e+00,        +0.00000000000000000e+00,        +0.00000000000000000e+00,        +0.00000000000000000e+00,        +0.00000000000000000e+00,        +0.00000000000000000e+00,        +0.00000000000000000e+00,        +0.00000000000000000e+00
