                       port_1_re,                       port_2_re,                 sample_e1_s0_re,                 sample_e1_s0_im,                 sample_e1_s1_re,                 sample_e1_s1_im,                 sample_e1_s2_re,                 sample_e1_s2_im,                 sample_e1_s3_re,                 sample_e1_s3_im,                 sample_e1_s4_re,                 sample_e1_s4_im,                 sample_e1_s5_re,                 sample_e1_s5_im,                 sample_e2_s0_re,                 sample_e2_s0_im,                 sample_e2_s1_re,                 sample_e2_s1_im,                 sample_e2_s2_re,                 sample_e2_s2_im,                 sample_e2_s3_re,                 sample_e2_s3_im,                   farfield_p0d0,                   farfield_p0d1,                   farfield_p0d2,                   farfield_p0d3,                   farfield_p0d4,                   farfield_p0d5,                   farfield_p0d6,                   farfield_p0d7,                   farfield_p0d8,                   farfield_p0d9,                  farfield_p0d10,                  farfield_p0d11,                  farfield_p0d12,                  farfield_p0d13,                surfsigma_2_p0d0,                surfsigma_2_p0d1,                surfsigma_2_p0d2,                surfsigma_2_p0d3,                surfsigma_2_p0d4,                surfsigma_2_p0d5,                surfsigma_2_p0d6,                surfsigma_2_p0d7,                surfsigma_2_p0d8,                surfsigma_2_p0d9,               surfsigma_2_p0d10,               surfsigma_2_p0d11,                surfsigma_2_p1d0,                surfsigma_2_p1d1,                surfsigma_2_p1d2,                surfsigma_2_p1d3,                surfsigma_2_p1d4,                surfsigma_2_p1d5,                surfsigma_2_p1d6,                surfsigma_2_p1d7,                surfsigma_2_p1d8,                surfsigma_2_p1d9,               surfsigma_2_p1d10,               surfsigma_2_p1d11,                surfsigma_2_p2d0,                surfsigma_2_p2d1,                surfsigma_2_p2d2,                surfsigma_2_p2d3,                surfsigma_2_p2d4,                surfsigma_2_p2d5,                surfsigma_2_p2d6,                surfsigma_2_p2d7,                surfsigma_2_p2d8,                surfsigma_2_p2d9,               surfsigma_2_p2d10,               surfsigma_2_p2d11,                surfsigma_3_p0d0,                surfsigma_3_p0d1,                surfsigma_3_p0d2,                surfsigma_3_p0d3,                surfsigma_3_p0d4,                surfsigma_3_p0d5,                surfsigma_3_p0d6,                surfsigma_3_p0d7,                surfsigma_3_p0d8,                surfsigma_3_p0d9,               surfsigma_3_p0d10,               surfsigma_3_p0d11,                surfsigma_3_p1d0,                surfsigma_3_p1d1,                surfsigma_3_p1d2,                surfsigma_3_p1d3,                surfsigma_3_p1d4,                surfsigma_3_p1d5,                surfsigma_3_p1d6,                surfsigma_3_p1d7,                surfsigma_3_p1d8,                surfsigma_3_p1d9,               surfsigma_3_p1d10,               surfsigma_3_p1d11,                surfsigma_3_p2d0,                surfsigma_3_p2d1,                surfsigma_3_p2d2,                surfsigma_3_p2d3,                surfsigma_3_p2d4,                surfsigma_3_p2d5,                surfsigma_3_p2d6,                surfsigma_3_p2d7,                surfsigma_3_p2d8,                surfsigma_3_p2d9,               surfsigma_3_p2d10,               surfsigma_3_p2d11
        +1.49826779634068457e+12,        +0.00000000000000000e+00,        -6.71654053840146851e+11,        -3.55298269412537231e+11,        -1.86774178870445312e+11,        -8.06321581790385620e+11,        -2.62933263415860260e+11,        -1.20502766121292822e+12,        -1.01305257736446521e+12,        -4.76498821436257507e+11,        -2.14614376380078857e+11,        -8.51536392323846069e+11,        -1.41194824386206104e+12,        +1.19376422037270947e+12,        -7.20852037292382812e+10,        -2.52835532160717194e+11,        +2.16931632742702209e+11,        +4.23557839038025696e+11,        -5.13518857725127625e+11,        +8.75371568454695801e+11,        +6.37748396068759823e+09,        +3.27378465578766724e+11,        -0.00000000000000000e+00,        +0.00000000000000000e+00,        -0.00000000000000000e+00,        -0.00000000000000000e+00,        +0.00000000000000000e+00,        -0.00000000000000000e+00,        -0.00000000000000000e+00,        -0.00000000000000000e+00,        -0.00000000000000000e+00,        -0.00000000000000000e+00,        +0.00000000000000000e+00,        +0.00000000000000000e+00,        -0.00000000000000000e+00,        -0.00000000000000000e+00,        +0.00000000000000000e+00,        -0.00000000000000000e+00,        +0.00000000000000000e+00,        +0.00000000000000000e+00,        +0.00000000000000000e+00,        +0.00000000000000000e+00,        +0.00000000000000000e+00,        +0.00000000000000000e+00,        +0.00000000000000000e+00,        -0.00000000000000000e+00,        +0.00000000000000000e+00,        -0.00000000000000000e+00,        +0.00000000000000000e+00,        +0.00000000000000000e+00,        +0.00000000000000000e+00,        +0.00000000000000000e+00,        +0.00000000000000000e+00,        +0.00000000000000000e+00,        +0.00000000000000000e+00,        +0.00000000000000000e+00,        +0.00000000000000000e+00,        +0.00000000000000000e+00,        +0.00000000000000000e+00,        +0.00000000000000000e+00,        +0.00000000000000000e+00,        -0.00000000000000000e+00,        +0.00000000000000000e+00,        +0.00000000000000000e+00,        +0.00000000000000000e+00,        +0.00000000000000000e+00,        +0.00000000000000000e+00,        +0.00000000000000000e+00,        +0.00000000000000000e+00,        -0.00000000000000000e+00,        +0.00000000000000000e+00,        -0.00000000000000000e+00,        +0.00000000000000000e+00,        +0.00000000000000000e+00,        +0.00000000000000000e+00,        +0.00000000000000000e+00,        -0.00000000000000000e+00,        +0.00000000000000000e+00,        -0.00000000000000000e+00,        -0.00000000000000000e+00,        +0.00000000000000000e+00,        -0.00000000000000000e+00,        +0.00000000000000000e+00,        +0.00000000000000000e+00,        +0.00000000000000000e+00,        +0.00000000000000000e+00,        +0.00000000000000000e+00,        +0.00000000000000000e+00,        +0.00000000000000000e+00,        +0.00000000000000000e+00,        +0.00000000000000000e+00,        +0.00000000000000000e+00,        +0.00000000000000000e+00,        +0.00000000000000000e+00,        +0.00000000000000000e+00,        +0.00000000000000000e+00,        +0.00000000000000000e+00,        +0.00000000000000000e+00,        +0.00000000000000000e+00,        +0.00000000000000000e+00,        -0.00000000000000000e+00,        +0.00000000000000000e+00,        -0.00000000000000000e+00,        -0.00000000000000000e+00,        +0.00000000000000000e+00,        -0.00000000000000000e+00,        +0.00000000000000000e+00,        +0.00000000000000000e+00
        +0.00000000000000000e+00,        +1.62240248575812451e+12,        -7.03695041396792480e+11,        +3.92400302557041260e+11,        +1.20692793772695755e+11,        -9.10729129466572876e+11,        +3.95459067603036560e+11,        -7.10057655208878296e+11,        +7.29819549123004639e+11,        -1.31363090184390308e+12,        -6.51942034475623901e+11,        +4.44523984291427185e+11,        -2.98354519656863464e+11,        -6.04530619838467407e+11,        +1.32374843847769211e+11,        +2.03284610010793640e+11,        +1.54016714677732086e+11,        -9.77063343417514526e+11,        +1.15994435386083081e+12,        -8.43053408658220215e+11,        -8.61025851282934692e+11,        -1.10521273227590942e+12,        -0.00000000000000000e+00,        +0.00000000000000000e+00,        -0.00000000000000000e+00,        -0.00000000000000000e+00,        +0.00000000000000000e+00,        -0.00000000000000000e+00,        -0.00000000000000000e+00,        -0.00000000000000000e+00,        -0.00000000000000000e+00,        -0.00000000000000000e+00,        +0.00000000000000000e+00,        +0.00000000000000000e+00,        -0.00000000000000000e+00,        -0.00000000000000000e+00,        +0.00000000000000000e+00,        -0.00000000000000000e+00,        +0.00000000000000000e+00,        +0.00000000000000000e+00,        +0.00000000000000000e+00,        +0.00000000000000000e+00,        +0.00000000000000000e+00,        +0.00000000000000000e+00,        +0.00000000000000000e+00,        -0.00000000000000000e+00,        +0.00000000000000000e+00,        -0.00000000000000000e+00,        +0.00000000000000000e+00,        +0.00000000000000000e+00,        +0.00000000000000000e+00,        +0.00000000000000000e+00,        +0.00000000000000000e+00,        +0.00000000000000000e+00,        +0.00000000000000000e+00,        +0.00000000000000000e+00,        +0.00000000000000000e+00,        +0.00000000000000000e+00,        +0.00000000000000000e+00,        +0.00000000000000000e+00,        +0.00000000000000000e+00,        -0.00000000000000000e+00,        +0.00000000000000000e+00,        +0.00000000000000000e+00,        +0.00000000000000000e+00,        +0.00000000000000000e+00,        +0.00000000000000000e+00,        +0.00000000000000000e+00,        +0.00000000000000000e+00,        -0.00000000000000000e+00,        +0.00000000000000000e+00,        -0.00000000000000000e+00,        +0.00000000000000000e+00,        +0.00000000000000000e+00,        +0.00000000000000000e+00,        +0.00000000000000000e+00,        -0.00000000000000000e+00,        +0.00000000000000000e+00,        -0.00000000000000000e+00,        -0.00000000000000000e+00,        +0.00000000000000000e+00,        -0.00000000000000000e+00,        +0.00000000000000000e+00,        +0.00000000000000000e+00,        +0.00000000000000000e+00,        +0.00000000000000000e+00,        +0.00000000000000000e+00,        +0.00000000000000000e+00,        +0.00000000000000000e+00,        +0.00000000000000000e+00,        +0.00000000000000000e+00,        +0.00000000000000000e+00,        +0.00000000000000000e+00,        +0.00000000000000000e+00,        +0.00000000000000000e+00,        +0.00000000000000000e+00,        +0.00000000000000000e+00,        +0.00000000000000000e+00,        +0.00000000000000000e+00,        +0.00000000000000000e+00,        -0.00000000000000000e+00,        +0.00000000000000000e+00,        -0.00000000000000000e+00,        -0.00000000000000000e+00,        +0.00000000000000000e+00,        -0.00000000000000000e+00,        +0.00000000000000000e+00,        +0.00000000000000000e+00
        -6.71654053840146851e+11,        -7.03695041396792480e+11,        +6.06311921829672241e+11,        -1.09030764757878685e+10,        +3.13912037228334999e+10,        +7.56466748325989624e+11,        -5.36360597993615417e+10,        +8.48194399745331055e+11,        +1.37584915343316528e+11,        +7.83397366540754517e+11,        +3.78819336389066650e+11,        +1.89023112765921844e+11,        +7.62531419705220581e+11,        -2.73172187245740631e+11,        -2.48701902788309975e+10,        +2.52118503636469460e+10,        -1.64008883858153412e+11,        +2.33728323084096863e+11,        -2.72595793190560455e+11,        -2.68600812561771660e+10,        +3.70558083047216003e+11,        +3.32423026194153259e+11,        +4.98859041512734781e+05,        +6.07099038053611948e+04,        -2.19542971057514165e+05,        -4.13744812082786637e+05,        -2.04281259989982100e+04,        +1.36426727805679766e+04,        +1.88840487966420296e+04,        -1.85788795521354405e+04,        +1.18950077812668096e+04,        +5.46996834036477594e+03,        -1.45730502320810479e+03,        +4.97230615075612604e+03,        +7.51316422736206823e+03,        -2.41328436398395024e+03,        +3.38897576338737085e+07,        +1.52036788398642791e+06,        +5.05797203940495790e+05,        +1.19029722370334808e+06,        -7.22481161330332165e+05,        +1.26620313286842406e+06,        -3.49208895852165006e+04,        +5.48294192787069278e+03,        -1.49694912074659824e+04,        +7.10683416813420336e+04,        -1.77340553600457497e+05,        +1.74008525623689129e+04,        +1.07004598503361326e+07,        +4.80045790710416331e+05,        +1.59702017690673936e+05,        +3.75828230753516662e+05,        -2.28118499487651075e+05,        +3.99795003906603844e+05,        -1.10260327318227155e+04,        +1.73120152096522293e+03,        -4.72651475929544267e+03,        +2.24393442115108737e+04,        -5.59940703660079162e+04,        +5.49420052562247292e+03,        +4.71880157339914516e+06,        +2.11695652728120069e+05,        +7.04270791063336947e+04,        +1.65736694629231497e+05,        -1.00598100395654139e+05,        +1.76305814876950171e+05,        -4.86237613439025426e+03,        +7.63443494509730840e+02,        -2.08434829855999214e+03,        +9.89553853314036132e+03,        -2.46928553575985497e+04,        +2.42289045961546526e+03,        +3.96000083450169042e+07,        +4.19600620501164906e+06,        +4.81163671629991790e+05,        -1.85392967451285128e+06,        +3.02144947875452740e+06,        +2.82312728646155272e+05,        -2.79318413691008172e+05,        -6.89437847162178696e+03,        -5.03387142156528280e+04,        -3.90093314483909708e+04,        +1.21322016437350030e+05,        +5.92484829749093988e+04,        +1.25034325694112256e+07,        +1.32486034316192614e+06,        +1.51924147860261204e+05,        -5.85365651232719305e+05,        +9.54002067129458301e+05,        +8.91383187437604647e+04,        -8.81928842174070596e+04,        -2.17685298389011268e+03,        -1.58941057118610242e+04,        -1.23169303676206309e+04,        +3.83065992939441276e+04,        +1.87073044344423397e+04,        +5.51389548735837080e+06,        +5.84250878867625841e+05,        +6.69971120855899499e+04,        -2.58140714949180605e+05,        +4.20705887257276452e+05,        +3.93091553654115487e+04,        -3.88922276825921872e+04,        -9.59971574036288871e+02,        -7.00915026923316327e+03,        -5.43164978057930875e+03,        +1.68928479287884038e+04,        +8.24974429454359779e+03
        -3.55298269412537231e+11,        +3.92400302557041260e+11,        -1.09030764757876530e+10,        +1.80712415629644653e+11,        +7.43909197482778015e+10,        -2.91691711338750572e+10,        +1.59571008092407013e+11,        +1.16379841751436310e+11,        +4.16952455247316833e+11,        -2.02385261154838562e+11,        -1.17712174004327271e+11,        +3.16661655389003601e+11,        +2.76601650735878845e+11,        -4.46732505812386658e+11,        +5.80621774047828979e+10,        +1.14349251741916611e+11,        -1.16971109250924416e+10,        -3.54199221528750793e+11,        +4.19441723019071045e+11,        -4.24719483157731750e+11,        -2.17511684015069885e+11,        -3.60072247008970276e+11,        -2.91032247891662002e+05,        +1.81157857657774031e+05,        +1.00401246542442779e+05,        +2.15043156733878364e+05,        -2.18290296678545346e+04,        -3.42770869810867443e+04,        +6.40567427682213529e+04,        -1.56313027451521903e+04,        -3.38843694357387676e+02,        +1.00212663356462599e+04,        +2.50320027645504706e+04,        -2.45907654898315923e+03,        +8.83148268721043314e+03,        +1.80231936283279829e+04,        +2.08166553425945491e+08,        -9.41916324028554372e+06,        -1.82530679238143079e+07,        -1.14897915714894123e+07,        -5.07544532222917769e+06,        +4.79921798576020170e+06,        +2.38824903265841771e+06,        -1.59174587495719036e+06,        -6.57678854406466126e+05,        +2.67212690696295060e+05,        -2.48467586408249661e+06,        +1.07579796903427714e+06,        +6.57271695826693624e+07,        -2.97403655597984511e+06,        -5.76328171403059922e+06,        -3.62782333021364221e+06,        -1.60253724679357861e+06,        +1.51532034912839113e+06,        +7.54073344597254996e+05,        -5.02582904573304637e+05,        -2.07657613017489348e+05,        +8.43705847408612899e+04,        -7.84519459004316013e+05,        +3.39675871957796277e+05,        +2.89850600422588252e+07,        -1.31152198839972517e+06,        -2.54155271834002715e+06,        -1.59983577136533149e+06,        -7.06703766694917460e+05,        +6.68241939849545714e+05,        +3.32539211838835734e+05,        -2.21634306752669538e+05,        -9.15750430113018665e+04,        +3.72066297703342134e+04,        -3.45965660288471088e+05,        +1.49793846382202522e+05,        +2.49990482682156056e+08,        +1.57017947185171332e+05,        -1.96511719773519076e+07,        +9.91568584926300682e+06,        +7.15293927814793587e+06,        +6.79079749286963139e+06,        -4.01109658809690224e+06,        +1.26262062265953107e+05,        -1.40601942183489562e+06,        +4.80066892795177875e+05,        +7.90871414829531917e+05,        +2.77043243216327019e+06,        +7.89327900130160451e+07,        +4.95773459872063686e+04,        -6.20472353409596439e+06,        +3.13081018356215069e+06,        +2.25849179520867392e+06,        +2.14414799625431746e+06,        -1.26647639267419535e+06,        +3.98663850740274866e+04,        -4.43941043623728852e+05,        +1.51577847423019557e+05,        +2.49712255619770382e+05,        +8.74745146563139861e+05,        +3.48086137339699715e+07,        +2.18631406053109349e+04,        -2.73622438518649386e+06,        +1.38065767516926513e+06,        +9.95973517568497336e+05,        +9.45548983860508422e+05,        -5.58504108983329148e+05,        +1.75806987030700075e+04,        -1.95773800794393406e+05,        +6.68443968685824075e+04,        +1.10120742584591586e+05,        +3.85754335015401011e+05
        -1.86774178870445312e+11,        +1.20692793772695770e+11,        +3.13912037228334999e+10,        +7.43909197482778015e+10,        +3.44912275442605057e+10,        +3.28316106331458435e+10,        +5.92879497599241486e+10,        +9.49952179593745270e+10,        +1.70326466531788208e+11,        -3.48254844916091003e+10,        -2.27065382526117134e+10,        +1.33901591173362427e+11,        +1.49114259006741821e+11,        -1.89788852427955139e+11,        +1.79954109029184685e+10,        +4.36290575925941086e+10,        -1.28652579892349796e+10,        -1.31042655824119446e+11,        +1.36948180514347946e+11,        -1.67885780374139801e+11,        -6.51201204213761673e+10,        -1.20649403501420486e+11,        -2.75308723194664381e+07,        +4.06332357061044335e+08,        -2.14271396853726953e+08,        +8.66373541243970841e+07,        +3.49858506228548586e+08,        -1.33928665524415165e+08,        +2.34993565432455748e+08,        +1.99074874974292219e+07,        +5.93233644382579625e+07,        +2.79135544790432900e+07,        -1.47858221391051672e+07,        -1.16139215345545337e+07,        +4.26318083246855997e+06,        +5.70564596719436464e+05,        -2.04014244305488437e+08,        +5.25004947462238967e+07,        +1.13976276405635513e+07,        -9.22451464366889000e+07,        +7.61657692797042429e+06,        +4.50746900678954553e+06,        +5.20684753152624529e+05,        +1.34339583740014825e+07,        -1.47279673500515092e+07,        -1.28358034987695003e+06,        +8.08213677341843303e+06,        +4.30294267094613984e+06,        -6.44161062959486321e+07,        +1.65766731714020409e+07,        +3.59872319756661588e+06,        -2.91257758906947300e+07,        +2.40488222120779427e+06,        +1.42320259869834129e+06,        +1.64402659823772527e+05,        +4.24168073920977954e+06,        -4.65025524846970942e+06,        -4.05281741667291091e+05,        +2.55187956736661727e+06,        +1.35862480299167521e+06,        -2.84068935347690247e+07,        +7.31015606216943730e+06,        +1.58700288813960715e+06,        -1.28441916536104623e+07,        +1.06053031065935921e+06,        +6.27618883294302854e+05,        +7.25000178214820189e+04,        +1.87054108197146445e+06,        -2.05071857565982942e+06,        -1.78725414327822946e+05,        +1.12535474979951070e+06,        +5.99140686258902540e+05,        -2.50243045969507128e+08,        +4.84579558874080628e+07,        +1.44315603081749212e+07,        +9.53637986702006012e+07,        +1.02243791092635654e+07,        -1.14847970356501155e+07,        +1.63595960060533776e+05,        +5.29393960800184309e+06,        -1.56476013429447543e+07,        +2.06809104186805896e+06,        -8.99874782014108263e+06,        +5.47695805696538370e+06,        -7.90125351485571712e+07,        +1.53002690961794443e+07,        +4.55666674644433241e+06,        +3.01104690647320114e+07,        +3.22827797517018905e+06,        -3.62624633958429610e+06,        +5.16543086916388056e+04,        +1.67152532743129320e+06,        -4.94062340997354593e+06,        +6.52985642429910484e+05,        -2.84129325423308136e+06,        +1.72931215453588404e+06,        -3.48437805843974873e+07,        +6.74727393909280654e+06,        +2.00944693156356644e+06,        +1.32784320286927130e+07,        +1.42364004927548673e+06,        -1.59914033341527358e+06,        +2.27790615110147446e+04,        +7.37126857665985008e+05,        -2.17876818815627554e+06,        +2.87960491418368474e+05,        -1.25298344800969283e+06,        +7.62610301786783501e+05
        -8.06321581790385620e+11,        -9.10729129466572998e+11,        +7.56466748325989624e+11,        -2.91691711338750572e+10,        +3.28316106331473351e+10,        +9.54440784421264893e+11,        -7.79086730063510284e+10,        +1.05341216192203992e+12,        +1.38808833289595245e+11,        +1.00036024391494324e+12,        +4.84978712358336487e+11,        +2.11652545164446808e+11,        +9.34178204351113037e+11,        -3.05766894192687256e+11,        -3.49794648190681839e+10,        +2.39076024193872299e+10,        -2.05253457527396698e+11,        +3.21636046287382324e+11,        -3.75715281425869324e+11,        -1.82287587879194093e+09,        +4.83013465173248962e+11,        +4.44480521248808777e+11,        -9.79578426380319297e+07,        +1.46152144064227819e+08,        +3.70678808398575522e+06,        +3.95818745138699412e+07,        +6.62153874085802138e+07,        -1.41099963911940083e+07,        -5.05811190051071905e+06,        -7.92094616699632164e+06,        +2.38625327388052158e+07,        -1.26208233672812078e+07,        -3.92623359609117955e+07,        +1.56054209055110812e+06,        +6.79612251651241630e+06,        +1.17089382138312217e+07,        +3.03716190680734217e+07,        -4.81727084848935436e+06,        +5.02197124880237207e+07,        -5.26667977944699824e+07,        +4.08833769225180382e+06,        +3.69666664332212741e+06,        +6.81795123012985452e+05,        +3.34542977453657240e+06,        -6.65464710251155589e+06,        +1.35154270116900764e+07,        +3.16193885035639862e+06,        -2.45403735221091378e+06,        +9.58963159130965732e+06,        -1.52102041741757398e+06,        +1.58565317279342934e+07,        -1.66291822247263696e+07,        +1.29086474453950976e+06,        +1.16719728197194193e+06,        +2.15272160361022106e+05,        +1.05629663603043789e+06,        -2.10115943902196875e+06,        +4.26740390595727693e+06,        +9.98360628098397865e+05,        -7.74845557830463280e+05,        +4.22893681900677178e+06,        -6.70755616045492701e+05,        +6.99258049775116798e+06,        -7.33331205797804520e+06,        +5.69259141455232049e+05,        +5.14722960290663701e+05,        +9.49329863602744590e+04,        +4.65816824490966043e+05,        -9.26591436769689783e+05,        +1.88188475517977844e+06,        +4.40267593036433100e+05,        -3.41699561380707717e+05,        +4.16531288198069707e+07,        -1.74128041793011650e+07,        +5.15021212507791519e+07,        +5.43768093595126793e+07,        +9.29367966323425435e+06,        -2.22784482806715043e+06,        -2.33410378053257102e+06,        +4.53228147841825802e+06,        -4.53757902026324067e+06,        -1.50150895740201361e+07,        -2.84497931873809965e+06,        +1.93618517318836809e+06,        +1.31516913573830593e+07,        -5.49797416716077551e+06,        +1.62614435489579942e+07,        +1.71691067143916748e+07,        +2.93441597230320750e+06,        -7.03426810927791172e+05,        -7.36977350500211352e+05,        +1.43103696739814151e+06,        -1.43270963010733342e+06,        -4.74091213256157562e+06,        -8.98282817601666902e+05,        +6.11337263970574248e+05,        +5.79977148067422956e+06,        -2.42455459983723564e+06,        +7.17114278057441674e+06,        +7.57141365052496083e+06,        +1.29404968578775506e+06,        -3.10204569579590054e+05,        -3.25000040160955163e+05,        +6.31073765781997470e+05,        -6.31811394214260858e+05,        -2.09069740397894313e+06,        -3.96134225289673952e+05,        +2.69593950489077019e+05
        -2.62933263415860260e+11,        +3.95459067603036560e+11,        -5.36360597993615417e+10,        +1.59571008092407013e+11,        +5.92879497599241486e+10,        -7.79086730063510284e+10,        +1.56381749094431946e+11,        +4.77797187857791901e+10,        +3.76108715168055054e+11,        -2.41471939918881897e+11,        -1.45236441954917511e+11,        +2.86780478753399719e+11,        +2.20224434624221741e+11,        -4.06163907018424744e+11,        +6.63505466325401764e+10,        +1.12393352175509766e+11,        -4.90549667177901268e+08,        -3.41445073633924744e+11,        +4.48732932551570801e+11,        -3.97431676800399719e+11,        -2.31327377654459808e+11,        -3.64943338628254639e+11,        -3.59836309732656628e+07,        -1.70569733693792772e+09,        +8.97471249721555471e+08,        -4.44377033321036816e+08,        -1.67057506413120317e+09,        +6.24507234836825132e+08,        -1.18143484735890913e+09,        -1.37360229153472543e+08,        -2.20857905432311714e+08,        -1.22616789585490137e+08,        -4.52866920163120031e+07,        +6.07838763462700546e+07,        +1.02148212666052226e+07,        +2.34006043797487393e+06,        -5.56149228167638853e+07,        -2.36547168952674448e+08,        -8.08084201526630670e+07,        +3.96154771277881265e+08,        -3.37404972775022089e+07,        -1.99506499880447127e+07,        -7.52188778013367672e+06,        -4.44429626420288906e+07,        +6.15847370321372077e+07,        -6.46615149026002735e+06,        -2.38489880417982936e+07,        -1.25047544717378598e+07,        -1.75600325947890915e+07,        -7.46881553841153979e+07,        -2.55147075631012060e+07,        +1.25083167320766881e+08,        -1.06533319107428491e+07,        -6.29928167358156200e+06,        -2.37498476854271814e+06,        -1.40325623605429344e+07,        +1.94449607201445438e+07,        -2.04164323496254673e+06,        -7.53015532803146634e+06,        -3.94829094408745272e+06,        -7.74380826583150122e+06,        -3.29367700145870373e+07,        -1.12517446799072810e+07,        +5.51604935689228475e+07,        -4.69801859784348868e+06,        -2.77792363023046451e+06,        -1.04734581684789353e+06,        -6.18822726050147880e+06,        +8.57504373870627023e+06,        -9.00345353770787013e+05,        -3.32072726843964960e+06,        -1.74115895763229416e+06,        -3.00761266828833334e+07,        -2.45983967675114006e+08,        -1.00191554238997534e+08,        -4.04103014808964849e+08,        -5.91046820019380897e+07,        +4.02297033417968675e+07,        +1.09895954553712532e+06,        -2.47696164666874483e+07,        +6.05467529660318345e+07,        +3.29191555930001568e+06,        +2.22670553247382939e+07,        -1.25767335501860417e+07,        -9.49633188589523546e+06,        -7.76677602233142853e+07,        -3.16347999610826410e+07,        -1.27592771009996116e+08,        -1.86619002579255849e+07,        +1.27022544702284392e+07,        +3.46988981780437636e+05,        -7.82083747465614695e+06,        +1.91172243301519677e+07,        +1.03939988752761984e+06,        +7.03067086114007980e+06,        -3.97101784722201806e+06,        -4.18779253148408141e+06,        -3.42507475632133931e+07,        -1.39506475346323289e+07,        -5.62672050563708618e+07,        -8.22972148219881300e+06,        +5.60157406487043947e+06,        +1.53018858635898941e+05,        -3.44891534540425707e+06,        +8.43051509092964604e+06,        +4.58365518235382799e+05,        +3.10045934339515166e+06,        -1.75118130693034851e+06
        -1.20502766121292822e+12,        -7.10057655208878296e+11,        +8.48194399745331055e+11,        +1.16379841751436310e+11,        +9.49952179593745270e+10,        +1.05341216192203992e+12,        +4.77797187857780533e+10,        +1.30918213316543066e+12,        +5.18916096272003601e+11,        +9.73057339197154663e+11,        +4.34297941881426941e+11,        +5.24133046817511047e+11,        +1.33125042163147998e+12,        -7.61847058074171265e+11,        +2.44515332479917603e+10,        +1.30094749997015717e+11,        -2.31722010749997223e+11,        +4.59426085974763565e+10,        -4.53061102592805386e+09,        -3.68151949977295227e+11,        +3.60916820331762024e+11,        +1.79218573910191162e+11,        -1.60247720695016885e+09,        +1.47414262451167375e+08,        +5.14106862609212995e+08,        +5.31249315829308927e+08,        -1.28364615039481735e+09,        +1.22150220526889667e+08,        -1.78329582518693238e+08,        -4.93376030955641270e+07,        -2.53508738088946581e+08,        +7.00893978840828035e+06,        +2.00836807736982703e+08,        -8.81099269119933480e+05,        -4.55945201000722647e+07,        -8.13654939252381329e+05,        -1.08295630240933204e+09,        -2.02813212476475537e+08,        +6.33111716933076382e+08,        -3.68902145630117357e+08,        +5.58509818822663948e+07,        +1.31939968653680850e+07,        +8.26396619672997016e+06,        +8.80271377325922064e+06,        -5.56844688553789817e+06,        +1.56066963421339039e+07,        -1.30486020982708447e+07,        +9.32667986524805799e+06,        -3.41936066902316511e+08,        -6.40368886867768839e+07,        +1.99900706904093653e+08,        -1.16478336630899057e+08,        +1.76345666348376013e+07,        +4.16591452935670922e+06,        +2.60929096773054684e+06,        +2.77939684085001191e+06,        -1.75819912821892905e+06,        +4.92770793493288010e+06,        -4.12000712321409630e+06,        +2.94483556103312876e+06,        -1.50790570972506493e+08,        -2.82396621563190520e+07,        +8.81543207914571017e+07,        -5.13658446317646876e+07,        +7.77667707244093716e+06,        +1.83712890013388405e+06,        +1.15067263427901245e+06,        +1.22568771521456237e+06,        -7.75349183925761143e+05,        +2.17307258583679423e+06,        -1.81688416828438058e+06,        +1.29864462585394131e+06,        -1.19828678143881059e+09,        -4.43265125562574923e+08,        +6.23256206590649009e+08,        +3.76276601855597854e+08,        +1.72855788022259884e+07,        -2.53630746685480364e+07,        -2.93019536404000185e+07,        +1.68936114064084142e+07,        -5.48613847285848577e+06,        -8.84699224237510748e+06,        +1.44528900649683177e+07,        +1.62413933794893324e+07,        -3.78350879121022522e+08,        -1.39957940401309997e+08,        +1.96788896726427794e+08,        +1.18806770891518965e+08,        +5.45780362200538348e+06,        -8.00821785460653994e+06,        -9.25189202746363543e+06,        +5.33404258992899768e+06,        -1.73221080824520905e+06,        -2.79337746550149424e+06,        +4.56340147168642189e+06,        +5.12810919594870694e+06,        -1.66849158696403861e+08,        -6.17201277900836617e+07,        +8.67820419391582757e+07,        +5.23926621149614081e+07,        +2.40683976941547450e+06,        -3.53154832044469612e+06,        -4.07999686618542951e+06,        +2.35226232498263475e+06,        -7.63888580652889563e+05,        -1.23185303843667102e+06,        +2.01241688168844744e+06,        +2.26144764625655254e+06
        -1.01305257736446521e+12,        +7.29819549123004639e+11,        +1.37584915343316528e+11,        +4.16952455247316833e+11,        +1.70326466531788208e+11,        +1.38808833289595245e+11,        +3.76108715168055054e+11,        +5.18916096272003601e+11,        +1.09959159754479907e+12,        -2.82246060794239502e+11,        -1.89232370225593506e+11,        +8.36343387821468628e+11,        +8.97239898643684448e+11,        -1.18419295432447095e+12,        +1.57070876707318573e+11,        +3.14723798439872131e+11,        -9.38626763773463593e+10,        -7.49766262505349731e+11,        +1.00528906472317029e+12,        -1.06980264840732031e+12,        -4.14640438129215088e+11,        -8.13997193370490112e+11,        +2.70054232787856340e+09,        +3.79388834274450362e+08,        -6.42970319110187292e+08,        -9.82884440325503230e+08,        +1.63156127499932480e+09,        -1.75351111081167370e+08,        +6.14548623170230150e+08,        +1.48559929272905588e+08,        +1.41923454916068792e+08,        -6.65086607448564991e+07,        +7.27742814605627209e+07,        -3.27159029482338950e+06,        -3.41977158685232103e+07,        +2.03785489486293644e+07,        +4.12587066011551666e+09,        +6.59312253018988390e+06,        -9.35024593538628936e+08,        +1.68657279146299839e+08,        -1.24668514125416085e+08,        +3.26299021406331211e+07,        +5.00950276277303025e+07,        -8.85983378760952055e+07,        -7.10067362945653498e+06,        +4.84489756348943338e+07,        -4.63917660122492909e+07,        -2.88115066424273178e+07,        +1.30271552317382503e+09,        +2.08173347489884007e+06,        -2.95227638696256280e+08,        +5.32523856756077409e+07,        -3.93632331163884997e+07,        +1.03026690703521594e+07,        +1.58171633336268365e+07,        -2.79743209583203904e+07,        -2.24198927307747072e+06,        +1.52974336426920798e+07,        -1.46478837341723498e+07,        -9.09703673262142017e+06,        +5.74485222730968237e+08,        +9.18024770350569626e+05,        -1.30192595970260710e+08,        +2.34837983439956866e+07,        -1.73588134492983110e+07,        +4.54337960231319629e+06,        +6.97521940826543048e+06,        -1.23364109205781743e+07,        -9.88696061413626769e+05,        +6.74602353092674538e+06,        -6.45957816566256993e+06,        -4.01170714600787265e+06,        +4.87909101501774025e+09,        +3.81290805180505157e+08,        -9.18523136967034101e+08,        -2.06854997637995958e+08,        +8.88208256499936432e+07,        +1.66996015967710644e+08,        -2.29565202807082273e+07,        -8.91651914365018345e+06,        +8.52135680726462603e+06,        -5.41972763807712793e+07,        +4.14719006707285568e+07,        -2.65278693999630213e+07,        +1.54053971339556885e+09,        +1.20389971395318449e+08,        -2.90017416320988357e+08,        -6.53130547872185484e+07,        +2.80445699555988908e+07,        +5.27278531565091908e+07,        -7.24836471895026322e+06,        -2.81533011041709594e+06,        +2.69056029764533881e+06,        -1.71124204007393867e+07,        +1.30944698052576426e+07,        -8.37599384734279476e+06,        +6.79363440929739594e+08,        +5.30908385609111413e+07,        -1.27894937188670948e+08,        -2.88024393347684108e+07,        +1.23673900638602339e+07,        +2.32524844648689367e+07,        -3.19646027542254934e+06,        -1.24153394718422904e+06,        +1.18651164000725397e+06,        -7.54641552242636215e+06,        +5.77453731747205090e+06,        -3.69373405427815998e+06
        -4.76498821436257507e+11,        -1.31363090184390308e+12,        +7.83397366540754517e+11,        -2.02385261154838562e+11,        -3.48254844916091003e+10,        +1.00036024391494324e+12,        -2.41471939918881897e+11,        +9.73057339197154663e+11,        -2.82246060794234924e+11,        +1.26833188489696924e+12,        +6.08590676253329956e+11,        -6.89605519559189758e+10,        +7.43148675200026855e+11,        +1.05862803858423843e+11,        -8.68417954263646393e+10,        -7.16612608441000519e+10,        -1.91158344308521057e+11,        +6.41686541414222168e+11,        -7.47961329793245483e+11,        +4.15942139329472168e+11,        +6.83437249543839722e+11,        +8.25295741136139893e+11,        +1.04095358525907326e+09,        -3.38737067960032129e+09,        +1.41808378673381996e+09,        -3.50857948627702817e+07,        +1.56902620920004177e+09,        -1.23850577719666049e+08,        -4.32239541894975364e+08,        +2.71953439349196017e+08,        +7.60682598561202437e+07,        -1.08714147344361036e+06,        +6.99349090518428087e+07,        -1.15281152515215315e+07,        +1.88951952529016025e+07,        -4.32697530184556916e+07,        -4.49783012114552975e+09,        +6.53321196559143543e+08,        -3.77790726963987470e+08,        +3.49543729336740732e+08,        +2.02270589446984828e+07,        -1.82056300958465561e+07,        -4.52142464711879194e+07,        +3.53172121434019729e+07,        +8.10332386075990796e+07,        +9.84191712156411726e+05,        +2.95620554230929837e+07,        -1.24030188617812525e+07,        -1.42015918629185414e+09,        +2.06281712270705283e+08,        -1.19284845568409368e+08,        +1.10366048707472801e+08,        +6.38655591658147611e+06,        -5.74830354336794745e+06,        -1.42760899695713464e+07,        +1.11511688767152764e+07,        +2.55856924570224509e+07,        +3.10751821088178607e+05,        +9.33401739149766602e+06,        -3.91616861906374013e+06,        -6.26276767212087512e+08,        +9.09682837972516418e+07,        -5.26034885251405761e+07,        +4.86703834764923453e+07,        +2.81641074582599523e+06,        -2.53494748676324217e+06,        -6.29562063244271465e+06,        +4.91755999056719802e+06,        +1.12830483466476109e+07,        +1.37038613554676733e+05,        +4.11621337486263225e+06,        -1.72699331615676754e+06,        -5.54480024406512737e+09,        +7.54022551920338035e+08,        -3.55517428681367517e+08,        -3.47097284517436683e+08,        -5.34743208602544665e+07,        -7.47644220185257047e+07,        +2.22040079988913946e+07,        -7.21082111020136997e+06,        +7.66985352410332263e+07,        -1.73913875329837874e+07,        -2.80884566925773658e+07,        +2.88005051665894920e+06,        -1.75073286244009805e+09,        +2.38077478459362060e+08,        -1.12252203535894111e+08,        -1.09593600440127879e+08,        -1.68841521255736575e+07,        -2.36063563713181093e+07,        +7.01076409797629062e+06,        -2.27676758893499430e+06,        +2.42170394309915714e+07,        -5.49121200714405999e+06,        -8.86873864203773998e+06,        +9.09356309165387647e+05,        -7.72056631344158053e+08,        +1.04989915915590152e+08,        -4.95021599138152003e+07,        -4.83297410975386873e+07,        -7.44575137237347290e+06,        -1.04101798563075438e+07,        +3.09168064914720086e+06,        -1.00403296972261847e+06,        +1.06794853088900149e+07,        -2.42157255123626348e+06,        -3.91102984763770550e+06,        +4.01017530319996236e+05
        -2.14614376380078857e+11,        -6.51942034475623901e+11,        +3.78819336389066650e+11,        -1.17712174004327271e+11,        -2.27065382526117134e+10,        +4.84978712358336487e+11,        -1.45236441954917511e+11,        +4.34297941881426941e+11,        -1.89232370225593506e+11,        +6.08590676253329956e+11,        +4.31996829820838135e+11,        -1.23481841453236496e+11,        +1.71832453841205719e+11,        +2.96831433084020813e+11,        -1.24022766104003677e+11,        -9.99192939505134277e+10,        -1.50585243554034424e+11,        +4.79000567853437195e+11,        -7.14022038026237915e+11,        +3.01421323297404968e+11,        +4.14628386036231018e+11,        +5.70589701841658325e+11,        -2.50974099454602051e+09,        -3.28194025309378433e+09,        +1.95257889554199886e+09,        +7.70832117319447041e+08,        +1.63411374456320524e+08,        -2.78010169425144732e+08,        -6.82293059078974605e+08,        +8.69250670869727135e+07,        +4.96968794180661887e+07,        +5.85123538655030355e+07,        +7.77421197909254432e+07,        -6.13241211902765557e+07,        +7.32604522396438569e+07,        +2.94099541921126470e+07,        +1.13449702836931820e+10,        -4.83485153452893972e+08,        +2.87547375785005271e+08,        +3.40082292334551573e+08,        +1.29840104545791671e+07,        -9.44761044413695335e+07,        -3.60584934768016338e+07,        +4.48543670717668980e+07,        +1.02771114983417690e+08,        +2.09650819859370030e+07,        -2.98660116352242604e+07,        +1.44481588587462362e+07,        +3.58209699624928808e+09,        -1.52657139913719267e+08,        +9.07911228784219176e+07,        +1.07378664499471977e+08,        +4.09961275222280901e+06,        -2.98301856659068763e+07,        -1.13852234023197424e+07,        +1.41624605035223272e+07,        +3.24492786739543229e+07,        +6.61958165865708236e+06,        -9.42998949254686572e+06,        +4.56190762558784708e+06,        +1.57967089063359427e+09,        -6.73203546474540979e+07,        +4.00380263541584536e+07,        +4.73529752998129800e+07,        +1.80789044359701127e+06,        -1.31548297011411395e+07,        -5.02077582232875191e+06,        +6.24551111278877500e+06,        +1.43098249424778763e+07,        +2.91917289378305944e+06,        -4.15853616358083440e+06,        +2.01175810968995723e+06,        +1.35843344947081757e+10,        -3.68107164573371351e+08,        +2.45666384780040234e+08,        -3.29806869003339708e+08,        -1.04749725487158418e+08,        -9.63741129075683802e+07,        +5.25803298559172824e+07,        +2.45107822277066857e+07,        +9.17705907285468429e+07,        -3.88881093591637071e+06,        +3.78006950003986135e+07,        +5.33307695003456529e+06,        +4.28916097378256941e+09,        -1.16227326783871248e+08,        +7.75674855900577307e+07,        -1.04134269659334794e+08,        -3.30740114467130564e+07,        -3.04294688950043656e+07,        +1.66018805628254395e+07,        +7.73911232890480570e+06,        +2.89759381622405760e+07,        -1.22786553196617868e+06,        +1.19353116518683434e+07,        +1.68388267626790493e+06,        +1.89147941628056431e+09,        -5.12551516636436731e+07,        +3.42065273984913900e+07,        -4.59222278655439317e+07,        -1.45853261856282111e+07,        -1.34191079362758771e+07,        +7.32127228333878424e+06,        +3.41287532920387108e+06,        +1.27781146327465586e+07,        -5.41477084649084019e+05,        +5.26335953684049658e+06,        +7.42576331609052490e+05
        -8.51536392323846069e+11,        +4.44523984291427246e+11,        +1.89023112765921844e+11,        +3.16661655389003601e+11,        +1.33901591173362427e+11,        +2.11652545164446808e+11,        +2.86780478753399719e+11,        +5.24133046817511047e+11,        +8.36343387821468628e+11,        -6.89605519559189758e+10,        -1.23481841453234772e+11,        +7.28053528396244873e+11,        +8.89252185335287842e+11,        -9.90311847597865234e+11,        +1.48093038236846649e+11,        +2.61608256633080261e+11,        -7.57661303631223755e+10,        -6.19345516399345947e+11,        +8.68707306440923096e+11,        -8.47537800856733887e+11,        -3.09910633182631409e+11,        -6.12191875888531738e+11,        -9.78697608422479749e+08,        -4.85583862551189137e+09,        +1.74377932166810513e+09,        +3.18501251986794949e+09,        +7.00628442212979436e+08,        +4.34789874458916008e+08,        -6.99127485372952104e+08,        +1.57012376390706718e+08,        +1.05504461767191857e+08,        -1.71237388332014769e+08,        -5.97669357684853822e+07,        -4.77755443835177124e+07,        -5.54246602844022289e+07,        +4.05820495497966371e+06,        -4.51540261518277359e+09,        -7.24829243456377506e+08,        +4.88305130187615454e+08,        -3.51151702298810720e+08,        +2.22171529665247276e+07,        -2.01241620874858275e+07,        +1.19988854282457475e+07,        -1.28377901535797250e+07,        +3.06193635531573221e+07,        -1.43554501500870008e+07,        -5.83266205035090372e+07,        +2.44943841583219655e+07,        -1.42570758144260192e+09,        -2.28859890405416995e+08,        +1.54179014696260989e+08,        -1.10873755204135925e+08,        +7.01491453186000139e+06,        -6.35406693565618247e+06,        +3.78856624354828894e+06,        -4.05344468938058009e+06,        +9.66785522289835662e+06,        -4.53263548308680207e+06,        -1.84162326460477449e+07,        +7.73393475032871030e+06,        -6.28723556988731265e+08,        -1.00925046777229264e+08,        +6.79914870304374993e+07,        -4.88942772388901934e+07,        +3.09351095122904377e+06,        -2.80208341256623808e+06,        +1.67072187560434407e+06,        -1.78753076460864884e+06,        +4.26343270058387704e+06,        -1.99884937174573145e+06,        -8.12138438924425840e+06,        +3.41059206602892373e+06,        -5.14204380581827259e+09,        -1.13193403099097109e+09,        +4.50492040893994331e+08,        +3.51152210272877216e+08,        -4.56279063005893677e+07,        +2.01394892415474802e+07,        -3.49313195174834356e+07,        +1.54775662253949903e+07,        +1.95800275682039559e+07,        +2.41845933430005610e+07,        +6.49325296410440803e+07,        +2.72885519114128947e+07,        -1.62356526379615808e+09,        -3.57400450681935310e+08,        +1.42239789630834639e+08,        +1.10873915593483120e+08,        -1.44067002396130227e+07,        +6.35890638002248667e+06,        -1.10293259118055850e+07,        +4.88693598121867329e+06,        +6.18226017210064083e+06,        +7.63612041311326157e+06,        +2.05020034050132595e+07,        +8.61617416260378249e+06,        -7.15976923279315710e+08,        -1.57610217934559375e+08,        +6.27264017152367160e+07,        +4.88943479690751210e+07,        -6.35321852602813672e+06,        +2.80421756175323529e+06,        -4.86382839561098721e+06,        +2.15509253992959764e+06,        +2.72631825503788749e+06,        +3.36745686858796841e+06,        +9.04118956367769651e+06,        +3.79965130133156059e+06
        -1.41194824386206104e+12,        -2.98354519656863464e+11,        +7.62531419705220581e+11,        +2.76601650735878845e+11,        +1.49114259006741821e+11,        +9.34178204351113037e+11,        +2.20224434624221741e+11,        +1.33125042163147998e+12,        +8.97239898643684448e+11,        +7.43148675200026855e+11,        +1.71832453841205719e+11,        +8.89252185335287842e+11,        +1.82230334055175635e+12,        -1.37957919272816772e+12,        +1.56037394564151733e+11,        +2.87045040790330383e+11,        -1.87547880303819824e+11,        -4.47072181838759277e+11,        +9.93548393149617310e+11,        -7.00657259775418213e+11,        +4.90014997239783478e+10,        -1.51860352154039307e+11,        +7.20885230891627312e+08,        -4.44572042391785240e+09,        +1.86550067139731383e+09,        -3.58456023246021688e+08,        -1.91445333095318103e+09,        +5.38251160286439300e+08,        +1.01731562243499011e+08,        -1.73982691281505525e+08,        +4.37067814292789996e+08,        +1.37786009103540391e+08,        +2.74241262462446503e+07,        +6.84444544152526706e+07,        -1.89712449575208053e+07,        +1.71023367055561696e+06,        -1.23917225852968864e+10,        +2.13894761078647661e+09,        +5.58356008160193563e+08,        -5.00660393253333569e+08,        -8.50733535280714333e+07,        +2.76089541576679051e+07,        +7.03554338869420886e+07,        +5.74801623392995372e+07,        +9.52685203351328522e+07,        +3.24818021416571774e+07,        +2.86747251278109401e+07,        -2.47953268531531421e+06,        -3.91260189680254459e+09,        +6.75358120835783243e+08,        +1.76297101680664361e+08,        -1.58080104748404443e+08,        -2.68613311902439520e+07,        +8.71733898676830903e+06,        +2.22142484373426959e+07,        +1.81489692534037121e+07,        +3.00803855802168995e+07,        +1.02559075056930836e+07,        +9.05384890220867656e+06,        -7.82895535384209361e+05,        -1.72542042537885499e+09,        +2.97826542763736963e+08,        +7.77453541653441638e+07,        -6.97118308412175626e+07,        -1.18455929611414857e+07,        +3.84426403182325279e+06,        +9.79627342601723783e+06,        +8.00352376125629060e+06,        +1.32651654965951461e+07,        +4.52275819463781174e+06,        +3.99266172132951673e+06,        -3.45249525333448662e+05,        -1.50831848448793926e+10,        +2.16377196078366327e+09,        +6.62152010509474635e+08,        +4.33390104108877063e+08,        +1.82764536348510712e+08,        +2.68875549935132870e+06,        +6.36139342250475194e+06,        +6.47903606709703058e+07,        +9.58892422466903478e+07,        -2.83487294261917211e+07,        -2.98476855686782189e+07,        +5.40444185435147863e+06,        -4.76241274993686581e+09,        +6.83196240049420953e+08,        +2.09069981550827205e+08,        +1.36839969723323077e+08,        +5.77066559280376509e+07,        +8.48956212050984846e+05,        +2.00856658950156812e+06,        +2.04571145222814009e+07,        +3.02763742905700877e+07,        -8.95091798265934549e+06,        -9.42420316201570444e+06,        +1.70641565810908913e+06,        -2.10017897285716200e+09,        +3.01283079192556143e+08,        +9.21978841742565930e+07,        +6.03451322154182494e+07,        +2.54480893903146908e+07,        +3.74381658845000435e+05,        +8.85758866009784164e+05,        +9.02139399101764895e+06,        +1.33515946639130358e+07,        -3.94727015947943833e+06,        -4.15598444655216951e+06,        +7.52513163451117114e+05
        +1.19376422037270947e+12,        -6.04530619838467407e+11,        -2.73172187245740631e+11,        -4.46732505812386658e+11,        -1.89788852427955139e+11,        -3.05766894192687256e+11,        -4.06163907018424744e+11,        -7.61847058074171265e+11,        -1.18419295432447095e+12,        +1.05862803858423843e+11,        +2.96831433084020813e+11,        -9.90311847597865234e+11,        -1.37957919272813525e+12,        +1.68034870063421094e+12,        -2.58246752964146698e+11,        -3.58514342624004028e+11,        +8.37349938585377312e+09,        +9.76781774407821533e+11,        -1.48350408147598853e+12,        +1.15701294579757153e+12,        +3.80826101057613647e+11,        +9.27420456338191650e+11,        +1.51945259975308824e+09,        -3.64260259611615086e+09,        -4.65220553603143454e+08,        +4.61097658152877331e+09,        +9.10059639021839142e+08,        +5.20792597564986348e+08,        +5.65156278650260091e+08,        +8.88621054429778457e+07,        -2.36658903870668352e+08,        +2.24181173335501671e+08,        -2.66596228316588737e+07,        +4.37031714374835566e+07,        -3.68830467199191079e+06,        +5.20233205909178313e+06,        +1.48381060035059013e+10,        -5.90276997076182127e+08,        -9.78318272436608791e+08,        +3.48493928568808556e+08,        -1.48753158100084811e+08,        -1.86800176780723929e+08,        -1.82440394982097089e+08,        +3.61357792697055712e+07,        -2.42835013555618972e+07,        +2.99812791574959084e+07,        +1.98359624174651168e+07,        +7.45723717618687171e+06,        +4.68503077717047596e+09,        -1.86375936235006332e+08,        -3.08897322552541375e+08,        +1.10034581274466366e+08,        -4.69677951980891898e+07,        -5.89808818721066043e+07,        -5.76043105021832138e+07,        +1.14096258643527981e+07,        -7.66734994354316313e+06,        +9.46638442659864202e+06,        +6.26306985532137565e+06,        +2.35457178125297464e+06,        +2.06605425485905600e+09,        -8.21900248634510785e+07,        -1.36220797243020087e+08,        +4.85242094740402773e+07,        -2.07123533922581933e+07,        -2.60100109781565145e+07,        -2.54029560256456062e+07,        +5.03153707725115307e+06,        -3.38122879609298287e+06,        +4.17458598522115173e+06,        +2.76195456092206109e+06,        +1.03834388254900556e+06,        +1.77345819100873146e+10,        -1.59271179054355592e+08,        -1.00504659606706357e+09,        -3.04534669990332186e+08,        -1.46837382356086642e+08,        -5.12122487314217314e+07,        +1.89909744674420685e+08,        -4.31085703836686760e+07,        -2.32542202023940943e+07,        -3.47108044058224484e+07,        -8.33970168215139396e+06,        +2.03703314570335932e+07,        +5.59957329118543148e+09,        -5.02887885832314491e+07,        -3.17336608456097126e+08,        -9.61547451732081920e+07,        -4.63629020721964985e+07,        -1.61699182778536826e+07,        +5.99627067278010026e+07,        -1.36112371053008884e+07,        -7.34236143895819411e+06,        -1.09596997691753320e+07,        -2.63320393074883800e+06,        +6.43179323525637481e+06,        +2.46935885245900154e+09,        -2.21768800602934100e+07,        -1.39942442495379359e+08,        -4.24033330491750464e+07,        -2.04456012457033731e+07,        -7.13078100179728959e+06,        +2.64429864519823082e+07,        -6.00242680845020432e+06,        -3.23791193978759507e+06,        -4.83312392533693276e+06,        -1.16121802476630127e+06,        +2.83635997544090403e+06
        -7.20852037292382812e+10,        +1.32374843847769211e+11,        -2.48701902788309975e+10,        +5.80621774047828979e+10,        +1.79954109029184685e+10,        -3.49794648190681839e+10,        +6.63505466325401764e+10,        +2.44515332479917603e+10,        +1.57070876707318573e+11,        -8.68417954263646393e+10,        -1.24022766104003677e+11,        +1.48093038236846649e+11,        +1.56037394564151733e+11,        -2.58246752964146698e+11,        +5.00867360904753494e+10,        +9.23246234583677673e+10,        +7.15444794552332592e+09,        -2.28145566071328339e+11,        +2.52548415442769135e+11,        -2.66584317872899963e+11,        -1.49177224691028381e+11,        -2.57741088123936707e+11,        +5.63451621978066206e+08,        +1.31294191012082264e+08,        -1.13135121684904903e+08,        -1.36011505237908870e+08,        +3.57918242920120120e+08,        +1.76302975873654746e+07,        +3.68936129594249278e+07,        +3.29249715772622675e+07,        +3.32013830562985688e+06,        -7.51599533781984299e+07,        +2.05198631640376076e+07,        -3.75627116972988425e+06,        -2.04309014514544867e+07,        +1.93201734454670548e+07,        -8.45146568754818344e+09,        -1.02624667052403700e+09,        -7.19499154775696397e+08,        -3.71389251670909286e+08,        +1.54203203610016942e+08,        -4.12843029675423920e+08,        +5.99210698141313344e+07,        -7.32426574638226330e+07,        +1.65377021341987699e+06,        -9.81888151426888257e+06,        +4.81439752938894276e+06,        -7.64025760882994067e+06,        -2.66849265324078417e+09,        -3.24030387384873986e+08,        -2.27176951254817963e+08,        -1.17263623401625976e+08,        +4.86886098994384557e+07,        -1.30352371098620161e+08,        +1.89196691419953145e+07,        -2.31258695913539715e+07,        +5.22166666447135853e+05,        -3.10024487497735955e+06,        +1.52011318650718150e+06,        -2.41235923469084874e+06,        -1.17678001757290101e+09,        -1.42894335683418930e+08,        -1.00182886531514913e+08,        -5.17121486692644730e+07,        +2.14712163975710198e+07,        -5.74841625911204219e+07,        +8.34339512171846349e+06,        -1.01982897314900532e+07,        +2.30270560487167386e+05,        -1.36717866321476386e+06,        +6.70355535795926698e+05,        -1.06382760287685692e+06,        -9.69500127893455124e+09,        -1.82975926682110500e+09,        -7.38070323961183906e+08,        +5.83881490442011714e+08,        -1.02779098945646608e+09,        +5.43464917594186887e+07,        +5.08155685617373735e+07,        -6.95316964495327231e+06,        +1.25569897217564154e+07,        +5.95962949541230965e+06,        -3.00926495229023136e+06,        -9.49858841176112741e+06,        -3.06113053551332474e+09,        -5.77734009842245698e+08,        -2.33040671272823691e+08,        +1.84356598631567836e+08,        -3.24517995555788100e+08,        +1.71595341389230266e+07,        +1.60446692195691969e+07,        -2.19541589592342032e+06,        +3.96478386804501945e+06,        +1.88171236948587140e+06,        -9.50154885994818062e+05,        -2.99911451220668666e+06,        -1.34992960951175332e+09,        -2.54775233287207633e+08,        -1.02768731591815606e+08,        +8.12995160821831226e+07,        -1.43109366274280816e+08,        +7.56719223529470619e+06,        +7.07554735188260861e+06,        -9.68157642647806788e+05,        +1.74843218108338444e+06,        +8.29817354955603718e+05,        -4.19009316769165976e+05,        -1.32258112987177516e+06
        -2.52835532160717194e+11,        +2.03284610010793640e+11,        +2.52118503636469460e+10,        +1.14349251741916611e+11,        +4.36290575925941086e+10,        +2.39076024193872299e+10,        +1.12393352175509766e+11,        +1.30094749997015717e+11,        +3.14723798439872131e+11,        -7.16612608441000519e+10,        -9.99192939505134277e+10,        +2.61608256633080261e+11,        +2.87045040790330383e+11,        -3.58514342624004028e+11,        +9.23246234583663940e+10,        +1.37233165078822922e+11,        -3.12247637722142944e+10,        -2.29718822293192169e+11,        +3.89415351355497192e+11,        -3.39168884545878845e+11,        -1.75534601428934296e+11,        -2.78622066441685120e+11,        +6.58227045818811798e+09,        -3.12983809544508171e+09,        -2.81163343278307796e+08,        -1.85992675129362941e+09,        +1.78565563990725970e+09,        +4.64644250379295886e+08,        -2.25974292882693529e+08,        +1.68350373693612993e+08,        -6.50001583705513775e+07,        -8.40573896106310934e+07,        +3.01691830146051086e+07,        +1.10166949725390345e+08,        +1.89512735463833101e+07,        +9.61154820477910899e+06,        -5.44986848602426434e+09,        +3.07043715553301752e+08,        -2.28742909483718681e+09,        +4.85950778010388136e+08,        -2.35978148645995528e+08,        +1.63479572620965391e+07,        -4.65690498238145784e+07,        -4.45919052717818767e+07,        +3.36107013182429969e+07,        -7.08027805878796428e+07,        -2.32812382092499780e+06,        +1.24371174395604939e+04,        -1.72075880725763345e+09,        +9.69469591984387636e+07,        -7.22240136805554509e+08,        +1.53435644052595109e+08,        -7.45084911029061824e+07,        +5.16175601513382327e+06,        -1.47038598886277210e+07,        -1.40795899801232610e+07,        +1.06123497217937969e+07,        -2.23554951073329970e+07,        -7.35089219036458642e+05,        +3.92693501245085690e+03,        -7.58838356547142863e+08,        +4.27526919403828308e+07,        -3.18501068327732325e+08,        +6.76636676084676087e+07,        -3.28575397661013193e+07,        +2.27628557523636334e+06,        -6.48426312027305271e+06,        -6.20896599588039704e+06,        +4.67994584018643666e+06,        -9.85856187136537768e+06,        -3.24167392046149122e+05,        +1.73174119379619083e+03,        -6.62009109151301861e+09,        +8.59403238854783177e+08,        -2.25537559461114025e+09,        -5.53410178232090354e+08,        +1.94934237332704306e+08,        +1.08025064474381864e+08,        +8.39702646608700007e+07,        -5.04292794923043400e+07,        +3.59409591523314565e+07,        +7.00104860883083493e+07,        -5.38679892766492907e+06,        -1.59746804996222258e+06,        -2.09024861421547818e+09,        +2.71350711680002868e+08,        -7.12119462708767176e+08,        -1.74735489610610485e+08,        +6.15491560184425488e+07,        +3.41081773946569860e+07,        +2.65130384033093080e+07,        -1.59227010803234819e+07,        +1.13481127409330048e+07,        +2.21053335224112123e+07,        -1.70084502432966256e+06,        -5.04389642306853260e+05,        -9.21779866240565896e+08,        +1.19663097018989593e+08,        -3.14037946787186563e+08,        -7.70566980144612789e+07,        +2.71425955821975917e+07,        +1.50413835860174410e+07,        +1.16919991367658749e+07,        -7.02176055622829031e+06,        +5.00441037170411088e+06,        +9.74824297880901024e+06,        -7.50056566649591667e+05,        -2.22431061002396629e+05
        +2.16931632742702209e+11,        +1.54016714677732086e+11,        -1.64008883858153412e+11,        -1.16971109250924416e+10,        -1.28652579892349796e+10,        -2.05253457527396698e+11,        -4.90549667177901268e+08,        -2.31722010749997223e+11,        -9.38626763773463593e+10,        -1.91158344308521057e+11,        -1.50585243554034424e+11,        -7.57661303631223755e+10,        -1.87547880303819824e+11,        +8.37349938585377312e+09,        +7.15444794552332592e+09,        -3.12247637722142944e+10,        +1.54033121113892578e+11,        -1.11214208313158295e+11,        +1.85033488279653809e+11,        +8.48768515800030823e+10,        -9.45514939520010071e+10,        -1.28397185345135254e+11,        -6.68391227830765247e+09,        +2.96844317695533323e+09,        +2.27220232530027580e+09,        -3.49343486397036791e+08,        +1.58640645254296660e+09,        -1.99723511961154962e+09,        -8.16517647216842890e+08,        -2.57092180625534616e+07,        -4.60044228360323794e+06,        +1.06008033226991639e+08,        -2.21152458926319927e+07,        +7.06577957105381191e+07,        -2.82423133573821411e+07,        +4.55478481174504943e+06,        -2.12529892692910409e+09,        +1.50623167152975392e+09,        +1.99403096900353742e+09,        +6.12142503323013425e+08,        +3.81868541548700392e+08,        +3.01015638668839224e+07,        -1.31601461178173006e+08,        +4.04685923316777721e+07,        +3.30316640582877770e+06,        -1.67454238748603575e+07,        -1.47824663336578906e+07,        -1.47661585590738934e+07,        -6.71048641989591479e+08,        +4.75582378033859730e+08,        +6.29601679500424027e+08,        +1.93279820713295758e+08,        +1.20572387713509277e+08,        +9.50436350326601975e+06,        -4.15522638667406663e+07,        +1.27776820395998098e+07,        +1.04295226559015806e+06,        -5.28725338745723199e+06,        -4.66746293086934183e+06,        -4.66231386226077843e+06,        -2.95926103357920051e+08,        +2.09727329959243596e+08,        +2.77648384966186166e+08,        +8.52345726113401353e+07,        +5.31712824316729829e+07,        +4.19133439876981266e+06,        -1.83241553031492382e+07,        +5.63483690945894737e+06,        +4.59932083357375057e+05,        -2.33162872929329472e+06,        -2.05830700082264026e+06,        -2.05603631027368549e+06,        -3.02951428636244678e+09,        +1.20419148049923468e+09,        +2.03110674630674648e+09,        -5.02027958454548478e+08,        -1.82997859878466278e+08,        -3.04854856966618180e+08,        -5.95661426824412122e+07,        -5.33104588111319244e+07,        -5.00513246622532140e+06,        +1.20874925962596219e+07,        +9.78754182421068847e+06,        -1.54969654166433048e+07,        -9.56548475131000638e+08,        +3.80215247580277324e+08,        +6.41308103333223939e+08,        -1.58511904134118855e+08,        -5.77803262413931191e+07,        -9.62558420273481160e+07,        -1.88076033207086809e+07,        -1.68324138010753691e+07,        -1.58033644203244662e+06,        +3.81654335256239353e+06,        +3.09034958157300344e+06,        -4.89306114355604257e+06,        -4.21828829098305464e+08,        +1.67671327551011652e+08,        +2.82810807139973283e+08,        -6.99022502857275158e+07,        -2.54805773016228825e+07,        -4.24479158055288419e+07,        -8.29397515461349767e+06,        -7.42293526068647020e+06,        -6.96913421802938916e+05,        +1.68305951603114931e+06,        +1.36281493242760026e+06,        -2.15779367857963406e+06
        +4.23557839038025696e+11,        -9.77063343417514648e+11,        +2.33728323084096863e+11,        -3.54199221528750793e+11,        -1.31042655824119446e+11,        +3.21636046287382324e+11,        -3.41445073633924744e+11,        +4.59426085974763565e+10,        -7.49766262505349731e+11,        +6.41686541414222168e+11,        +4.79000567853437195e+11,        -6.19345516399345947e+11,        -4.47072181838759277e+11,        +9.76781774407821533e+11,        -2.28145566071328339e+11,        -2.29718822293192169e+11,        -1.11214208313160522e+11,        +9.51295859218007935e+11,        -1.26377316715411841e+12,        +8.15252833835866455e+11,        +5.99480700345251831e+11,        +8.97450030879220825e+11,        +1.13931353883939037e+10,        +2.19620786695171446e+08,        +2.72889075323138177e+08,        -1.79552046560621262e+09,        -3.80447403217553258e+08,        -4.97609249578307807e+08,        -9.89752985881844521e+08,        +7.32627835908122063e+07,        -6.60946124881617650e+07,        +1.84247106747572482e+08,        -3.41137335814421624e+07,        -6.48311400676255226e+07,        -2.95747002355630323e+07,        +3.64750477838500403e+06,        +1.66038027984189568e+10,        +4.71147021680599594e+09,        -3.94362573650114441e+09,        -9.19011759423585534e+08,        +1.81203196269895583e+08,        +5.48935796911593452e+07,        -1.03327231756833363e+07,        +1.97416763151466362e+07,        +2.41249330321538411e+07,        -1.58378651506937277e+07,        -3.24441461338102072e+06,        -5.85635665287075657e+06,        +5.24253749840325069e+09,        +1.48761458950641799e+09,        -1.24517293142291856e+09,        -2.90171695529319823e+08,        +5.72136734462968186e+07,        +1.73322734223206416e+07,        -3.26248687525356188e+06,        +6.23329966152998805e+06,        +7.61728307683689240e+06,        -5.00069790970248356e+06,        -1.02440178780231660e+06,        -1.84910467375713517e+06,        +2.31190944520876598e+09,        +6.56023961937850595e+08,        -5.49109484090809464e+08,        -1.27962972860146746e+08,        +2.52306887792163044e+07,        +7.64336862525227480e+06,        -1.43872585061444528e+06,        +2.74882618707009172e+06,        +3.35914978148116730e+06,        -2.20526047426425712e+06,        -4.51751498130486638e+05,        -8.15437669590507401e+05,        +1.84125351941243095e+10,        +6.66604333743748665e+09,        -3.65790564317174816e+09,        +9.44607296938907266e+08,        +2.97098532481811196e+07,        -1.11481252159027383e+08,        -6.35683984839917570e+07,        -3.58771106105864514e+06,        +2.01538479941101223e+07,        +1.41984074704562649e+07,        -4.83477843970578222e+05,        -6.78424805769897904e+06,        +5.81363241709049225e+09,        +2.10475772247938871e+09,        -1.15495876051809001e+09,        +2.98253311942436934e+08,        +9.38068354681244679e+06,        -3.51994450854536444e+07,        -2.00712882953235731e+07,        -1.13279529993135436e+06,        +6.36344005821981654e+06,        +4.48305032799857762e+06,        -1.52654831994527573e+05,        -2.14208005676525133e+06,        +2.56375690209885120e+09,        +9.28178245736584067e+08,        -5.09325888099350154e+08,        +1.31526889250583664e+08,        +4.13679270791970193e+06,        -1.55226223148529287e+07,        -8.85124827463798784e+06,        -4.99552011635024915e+05,        +2.80621687095209863e+06,        +1.97698278740074160e+06,        -6.73193368769222434e+04,        -9.44637042107426561e+05
        -5.13518857725127625e+11,        +1.15994435386083081e+12,        -2.72595793190560455e+11,        +4.19441723019071045e+11,        +1.36948180514347946e+11,        -3.75715281425869324e+11,        +4.48732932551570801e+11,        -4.53061102592805386e+09,        +1.00528906472317029e+12,        -7.47961329793245483e+11,        -7.14022038026237915e+11,        +8.68707306440923096e+11,        +9.93548393149617310e+11,        -1.48350408147598853e+12,        +2.52548415442769135e+11,        +3.89415351355497192e+11,        +1.85033488279653809e+11,        -1.26377316715411841e+12,        +2.53153709688596729e+12,        -8.38093953286395142e+11,        -8.91435285155537720e+11,        -1.02497541101951099e+12,        +6.13371276071571541e+09,        +2.40138014657525361e+08,        +5.52007781344153214e+09,        +8.11487762877199888e+08,        -3.65254913944771230e+08,        -1.12348238621990442e+09,        +1.09264195083782434e+09,        -2.56291203217778802e+08,        -1.07095704403692335e+08,        -1.01377211705728903e+08,        -1.03763734478972349e+07,        -1.58558044161808537e+06,        +1.14083453995112628e+07,        -1.97443213110672054e+06,        -1.25532895301963749e+10,        +1.02043179868222752e+10,        -4.23055384427973032e+08,        +3.82327580607701182e+08,        -8.28313724356439859e+07,        -8.22957820249247551e+07,        -2.25942937823410518e+07,        +3.67327919669763520e+07,        -4.18793589729848206e+07,        +1.48282652347646654e+07,        -1.96742891150977276e+07,        +6.54451952584424987e+06,        -3.96361555779463148e+09,        +3.22194381257289886e+09,        -1.33576852465161920e+08,        +1.20717326165818125e+08,        -2.61534409502513893e+07,        -2.59843319307050928e+07,        -7.13399417241582274e+06,        +1.15981285519878827e+07,        -1.32231219853966162e+07,        +4.68192362155285105e+06,        -6.21202261268413905e+06,        +2.06638740774118272e+06,        -1.74791696731455064e+09,        +1.42084674348785543e+09,        -5.89061283719046339e+07,        +5.32351989181013033e+07,        -1.15334200615659691e+07,        -1.14588445836264864e+07,        -3.14602394628476119e+06,        +5.11466497936411388e+06,        -5.83127171193286031e+06,        +2.06468402862370596e+06,        -2.73944320979851903e+06,        +9.11257299899590318e+05,        -1.72896528088175201e+10,        +1.19203916241318111e+10,        +9.94613880753274113e+07,        -3.38986667996820211e+08,        -1.01520318508403018e+08,        +3.52385876380408416e+06,        +7.40419602507491857e+07,        +2.54976882588565238e+07,        -4.15232754177821949e+07,        -1.08104350129185878e+07,        +2.32405762422898225e+07,        +3.61904387845880771e+06,        -5.45908996180260658e+09,        +3.76378236021411657e+09,        +3.14042549745166451e+07,        -1.07032728586810663e+08,        -3.20543482171941847e+07,        +1.11263437253536656e+06,        +2.33782439952128083e+07,        +8.05072117770395149e+06,        -1.31106910312725306e+07,        -3.41332112994462578e+06,        +7.33805345160482638e+06,        +1.14268842334080674e+06,        -2.40740703309796715e+09,        +1.65979241749618983e+09,        +1.38489793763883878e+07,        -4.72004208346971497e+07,        -1.41356643468765114e+07,        +4.90661233364931657e+05,        +1.03095844562655836e+07,        +3.55029188387206197e+06,        -5.78169072470053472e+06,        -1.50524233012222266e+06,        +3.23601215811600583e+06,        +5.03914785474963312e+05
        +8.75371568454695801e+11,        -8.43053408658220215e+11,        -2.68600812561771660e+10,        -4.24719483157731750e+11,        -1.67885780374139801e+11,        -1.82287587879194093e+09,        -3.97431676800399719e+11,        -3.68151949977295227e+11,        -1.06980264840732031e+12,        +4.15942139329472168e+11,        +3.01421323297404968e+11,        -8.47537800856733887e+11,        -7.00657259775418213e+11,        +1.15701294579757153e+12,        -2.66584317872899963e+11,        -3.39168884545878845e+11,        +8.48768515800030823e+10,        +8.15252833835866455e+11,        -8.38093953286393066e+11,        +1.32006301508282617e+12,        +4.56926448491128601e+11,        +1.09715222311724426e+12,        -3.67206829624374771e+09,        +2.54255345136081648e+09,        +3.85595090078042555e+09,        -2.64495782166368246e+09,        +1.36325801899996328e+09,        +2.37520894507980061e+09,        +1.89548408598549396e+08,        -2.47984153948816508e+07,        -9.22867494621801078e+07,        +9.13823061056893617e+07,        -2.32750848171979114e+07,        -2.57614817924466357e+07,        -1.13678129795337431e+07,        +2.07431557770347805e+06,        +1.22934322871793785e+10,        +4.79189095248427963e+09,        +3.39908555972104025e+09,        -1.84590592561989635e+08,        -3.26000231021954045e+07,        +8.55153377245406061e+06,        -2.17613581086996011e+07,        -1.86855739810883164e+08,        +2.74187687489565723e+07,        -9.05545985138164647e+06,        +2.32455887339970209e+07,        +5.38120779549759533e+06,        +3.88156740549556923e+09,        +1.51300688834067798e+09,        +1.07323808427882516e+09,        -5.82832207240413204e+07,        -1.02932349677355662e+07,        +2.70008846860197466e+06,        -6.87100041394749936e+06,        -5.89984255199486762e+07,        +8.65728924100083672e+06,        -2.85919969133058703e+06,        +7.33963611167700868e+06,        +1.69907966247842694e+06,        +1.71173450828208685e+09,        +6.67221725526259780e+08,        +4.73287842911509812e+08,        -2.57023490113592148e+07,        -4.53921925230081938e+06,        +1.19071347326775431e+06,        -3.03004618657983607e+06,        -2.60177475609013848e+07,        +3.81778266197811812e+06,        -1.26088001738442155e+06,        +3.23671009623672348e+06,        +7.49278058772570919e+05,        +1.36799821352725868e+10,        +5.25987772757383537e+09,        +3.62274651402156544e+09,        +2.08778892482463747e+08,        -1.26157841552985564e+08,        +1.64568748608373374e+08,        -5.21668180283661485e+07,        -1.24282374643715873e+08,        +3.14010054419357963e+07,        +5.74381842945908196e+06,        -1.57051399990677908e+07,        +7.67517836688102596e+06,        +4.31936106398964405e+09,        +1.66077052098255849e+09,        +1.14385750526838374e+09,        +6.59205114637136012e+07,        -3.98334780946760699e+07,        +5.19614600413616449e+07,        -1.64713170233586561e+07,        -3.92413122084492594e+07,        +9.91465331861135550e+06,        +1.81357149720702809e+06,        -4.95879084824024513e+06,        +2.42338522589166556e+06,        +1.90479737038526249e+09,        +7.32384089756781697e+08,        +5.04430339546137869e+08,        +2.90703219828890562e+07,        -1.75661870364583731e+07,        +2.29145123507558331e+07,        -7.26369499749484286e+06,        -1.73050474822033644e+07,        +4.37226832621596754e+06,        +7.99767874856662354e+05,        -2.18677985657768836e+06,        +1.06868996069646650e+06
        +6.37748396068759823e+09,        -8.61025851282934814e+11,        +3.70558083047216003e+11,        -2.17511684015069885e+11,        -6.51201204213761673e+10,        +4.83013465173248962e+11,        -2.31327377654459808e+11,        +3.60916820331762024e+11,        -4.14640438129215088e+11,        +6.83437249543839722e+11,        +4.14628386036231018e+11,        -3.09910633182631409e+11,        +4.90014997239783478e+10,        +3.80826101057613647e+11,        -1.49177224691028381e+11,        -1.75534601428934296e+11,        -9.45514939520010071e+10,        +5.99480700345251831e+11,        -8.91435285155537720e+11,        +4.56926448491128601e+11,        +6.50741080266056519e+11,        +6.21574461087631104e+11,        +1.60275357022758555e+09,        +6.99673733927513123e+09,        +1.58225274607985640e+09,        +1.64370296556722307e+09,        -1.50436148827396345e+09,        +3.08416833346297801e+08,        -3.44971621589780822e+07,        +7.94597556145273924e+08,        +7.37462356626995057e+07,        -1.15467153385618441e+07,        -5.93840940711199291e+04,        +3.29623012586862333e+07,        +8.24382331594705116e+06,        +2.18651328370555071e+06,        +7.52590694182471657e+09,        +9.01857399067334294e+08,        -1.47581622042349029e+09,        +1.11666460044657707e+09,        +1.55692752539744705e+08,        +8.48944717735639960e+06,        +2.37625450500470161e+08,        -2.11420208173465692e+07,        +7.61246203166606487e+05,        +7.95771505847386830e+06,        +1.75340328355336748e+07,        +1.37408830398139432e+07,        +2.37625379143664408e+09,        +2.84755323236742854e+08,        -4.65978906775418818e+08,        +3.52579232122541606e+08,        +4.91589248155218810e+07,        +2.68048504962023068e+06,        +7.50286154291295111e+07,        -6.67544888798099291e+06,        +2.40358297076260758e+05,        +2.51259425940845348e+06,        +5.53625128860674240e+06,        +4.33859010926444829e+06,        +1.04790544393984032e+09,        +1.25574403915091053e+08,        -2.05492289977947772e+08,        +1.55484106156003118e+08,        +2.16786208266374841e+07,        +1.18206855093461275e+06,        +3.30869096738692224e+07,        -2.94380981344094127e+06,        +1.05995735350324263e+05,        +1.10803030060785916e+06,        +2.44143444831391098e+06,        +1.91327719745501783e+06,        +8.50657824562268925e+09,        +1.53884935566358232e+09,        -1.43516100095289707e+09,        -1.04613448380763650e+09,        -3.89847235055778086e+08,        +7.20889059499346316e+07,        -1.68795791324876755e+08,        +7.83408753031124175e+07,        -1.96411090898041544e+06,        -8.84017118879459100e+05,        -1.82142208275429830e+07,        +1.57327971328618098e+07,        +2.68589406759425068e+09,        +4.85881189351888120e+08,        -4.53142298489472747e+08,        -3.30309828797563016e+08,        -1.23091605774994895e+08,        +2.27615804192389399e+07,        -5.32961199513631910e+07,        +2.47355971051046215e+07,        -6.20154624597999733e+05,        -2.79122376435190672e+05,        -5.75101600831372011e+06,        +4.96752339961861353e+06,        +1.18445387669475269e+09,        +2.14269008329274327e+08,        -1.99831467151260763e+08,        -1.45663509946274012e+08,        -5.42822337663392425e+07,        +1.00376416525670998e+07,        -2.35030847459011003e+07,        +1.09081643378969803e+07,        -2.73482323118279048e+05,        -1.23090327660255833e+05,        -2.53614365814586822e+06,        +2.19063082913030591e+06
        +3.27378465578766724e+11,        -1.10521273227590942e+12,        +3.32423026194153259e+11,        -3.60072247008970276e+11,        -1.20649403501420486e+11,        +4.44480521248808777e+11,        -3.64943338628254639e+11,        +1.79218573910191162e+11,        -8.13997193370490112e+11,        +8.25295741136139893e+11,        +5.70589701841658325e+11,        -6.12191875888531738e+11,        -1.51860352154039307e+11,        +9.27420456338191650e+11,        -2.57741088123936707e+11,        -2.78622066441685120e+11,        -1.28397185345135254e+11,        +8.97450030879220825e+11,        -1.02497541101951099e+12,        +1.09715222311724426e+12,        +6.21574461087632935e+11,        +1.36448385349086963e+12,        -4.60639906718056393e+09,        -7.15696714166187763e+09,        +2.52400830515824646e+08,        -3.24611118009277058e+09,        -1.21412799629690909e+09,        -8.10706469096837759e+08,        +7.65411739664482832e+08,        +5.06271509199966490e+08,        -1.62360007204037130e+08,        +2.01210604909776039e+07,        -4.62307811806591451e+07,        -1.19829288794276789e+07,        -1.29576349369236995e+07,        +2.26730000769002410e+06,        +1.40721376092027550e+10,        +1.45976195786758566e+09,        +2.72894645044677114e+09,        -1.13727797823035255e+08,        -1.57628143585898310e+08,        -1.10738550926989943e+08,        +1.40722342670396030e+08,        +1.39083479262281150e+08,        -1.15997219473561924e+07,        -3.75620087670316920e+07,        -1.18531577209094930e+07,        -1.47475381615426037e+07,        +4.44318148044741821e+09,        +4.60909882860815704e+08,        +8.61646230763710737e+08,        -3.59087765577930883e+07,        -4.97700113392970562e+07,        -3.49649422365377620e+07,        +4.44321199950021058e+07,        +4.39146600506680831e+07,        -3.66253309668653971e+06,        -1.18599481014835015e+07,        -3.74255371379580488e+06,        -4.65643459872831497e+06,        +1.95940100276854944e+09,        +2.03256898381849617e+08,        +3.79977837056555927e+08,        -1.58354307842601389e+07,        -2.19481042030722499e+07,        -1.54192087767519411e+07,        +1.95941446138213761e+07,        +1.93659496732630283e+07,        -1.61514245004414371e+06,        -5.23012492401946243e+06,        -1.65043078523729998e+06,        -2.05344361067054211e+06,        +1.66228219013451328e+10,        +1.58511482979016519e+09,        +2.75754635862541533e+09,        +6.20660541031495780e+07,        -3.91085024785479009e+07,        +4.00665150100174844e+07,        +9.04486513795196265e+07,        +1.49819139957647771e+08,        -4.15218538467153814e+06,        +3.38199184532419667e+07,        -4.75371117379574757e+06,        -1.49038807552046813e+07,        +5.24854265044504547e+09,        +5.00489197284451127e+08,        +8.70676456724459291e+08,        +1.95969333028136343e+07,        -1.23482429440626111e+07,        +1.26507288673866186e+07,        +2.85585448281936273e+07,        +4.73043716997941881e+07,        -1.31102421799030621e+06,        +1.06784086053433549e+07,        -1.50095188359956956e+06,        -4.70579870644640271e+06,        +2.31455766045368719e+09,        +2.20711001643630832e+08,        +3.83960081284161866e+08,        +8.64206221008438431e+06,        -5.44545833059007768e+06,        +5.57885176142170466e+06,        +1.25940481207484659e+07,        +2.08607804456772842e+07,        -5.78149278549249168e+05,        +4.70907718295025732e+06,        -6.61905582469296874e+05,        -2.07521271521629114e+06
        -0.00000000000000000e+00,        -0.00000000000000000e+00,        +4.98859041512734781e+05,        -2.91032247891662002e+05,        -2.75308723194664381e+07,        -9.79578426380319297e+07,        -3.59836309732656628e+07,        -1.60247720695016885e+09,        +2.70054232787856340e+09,        +1.04095358525907326e+09,        -2.50974099454602051e+09,        -9.78697608422479749e+08,        +7.20885230891627312e+08,        +1.51945259975308824e+09,        +5.63451621978066206e+08,        +6.58227045818811798e+09,        -6.68391227830765247e+09,        +1.13931353883939037e+10,        +6.13371276071571541e+09,        -3.67206829624374771e+09,        +1.60275357022758555e+09,        -4.60639906718056393e+09,        +0.00000000000000000e+00,        +0.00000000000000000e+00,        +0.00000000000000000e+00,        +0.00000000000000000e+00,        +0.00000000000000000e+00,        +0.00000000000000000e+00,        +0.00000000000000000e+00,        +0.00000000000000000e+00,        +0.00000000000000000e+00,        +0.00000000000000000e+00,        +0.00000000000000000e+00,        +0.00000000000000000e+00,        +0.00000000000000000e+00,        +0.00000000000000000e+00,        +0.00000000000000000e+00,        +0.00000000000000000e+00,        +0.00000000000000000e+00,        +0.00000000000000000e+00,        +0.00000000000000000e+00,        +0.00000000000000000e+00,        +0.00000000000000000e+00,        +0.00000000000000000e+00,        +0.00000000000000000e+00,        +0.00000000000000000e+00,        +0.00000000000000000e+00,        +0.00000000000000000e+00,        +0.00000000000000000e+00,        +0.00000000000000000e+00,        +0.00000000000000000e+00,        +0.00000000000000000e+00,        +0.00000000000000000e+00,        +0.00000000000000000e+00,        +0.00000000000000000e+00,        +0.00000000000000000e+00,        +0.00000000000000000e+00,        +0.00000000000000000e+00,        +0.00000000000000000e+00,        +0.00000000000000000e+00,        +0.00000000000000000e+00,        +0.00000000000000000e+00,        +0.00000000000000000e+00,        +0.00000000000000000e+00,        +0.00000000000000000e+00,        +0.00000000000000000e+00,        +0.00000000000000000e+00,        +0.00000000000000000e+00,        +0.00000000000000000e+00,        +0.00000000000000000e+00,        +0.00000000000000000e+00,        +0.00000000000000000e+00,        +0.00000000000000000e+00,        +0.00000000000000000e+00,        +0.00000000000000000e+00,        +0.00000000000000000e+00,        +0.00000000000000000e+00,        +0.00000000000000000e+00,        +0.00000000000000000e+00,        +0.00000000000000000e+00,        +0.00000000000000000e+00,        +0.00000000000000000e+00,        +0.00000000000000000e+00,        +0.00000000000000000e+00,        +0.00000000000000000e+00,        +0.00000000000000000e+00,        +0.00000000000000000e+00,        +0.00000000000000000e+00,        +0.00000000000000000e+00,        +0.00000000000000000e+00,        +0.00000000000000000e+00,        +0.00000000000000000e+00,        +0.00000000000000000e+00,        +0.00000000000000000e+00,        +0.00000000000000000e+00,        +0.00000000000000000e+00,        +0.00000000000000000e+00,        +0.00000000000000000e+00,        +0.00000000000000000e+00,        +0.00000000000000000e+00,        +0.00000000000000000e+00,        +0.00000000000000000e+00,        +0.00000000000000000e+00,        +0.00000000000000000e+00,        +0.00000000000000000e+00,        +0.00000000000000000e+00,        +0.00000000000000000e+00,        +0.00000000000000000e+00
        +0.00000000000000000e+00,        +0.00000000000000000e+00,        +6.07099038053611948e+04,        +1.81157857657774031e+05,        +4.06332357061044335e+08,        +1.46152144064227819e+08,        -1.70569733693792772e+09,        +1.47414262451167375e+08,        +3.79388834274450362e+08,        -3.38737067960032129e+09,        -3.28194025309378433e+09,        -4.85583862551189137e+09,        -4.44572042391785240e+09,        -3.64260259611615086e+09,        +1.31294191012082264e+08,        -3.12983809544508171e+09,        +2.96844317695533323e+09,        +2.19620786695171446e+08,        +2.40138014657525361e+08,        +2.54255345136081648e+09,        +6.99673733927513123e+09,        -7.15696714166187763e+09,        +0.00000000000000000e+00,        +0.00000000000000000e+00,        +0.00000000000000000e+00,        +0.00000000000000000e+00,        +0.00000000000000000e+00,        +0.00000000000000000e+00,        +0.00000000000000000e+00,        +0.00000000000000000e+00,        +0.00000000000000000e+00,        +0.00000000000000000e+00,        +0.00000000000000000e+00,        +0.00000000000000000e+00,        +0.00000000000000000e+00,        +0.00000000000000000e+00,        +0.00000000000000000e+00,        +0.00000000000000000e+00,        +0.00000000000000000e+00,        +0.00000000000000000e+00,        +0.00000000000000000e+00,        +0.00000000000000000e+00,        +0.00000000000000000e+00,        +0.00000000000000000e+00,        +0.00000000000000000e+00,        +0.00000000000000000e+00,        +0.00000000000000000e+00,        +0.00000000000000000e+00,        +0.00000000000000000e+00,        +0.00000000000000000e+00,        +0.00000000000000000e+00,        +0.00000000000000000e+00,        +0.00000000000000000e+00,        +0.00000000000000000e+00,        +0.00000000000000000e+00,        +0.00000000000000000e+00,        +0.00000000000000000e+00,        +0.00000000000000000e+00,        +0.00000000000000000e+00,        +0.00000000000000000e+00,        +0.00000000000000000e+00,        +0.00000000000000000e+00,        +0.00000000000000000e+00,        +0.00000000000000000e+00,        +0.00000000000000000e+00,        +0.00000000000000000e+00,        +0.00000000000000000e+00,        +0.00000000000000000e+00,        +0.00000000000000000e+00,        +0.00000000000000000e+00,        +0.00000000000000000e+00,        +0.00000000000000000e+00,        +0.00000000000000000e+00,        +0.00000000000000000e+00,        +0.00000000000000000e+00,        +0.00000000000000000e+00,        +0.00000000000000000e+00,        +0.00000000000000000e+00,        +0.00000000000000000e+00,        +0.00000000000000000e+00,        +0.00000000000000000e+00,        +0.00000000000000000e+00,        +0.00000000000000000e+00,        +0.00000000000000000e+00,        +0.00000000000000000e+00,        +0.00000000000000000e+00,        +0.00000000000000000e+00,        +0.00000000000000000e+00,        +0.00000000000000000e+00,        +0.00000000000000000e+00,        +0.00000000000000000e+00,        +0.00000000000000000e+00,        +0.00000000000000000e+00,        +0.00000000000000000e+00,        +0.00000000000000000e+00,        +0.00000000000000000e+00,        +0.00000000000000000e+00,        +0.00000000000000000e+00,        +0.00000000000000000e+00,        +0.00000000000000000e+00,        +0.00000000000000000e+00,        +0.00000000000000000e+00,        +0.00000000000000000e+00,        +0.00000000000000000e+00,        +0.00000000000000000e+00,        +0.00000000000000000e+00,        +0.00000000000000000e+00,        +0.00000000000000000e+00
        -0.00000000000000000e+00,        -0.00000000000000000e+00,        -2.19542971057514165e+05,        +1.00401246542442779e+05,        -2.14271396853726953e+08,        +3.70678808398575522e+06,        +8.97471249721555471e+08,        +5.14106862609212995e+08,        -6.42970319110187292e+08,        +1.41808378673381996e+09,        +1.95257889554199886e+09,        +1.74377932166810513e+09,        +1.86550067139731383e+09,        -4.65220553603143454e+08,        -1.13135121684904903e+08,        -2.81163343278307796e+08,        +2.27220232530027580e+09,        +2.72889075323138177e+08,        +5.52007781344153214e+09,        +3.85595090078042555e+09,        +1.58225274607985640e+09,        +2.52400830515824646e+08,        +0.00000000000000000e+00,        +0.00000000000000000e+00,        +0.00000000000000000e+00,        +0.00000000000000000e+00,        +0.00000000000000000e+00,        +0.00000000000000000e+00,        +0.00000000000000000e+00,        +0.00000000000000000e+00,        +0.00000000000000000e+00,        +0.00000000000000000e+00,        +0.00000000000000000e+00,        +0.00000000000000000e+00,        +0.00000000000000000e+00,        +0.00000000000000000e+00,        +0.00000000000000000e+00,        +0.00000000000000000e+00,        +0.00000000000000000e+00,        +0.00000000000000000e+00,        +0.00000000000000000e+00,        +0.00000000000000000e+00,        +0.00000000000000000e+00,        +0.00000000000000000e+00,        +0.00000000000000000e+00,        +0.00000000000000000e+00,        +0.00000000000000000e+00,        +0.00000000000000000e+00,        +0.00000000000000000e+00,        +0.00000000000000000e+00,        +0.00000000000000000e+00,        +0.00000000000000000e+00,        +0.00000000000000000e+00,        +0.00000000000000000e+00,        +0.00000000000000000e+00,        +0.00000000000000000e+00,        +0.00000000000000000e+00,        +0.00000000000000000e+00,        +0.00000000000000000e+00,        +0.00000000000000000e+00,        +0.00000000000000000e+00,        +0.00000000000000000e+00,        +0.00000000000000000e+00,        +0.00000000000000000e+00,        +0.00000000000000000e+00,        +0.00000000000000000e+00,        +0.00000000000000000e+00,        +0.00000000000000000e+00,        +0.00000000000000000e+00,        +0.00000000000000000e+00,        +0.00000000000000000e+00,        +0.00000000000000000e+00,        +0.00000000000000000e+00,        +0.00000000000000000e+00,        +0.00000000000000000e+00,        +0.00000000000000000e+00,        +0.00000000000000000e+00,        +0.00000000000000000e+00,        +0.00000000000000000e+00,        +0.00000000000000000e+00,        +0.00000000000000000e+00,        +0.00000000000000000e+00,        +0.00000000000000000e+00,        +0.00000000000000000e+00,        +0.00000000000000000e+00,        +0.00000000000000000e+00,        +0.00000000000000000e+00,        +0.00000000000000000e+00,        +0.00000000000000000e+00,        +0.00000000000000000e+00,        +0.00000000000000000e+00,        +0.00000000000000000e+00,        +0.00000000000000000e+00,        +0.00000000000000000e+00,        +0.00000000000000000e+00,        +0.00000000000000000e+00,        +0.00000000000000000e+00,        +0.00000000000000000e+00,        +0.00000000000000000e+00,        +0.00000000000000000e+00,        +0.00000000000000000e+00,        +0.00000000000000000e+00,        +0.00000000000000000e+00,        +0.00000000000000000e+00,        +0.00000000000000000e+00,        +0.00000000000000000e+00,        +0.00000000000000000e+00,        +0.00000000000000000e+00
        -0.00000000000000000e+00,        -0.00000000000000000e+00,        -4.13744812082786637e+05,        +2.15043156733878364e+05,        +8.66373541243970841e+07,        +3.95818745138699412e+07,        -4.44377033321036816e+08,        +5.31249315829308927e+08,        -9.82884440325503230e+08,        -3.50857948627702817e+07,        +7.70832117319447041e+08,        +3.18501251986794949e+09,        -3.58456023246021688e+08,        +4.61097658152877331e+09,        -1.36011505237908870e+08,        -1.85992675129362941e+09,        -3.49343486397036791e+08,        -1.79552046560621262e+09,        +8.11487762877199888e+08,        -2.64495782166368246e+09,        +1.64370296556722307e+09,        -3.24611118009277058e+09,        +0.00000000000000000e+00,        +0.00000000000000000e+00,        +0.00000000000000000e+00,        +0.00000000000000000e+00,        +0.00000000000000000e+00,        +0.00000000000000000e+00,        +0.00000000000000000e+00,        +0.00000000000000000e+00,        +0.00000000000000000e+00,        +0.00000000000000000e+00,        +0.00000000000000000e+00,        +0.00000000000000000e+00,        +0.00000000000000000e+00,        +0.00000000000000000e+00,        +0.00000000000000000e+00,        +0.00000000000000000e+00,        +0.00000000000000000e+00,        +0.00000000000000000e+00,        +0.00000000000000000e+00,        +0.00000000000000000e+00,        +0.00000000000000000e+00,        +0.00000000000000000e+00,        +0.00000000000000000e+00,        +0.00000000000000000e+00,        +0.00000000000000000e+00,        +0.00000000000000000e+00,        +0.00000000000000000e+00,        +0.00000000000000000e+00,        +0.00000000000000000e+00,        +0.00000000000000000e+00,        +0.00000000000000000e+00,        +0.00000000000000000e+00,        +0.00000000000000000e+00,        +0.00000000000000000e+00,        +0.00000000000000000e+00,        +0.00000000000000000e+00,        +0.00000000000000000e+00,        +0.00000000000000000e+00,        +0.00000000000000000e+00,        +0.00000000000000000e+00,        +0.00000000000000000e+00,        +0.00000000000000000e+00,        +0.00000000000000000e+00,        +0.00000000000000000e+00,        +0.00000000000000000e+00,        +0.00000000000000000e+00,        +0.00000000000000000e+00,        +0.00000000000000000e+00,        +0.00000000000000000e+00,        +0.00000000000000000e+00,        +0.00000000000000000e+00,        +0.00000000000000000e+00,        +0.00000000000000000e+00,        +0.00000000000000000e+00,        +0.00000000000000000e+00,        +0.00000000000000000e+00,        +0.00000000000000000e+00,        +0.00000000000000000e+00,        +0.00000000000000000e+00,        +0.00000000000000000e+00,        +0.00000000000000000e+00,        +0.00000000000000000e+00,        +0.00000000000000000e+00,        +0.00000000000000000e+00,        +0.00000000000000000e+00,        +0.00000000000000000e+00,        +0.00000000000000000e+00,        +0.00000000000000000e+00,        +0.00000000000000000e+00,        +0.00000000000000000e+00,        +0.00000000000000000e+00,        +0.00000000000000000e+00,        +0.00000000000000000e+00,        +0.00000000000000000e+00,        +0.00000000000000000e+00,        +0.00000000000000000e+00,        +0.00000000000000000e+00,        +0.00000000000000000e+00,        +0.00000000000000000e+00,        +0.00000000000000000e+00,        +0.00000000000000000e+00,        +0.00000000000000000e+00,        +0.00000000000000000e+00,        +0.00000000000000000e+00,        +0.00000000000000000e+00,        +0.00000000000000000e+00
        +0.00000000000000000e+00,        +0.00000000000000000e+00,        -2.04281259989982100e+04,        -2.18290296678545346e+04,        +3.49858506228548586e+08,        +6.62153874085802138e+07,        -1.67057506413120317e+09,        -1.28364615039481735e+09,        +1.63156127499932480e+09,        +1.56902620920004177e+09,        +1.63411374456320524e+08,        +7.00628442212979436e+08,        -1.91445333095318103e+09,        +9.10059639021839142e+08,        +3.57918242920120120e+08,        +1.78565563990725970e+09,        +1.58640645254296660e+09,        -3.80447403217553258e+08,        -3.65254913944771230e+08,        +1.36325801899996328e+09,        -1.50436148827396345e+09,        -1.21412799629690909e+09,        +0.00000000000000000e+00,        +0.00000000000000000e+00,        +0.00000000000000000e+00,        +0.00000000000000000e+00,        +0.00000000000000000e+00,        +0.00000000000000000e+00,        +0.00000000000000000e+00,        +0.00000000000000000e+00,        +0.00000000000000000e+00,        +0.00000000000000000e+00,        +0.00000000000000000e+00,        +0.00000000000000000e+00,        +0.00000000000000000e+00,        +0.00000000000000000e+00,        +0.00000000000000000e+00,        +0.00000000000000000e+00,        +0.00000000000000000e+00,        +0.00000000000000000e+00,        +0.00000000000000000e+00,        +0.00000000000000000e+00,        +0.00000000000000000e+00,        +0.00000000000000000e+00,        +0.00000000000000000e+00,        +0.00000000000000000e+00,        +0.00000000000000000e+00,        +0.00000000000000000e+00,        +0.00000000000000000e+00,        +0.00000000000000000e+00,        +0.00000000000000000e+00,        +0.00000000000000000e+00,        +0.00000000000000000e+00,        +0.00000000000000000e+00,        +0.00000000000000000e+00,        +0.00000000000000000e+00,        +0.00000000000000000e+00,        +0.00000000000000000e+00,        +0.00000000000000000e+00,        +0.00000000000000000e+00,        +0.00000000000000000e+00,        +0.00000000000000000e+00,        +0.00000000000000000e+00,        +0.00000000000000000e+00,        +0.00000000000000000e+00,        +0.00000000000000000e+00,        +0.00000000000000000e+00,        +0.00000000000000000e+00,        +0.00000000000000000e+00,        +0.00000000000000000e+00,        +0.00000000000000000e+00,        +0.00000000000000000e+00,        +0.00000000000000000e+00,        +0.00000000000000000e+00,        +0.00000000000000000e+00,        +0.00000000000000000e+00,        +0.00000000000000000e+00,        +0.00000000000000000e+00,        +0.00000000000000000e+00,        +0.00000000000000000e+00,        +0.00000000000000000e+00,        +0.00000000000000000e+00,        +0.00000000000000000e+00,        +0.00000000000000000e+00,        +0.00000000000000000e+00,        +0.00000000000000000e+00,        +0.00000000000000000e+00,        +0.00000000000000000e+00,        +0.00000000000000000e+00,        +0.00000000000000000e+00,        +0.00000000000000000e+00,        +0.00000000000000000e+00,        +0.00000000000000000e+00,        +0.00000000000000000e+00,        +0.00000000000000000e+00,        +0.00000000000000000e+00,        +0.00000000000000000e+00,        +0.00000000000000000e+00,        +0.00000000000000000e+00,        +0.00000000000000000e+00,        +0.00000000000000000e+00,        +0.00000000000000000e+00,        +0.00000000000000000e+00,        +0.00000000000000000e+00,        +0.00000000000000000e+00,        +0.00000000000000000e+00,        +0.00000000000000000e+00,        +0.00000000000000000e+00
        -0.00000000000000000e+00,        -0.00000000000000000e+00,        +1.36426727805679766e+04,        -3.42770869810867443e+04,        -1.33928665524415165e+08,        -1.41099963911940083e+07,        +6.24507234836825132e+08,        +1.22150220526889667e+08,        -1.75351111081167370e+08,        -1.23850577719666049e+08,        -2.78010169425144732e+08,        +4.34789874458916008e+08,        +5.38251160286439300e+08,        +5.20792597564986348e+08,        +1.76302975873654746e+07,        +4.64644250379295886e+08,        -1.99723511961154962e+09,        -4.97609249578307807e+08,        -1.12348238621990442e+09,        +2.37520894507980061e+09,        +3.08416833346297801e+08,        -8.10706469096837759e+08,        +0.00000000000000000e+00,        +0.00000000000000000e+00,        +0.00000000000000000e+00,        +0.00000000000000000e+00,        +0.00000000000000000e+00,        +0.00000000000000000e+00,        +0.00000000000000000e+00,        +0.00000000000000000e+00,        +0.00000000000000000e+00,        +0.00000000000000000e+00,        +0.00000000000000000e+00,        +0.00000000000000000e+00,        +0.00000000000000000e+00,        +0.00000000000000000e+00,        +0.00000000000000000e+00,        +0.00000000000000000e+00,        +0.00000000000000000e+00,        +0.00000000000000000e+00,        +0.00000000000000000e+00,        +0.00000000000000000e+00,        +0.00000000000000000e+00,        +0.00000000000000000e+00,        +0.00000000000000000e+00,        +0.00000000000000000e+00,        +0.00000000000000000e+00,        +0.00000000000000000e+00,        +0.00000000000000000e+00,        +0.00000000000000000e+00,        +0.00000000000000000e+00,        +0.00000000000000000e+00,        +0.00000000000000000e+00,        +0.00000000000000000e+00,        +0.00000000000000000e+00,        +0.00000000000000000e+00,        +0.00000000000000000e+00,        +0.00000000000000000e+00,        +0.00000000000000000e+00,        +0.00000000000000000e+00,        +0.00000000000000000e+00,        +0.00000000000000000e+00,        +0.00000000000000000e+00,        +0.00000000000000000e+00,        +0.00000000000000000e+00,        +0.00000000000000000e+00,        +0.00000000000000000e+00,        +0.00000000000000000e+00,        +0.00000000000000000e+00,        +0.00000000000000000e+00,        +0.00000000000000000e+00,        +0.00000000000000000e+00,        +0.00000000000000000e+00,        +0.00000000000000000e+00,        +0.00000000000000000e+00,        +0.00000000000000000e+00,        +0.00000000000000000e+00,        +0.00000000000000000e+00,        +0.00000000000000000e+00,        +0.00000000000000000e+00,        +0.00000000000000000e+00,        +0.00000000000000000e+00,        +0.00000000000000000e+00,        +0.00000000000000000e+00,        +0.00000000000000000e+00,        +0.00000000000000000e+00,        +0.00000000000000000e+00,        +0.00000000000000000e+00,        +0.00000000000000000e+00,        +0.00000000000000000e+00,        +0.00000000000000000e+00,        +0.00000000000000000e+00,        +0.00000000000000000e+00,        +0.00000000000000000e+00,        +0.00000000000000000e+00,        +0.00000000000000000e+00,        +0.00000000000000000e+00,        +0.00000000000000000e+00,        +0.00000000000000000e+00,        +0.00000000000000000e+00,        +0.00000000000000000e+00,        +0.00000000000000000e+00,        +0.00000000000000000e+00,        +0.00000000000000000e+00,        +0.00000000000000000e+00,        +0.00000000000000000e+00,        +0.00000000000000000e+00,        +0.00000000000000000e+00
        -0.00000000000000000e+00,        -0.00000000000000000e+00,        +1.88840487966420296e+04,        +6.40567427682213529e+04,        +2.34993565432455748e+08,        -5.05811190051071905e+06,        -1.18143484735890913e+09,        -1.78329582518693238e+08,        +6.14548623170230150e+08,        -4.32239541894975364e+08,        -6.82293059078974605e+08,        -6.99127485372952104e+08,        +1.01731562243499011e+08,        +5.65156278650260091e+08,        +3.68936129594249278e+07,        -2.25974292882693529e+08,        -8.16517647216842890e+08,        -9.89752985881844521e+08,        +1.09264195083782434e+09,        +1.89548408598549396e+08,        -3.44971621589780822e+07,        +7.65411739664482832e+08,        +0.00000000000000000e+00,        +0.00000000000000000e+00,        +0.00000000000000000e+00,        +0.00000000000000000e+00,        +0.00000000000000000e+00,        +0.00000000000000000e+00,        +0.00000000000000000e+00,        +0.00000000000000000e+00,        +0.00000000000000000e+00,        +0.00000000000000000e+00,        +0.00000000000000000e+00,        +0.00000000000000000e+00,        +0.00000000000000000e+00,        +0.00000000000000000e+00,        +0.00000000000000000e+00,        +0.00000000000000000e+00,        +0.00000000000000000e+00,        +0.00000000000000000e+00,        +0.00000000000000000e+00,        +0.00000000000000000e+00,        +0.00000000000000000e+00,        +0.00000000000000000e+00,        +0.00000000000000000e+00,        +0.00000000000000000e+00,        +0.00000000000000000e+00,        +0.00000000000000000e+00,        +0.00000000000000000e+00,        +0.00000000000000000e+00,        +0.00000000000000000e+00,        +0.00000000000000000e+00,        +0.00000000000000000e+00,        +0.00000000000000000e+00,        +0.00000000000000000e+00,        +0.00000000000000000e+00,        +0.00000000000000000e+00,        +0.00000000000000000e+00,        +0.00000000000000000e+00,        +0.00000000000000000e+00,        +0.00000000000000000e+00,        +0.00000000000000000e+00,        +0.00000000000000000e+00,        +0.00000000000000000e+00,        +0.00000000000000000e+00,        +0.00000000000000000e+00,        +0.00000000000000000e+00,        +0.00000000000000000e+00,        +0.00000000000000000e+00,        +0.00000000000000000e+00,        +0.00000000000000000e+00,        +0.00000000000000000e+00,        +0.00000000000000000e+00,        +0.00000000000000000e+00,        +0.00000000000000000e+00,        +0.00000000000000000e+00,        +0.00000000000000000e+00,        +0.00000000000000000e+00,        +0.00000000000000000e+00,        +0.00000000000000000e+00,        +0.00000000000000000e+00,        +0.00000000000000000e+00,        +0.00000000000000000e+00,        +0.00000000000000000e+00,        +0.00000000000000000e+00,        +0.00000000000000000e+00,        +0.00000000000000000e+00,        +0.00000000000000000e+00,        +0.00000000000000000e+00,        +0.00000000000000000e+00,        +0.00000000000000000e+00,        +0.00000000000000000e+00,        +0.00000000000000000e+00,        +0.00000000000000000e+00,        +0.00000000000000000e+00,        +0.00000000000000000e+00,        +0.00000000000000000e+00,        +0.00000000000000000e+00,        +0.00000000000000000e+00,        +0.00000000000000000e+00,        +0.00000000000000000e+00,        +0.00000000000000000e+00,        +0.00000000000000000e+00,        +0.00000000000000000e+00,        +0.00000000000000000e+00,        +0.00000000000000000e+00,        +0.00000000000000000e+00,        +0.00000000000000000e+00
        -0.00000000000000000e+00,        -0.00000000000000000e+00,        -1.85788795521354405e+04,        -1.56313027451521903e+04,        +1.99074874974292219e+07,        -7.92094616699632164e+06,        -1.37360229153472543e+08,        -4.93376030955641270e+07,        +1.48559929272905588e+08,        +2.71953439349196017e+08,        +8.69250670869727135e+07,        +1.57012376390706718e+08,        -1.73982691281505525e+08,        +8.88621054429778457e+07,        +3.29249715772622675e+07,        +1.68350373693612993e+08,        -2.57092180625534616e+07,        +7.32627835908122063e+07,        -2.56291203217778802e+08,        -2.47984153948816508e+07,        +7.94597556145273924e+08,        +5.06271509199966490e+08,        +0.00000000000000000e+00,        +0.00000000000000000e+00,        +0.00000000000000000e+00,        +0.00000000000000000e+00,        +0.00000000000000000e+00,        +0.00000000000000000e+00,        +0.00000000000000000e+00,        +0.00000000000000000e+00,        +0.00000000000000000e+00,        +0.00000000000000000e+00,        +0.00000000000000000e+00,        +0.00000000000000000e+00,        +0.00000000000000000e+00,        +0.00000000000000000e+00,        +0.00000000000000000e+00,        +0.00000000000000000e+00,        +0.00000000000000000e+00,        +0.00000000000000000e+00,        +0.00000000000000000e+00,        +0.00000000000000000e+00,        +0.00000000000000000e+00,        +0.00000000000000000e+00,        +0.00000000000000000e+00,        +0.00000000000000000e+00,        +0.00000000000000000e+00,        +0.00000000000000000e+00,        +0.00000000000000000e+00,        +0.00000000000000000e+00,        +0.00000000000000000e+00,        +0.00000000000000000e+00,        +0.00000000000000000e+00,        +0.00000000000000000e+00,        +0.00000000000000000e+00,        +0.00000000000000000e+00,        +0.00000000000000000e+00,        +0.00000000000000000e+00,        +0.00000000000000000e+00,        +0.00000000000000000e+00,        +0.00000000000000000e+00,        +0.00000000000000000e+00,        +0.00000000000000000e+00,        +0.00000000000000000e+00,        +0.00000000000000000e+00,        +0.00000000000000000e+00,        +0.00000000000000000e+00,        +0.00000000000000000e+00,        +0.00000000000000000e+00,        +0.00000000000000000e+00,        +0.00000000000000000e+00,        +0.00000000000000000e+00,        +0.00000000000000000e+00,        +0.00000000000000000e+00,        +0.00000000000000000e+00,        +0.00000000000000000e+00,        +0.00000000000000000e+00,        +0.00000000000000000e+00,        +0.00000000000000000e+00,        +0.00000000000000000e+00,        +0.00000000000000000e+00,        +0.00000000000000000e+00,        +0.00000000000000000e+00,        +0.00000000000000000e+00,        +0.00000000000000000e+00,        +0.00000000000000000e+00,        +0.00000000000000000e+00,        +0.00000000000000000e+00,        +0.00000000000000000e+00,        +0.00000000000000000e+00,        +0.00000000000000000e+00,        +0.00000000000000000e+00,        +0.00000000000000000e+00,        +0.00000000000000000e+00,        +0.00000000000000000e+00,        +0.00000000000000000e+00,        +0.00000000000000000e+00,        +0.00000000000000000e+00,        +0.00000000000000000e+00,        +0.00000000000000000e+00,        +0.00000000000000000e+00,        +0.00000000000000000e+00,        +0.00000000000000000e+00,        +0.00000000000000000e+00,        +0.00000000000000000e+00,        +0.00000000000000000e+00,        +0.00000000000000000e+00,        +0.00000000000000000e+00
        -0.00000000000000000e+00,        -0.00000000000000000e+00,        +1.18950077812668096e+04,        -3.38843694357387676e+02,        +5.93233644382579625e+07,        +2.38625327388052158e+07,        -2.20857905432311714e+08,        -2.53508738088946581e+08,        +1.41923454916068792e+08,        +7.60682598561202437e+07,        +4.96968794180661887e+07,        +1.05504461767191857e+08,        +4.37067814292789996e+08,        -2.36658903870668352e+08,        +3.32013830562985688e+06,        -6.50001583705513775e+07,        -4.60044228360323794e+06,        -6.60946124881617650e+07,        -1.07095704403692335e+08,        -9.22867494621801078e+07,        +7.37462356626995057e+07,        -1.62360007204037130e+08,        +0.00000000000000000e+00,        +0.00000000000000000e+00,        +0.00000000000000000e+00,        +0.00000000000000000e+00,        +0.00000000000000000e+00,        +0.00000000000000000e+00,        +0.00000000000000000e+00,        +0.00000000000000000e+00,        +0.00000000000000000e+00,        +0.00000000000000000e+00,        +0.00000000000000000e+00,        +0.00000000000000000e+00,        +0.00000000000000000e+00,        +0.00000000000000000e+00,        +0.00000000000000000e+00,        +0.00000000000000000e+00,        +0.00000000000000000e+00,        +0.00000000000000000e+00,        +0.00000000000000000e+00,        +0.00000000000000000e+00,        +0.00000000000000000e+00,        +0.00000000000000000e+00,        +0.00000000000000000e+00,        +0.00000000000000000e+00,        +0.00000000000000000e+00,        +0.00000000000000000e+00,        +0.00000000000000000e+00,        +0.00000000000000000e+00,        +0.00000000000000000e+00,        +0.00000000000000000e+00,        +0.00000000000000000e+00,        +0.00000000000000000e+00,        +0.00000000000000000e+00,        +0.00000000000000000e+00,        +0.00000000000000000e+00,        +0.00000000000000000e+00,        +0.00000000000000000e+00,        +0.00000000000000000e+00,        +0.00000000000000000e+00,        +0.00000000000000000e+00,        +0.00000000000000000e+00,        +0.00000000000000000e+00,        +0.00000000000000000e+00,        +0.00000000000000000e+00,        +0.00000000000000000e+00,        +0.00000000000000000e+00,        +0.00000000000000000e+00,        +0.00000000000000000e+00,        +0.00000000000000000e+00,        +0.00000000000000000e+00,        +0.00000000000000000e+00,        +0.00000000000000000e+00,        +0.00000000000000000e+00,        +0.00000000000000000e+00,        +0.00000000000000000e+00,        +0.00000000000000000e+00,        +0.00000000000000000e+00,        +0.00000000000000000e+00,        +0.00000000000000000e+00,        +0.00000000000000000e+00,        +0.00000000000000000e+00,        +0.00000000000000000e+00,        +0.00000000000000000e+00,        +0.00000000000000000e+00,        +0.00000000000000000e+00,        +0.00000000000000000e+00,        +0.00000000000000000e+00,        +0.00000000000000000e+00,        +0.00000000000000000e+00,        +0.00000000000000000e+00,        +0.00000000000000000e+00,        +0.00000000000000000e+00,        +0.00000000000000000e+00,        +0.00000000000000000e+00,        +0.00000000000000000e+00,        +0.00000000000000000e+00,        +0.00000000000000000e+00,        +0.00000000000000000e+00,        +0.00000000000000000e+00,        +0.00000000000000000e+00,        +0.00000000000000000e+00,        +0.00000000000000000e+00,        +0.00000000000000000e+00,        +0.00000000000000000e+00,        +0.00000000000000000e+00,        +0.00000000000000000e+00
        -0.00000000000000000e+00,        -0.00000000000000000e+00,        +5.46996834036477594e+03,        +1.00212663356462599e+04,        +2.79135544790432900e+07,        -1.26208233672812078e+07,        -1.22616789585490137e+08,        +7.00893978840828035e+06,        -6.65086607448564991e+07,        -1.08714147344361036e+06,        +5.85123538655030355e+07,        -1.71237388332014769e+08,        +1.37786009103540391e+08,        +2.24181173335501671e+08,        -7.51599533781984299e+07,        -8.40573896106310934e+07,        +1.06008033226991639e+08,        +1.84247106747572482e+08,        -1.01377211705728903e+08,        +9.13823061056893617e+07,        -1.15467153385618441e+07,        +2.01210604909776039e+07,        +0.00000000000000000e+00,        +0.00000000000000000e+00,        +0.00000000000000000e+00,        +0.00000000000000000e+00,        +0.00000000000000000e+00,        +0.00000000000000000e+00,        +0.00000000000000000e+00,        +0.00000000000000000e+00,        +0.00000000000000000e+00,        +0.00000000000000000e+00,        +0.00000000000000000e+00,        +0.00000000000000000e+00,        +0.00000000000000000e+00,        +0.00000000000000000e+00,        +0.00000000000000000e+00,        +0.00000000000000000e+00,        +0.00000000000000000e+00,        +0.00000000000000000e+00,        +0.00000000000000000e+00,        +0.00000000000000000e+00,        +0.00000000000000000e+00,        +0.00000000000000000e+00,        +0.00000000000000000e+00,        +0.00000000000000000e+00,        +0.00000000000000000e+00,        +0.00000000000000000e+00,        +0.00000000000000000e+00,        +0.00000000000000000e+00,        +0.00000000000000000e+00,        +0.00000000000000000e+00,        +0.00000000000000000e+00,        +0.00000000000000000e+00,        +0.00000000000000000e+00,        +0.00000000000000000e+00,        +0.00000000000000000e+00,        +0.00000000000000000e+00,        +0.00000000000000000e+00,        +0.00000000000000000e+00,        +0.00000000000000000e+00,        +0.00000000000000000e+00,        +0.00000000000000000e+00,        +0.00000000000000000e+00,        +0.00000000000000000e+00,        +0.00000000000000000e+00,        +0.00000000000000000e+00,        +0.00000000000000000e+00,        +0.00000000000000000e+00,        +0.00000000000000000e+00,        +0.00000000000000000e+00,        +0.00000000000000000e+00,        +0.00000000000000000e+00,        +0.00000000000000000e+00,        +0.00000000000000000e+00,        +0.00000000000000000e+00,        +0.00000000000000000e+00,        +0.00000000000000000e+00,        +0.00000000000000000e+00,        +0.00000000000000000e+00,        +0.00000000000000000e+00,        +0.00000000000000000e+00,        +0.00000000000000000e+00,        +0.00000000000000000e+00,        +0.00000000000000000e+00,        +0.00000000000000000e+00,        +0.00000000000000000e+00,        +0.00000000000000000e+00,        +0.00000000000000000e+00,        +0.00000000000000000e+00,        +0.00000000000000000e+00,        +0.00000000000000000e+00,        +0.00000000000000000e+00,        +0.00000000000000000e+00,        +0.00000000000000000e+00,        +0.00000000000000000e+00,        +0.00000000000000000e+00,        +0.00000000000000000e+00,        +0.00000000000000000e+00,        +0.00000000000000000e+00,        +0.00000000000000000e+00,        +0.00000000000000000e+00,        +0.00000000000000000e+00,        +0.00000000000000000e+00,        +0.00000000000000000e+00,        +0.00000000000000000e+00,        +0.00000000000000000e+00,        +0.00000000000000000e+00
        +0.00000000000000000e+00,        +0.00000000000000000e+00,        -1.45730502320810479e+03,        +2.50320027645504706e+04,        -1.47858221391051672e+07,        -3.92623359609117955e+07,        -4.52866920163120031e+07,        +2.00836807736982703e+08,        +7.27742814605627209e+07,        +6.99349090518428087e+07,        +7.77421197909254432e+07,        -5.97669357684853822e+07,        +2.74241262462446503e+07,        -2.66596228316588737e+07,        +2.05198631640376076e+07,        +3.01691830146051086e+07,        -2.21152458926319927e+07,        -3.41137335814421624e+07,        -1.03763734478972349e+07,        -2.32750848171979114e+07,        -5.93840940711199291e+04,        -4.62307811806591451e+07,        +0.00000000000000000e+00,        +0.00000000000000000e+00,        +0.00000000000000000e+00,        +0.00000000000000000e+00,        +0.00000000000000000e+00,        +0.00000000000000000e+00,        +0.00000000000000000e+00,        +0.00000000000000000e+00,        +0.00000000000000000e+00,        +0.00000000000000000e+00,        +0.00000000000000000e+00,        +0.00000000000000000e+00,        +0.00000000000000000e+00,        +0.00000000000000000e+00,        +0.00000000000000000e+00,        +0.00000000000000000e+00,        +0.00000000000000000e+00,        +0.00000000000000000e+00,        +0.00000000000000000e+00,        +0.00000000000000000e+00,        +0.00000000000000000e+00,        +0.00000000000000000e+00,        +0.00000000000000000e+00,        +0.00000000000000000e+00,        +0.00000000000000000e+00,        +0.00000000000000000e+00,        +0.00000000000000000e+00,        +0.00000000000000000e+00,        +0.00000000000000000e+00,        +0.00000000000000000e+00,        +0.00000000000000000e+00,        +0.00000000000000000e+00,        +0.00000000000000000e+00,        +0.00000000000000000e+00,        +0.00000000000000000e+00,        +0.00000000000000000e+00,        +0.00000000000000000e+00,        +0.00000000000000000e+00,        +0.00000000000000000e+00,        +0.00000000000000000e+00,        +0.00000000000000000e+00,        +0.00000000000000000e+00,        +0.00000000000000000e+00,        +0.00000000000000000e+00,        +0.00000000000000000e+00,        +0.00000000000000000e+00,        +0.00000000000000000e+00,        +0.00000000000000000e+00,        +0.00000000000000000e+00,        +0.00000000000000000e+00,        +0.00000000000000000e+00,        +0.00000000000000000e+00,        +0.00000000000000000e+00,        +0.00000000000000000e+00,        +0.00000000000000000e+00,        +0.00000000000000000e+00,        +0.00000000000000000e+00,        +0.00000000000000000e+00,        +0.00000000000000000e+00,        +0.00000000000000000e+00,        +0.00000000000000000e+00,        +0.00000000000000000e+00,        +0.00000000000000000e+00,        +0.00000000000000000e+00,        +0.00000000000000000e+00,        +0.00000000000000000e+00,        +0.00000000000000000e+00,        +0.00000000000000000e+00,        +0.00000000000000000e+00,        +0.00000000000000000e+00,        +0.00000000000000000e+00,        +0.00000000000000000e+00,        +0.00000000000000000e+00,        +0.00000000000000000e+00,        +0.00000000000000000e+00,        +0.00000000000000000e+00,        +0.00000000000000000e+00,        +0.00000000000000000e+00,        +0.00000000000000000e+00,        +0.00000000000000000e+00,        +0.00000000000000000e+00,        +0.00000000000000000e+00,        +0.00000000000000000e+00,        +0.00000000000000000e+00,        +0.00000000000000000e+00,        +0.00000000000000000e+00
        +0.00000000000000000e+00,        +0.00000000000000000e+00,        +4.97230615075612604e+03,        -2.45907654898315923e+03,        -1.16139215345545337e+07,        +1.56054209055110812e+06,        +6.07838763462700546e+07,        -8.81099269119933480e+05,        -3.27159029482338950e+06,        -1.15281152515215315e+07,        -6.13241211902765557e+07,        -4.77755443835177124e+07,        +6.84444544152526706e+07,        +4.37031714374835566e+07,        -3.75627116972988425e+06,        +1.10166949725390345e+08,        +7.06577957105381191e+07,        -6.48311400676255226e+07,        -1.58558044161808537e+06,        -2.57614817924466357e+07,        +3.29623012586862333e+07,        -1.19829288794276789e+07,        +0.00000000000000000e+00,        +0.00000000000000000e+00,        +0.00000000000000000e+00,        +0.00000000000000000e+00,        +0.00000000000000000e+00,        +0.00000000000000000e+00,        +0.00000000000000000e+00,        +0.00000000000000000e+00,        +0.00000000000000000e+00,        +0.00000000000000000e+00,        +0.00000000000000000e+00,        +0.00000000000000000e+00,        +0.00000000000000000e+00,        +0.00000000000000000e+00,        +0.00000000000000000e+00,        +0.00000000000000000e+00,        +0.00000000000000000e+00,        +0.00000000000000000e+00,        +0.00000000000000000e+00,        +0.00000000000000000e+00,        +0.00000000000000000e+00,        +0.00000000000000000e+00,        +0.00000000000000000e+00,        +0.00000000000000000e+00,        +0.00000000000000000e+00,        +0.00000000000000000e+00,        +0.00000000000000000e+00,        +0.00000000000000000e+00,        +0.00000000000000000e+00,        +0.00000000000000000e+00,        +0.00000000000000000e+00,        +0.00000000000000000e+00,        +0.00000000000000000e+00,        +0.00000000000000000e+00,        +0.00000000000000000e+00,        +0.00000000000000000e+00,        +0.00000000000000000e+00,        +0.00000000000000000e+00,        +0.00000000000000000e+00,        +0.00000000000000000e+00,        +0.00000000000000000e+00,        +0.00000000000000000e+00,        +0.00000000000000000e+00,        +0.00000000000000000e+00,        +0.00000000000000000e+00,        +0.00000000000000000e+00,        +0.00000000000000000e+00,        +0.00000000000000000e+00,        +0.00000000000000000e+00,        +0.00000000000000000e+00,        +0.00000000000000000e+00,        +0.00000000000000000e+00,        +0.00000000000000000e+00,        +0.00000000000000000e+00,        +0.00000000000000000e+00,        +0.00000000000000000e+00,        +0.00000000000000000e+00,        +0.00000000000000000e+00,        +0.00000000000000000e+00,        +0.00000000000000000e+00,        +0.00000000000000000e+00,        +0.00000000000000000e+00,        +0.00000000000000000e+00,        +0.00000000000000000e+00,        +0.00000000000000000e+00,        +0.00000000000000000e+00,        +0.00000000000000000e+00,        +0.00000000000000000e+00,        +0.00000000000000000e+00,        +0.00000000000000000e+00,        +0.00000000000000000e+00,        +0.00000000000000000e+00,        +0.00000000000000000e+00,        +0.00000000000000000e+00,        +0.00000000000000000e+00,        +0.00000000000000000e+00,        +0.00000000000000000e+00,        +0.00000000000000000e+00,        +0.00000000000000000e+00,        +0.00000000000000000e+00,        +0.00000000000000000e+00,        +0.00000000000000000e+00,        +0.00000000000000000e+00,        +0.00000000000000000e+00,        +0.00000000000000000e+00,        +0.00000000000000000e+00
        -0.00000000000000000e+00,        -0.00000000000000000e+00,        +7.51316422736206823e+03,        +8.83148268721043314e+03,        +4.26318083246855997e+06,        +6.79612251651241630e+06,        +1.02148212666052226e+07,        -4.55945201000722647e+07,        -3.41977158685232103e+07,        +1.88951952529016025e+07,        +7.32604522396438569e+07,        -5.54246602844022289e+07,        -1.89712449575208053e+07,        -3.68830467199191079e+06,        -2.04309014514544867e+07,        +1.89512735463833101e+07,        -2.82423133573821411e+07,        -2.95747002355630323e+07,        +1.14083453995112628e+07,        -1.13678129795337431e+07,        +8.24382331594705116e+06,        -1.29576349369236995e+07,        +0.00000000000000000e+00,        +0.00000000000000000e+00,        +0.00000000000000000e+00,        +0.00000000000000000e+00,        +0.00000000000000000e+00,        +0.00000000000000000e+00,        +0.00000000000000000e+00,        +0.00000000000000000e+00,        +0.00000000000000000e+00,        +0.00000000000000000e+00,        +0.00000000000000000e+00,        +0.00000000000000000e+00,        +0.00000000000000000e+00,        +0.00000000000000000e+00,        +0.00000000000000000e+00,        +0.00000000000000000e+00,        +0.00000000000000000e+00,        +0.00000000000000000e+00,        +0.00000000000000000e+00,        +0.00000000000000000e+00,        +0.00000000000000000e+00,        +0.00000000000000000e+00,        +0.00000000000000000e+00,        +0.00000000000000000e+00,        +0.00000000000000000e+00,        +0.00000000000000000e+00,        +0.00000000000000000e+00,        +0.00000000000000000e+00,        +0.00000000000000000e+00,        +0.00000000000000000e+00,        +0.00000000000000000e+00,        +0.00000000000000000e+00,        +0.00000000000000000e+00,        +0.00000000000000000e+00,        +0.00000000000000000e+00,        +0.00000000000000000e+00,        +0.00000000000000000e+00,        +0.00000000000000000e+00,        +0.00000000000000000e+00,        +0.00000000000000000e+00,        +0.00000000000000000e+00,        +0.00000000000000000e+00,        +0.00000000000000000e+00,        +0.00000000000000000e+00,        +0.00000000000000000e+00,        +0.00000000000000000e+00,        +0.00000000000000000e+00,        +0.00000000000000000e+00,        +0.00000000000000000e+00,        +0.00000000000000000e+00,        +0.00000000000000000e+00,        +0.00000000000000000e+00,        +0.00000000000000000e+00,        +0.00000000000000000e+00,        +0.00000000000000000e+00,        +0.00000000000000000e+00,        +0.00000000000000000e+00,        +0.00000000000000000e+00,        +0.00000000000000000e+00,        +0.00000000000000000e+00,        +0.00000000000000000e+00,        +0.00000000000000000e+00,        +0.00000000000000000e+00,        +0.00000000000000000e+00,        +0.00000000000000000e+00,        +0.00000000000000000e+00,        +0.00000000000000000e+00,        +0.00000000000000000e+00,        +0.00000000000000000e+00,        +0.00000000000000000e+00,        +0.00000000000000000e+00,        +0.00000000000000000e+00,        +0.00000000000000000e+00,        +0.00000000000000000e+00,        +0.00000000000000000e+00,        +0.00000000000000000e+00,        +0.00000000000000000e+00,        +0.00000000000000000e+00,        +0.00000000000000000e+00,        +0.00000000000000000e+00,        +0.00000000000000000e+00,        +0.00000000000000000e+00,        +0.00000000000000000e+00,        +0.00000000000000000e+00,        +0.00000000000000000e+00,        +0.00000000000000000e+00
        -0.00000000000000000e+00,        -0.00000000000000000e+00,        -2.41328436398395024e+03,        +1.80231936283279829e+04,        +5.70564596719436464e+05,        +1.17089382138312217e+07,        +2.34006043797487393e+06,        -8.13654939252381329e+05,        +2.03785489486293644e+07,        -4.32697530184556916e+07,        +2.94099541921126470e+07,        +4.05820495497966371e+06,        +1.71023367055561696e+06,        +5.20233205909178313e+06,        +1.93201734454670548e+07,        +9.61154820477910899e+06,        +4.55478481174504943e+06,        +3.64750477838500403e+06,        -1.97443213110672054e+06,        +2.07431557770347805e+06,        +2.18651328370555071e+06,        +2.26730000769002410e+06,        +0.00000000000000000e+00,        +0.00000000000000000e+00,        +0.00000000000000000e+00,        +0.00000000000000000e+00,        +0.00000000000000000e+00,        +0.00000000000000000e+00,        +0.00000000000000000e+00,        +0.00000000000000000e+00,        +0.00000000000000000e+00,        +0.00000000000000000e+00,        +0.00000000000000000e+00,        +0.00000000000000000e+00,        +0.00000000000000000e+00,        +0.00000000000000000e+00,        +0.00000000000000000e+00,        +0.00000000000000000e+00,        +0.00000000000000000e+00,        +0.00000000000000000e+00,        +0.00000000000000000e+00,        +0.00000000000000000e+00,        +0.00000000000000000e+00,        +0.00000000000000000e+00,        +0.00000000000000000e+00,        +0.00000000000000000e+00,        +0.00000000000000000e+00,        +0.00000000000000000e+00,        +0.00000000000000000e+00,        +0.00000000000000000e+00,        +0.00000000000000000e+00,        +0.00000000000000000e+00,        +0.00000000000000000e+00,        +0.00000000000000000e+00,        +0.00000000000000000e+00,        +0.00000000000000000e+00,        +0.00000000000000000e+00,        +0.00000000000000000e+00,        +0.00000000000000000e+00,        +0.00000000000000000e+00,        +0.00000000000000000e+00,        +0.00000000000000000e+00,        +0.00000000000000000e+00,        +0.00000000000000000e+00,        +0.00000000000000000e+00,        +0.00000000000000000e+00,        +0.00000000000000000e+00,        +0.00000000000000000e+00,        +0.00000000000000000e+00,        +0.00000000000000000e+00,        +0.00000000000000000e+00,        +0.00000000000000000e+00,        +0.00000000000000000e+00,        +0.00000000000000000e+00,        +0.00000000000000000e+00,        +0.00000000000000000e+00,        +0.00000000000000000e+00,        +0.00000000000000000e+00,        +0.00000000000000000e+00,        +0.00000000000000000e+00,        +0.00000000000000000e+00,        +0.00000000000000000e+00,        +0.00000000000000000e+00,        +0.00000000000000000e+00,        +0.00000000000000000e+00,        +0.00000000000000000e+00,        +0.00000000000000000e+00,        +0.00000000000000000e+00,        +0.00000000000000000e+00,        +0.00000000000000000e+00,        +0.00000000000000000e+00,        +0.00000000000000000e+00,        +0.00000000000000000e+00,        +0.00000000000000000e+00,        +0.00000000000000000e+00,        +0.00000000000000000e+00,        +0.00000000000000000e+00,        +0.00000000000000000e+00,        +0.00000000000000000e+00,        +0.00000000000000000e+00,        +0.00000000000000000e+00,        +0.00000000000000000e+00,        +0.00000000000000000e+00,        +0.00000000000000000e+00,        +0.00000000000000000e+00,        +0.00000000000000000e+00,        +0.00000000000000000e+00,        +0.00000000000000000e+00
        +0.00000000000000000e+00,        +0.00000000000000000e+00,        +3.38897576338737085e+07,        +2.08166553425945491e+08,        -2.04014244305488437e+08,        +3.03716190680734217e+07,        -5.56149228167638853e+07,        -1.08295630240933204e+09,        +4.12587066011551666e+09,        -4.49783012114552975e+09,        +1.13449702836931820e+10,        -4.51540261518277359e+09,        -1.23917225852968864e+10,        +1.48381060035059013e+10,        -8.45146568754818344e+09,        -5.44986848602426434e+09,        -2.12529892692910409e+09,        +1.66038027984189568e+10,        -1.25532895301963749e+10,        +1.22934322871793785e+10,        +7.52590694182471657e+09,        +1.40721376092027550e+10,        +0.00000000000000000e+00,        +0.00000000000000000e+00,        +0.00000000000000000e+00,        +0.00000000000000000e+00,        +0.00000000000000000e+00,        +0.00000000000000000e+00,        +0.00000000000000000e+00,        +0.00000000000000000e+00,        +0.00000000000000000e+00,        +0.00000000000000000e+00,        +0.00000000000000000e+00,        +0.00000000000000000e+00,        +0.00000000000000000e+00,        +0.00000000000000000e+00,        -4.86877939413377762e+09,        +0.00000000000000000e+00,        +0.00000000000000000e+00,        +0.00000000000000000e+00,        +0.00000000000000000e+00,        +0.00000000000000000e+00,        +0.00000000000000000e+00,        +0.00000000000000000e+00,        +0.00000000000000000e+00,        +0.00000000000000000e+00,        +0.00000000000000000e+00,        +0.00000000000000000e+00,        +0.00000000000000000e+00,        +0.00000000000000000e+00,        +0.00000000000000000e+00,        +0.00000000000000000e+00,        +0.00000000000000000e+00,        +0.00000000000000000e+00,        +0.00000000000000000e+00,        +0.00000000000000000e+00,        +0.00000000000000000e+00,        +0.00000000000000000e+00,        +0.00000000000000000e+00,        +0.00000000000000000e+00,        +0.00000000000000000e+00,        +0.00000000000000000e+00,        +0.00000000000000000e+00,        +0.00000000000000000e+00,        +0.00000000000000000e+00,        +0.00000000000000000e+00,        +0.00000000000000000e+00,        +0.00000000000000000e+00,        +0.00000000000000000e+00,        +0.00000000000000000e+00,        +0.00000000000000000e+00,        +0.00000000000000000e+00,        +0.00000000000000000e+00,        +0.00000000000000000e+00,        +0.00000000000000000e+00,        +0.00000000000000000e+00,        +0.00000000000000000e+00,        +0.00000000000000000e+00,        +0.00000000000000000e+00,        +0.00000000000000000e+00,        +0.00000000000000000e+00,        +0.00000000000000000e+00,        +0.00000000000000000e+00,        +0.00000000000000000e+00,        +0.00000000000000000e+00,        +0.00000000000000000e+00,        +0.00000000000000000e+00,        +0.00000000000000000e+00,        +0.00000000000000000e+00,        +0.00000000000000000e+00,        +0.00000000000000000e+00,        +0.00000000000000000e+00,        +0.00000000000000000e+00,        +0.00000000000000000e+00,        +0.00000000000000000e+00,        +0.00000000000000000e+00,        +0.00000000000000000e+00,        +0.00000000000000000e+00,        +0.00000000000000000e+00,        +0.00000000000000000e+00,        +0.00000000000000000e+00,        +0.00000000000000000e+00,        +0.00000000000000000e+00,        +0.00000000000000000e+00,        +0.00000000000000000e+00,        +0.00000000000000000e+00,        +0.00000000000000000e+00,        +0.00000000000000000e+00
        -0.00000000000000000e+00,        -0.00000000000000000e+00,        +1.52036788398642791e+06,        -9.41916324028554372e+06,        +5.25004947462238967e+07,        -4.81727084848935436e+06,        -2.36547168952674448e+08,        -2.02813212476475537e+08,        +6.59312253018988390e+06,        +6.53321196559143543e+08,        -4.83485153452893972e+08,        -7.24829243456377506e+08,        +2.13894761078647661e+09,        -5.90276997076182127e+08,        -1.02624667052403700e+09,        +3.07043715553301752e+08,        +1.50623167152975392e+09,        +4.71147021680599594e+09,        +1.02043179868222752e+10,        +4.79189095248427963e+09,        +9.01857399067334294e+08,        +1.45976195786758566e+09,        +0.00000000000000000e+00,        +0.00000000000000000e+00,        +0.00000000000000000e+00,        +0.00000000000000000e+00,        +0.00000000000000000e+00,        +0.00000000000000000e+00,        +0.00000000000000000e+00,        +0.00000000000000000e+00,        +0.00000000000000000e+00,        +0.00000000000000000e+00,        +0.00000000000000000e+00,        +0.00000000000000000e+00,        +0.00000000000000000e+00,        +0.00000000000000000e+00,        +0.00000000000000000e+00,        -4.86877939413377762e+09,        +0.00000000000000000e+00,        +0.00000000000000000e+00,        +0.00000000000000000e+00,        +0.00000000000000000e+00,        +0.00000000000000000e+00,        +0.00000000000000000e+00,        +0.00000000000000000e+00,        +0.00000000000000000e+00,        +0.00000000000000000e+00,        +0.00000000000000000e+00,        +0.00000000000000000e+00,        +0.00000000000000000e+00,        +0.00000000000000000e+00,        +0.00000000000000000e+00,        +0.00000000000000000e+00,        +0.00000000000000000e+00,        +0.00000000000000000e+00,        +0.00000000000000000e+00,        +0.00000000000000000e+00,        +0.00000000000000000e+00,        +0.00000000000000000e+00,        +0.00000000000000000e+00,        +0.00000000000000000e+00,        +0.00000000000000000e+00,        +0.00000000000000000e+00,        +0.00000000000000000e+00,        +0.00000000000000000e+00,        +0.00000000000000000e+00,        +0.00000000000000000e+00,        +0.00000000000000000e+00,        +0.00000000000000000e+00,        +0.00000000000000000e+00,        +0.00000000000000000e+00,        +0.00000000000000000e+00,        +0.00000000000000000e+00,        +0.00000000000000000e+00,        +0.00000000000000000e+00,        +0.00000000000000000e+00,        +0.00000000000000000e+00,        +0.00000000000000000e+00,        +0.00000000000000000e+00,        +0.00000000000000000e+00,        +0.00000000000000000e+00,        +0.00000000000000000e+00,        +0.00000000000000000e+00,        +0.00000000000000000e+00,        +0.00000000000000000e+00,        +0.00000000000000000e+00,        +0.00000000000000000e+00,        +0.00000000000000000e+00,        +0.00000000000000000e+00,        +0.00000000000000000e+00,        +0.00000000000000000e+00,        +0.00000000000000000e+00,        +0.00000000000000000e+00,        +0.00000000000000000e+00,        +0.00000000000000000e+00,        +0.00000000000000000e+00,        +0.00000000000000000e+00,        +0.00000000000000000e+00,        +0.00000000000000000e+00,        +0.00000000000000000e+00,        +0.00000000000000000e+00,        +0.00000000000000000e+00,        +0.00000000000000000e+00,        +0.00000000000000000e+00,        +0.00000000000000000e+00,        +0.00000000000000000e+00,        +0.00000000000000000e+00,        +0.00000000000000000e+00
        +0.00000000000000000e+00,        +0.00000000000000000e+00,        +5.05797203940495790e+05,        -1.82530679238143079e+07,        +1.13976276405635513e+07,        +5.02197124880237207e+07,        -8.08084201526630670e+07,        +6.33111716933076382e+08,        -9.35024593538628936e+08,        -3.77790726963987470e+08,        +2.87547375785005271e+08,        +4.88305130187615454e+08,        +5.58356008160193563e+08,        -9.78318272436608791e+08,        -7.19499154775696397e+08,        -2.28742909483718681e+09,        +1.99403096900353742e+09,        -3.94362573650114441e+09,        -4.23055384427973032e+08,        +3.39908555972104025e+09,        -1.47581622042349029e+09,        +2.72894645044677114e+09,        +0.00000000000000000e+00,        +0.00000000000000000e+00,        +0.00000000000000000e+00,        +0.00000000000000000e+00,        +0.00000000000000000e+00,        +0.00000000000000000e+00,        +0.00000000000000000e+00,        +0.00000000000000000e+00,        +0.00000000000000000e+00,        +0.00000000000000000e+00,        +0.00000000000000000e+00,        +0.00000000000000000e+00,        +0.00000000000000000e+00,        +0.00000000000000000e+00,        +0.00000000000000000e+00,        +0.00000000000000000e+00,        -4.86877939413377762e+09,        +0.00000000000000000e+00,        +0.00000000000000000e+00,        +0.00000000000000000e+00,        +0.00000000000000000e+00,        +0.00000000000000000e+00,        +0.00000000000000000e+00,        +0.00000000000000000e+00,        +0.00000000000000000e+00,        +0.00000000000000000e+00,        +0.00000000000000000e+00,        +0.00000000000000000e+00,        +0.00000000000000000e+00,        +0.00000000000000000e+00,        +0.00000000000000000e+00,        +0.00000000000000000e+00,        +0.00000000000000000e+00,        +0.00000000000000000e+00,        +0.00000000000000000e+00,        +0.00000000000000000e+00,        +0.00000000000000000e+00,        +0.00000000000000000e+00,        +0.00000000000000000e+00,        +0.00000000000000000e+00,        +0.00000000000000000e+00,        +0.00000000000000000e+00,        +0.00000000000000000e+00,        +0.00000000000000000e+00,        +0.00000000000000000e+00,        +0.00000000000000000e+00,        +0.00000000000000000e+00,        +0.00000000000000000e+00,        +0.00000000000000000e+00,        +0.00000000000000000e+00,        +0.00000000000000000e+00,        +0.00000000000000000e+00,        +0.00000000000000000e+00,        +0.00000000000000000e+00,        +0.00000000000000000e+00,        +0.00000000000000000e+00,        +0.00000000000000000e+00,        +0.00000000000000000e+00,        +0.00000000000000000e+00,        +0.00000000000000000e+00,        +0.00000000000000000e+00,        +0.00000000000000000e+00,        +0.00000000000000000e+00,        +0.00000000000000000e+00,        +0.00000000000000000e+00,        +0.00000000000000000e+00,        +0.00000000000000000e+00,        +0.00000000000000000e+00,        +0.00000000000000000e+00,        +0.00000000000000000e+00,        +0.00000000000000000e+00,        +0.00000000000000000e+00,        +0.00000000000000000e+00,        +0.00000000000000000e+00,        +0.00000000000000000e+00,        +0.00000000000000000e+00,        +0.00000000000000000e+00,        +0.00000000000000000e+00,        +0.00000000000000000e+00,        +0.00000000000000000e+00,        +0.00000000000000000e+00,        +0.00000000000000000e+00,        +0.00000000000000000e+00,        +0.00000000000000000e+00,        +0.00000000000000000e+00,        +0.00000000000000000e+00
        +0.00000000000000000e+00,        +0.00000000000000000e+00,        +1.19029722370334808e+06,        -1.14897915714894123e+07,        -9.22451464366889000e+07,        -5.26667977944699824e+07,        +3.96154771277881265e+08,        -3.68902145630117357e+08,        +1.68657279146299839e+08,        +3.49543729336740732e+08,        +3.40082292334551573e+08,        -3.51151702298810720e+08,        -5.00660393253333569e+08,        +3.48493928568808556e+08,        -3.71389251670909286e+08,        +4.85950778010388136e+08,        +6.12142503323013425e+08,        -9.19011759423585534e+08,        +3.82327580607701182e+08,        -1.84590592561989635e+08,        +1.11666460044657707e+09,        -1.13727797823035255e+08,        +0.00000000000000000e+00,        +0.00000000000000000e+00,        +0.00000000000000000e+00,        +0.00000000000000000e+00,        +0.00000000000000000e+00,        +0.00000000000000000e+00,        +0.00000000000000000e+00,        +0.00000000000000000e+00,        +0.00000000000000000e+00,        +0.00000000000000000e+00,        +0.00000000000000000e+00,        +0.00000000000000000e+00,        +0.00000000000000000e+00,        +0.00000000000000000e+00,        +0.00000000000000000e+00,        +0.00000000000000000e+00,        +0.00000000000000000e+00,        -4.86877939413377762e+09,        +0.00000000000000000e+00,        +0.00000000000000000e+00,        +0.00000000000000000e+00,        +0.00000000000000000e+00,        +0.00000000000000000e+00,        +0.00000000000000000e+00,        +0.00000000000000000e+00,        +0.00000000000000000e+00,        +0.00000000000000000e+00,        +0.00000000000000000e+00,        +0.00000000000000000e+00,        +0.00000000000000000e+00,        +0.00000000000000000e+00,        +0.00000000000000000e+00,        +0.00000000000000000e+00,        +0.00000000000000000e+00,        +0.00000000000000000e+00,        +0.00000000000000000e+00,        +0.00000000000000000e+00,        +0.00000000000000000e+00,        +0.00000000000000000e+00,        +0.00000000000000000e+00,        +0.00000000000000000e+00,        +0.00000000000000000e+00,        +0.00000000000000000e+00,        +0.00000000000000000e+00,        +0.00000000000000000e+00,        +0.00000000000000000e+00,        +0.00000000000000000e+00,        +0.00000000000000000e+00,        +0.00000000000000000e+00,        +0.00000000000000000e+00,        +0.00000000000000000e+00,        +0.00000000000000000e+00,        +0.00000000000000000e+00,        +0.00000000000000000e+00,        +0.00000000000000000e+00,        +0.00000000000000000e+00,        +0.00000000000000000e+00,        +0.00000000000000000e+00,        +0.00000000000000000e+00,        +0.00000000000000000e+00,        +0.00000000000000000e+00,        +0.00000000000000000e+00,        +0.00000000000000000e+00,        +0.00000000000000000e+00,        +0.00000000000000000e+00,        +0.00000000000000000e+00,        +0.00000000000000000e+00,        +0.00000000000000000e+00,        +0.00000000000000000e+00,        +0.00000000000000000e+00,        +0.00000000000000000e+00,        +0.00000000000000000e+00,        +0.00000000000000000e+00,        +0.00000000000000000e+00,        +0.00000000000000000e+00,        +0.00000000000000000e+00,        +0.00000000000000000e+00,        +0.00000000000000000e+00,        +0.00000000000000000e+00,        +0.00000000000000000e+00,        +0.00000000000000000e+00,        +0.00000000000000000e+00,        +0.00000000000000000e+00,        +0.00000000000000000e+00,        +0.00000000000000000e+00,        +0.00000000000000000e+00
        +0.00000000000000000e+00,        +0.00000000000000000e+00,        -7.22481161330332165e+05,        -5.07544532222917769e+06,        +7.61657692797042429e+06,        +4.08833769225180382e+06,        -3.37404972775022089e+07,        +5.58509818822663948e+07,        -1.24668514125416085e+08,        +2.02270589446984828e+07,        +1.29840104545791671e+07,        +2.22171529665247276e+07,        -8.50733535280714333e+07,        -1.48753158100084811e+08,        +1.54203203610016942e+08,        -2.35978148645995528e+08,        +3.81868541548700392e+08,        +1.81203196269895583e+08,        -8.28313724356439859e+07,        -3.26000231021954045e+07,        +1.55692752539744705e+08,        -1.57628143585898310e+08,        +0.00000000000000000e+00,        +0.00000000000000000e+00,        +0.00000000000000000e+00,        +0.00000000000000000e+00,        +0.00000000000000000e+00,        +0.00000000000000000e+00,        +0.00000000000000000e+00,        +0.00000000000000000e+00,        +0.00000000000000000e+00,        +0.00000000000000000e+00,        +0.00000000000000000e+00,        +0.00000000000000000e+00,        +0.00000000000000000e+00,        +0.00000000000000000e+00,        +0.00000000000000000e+00,        +0.00000000000000000e+00,        +0.00000000000000000e+00,        +0.00000000000000000e+00,        -4.86877939413377762e+09,        +0.00000000000000000e+00,        +0.00000000000000000e+00,        +0.00000000000000000e+00,        +0.00000000000000000e+00,        +0.00000000000000000e+00,        +0.00000000000000000e+00,        +0.00000000000000000e+00,        +0.00000000000000000e+00,        +0.00000000000000000e+00,        +0.00000000000000000e+00,        +0.00000000000000000e+00,        +0.00000000000000000e+00,        +0.00000000000000000e+00,        +0.00000000000000000e+00,        +0.00000000000000000e+00,        +0.00000000000000000e+00,        +0.00000000000000000e+00,        +0.00000000000000000e+00,        +0.00000000000000000e+00,        +0.00000000000000000e+00,        +0.00000000000000000e+00,        +0.00000000000000000e+00,        +0.00000000000000000e+00,        +0.00000000000000000e+00,        +0.00000000000000000e+00,        +0.00000000000000000e+00,        +0.00000000000000000e+00,        +0.00000000000000000e+00,        +0.00000000000000000e+00,        +0.00000000000000000e+00,        +0.00000000000000000e+00,        +0.00000000000000000e+00,        +0.00000000000000000e+00,        +0.00000000000000000e+00,        +0.00000000000000000e+00,        +0.00000000000000000e+00,        +0.00000000000000000e+00,        +0.00000000000000000e+00,        +0.00000000000000000e+00,        +0.00000000000000000e+00,        +0.00000000000000000e+00,        +0.00000000000000000e+00,        +0.00000000000000000e+00,        +0.00000000000000000e+00,        +0.00000000000000000e+00,        +0.00000000000000000e+00,        +0.00000000000000000e+00,        +0.00000000000000000e+00,        +0.00000000000000000e+00,        +0.00000000000000000e+00,        +0.00000000000000000e+00,        +0.00000000000000000e+00,        +0.00000000000000000e+00,        +0.00000000000000000e+00,        +0.00000000000000000e+00,        +0.00000000000000000e+00,        +0.00000000000000000e+00,        +0.00000000000000000e+00,        +0.00000000000000000e+00,        +0.00000000000000000e+00,        +0.00000000000000000e+00,        +0.00000000000000000e+00,        +0.00000000000000000e+00,        +0.00000000000000000e+00,        +0.00000000000000000e+00,        +0.00000000000000000e+00,        +0.00000000000000000e+00
        +0.00000000000000000e+00,        +0.00000000000000000e+00,        +1.26620313286842406e+06,        +4.79921798576020170e+06,        +4.50746900678954553e+06,        +3.69666664332212741e+06,        -1.99506499880447127e+07,        +1.31939968653680850e+07,        +3.26299021406331211e+07,        -1.82056300958465561e+07,        -9.44761044413695335e+07,        -2.01241620874858275e+07,        +2.76089541576679051e+07,        -1.86800176780723929e+08,        -4.12843029675423920e+08,        +1.63479572620965391e+07,        +3.01015638668839224e+07,        +5.48935796911593452e+07,        -8.22957820249247551e+07,        +8.55153377245406061e+06,        +8.48944717735639960e+06,        -1.10738550926989943e+08,        +0.00000000000000000e+00,        +0.00000000000000000e+00,        +0.00000000000000000e+00,        +0.00000000000000000e+00,        +0.00000000000000000e+00,        +0.00000000000000000e+00,        +0.00000000000000000e+00,        +0.00000000000000000e+00,        +0.00000000000000000e+00,        +0.00000000000000000e+00,        +0.00000000000000000e+00,        +0.00000000000000000e+00,        +0.00000000000000000e+00,        +0.00000000000000000e+00,        +0.00000000000000000e+00,        +0.00000000000000000e+00,        +0.00000000000000000e+00,        +0.00000000000000000e+00,        +0.00000000000000000e+00,        -4.86877939413377762e+09,        +0.00000000000000000e+00,        +0.00000000000000000e+00,        +0.00000000000000000e+00,        +0.00000000000000000e+00,        +0.00000000000000000e+00,        +0.00000000000000000e+00,        +0.00000000000000000e+00,        +0.00000000000000000e+00,        +0.00000000000000000e+00,        +0.00000000000000000e+00,        +0.00000000000000000e+00,        +0.00000000000000000e+00,        +0.00000000000000000e+00,        +0.00000000000000000e+00,        +0.00000000000000000e+00,        +0.00000000000000000e+00,        +0.00000000000000000e+00,        +0.00000000000000000e+00,        +0.00000000000000000e+00,        +0.00000000000000000e+00,        +0.00000000000000000e+00,        +0.00000000000000000e+00,        +0.00000000000000000e+00,        +0.00000000000000000e+00,        +0.00000000000000000e+00,        +0.00000000000000000e+00,        +0.00000000000000000e+00,        +0.00000000000000000e+00,        +0.00000000000000000e+00,        +0.00000000000000000e+00,        +0.00000000000000000e+00,        +0.00000000000000000e+00,        +0.00000000000000000e+00,        +0.00000000000000000e+00,        +0.00000000000000000e+00,        +0.00000000000000000e+00,        +0.00000000000000000e+00,        +0.00000000000000000e+00,        +0.00000000000000000e+00,        +0.00000000000000000e+00,        +0.00000000000000000e+00,        +0.00000000000000000e+00,        +0.00000000000000000e+00,        +0.00000000000000000e+00,        +0.00000000000000000e+00,        +0.00000000000000000e+00,        +0.00000000000000000e+00,        +0.00000000000000000e+00,        +0.00000000000000000e+00,        +0.00000000000000000e+00,        +0.00000000000000000e+00,        +0.00000000000000000e+00,        +0.00000000000000000e+00,        +0.00000000000000000e+00,        +0.00000000000000000e+00,        +0.00000000000000000e+00,        +0.00000000000000000e+00,        +0.00000000000000000e+00,        +0.00000000000000000e+00,        +0.00000000000000000e+00,        +0.00000000000000000e+00,        +0.00000000000000000e+00,        +0.00000000000000000e+00,        +0.00000000000000000e+00,        +0.00000000000000000e+00,        +0.00000000000000000e+00
        +0.00000000000000000e+00,        +0.00000000000000000e+00,        -3.49208895852165006e+04,        +2.38824903265841771e+06,        +5.20684753152624529e+05,        +6.81795123012985452e+05,        -7.52188778013367672e+06,        +8.26396619672997016e+06,        +5.00950276277303025e+07,        -4.52142464711879194e+07,        -3.60584934768016338e+07,        +1.19988854282457475e+07,        +7.03554338869420886e+07,        -1.82440394982097089e+08,        +5.99210698141313344e+07,        -4.65690498238145784e+07,        -1.31601461178173006e+08,        -1.03327231756833363e+07,        -2.25942937823410518e+07,        -2.17613581086996011e+07,        +2.37625450500470161e+08,        +1.40722342670396030e+08,        +0.00000000000000000e+00,        +0.00000000000000000e+00,        +0.00000000000000000e+00,        +0.00000000000000000e+00,        +0.00000000000000000e+00,        +0.00000000000000000e+00,        +0.00000000000000000e+00,        +0.00000000000000000e+00,        +0.00000000000000000e+00,        +0.00000000000000000e+00,        +0.00000000000000000e+00,        +0.00000000000000000e+00,        +0.00000000000000000e+00,        +0.00000000000000000e+00,        +0.00000000000000000e+00,        +0.00000000000000000e+00,        +0.00000000000000000e+00,        +0.00000000000000000e+00,        +0.00000000000000000e+00,        +0.00000000000000000e+00,        -4.86877939413377762e+09,        +0.00000000000000000e+00,        +0.00000000000000000e+00,        +0.00000000000000000e+00,        +0.00000000000000000e+00,        +0.00000000000000000e+00,        +0.00000000000000000e+00,        +0.00000000000000000e+00,        +0.00000000000000000e+00,        +0.00000000000000000e+00,        +0.00000000000000000e+00,        +0.00000000000000000e+00,        +0.00000000000000000e+00,        +0.00000000000000000e+00,        +0.00000000000000000e+00,        +0.00000000000000000e+00,        +0.00000000000000000e+00,        +0.00000000000000000e+00,        +0.00000000000000000e+00,        +0.00000000000000000e+00,        +0.00000000000000000e+00,        +0.00000000000000000e+00,        +0.00000000000000000e+00,        +0.00000000000000000e+00,        +0.00000000000000000e+00,        +0.00000000000000000e+00,        +0.00000000000000000e+00,        +0.00000000000000000e+00,        +0.00000000000000000e+00,        +0.00000000000000000e+00,        +0.00000000000000000e+00,        +0.00000000000000000e+00,        +0.00000000000000000e+00,        +0.00000000000000000e+00,        +0.00000000000000000e+00,        +0.00000000000000000e+00,        +0.00000000000000000e+00,        +0.00000000000000000e+00,        +0.00000000000000000e+00,        +0.00000000000000000e+00,        +0.00000000000000000e+00,        +0.00000000000000000e+00,        +0.00000000000000000e+00,        +0.00000000000000000e+00,        +0.00000000000000000e+00,        +0.00000000000000000e+00,        +0.00000000000000000e+00,        +0.00000000000000000e+00,        +0.00000000000000000e+00,        +0.00000000000000000e+00,        +0.00000000000000000e+00,        +0.00000000000000000e+00,        +0.00000000000000000e+00,        +0.00000000000000000e+00,        +0.00000000000000000e+00,        +0.00000000000000000e+00,        +0.00000000000000000e+00,        +0.00000000000000000e+00,        +0.00000000000000000e+00,        +0.00000000000000000e+00,        +0.00000000000000000e+00,        +0.00000000000000000e+00,        +0.00000000000000000e+00,        +0.00000000000000000e+00,        +0.00000000000000000e+00,        +0.00000000000000000e+00
        +0.00000000000000000e+00,        +0.00000000000000000e+00,        +5.48294192787069278e+03,        -1.59174587495719036e+06,        +1.34339583740014825e+07,        +3.34542977453657240e+06,        -4.44429626420288906e+07,        +8.80271377325922064e+06,        -8.85983378760952055e+07,        +3.53172121434019729e+07,        +4.48543670717668980e+07,        -1.28377901535797250e+07,        +5.74801623392995372e+07,        +3.61357792697055712e+07,        -7.32426574638226330e+07,        -4.45919052717818767e+07,        +4.04685923316777721e+07,        +1.97416763151466362e+07,        +3.67327919669763520e+07,        -1.86855739810883164e+08,        -2.11420208173465692e+07,        +1.39083479262281150e+08,        +0.00000000000000000e+00,        +0.00000000000000000e+00,        +0.00000000000000000e+00,        +0.00000000000000000e+00,        +0.00000000000000000e+00,        +0.00000000000000000e+00,        +0.00000000000000000e+00,        +0.00000000000000000e+00,        +0.00000000000000000e+00,        +0.00000000000000000e+00,        +0.00000000000000000e+00,        +0.00000000000000000e+00,        +0.00000000000000000e+00,        +0.00000000000000000e+00,        +0.00000000000000000e+00,        +0.00000000000000000e+00,        +0.00000000000000000e+00,        +0.00000000000000000e+00,        +0.00000000000000000e+00,        +0.00000000000000000e+00,        +0.00000000000000000e+00,        -4.86877939413377762e+09,        +0.00000000000000000e+00,        +0.00000000000000000e+00,        +0.00000000000000000e+00,        +0.00000000000000000e+00,        +0.00000000000000000e+00,        +0.00000000000000000e+00,        +0.00000000000000000e+00,        +0.00000000000000000e+00,        +0.00000000000000000e+00,        +0.00000000000000000e+00,        +0.00000000000000000e+00,        +0.00000000000000000e+00,        +0.00000000000000000e+00,        +0.00000000000000000e+00,        +0.00000000000000000e+00,        +0.00000000000000000e+00,        +0.00000000000000000e+00,        +0.00000000000000000e+00,        +0.00000000000000000e+00,        +0.00000000000000000e+00,        +0.00000000000000000e+00,        +0.00000000000000000e+00,        +0.00000000000000000e+00,        +0.00000000000000000e+00,        +0.00000000000000000e+00,        +0.00000000000000000e+00,        +0.00000000000000000e+00,        +0.00000000000000000e+00,        +0.00000000000000000e+00,        +0.00000000000000000e+00,        +0.00000000000000000e+00,        +0.00000000000000000e+00,        +0.00000000000000000e+00,        +0.00000000000000000e+00,        +0.00000000000000000e+00,        +0.00000000000000000e+00,        +0.00000000000000000e+00,        +0.00000000000000000e+00,        +0.00000000000000000e+00,        +0.00000000000000000e+00,        +0.00000000000000000e+00,        +0.00000000000000000e+00,        +0.00000000000000000e+00,        +0.00000000000000000e+00,        +0.00000000000000000e+00,        +0.00000000000000000e+00,        +0.00000000000000000e+00,        +0.00000000000000000e+00,        +0.00000000000000000e+00,        +0.00000000000000000e+00,        +0.00000000000000000e+00,        +0.00000000000000000e+00,        +0.00000000000000000e+00,        +0.00000000000000000e+00,        +0.00000000000000000e+00,        +0.00000000000000000e+00,        +0.00000000000000000e+00,        +0.00000000000000000e+00,        +0.00000000000000000e+00,        +0.00000000000000000e+00,        +0.00000000000000000e+00,        +0.00000000000000000e+00,        +0.00000000000000000e+00,        +0.00000000000000000e+00
        +0.00000000000000000e+00,        +0.00000000000000000e+00,        -1.49694912074659824e+04,        -6.57678854406466126e+05,        -1.47279673500515092e+07,        -6.65464710251155589e+06,        +6.15847370321372077e+07,        -5.56844688553789817e+06,        -7.10067362945653498e+06,        +8.10332386075990796e+07,        +1.02771114983417690e+08,        +3.06193635531573221e+07,        +9.52685203351328522e+07,        -2.42835013555618972e+07,        +1.65377021341987699e+06,        +3.36107013182429969e+07,        +3.30316640582877770e+06,        +2.41249330321538411e+07,        -4.18793589729848206e+07,        +2.74187687489565723e+07,        +7.61246203166606487e+05,        -1.15997219473561924e+07,        +0.00000000000000000e+00,        +0.00000000000000000e+00,        +0.00000000000000000e+00,        +0.00000000000000000e+00,        +0.00000000000000000e+00,        +0.00000000000000000e+00,        +0.00000000000000000e+00,        +0.00000000000000000e+00,        +0.00000000000000000e+00,        +0.00000000000000000e+00,        +0.00000000000000000e+00,        +0.00000000000000000e+00,        +0.00000000000000000e+00,        +0.00000000000000000e+00,        +0.00000000000000000e+00,        +0.00000000000000000e+00,        +0.00000000000000000e+00,        +0.00000000000000000e+00,        +0.00000000000000000e+00,        +0.00000000000000000e+00,        +0.00000000000000000e+00,        +0.00000000000000000e+00,        -4.86877939413377762e+09,        +0.00000000000000000e+00,        +0.00000000000000000e+00,        +0.00000000000000000e+00,        +0.00000000000000000e+00,        +0.00000000000000000e+00,        +0.00000000000000000e+00,        +0.00000000000000000e+00,        +0.00000000000000000e+00,        +0.00000000000000000e+00,        +0.00000000000000000e+00,        +0.00000000000000000e+00,        +0.00000000000000000e+00,        +0.00000000000000000e+00,        +0.00000000000000000e+00,        +0.00000000000000000e+00,        +0.00000000000000000e+00,        +0.00000000000000000e+00,        +0.00000000000000000e+00,        +0.00000000000000000e+00,        +0.00000000000000000e+00,        +0.00000000000000000e+00,        +0.00000000000000000e+00,        +0.00000000000000000e+00,        +0.00000000000000000e+00,        +0.00000000000000000e+00,        +0.00000000000000000e+00,        +0.00000000000000000e+00,        +0.00000000000000000e+00,        +0.00000000000000000e+00,        +0.00000000000000000e+00,        +0.00000000000000000e+00,        +0.00000000000000000e+00,        +0.00000000000000000e+00,        +0.00000000000000000e+00,        +0.00000000000000000e+00,        +0.00000000000000000e+00,        +0.00000000000000000e+00,        +0.00000000000000000e+00,        +0.00000000000000000e+00,        +0.00000000000000000e+00,        +0.00000000000000000e+00,        +0.00000000000000000e+00,        +0.00000000000000000e+00,        +0.00000000000000000e+00,        +0.00000000000000000e+00,        +0.00000000000000000e+00,        +0.00000000000000000e+00,        +0.00000000000000000e+00,        +0.00000000000000000e+00,        +0.00000000000000000e+00,        +0.00000000000000000e+00,        +0.00000000000000000e+00,        +0.00000000000000000e+00,        +0.00000000000000000e+00,        +0.00000000000000000e+00,        +0.00000000000000000e+00,        +0.00000000000000000e+00,        +0.00000000000000000e+00,        +0.00000000000000000e+00,        +0.00000000000000000e+00,        +0.00000000000000000e+00,        +0.00000000000000000e+00,        +0.00000000000000000e+00
        -0.00000000000000000e+00,        -0.00000000000000000e+00,        +7.10683416813420336e+04,        +2.67212690696295060e+05,        -1.28358034987695003e+06,        +1.35154270116900764e+07,        -6.46615149026002735e+06,        +1.56066963421339039e+07,        +4.84489756348943338e+07,        +9.84191712156411726e+05,        +2.09650819859370030e+07,        -1.43554501500870008e+07,        +3.24818021416571774e+07,        +2.99812791574959084e+07,        -9.81888151426888257e+06,        -7.08027805878796428e+07,        -1.67454238748603575e+07,        -1.58378651506937277e+07,        +1.48282652347646654e+07,        -9.05545985138164647e+06,        +7.95771505847386830e+06,        -3.75620087670316920e+07,        +0.00000000000000000e+00,        +0.00000000000000000e+00,        +0.00000000000000000e+00,        +0.00000000000000000e+00,        +0.00000000000000000e+00,        +0.00000000000000000e+00,        +0.00000000000000000e+00,        +0.00000000000000000e+00,        +0.00000000000000000e+00,        +0.00000000000000000e+00,        +0.00000000000000000e+00,        +0.00000000000000000e+00,        +0.00000000000000000e+00,        +0.00000000000000000e+00,        +0.00000000000000000e+00,        +0.00000000000000000e+00,        +0.00000000000000000e+00,        +0.00000000000000000e+00,        +0.00000000000000000e+00,        +0.00000000000000000e+00,        +0.00000000000000000e+00,        +0.00000000000000000e+00,        +0.00000000000000000e+00,        -4.86877939413377762e+09,        +0.00000000000000000e+00,        +0.00000000000000000e+00,        +0.00000000000000000e+00,        +0.00000000000000000e+00,        +0.00000000000000000e+00,        +0.00000000000000000e+00,        +0.00000000000000000e+00,        +0.00000000000000000e+00,        +0.00000000000000000e+00,        +0.00000000000000000e+00,        +0.00000000000000000e+00,        +0.00000000000000000e+00,        +0.00000000000000000e+00,        +0.00000000000000000e+00,        +0.00000000000000000e+00,        +0.00000000000000000e+00,        +0.00000000000000000e+00,        +0.00000000000000000e+00,        +0.00000000000000000e+00,        +0.00000000000000000e+00,        +0.00000000000000000e+00,        +0.00000000000000000e+00,        +0.00000000000000000e+00,        +0.00000000000000000e+00,        +0.00000000000000000e+00,        +0.00000000000000000e+00,        +0.00000000000000000e+00,        +0.00000000000000000e+00,        +0.00000000000000000e+00,        +0.00000000000000000e+00,        +0.00000000000000000e+00,        +0.00000000000000000e+00,        +0.00000000000000000e+00,        +0.00000000000000000e+00,        +0.00000000000000000e+00,        +0.00000000000000000e+00,        +0.00000000000000000e+00,        +0.00000000000000000e+00,        +0.00000000000000000e+00,        +0.00000000000000000e+00,        +0.00000000000000000e+00,        +0.00000000000000000e+00,        +0.00000000000000000e+00,        +0.00000000000000000e+00,        +0.00000000000000000e+00,        +0.00000000000000000e+00,        +0.00000000000000000e+00,        +0.00000000000000000e+00,        +0.00000000000000000e+00,        +0.00000000000000000e+00,        +0.00000000000000000e+00,        +0.00000000000000000e+00,        +0.00000000000000000e+00,        +0.00000000000000000e+00,        +0.00000000000000000e+00,        +0.00000000000000000e+00,        +0.00000000000000000e+00,        +0.00000000000000000e+00,        +0.00000000000000000e+00,        +0.00000000000000000e+00,        +0.00000000000000000e+00,        +0.00000000000000000e+00
        +0.00000000000000000e+00,        +0.00000000000000000e+00,        -1.77340553600457497e+05,        -2.48467586408249661e+06,        +8.08213677341843303e+06,        +3.16193885035639862e+06,        -2.38489880417982936e+07,        -1.30486020982708447e+07,        -4.63917660122492909e+07,        +2.95620554230929837e+07,        -2.98660116352242604e+07,        -5.83266205035090372e+07,        +2.86747251278109401e+07,        +1.98359624174651168e+07,        +4.81439752938894276e+06,        -2.32812382092499780e+06,        -1.47824663336578906e+07,        -3.24441461338102072e+06,        -1.96742891150977276e+07,        +2.32455887339970209e+07,        +1.75340328355336748e+07,        -1.18531577209094930e+07,        +0.00000000000000000e+00,        +0.00000000000000000e+00,        +0.00000000000000000e+00,        +0.00000000000000000e+00,        +0.00000000000000000e+00,        +0.00000000000000000e+00,        +0.00000000000000000e+00,        +0.00000000000000000e+00,        +0.00000000000000000e+00,        +0.00000000000000000e+00,        +0.00000000000000000e+00,        +0.00000000000000000e+00,        +0.00000000000000000e+00,        +0.00000000000000000e+00,        +0.00000000000000000e+00,        +0.00000000000000000e+00,        +0.00000000000000000e+00,        +0.00000000000000000e+00,        +0.00000000000000000e+00,        +0.00000000000000000e+00,        +0.00000000000000000e+00,        +0.00000000000000000e+00,        +0.00000000000000000e+00,        +0.00000000000000000e+00,        -4.86877939413377762e+09,        +0.00000000000000000e+00,        +0.00000000000000000e+00,        +0.00000000000000000e+00,        +0.00000000000000000e+00,        +0.00000000000000000e+00,        +0.00000000000000000e+00,        +0.00000000000000000e+00,        +0.00000000000000000e+00,        +0.00000000000000000e+00,        +0.00000000000000000e+00,        +0.00000000000000000e+00,        +0.00000000000000000e+00,        +0.00000000000000000e+00,        +0.00000000000000000e+00,        +0.00000000000000000e+00,        +0.00000000000000000e+00,        +0.00000000000000000e+00,        +0.00000000000000000e+00,        +0.00000000000000000e+00,        +0.00000000000000000e+00,        +0.00000000000000000e+00,        +0.00000000000000000e+00,        +0.00000000000000000e+00,        +0.00000000000000000e+00,        +0.00000000000000000e+00,        +0.00000000000000000e+00,        +0.00000000000000000e+00,        +0.00000000000000000e+00,        +0.00000000000000000e+00,        +0.00000000000000000e+00,        +0.00000000000000000e+00,        +0.00000000000000000e+00,        +0.00000000000000000e+00,        +0.00000000000000000e+00,        +0.00000000000000000e+00,        +0.00000000000000000e+00,        +0.00000000000000000e+00,        +0.00000000000000000e+00,        +0.00000000000000000e+00,        +0.00000000000000000e+00,        +0.00000000000000000e+00,        +0.00000000000000000e+00,        +0.00000000000000000e+00,        +0.00000000000000000e+00,        +0.00000000000000000e+00,        +0.00000000000000000e+00,        +0.00000000000000000e+00,        +0.00000000000000000e+00,        +0.00000000000000000e+00,        +0.00000000000000000e+00,        +0.00000000000000000e+00,        +0.00000000000000000e+00,        +0.00000000000000000e+00,        +0.00000000000000000e+00,        +0.00000000000000000e+00,        +0.00000000000000000e+00,        +0.00000000000000000e+00,        +0.00000000000000000e+00,        +0.00000000000000000e+00,        +0.00000000000000000e+00,        +0.00000000000000000e+00
        -0.00000000000000000e+00,        -0.00000000000000000e+00,        +1.74008525623689129e+04,        +1.07579796903427714e+06,        +4.30294267094613984e+06,        -2.45403735221091378e+06,        -1.25047544717378598e+07,        +9.32667986524805799e+06,        -2.88115066424273178e+07,        -1.24030188617812525e+07,        +1.44481588587462362e+07,        +2.44943841583219655e+07,        -2.47953268531531421e+06,        +7.45723717618687171e+06,        -7.64025760882994067e+06,        +1.24371174395604939e+04,        -1.47661585590738934e+07,        -5.85635665287075657e+06,        +6.54451952584424987e+06,        +5.38120779549759533e+06,        +1.37408830398139432e+07,        -1.47475381615426037e+07,        +0.00000000000000000e+00,        +0.00000000000000000e+00,        +0.00000000000000000e+00,        +0.00000000000000000e+00,        +0.00000000000000000e+00,        +0.00000000000000000e+00,        +0.00000000000000000e+00,        +0.00000000000000000e+00,        +0.00000000000000000e+00,        +0.00000000000000000e+00,        +0.00000000000000000e+00,        +0.00000000000000000e+00,        +0.00000000000000000e+00,        +0.00000000000000000e+00,        +0.00000000000000000e+00,        +0.00000000000000000e+00,        +0.00000000000000000e+00,        +0.00000000000000000e+00,        +0.00000000000000000e+00,        +0.00000000000000000e+00,        +0.00000000000000000e+00,        +0.00000000000000000e+00,        +0.00000000000000000e+00,        +0.00000000000000000e+00,        +0.00000000000000000e+00,        -4.86877939413377762e+09,        +0.00000000000000000e+00,        +0.00000000000000000e+00,        +0.00000000000000000e+00,        +0.00000000000000000e+00,        +0.00000000000000000e+00,        +0.00000000000000000e+00,        +0.00000000000000000e+00,        +0.00000000000000000e+00,        +0.00000000000000000e+00,        +0.00000000000000000e+00,        +0.00000000000000000e+00,        +0.00000000000000000e+00,        +0.00000000000000000e+00,        +0.00000000000000000e+00,        +0.00000000000000000e+00,        +0.00000000000000000e+00,        +0.00000000000000000e+00,        +0.00000000000000000e+00,        +0.00000000000000000e+00,        +0.00000000000000000e+00,        +0.00000000000000000e+00,        +0.00000000000000000e+00,        +0.00000000000000000e+00,        +0.00000000000000000e+00,        +0.00000000000000000e+00,        +0.00000000000000000e+00,        +0.00000000000000000e+00,        +0.00000000000000000e+00,        +0.00000000000000000e+00,        +0.00000000000000000e+00,        +0.00000000000000000e+00,        +0.00000000000000000e+00,        +0.00000000000000000e+00,        +0.00000000000000000e+00,        +0.00000000000000000e+00,        +0.00000000000000000e+00,        +0.00000000000000000e+00,        +0.00000000000000000e+00,        +0.00000000000000000e+00,        +0.00000000000000000e+00,        +0.00000000000000000e+00,        +0.00000000000000000e+00,        +0.00000000000000000e+00,        +0.00000000000000000e+00,        +0.00000000000000000e+00,        +0.00000000000000000e+00,        +0.00000000000000000e+00,        +0.00000000000000000e+00,        +0.00000000000000000e+00,        +0.00000000000000000e+00,        +0.00000000000000000e+00,        +0.00000000000000000e+00,        +0.00000000000000000e+00,        +0.00000000000000000e+00,        +0.00000000000000000e+00,        +0.00000000000000000e+00,        +0.00000000000000000e+00,        +0.00000000000000000e+00,        +0.00000000000000000e+00,        +0.00000000000000000e+00
        +0.00000000000000000e+00,        +0.00000000000000000e+00,        +1.07004598503361326e+07,        +6.57271695826693624e+07,        -6.44161062959486321e+07,        +9.58963159130965732e+06,        -1.75600325947890915e+07,        -3.41936066902316511e+08,        +1.30271552317382503e+09,        -1.42015918629185414e+09,        +3.58209699624928808e+09,        -1.42570758144260192e+09,        -3.91260189680254459e+09,        +4.68503077717047596e+09,        -2.66849265324078417e+09,        -1.72075880725763345e+09,        -6.71048641989591479e+08,        +5.24253749840325069e+09,        -3.96361555779463148e+09,        +3.88156740549556923e+09,        +2.37625379143664408e+09,        +4.44318148044741821e+09,        +0.00000000000000000e+00,        +0.00000000000000000e+00,        +0.00000000000000000e+00,        +0.00000000000000000e+00,        +0.00000000000000000e+00,        +0.00000000000000000e+00,        +0.00000000000000000e+00,        +0.00000000000000000e+00,        +0.00000000000000000e+00,        +0.00000000000000000e+00,        +0.00000000000000000e+00,        +0.00000000000000000e+00,        +0.00000000000000000e+00,        +0.00000000000000000e+00,        +0.00000000000000000e+00,        +0.00000000000000000e+00,        +0.00000000000000000e+00,        +0.00000000000000000e+00,        +0.00000000000000000e+00,        +0.00000000000000000e+00,        +0.00000000000000000e+00,        +0.00000000000000000e+00,        +0.00000000000000000e+00,        +0.00000000000000000e+00,        +0.00000000000000000e+00,        +0.00000000000000000e+00,        -6.38865192107201934e+08,        +0.00000000000000000e+00,        +0.00000000000000000e+00,        +0.00000000000000000e+00,        +0.00000000000000000e+00,        +0.00000000000000000e+00,        +0.00000000000000000e+00,        +0.00000000000000000e+00,        +0.00000000000000000e+00,        +0.00000000000000000e+00,        +0.00000000000000000e+00,        +0.00000000000000000e+00,        +0.00000000000000000e+00,        +0.00000000000000000e+00,        +0.00000000000000000e+00,        +0.00000000000000000e+00,        +0.00000000000000000e+00,        +0.00000000000000000e+00,        +0.00000000000000000e+00,        +0.00000000000000000e+00,        +0.00000000000000000e+00,        +0.00000000000000000e+00,        +0.00000000000000000e+00,        +0.00000000000000000e+00,        +0.00000000000000000e+00,        +0.00000000000000000e+00,        +0.00000000000000000e+00,        +0.00000000000000000e+00,        +0.00000000000000000e+00,        +0.00000000000000000e+00,        +0.00000000000000000e+00,        +0.00000000000000000e+00,        +0.00000000000000000e+00,        +0.00000000000000000e+00,        +0.00000000000000000e+00,        +0.00000000000000000e+00,        +0.00000000000000000e+00,        +0.00000000000000000e+00,        +0.00000000000000000e+00,        +0.00000000000000000e+00,        +0.00000000000000000e+00,        +0.00000000000000000e+00,        +0.00000000000000000e+00,        +0.00000000000000000e+00,        +0.00000000000000000e+00,        +0.00000000000000000e+00,        +0.00000000000000000e+00,        +0.00000000000000000e+00,        +0.00000000000000000e+00,        +0.00000000000000000e+00,        +0.00000000000000000e+00,        +0.00000000000000000e+00,        +0.00000000000000000e+00,        +0.00000000000000000e+00,        +0.00000000000000000e+00,        +0.00000000000000000e+00,        +0.00000000000000000e+00,        +0.00000000000000000e+00,        +0.00000000000000000e+00,        +0.00000000000000000e+00
        +0.00000000000000000e+00,        +0.00000000000000000e+00,        +4.80045790710416331e+05,        -2.97403655597984511e+06,        +1.65766731714020409e+07,        -1.52102041741757398e+06,        -7.46881553841153979e+07,        -6.40368886867768839e+07,        +2.08173347489884007e+06,        +2.06281712270705283e+08,        -1.52657139913719267e+08,        -2.28859890405416995e+08,        +6.75358120835783243e+08,        -1.86375936235006332e+08,        -3.24030387384873986e+08,        +9.69469591984387636e+07,        +4.75582378033859730e+08,        +1.48761458950641799e+09,        +3.22194381257289886e+09,        +1.51300688834067798e+09,        +2.84755323236742854e+08,        +4.60909882860815704e+08,        +0.00000000000000000e+00,        +0.00000000000000000e+00,        +0.00000000000000000e+00,        +0.00000000000000000e+00,        +0.00000000000000000e+00,        +0.00000000000000000e+00,        +0.00000000000000000e+00,        +0.00000000000000000e+00,        +0.00000000000000000e+00,        +0.00000000000000000e+00,        +0.00000000000000000e+00,        +0.00000000000000000e+00,        +0.00000000000000000e+00,        +0.00000000000000000e+00,        +0.00000000000000000e+00,        +0.00000000000000000e+00,        +0.00000000000000000e+00,        +0.00000000000000000e+00,        +0.00000000000000000e+00,        +0.00000000000000000e+00,        +0.00000000000000000e+00,        +0.00000000000000000e+00,        +0.00000000000000000e+00,        +0.00000000000000000e+00,        +0.00000000000000000e+00,        +0.00000000000000000e+00,        +0.00000000000000000e+00,        -6.38865192107201934e+08,        +0.00000000000000000e+00,        +0.00000000000000000e+00,        +0.00000000000000000e+00,        +0.00000000000000000e+00,        +0.00000000000000000e+00,        +0.00000000000000000e+00,        +0.00000000000000000e+00,        +0.00000000000000000e+00,        +0.00000000000000000e+00,        +0.00000000000000000e+00,        +0.00000000000000000e+00,        +0.00000000000000000e+00,        +0.00000000000000000e+00,        +0.00000000000000000e+00,        +0.00000000000000000e+00,        +0.00000000000000000e+00,        +0.00000000000000000e+00,        +0.00000000000000000e+00,        +0.00000000000000000e+00,        +0.00000000000000000e+00,        +0.00000000000000000e+00,        +0.00000000000000000e+00,        +0.00000000000000000e+00,        +0.00000000000000000e+00,        +0.00000000000000000e+00,        +0.00000000000000000e+00,        +0.00000000000000000e+00,        +0.00000000000000000e+00,        +0.00000000000000000e+00,        +0.00000000000000000e+00,        +0.00000000000000000e+00,        +0.00000000000000000e+00,        +0.00000000000000000e+00,        +0.00000000000000000e+00,        +0.00000000000000000e+00,        +0.00000000000000000e+00,        +0.00000000000000000e+00,        +0.00000000000000000e+00,        +0.00000000000000000e+00,        +0.00000000000000000e+00,        +0.00000000000000000e+00,        +0.00000000000000000e+00,        +0.00000000000000000e+00,        +0.00000000000000000e+00,        +0.00000000000000000e+00,        +0.00000000000000000e+00,        +0.00000000000000000e+00,        +0.00000000000000000e+00,        +0.00000000000000000e+00,        +0.00000000000000000e+00,        +0.00000000000000000e+00,        +0.00000000000000000e+00,        +0.00000000000000000e+00,        +0.00000000000000000e+00,        +0.00000000000000000e+00,        +0.00000000000000000e+00,        +0.00000000000000000e+00,        +0.00000000000000000e+00
        +0.00000000000000000e+00,        +0.00000000000000000e+00,        +1.59702017690673936e+05,        -5.76328171403059922e+06,        +3.59872319756661588e+06,        +1.58565317279342934e+07,        -2.55147075631012060e+07,        +1.99900706904093653e+08,        -2.95227638696256280e+08,        -1.19284845568409368e+08,        +9.07911228784219176e+07,        +1.54179014696260989e+08,        +1.76297101680664361e+08,        -3.08897322552541375e+08,        -2.27176951254817963e+08,        -7.22240136805554509e+08,        +6.29601679500424027e+08,        -1.24517293142291856e+09,        -1.33576852465161920e+08,        +1.07323808427882516e+09,        -4.65978906775418818e+08,        +8.61646230763710737e+08,        +0.00000000000000000e+00,        +0.00000000000000000e+00,        +0.00000000000000000e+00,        +0.00000000000000000e+00,        +0.00000000000000000e+00,        +0.00000000000000000e+00,        +0.00000000000000000e+00,        +0.00000000000000000e+00,        +0.00000000000000000e+00,        +0.00000000000000000e+00,        +0.00000000000000000e+00,        +0.00000000000000000e+00,        +0.00000000000000000e+00,        +0.00000000000000000e+00,        +0.00000000000000000e+00,        +0.00000000000000000e+00,        +0.00000000000000000e+00,        +0.00000000000000000e+00,        +0.00000000000000000e+00,        +0.00000000000000000e+00,        +0.00000000000000000e+00,        +0.00000000000000000e+00,        +0.00000000000000000e+00,        +0.00000000000000000e+00,        +0.00000000000000000e+00,        +0.00000000000000000e+00,        +0.00000000000000000e+00,        +0.00000000000000000e+00,        -6.38865192107201934e+08,        +0.00000000000000000e+00,        +0.00000000000000000e+00,        +0.00000000000000000e+00,        +0.00000000000000000e+00,        +0.00000000000000000e+00,        +0.00000000000000000e+00,        +0.00000000000000000e+00,        +0.00000000000000000e+00,        +0.00000000000000000e+00,        +0.00000000000000000e+00,        +0.00000000000000000e+00,        +0.00000000000000000e+00,        +0.00000000000000000e+00,        +0.00000000000000000e+00,        +0.00000000000000000e+00,        +0.00000000000000000e+00,        +0.00000000000000000e+00,        +0.00000000000000000e+00,        +0.00000000000000000e+00,        +0.00000000000000000e+00,        +0.00000000000000000e+00,        +0.00000000000000000e+00,        +0.00000000000000000e+00,        +0.00000000000000000e+00,        +0.00000000000000000e+00,        +0.00000000000000000e+00,        +0.00000000000000000e+00,        +0.00000000000000000e+00,        +0.00000000000000000e+00,        +0.00000000000000000e+00,        +0.00000000000000000e+00,        +0.00000000000000000e+00,        +0.00000000000000000e+00,        +0.00000000000000000e+00,        +0.00000000000000000e+00,        +0.00000000000000000e+00,        +0.00000000000000000e+00,        +0.00000000000000000e+00,        +0.00000000000000000e+00,        +0.00000000000000000e+00,        +0.00000000000000000e+00,        +0.00000000000000000e+00,        +0.00000000000000000e+00,        +0.00000000000000000e+00,        +0.00000000000000000e+00,        +0.00000000000000000e+00,        +0.00000000000000000e+00,        +0.00000000000000000e+00,        +0.00000000000000000e+00,        +0.00000000000000000e+00,        +0.00000000000000000e+00,        +0.00000000000000000e+00,        +0.00000000000000000e+00,        +0.00000000000000000e+00,        +0.00000000000000000e+00,        +0.00000000000000000e+00,        +0.00000000000000000e+00
        +0.00000000000000000e+00,        +0.00000000000000000e+00,        +3.75828230753516662e+05,        -3.62782333021364221e+06,        -2.91257758906947300e+07,        -1.66291822247263696e+07,        +1.25083167320766881e+08,        -1.16478336630899057e+08,        +5.32523856756077409e+07,        +1.10366048707472801e+08,        +1.07378664499471977e+08,        -1.10873755204135925e+08,        -1.58080104748404443e+08,        +1.10034581274466366e+08,        -1.17263623401625976e+08,        +1.53435644052595109e+08,        +1.93279820713295758e+08,        -2.90171695529319823e+08,        +1.20717326165818125e+08,        -5.82832207240413204e+07,        +3.52579232122541606e+08,        -3.59087765577930883e+07,        +0.00000000000000000e+00,        +0.00000000000000000e+00,        +0.00000000000000000e+00,        +0.00000000000000000e+00,        +0.00000000000000000e+00,        +0.00000000000000000e+00,        +0.00000000000000000e+00,        +0.00000000000000000e+00,        +0.00000000000000000e+00,        +0.00000000000000000e+00,        +0.00000000000000000e+00,        +0.00000000000000000e+00,        +0.00000000000000000e+00,        +0.00000000000000000e+00,        +0.00000000000000000e+00,        +0.00000000000000000e+00,        +0.00000000000000000e+00,        +0.00000000000000000e+00,        +0.00000000000000000e+00,        +0.00000000000000000e+00,        +0.00000000000000000e+00,        +0.00000000000000000e+00,        +0.00000000000000000e+00,        +0.00000000000000000e+00,        +0.00000000000000000e+00,        +0.00000000000000000e+00,        +0.00000000000000000e+00,        +0.00000000000000000e+00,        +0.00000000000000000e+00,        -6.38865192107201934e+08,        +0.00000000000000000e+00,        +0.00000000000000000e+00,        +0.00000000000000000e+00,        +0.00000000000000000e+00,        +0.00000000000000000e+00,        +0.00000000000000000e+00,        +0.00000000000000000e+00,        +0.00000000000000000e+00,        +0.00000000000000000e+00,        +0.00000000000000000e+00,        +0.00000000000000000e+00,        +0.00000000000000000e+00,        +0.00000000000000000e+00,        +0.00000000000000000e+00,        +0.00000000000000000e+00,        +0.00000000000000000e+00,        +0.00000000000000000e+00,        +0.00000000000000000e+00,        +0.00000000000000000e+00,        +0.00000000000000000e+00,        +0.00000000000000000e+00,        +0.00000000000000000e+00,        +0.00000000000000000e+00,        +0.00000000000000000e+00,        +0.00000000000000000e+00,        +0.00000000000000000e+00,        +0.00000000000000000e+00,        +0.00000000000000000e+00,        +0.00000000000000000e+00,        +0.00000000000000000e+00,        +0.00000000000000000e+00,        +0.00000000000000000e+00,        +0.00000000000000000e+00,        +0.00000000000000000e+00,        +0.00000000000000000e+00,        +0.00000000000000000e+00,        +0.00000000000000000e+00,        +0.00000000000000000e+00,        +0.00000000000000000e+00,        +0.00000000000000000e+00,        +0.00000000000000000e+00,        +0.00000000000000000e+00,        +0.00000000000000000e+00,        +0.00000000000000000e+00,        +0.00000000000000000e+00,        +0.00000000000000000e+00,        +0.00000000000000000e+00,        +0.00000000000000000e+00,        +0.00000000000000000e+00,        +0.00000000000000000e+00,        +0.00000000000000000e+00,        +0.00000000000000000e+00,        +0.00000000000000000e+00,        +0.00000000000000000e+00,        +0.00000000000000000e+00,        +0.00000000000000000e+00
        +0.00000000000000000e+00,        +0.00000000000000000e+00,        -2.28118499487651075e+05,        -1.60253724679357861e+06,        +2.40488222120779427e+06,        +1.29086474453950976e+06,        -1.06533319107428491e+07,        +1.76345666348376013e+07,        -3.93632331163884997e+07,        +6.38655591658147611e+06,        +4.09961275222280901e+06,        +7.01491453186000139e+06,        -2.68613311902439520e+07,        -4.69677951980891898e+07,        +4.86886098994384557e+07,        -7.45084911029061824e+07,        +1.20572387713509277e+08,        +5.72136734462968186e+07,        -2.61534409502513893e+07,        -1.02932349677355662e+07,        +4.91589248155218810e+07,        -4.97700113392970562e+07,        +0.00000000000000000e+00,        +0.00000000000000000e+00,        +0.00000000000000000e+00,        +0.00000000000000000e+00,        +0.00000000000000000e+00,        +0.00000000000000000e+00,        +0.00000000000000000e+00,        +0.00000000000000000e+00,        +0.00000000000000000e+00,        +0.00000000000000000e+00,        +0.00000000000000000e+00,        +0.00000000000000000e+00,        +0.00000000000000000e+00,        +0.00000000000000000e+00,        +0.00000000000000000e+00,        +0.00000000000000000e+00,        +0.00000000000000000e+00,        +0.00000000000000000e+00,        +0.00000000000000000e+00,        +0.00000000000000000e+00,        +0.00000000000000000e+00,        +0.00000000000000000e+00,        +0.00000000000000000e+00,        +0.00000000000000000e+00,        +0.00000000000000000e+00,        +0.00000000000000000e+00,        +0.00000000000000000e+00,        +0.00000000000000000e+00,        +0.00000000000000000e+00,        +0.00000000000000000e+00,        -6.38865192107201934e+08,        +0.00000000000000000e+00,        +0.00000000000000000e+00,        +0.00000000000000000e+00,        +0.00000000000000000e+00,        +0.00000000000000000e+00,        +0.00000000000000000e+00,        +0.00000000000000000e+00,        +0.00000000000000000e+00,        +0.00000000000000000e+00,        +0.00000000000000000e+00,        +0.00000000000000000e+00,        +0.00000000000000000e+00,        +0.00000000000000000e+00,        +0.00000000000000000e+00,        +0.00000000000000000e+00,        +0.00000000000000000e+00,        +0.00000000000000000e+00,        +0.00000000000000000e+00,        +0.00000000000000000e+00,        +0.00000000000000000e+00,        +0.00000000000000000e+00,        +0.00000000000000000e+00,        +0.00000000000000000e+00,        +0.00000000000000000e+00,        +0.00000000000000000e+00,        +0.00000000000000000e+00,        +0.00000000000000000e+00,        +0.00000000000000000e+00,        +0.00000000000000000e+00,        +0.00000000000000000e+00,        +0.00000000000000000e+00,        +0.00000000000000000e+00,        +0.00000000000000000e+00,        +0.00000000000000000e+00,        +0.00000000000000000e+00,        +0.00000000000000000e+00,        +0.00000000000000000e+00,        +0.00000000000000000e+00,        +0.00000000000000000e+00,        +0.00000000000000000e+00,        +0.00000000000000000e+00,        +0.00000000000000000e+00,        +0.00000000000000000e+00,        +0.00000000000000000e+00,        +0.00000000000000000e+00,        +0.00000000000000000e+00,        +0.00000000000000000e+00,        +0.00000000000000000e+00,        +0.00000000000000000e+00,        +0.00000000000000000e+00,        +0.00000000000000000e+00,        +0.00000000000000000e+00,        +0.00000000000000000e+00,        +0.00000000000000000e+00,        +0.00000000000000000e+00
        +0.00000000000000000e+00,        +0.00000000000000000e+00,        +3.99795003906603844e+05,        +1.51532034912839113e+06,        +1.42320259869834129e+06,        +1.16719728197194193e+06,        -6.29928167358156200e+06,        +4.16591452935670922e+06,        +1.03026690703521594e+07,        -5.74830354336794745e+06,        -2.98301856659068763e+07,        -6.35406693565618247e+06,        +8.71733898676830903e+06,        -5.89808818721066043e+07,        -1.30352371098620161e+08,        +5.16175601513382327e+06,        +9.50436350326601975e+06,        +1.73322734223206416e+07,        -2.59843319307050928e+07,        +2.70008846860197466e+06,        +2.68048504962023068e+06,        -3.49649422365377620e+07,        +0.00000000000000000e+00,        +0.00000000000000000e+00,        +0.00000000000000000e+00,        +0.00000000000000000e+00,        +0.00000000000000000e+00,        +0.00000000000000000e+00,        +0.00000000000000000e+00,        +0.00000000000000000e+00,        +0.00000000000000000e+00,        +0.00000000000000000e+00,        +0.00000000000000000e+00,        +0.00000000000000000e+00,        +0.00000000000000000e+00,        +0.00000000000000000e+00,        +0.00000000000000000e+00,        +0.00000000000000000e+00,        +0.00000000000000000e+00,        +0.00000000000000000e+00,        +0.00000000000000000e+00,        +0.00000000000000000e+00,        +0.00000000000000000e+00,        +0.00000000000000000e+00,        +0.00000000000000000e+00,        +0.00000000000000000e+00,        +0.00000000000000000e+00,        +0.00000000000000000e+00,        +0.00000000000000000e+00,        +0.00000000000000000e+00,        +0.00000000000000000e+00,        +0.00000000000000000e+00,        +0.00000000000000000e+00,        -6.38865192107201934e+08,        +0.00000000000000000e+00,        +0.00000000000000000e+00,        +0.00000000000000000e+00,        +0.00000000000000000e+00,        +0.00000000000000000e+00,        +0.00000000000000000e+00,        +0.00000000000000000e+00,        +0.00000000000000000e+00,        +0.00000000000000000e+00,        +0.00000000000000000e+00,        +0.00000000000000000e+00,        +0.00000000000000000e+00,        +0.00000000000000000e+00,        +0.00000000000000000e+00,        +0.00000000000000000e+00,        +0.00000000000000000e+00,        +0.00000000000000000e+00,        +0.00000000000000000e+00,        +0.00000000000000000e+00,        +0.00000000000000000e+00,        +0.00000000000000000e+00,        +0.00000000000000000e+00,        +0.00000000000000000e+00,        +0.00000000000000000e+00,        +0.00000000000000000e+00,        +0.00000000000000000e+00,        +0.00000000000000000e+00,        +0.00000000000000000e+00,        +0.00000000000000000e+00,        +0.00000000000000000e+00,        +0.00000000000000000e+00,        +0.00000000000000000e+00,        +0.00000000000000000e+00,        +0.00000000000000000e+00,        +0.00000000000000000e+00,        +0.00000000000000000e+00,        +0.00000000000000000e+00,        +0.00000000000000000e+00,        +0.00000000000000000e+00,        +0.00000000000000000e+00,        +0.00000000000000000e+00,        +0.00000000000000000e+00,        +0.00000000000000000e+00,        +0.00000000000000000e+00,        +0.00000000000000000e+00,        +0.00000000000000000e+00,        +0.00000000000000000e+00,        +0.00000000000000000e+00,        +0.00000000000000000e+00,        +0.00000000000000000e+00,        +0.00000000000000000e+00,        +0.00000000000000000e+00,        +0.00000000000000000e+00,        +0.00000000000000000e+00
        +0.00000000000000000e+00,        +0.00000000000000000e+00,        -1.10260327318227155e+04,        +7.54073344597254996e+05,        +1.64402659823772527e+05,        +2.15272160361022106e+05,        -2.37498476854271814e+06,        +2.60929096773054684e+06,        +1.58171633336268365e+07,        -1.42760899695713464e+07,        -1.13852234023197424e+07,        +3.78856624354828894e+06,        +2.22142484373426959e+07,        -5.76043105021832138e+07,        +1.89196691419953145e+07,        -1.47038598886277210e+07,        -4.15522638667406663e+07,        -3.26248687525356188e+06,        -7.13399417241582274e+06,        -6.87100041394749936e+06,        +7.50286154291295111e+07,        +4.44321199950021058e+07,        +0.00000000000000000e+00,        +0.00000000000000000e+00,        +0.00000000000000000e+00,        +0.00000000000000000e+00,        +0.00000000000000000e+00,        +0.00000000000000000e+00,        +0.00000000000000000e+00,        +0.00000000000000000e+00,        +0.00000000000000000e+00,        +0.00000000000000000e+00,        +0.00000000000000000e+00,        +0.00000000000000000e+00,        +0.00000000000000000e+00,        +0.00000000000000000e+00,        +0.00000000000000000e+00,        +0.00000000000000000e+00,        +0.00000000000000000e+00,        +0.00000000000000000e+00,        +0.00000000000000000e+00,        +0.00000000000000000e+00,        +0.00000000000000000e+00,        +0.00000000000000000e+00,        +0.00000000000000000e+00,        +0.00000000000000000e+00,        +0.00000000000000000e+00,        +0.00000000000000000e+00,        +0.00000000000000000e+00,        +0.00000000000000000e+00,        +0.00000000000000000e+00,        +0.00000000000000000e+00,        +0.00000000000000000e+00,        +0.00000000000000000e+00,        -6.38865192107201934e+08,        +0.00000000000000000e+00,        +0.00000000000000000e+00,        +0.00000000000000000e+00,        +0.00000000000000000e+00,        +0.00000000000000000e+00,        +0.00000000000000000e+00,        +0.00000000000000000e+00,        +0.00000000000000000e+00,        +0.00000000000000000e+00,        +0.00000000000000000e+00,        +0.00000000000000000e+00,        +0.00000000000000000e+00,        +0.00000000000000000e+00,        +0.00000000000000000e+00,        +0.00000000000000000e+00,        +0.00000000000000000e+00,        +0.00000000000000000e+00,        +0.00000000000000000e+00,        +0.00000000000000000e+00,        +0.00000000000000000e+00,        +0.00000000000000000e+00,        +0.00000000000000000e+00,        +0.00000000000000000e+00,        +0.00000000000000000e+00,        +0.00000000000000000e+00,        +0.00000000000000000e+00,        +0.00000000000000000e+00,        +0.00000000000000000e+00,        +0.00000000000000000e+00,        +0.00000000000000000e+00,        +0.00000000000000000e+00,        +0.00000000000000000e+00,        +0.00000000000000000e+00,        +0.00000000000000000e+00,        +0.00000000000000000e+00,        +0.00000000000000000e+00,        +0.00000000000000000e+00,        +0.00000000000000000e+00,        +0.00000000000000000e+00,        +0.00000000000000000e+00,        +0.00000000000000000e+00,        +0.00000000000000000e+00,        +0.00000000000000000e+00,        +0.00000000000000000e+00,        +0.00000000000000000e+00,        +0.00000000000000000e+00,        +0.00000000000000000e+00,        +0.00000000000000000e+00,        +0.00000000000000000e+00,        +0.00000000000000000e+00,        +0.00000000000000000e+00,        +0.00000000000000000e+00,        +0.00000000000000000e+00
        +0.00000000000000000e+00,        +0.00000000000000000e+00,        +1.73120152096522293e+03,        -5.02582904573304637e+05,        +4.24168073920977954e+06,        +1.05629663603043789e+06,        -1.40325623605429344e+07,        +2.77939684085001191e+06,        -2.79743209583203904e+07,        +1.11511688767152764e+07,        +1.41624605035223272e+07,        -4.05344468938058009e+06,        +1.81489692534037121e+07,        +1.14096258643527981e+07,        -2.31258695913539715e+07,        -1.40795899801232610e+07,        +1.27776820395998098e+07,        +6.23329966152998805e+06,        +1.15981285519878827e+07,        -5.89984255199486762e+07,        -6.67544888798099291e+06,        +4.39146600506680831e+07,        +0.00000000000000000e+00,        +0.00000000000000000e+00,        +0.00000000000000000e+00,        +0.00000000000000000e+00,        +0.00000000000000000e+00,        +0.00000000000000000e+00,        +0.00000000000000000e+00,        +0.00000000000000000e+00,        +0.00000000000000000e+00,        +0.00000000000000000e+00,        +0.00000000000000000e+00,        +0.00000000000000000e+00,        +0.00000000000000000e+00,        +0.00000000000000000e+00,        +0.00000000000000000e+00,        +0.00000000000000000e+00,        +0.00000000000000000e+00,        +0.00000000000000000e+00,        +0.00000000000000000e+00,        +0.00000000000000000e+00,        +0.00000000000000000e+00,        +0.00000000000000000e+00,        +0.00000000000000000e+00,        +0.00000000000000000e+00,        +0.00000000000000000e+00,        +0.00000000000000000e+00,        +0.00000000000000000e+00,        +0.00000000000000000e+00,        +0.00000000000000000e+00,        +0.00000000000000000e+00,        +0.00000000000000000e+00,        +0.00000000000000000e+00,        +0.00000000000000000e+00,        -6.38865192107201934e+08,        +0.00000000000000000e+00,        +0.00000000000000000e+00,        +0.00000000000000000e+00,        +0.00000000000000000e+00,        +0.00000000000000000e+00,        +0.00000000000000000e+00,        +0.00000000000000000e+00,        +0.00000000000000000e+00,        +0.00000000000000000e+00,        +0.00000000000000000e+00,        +0.00000000000000000e+00,        +0.00000000000000000e+00,        +0.00000000000000000e+00,        +0.00000000000000000e+00,        +0.00000000000000000e+00,        +0.00000000000000000e+00,        +0.00000000000000000e+00,        +0.00000000000000000e+00,        +0.00000000000000000e+00,        +0.00000000000000000e+00,        +0.00000000000000000e+00,        +0.00000000000000000e+00,        +0.00000000000000000e+00,        +0.00000000000000000e+00,        +0.00000000000000000e+00,        +0.00000000000000000e+00,        +0.00000000000000000e+00,        +0.00000000000000000e+00,        +0.00000000000000000e+00,        +0.00000000000000000e+00,        +0.00000000000000000e+00,        +0.00000000000000000e+00,        +0.00000000000000000e+00,        +0.00000000000000000e+00,        +0.00000000000000000e+00,        +0.00000000000000000e+00,        +0.00000000000000000e+00,        +0.00000000000000000e+00,        +0.00000000000000000e+00,        +0.00000000000000000e+00,        +0.00000000000000000e+00,        +0.00000000000000000e+00,        +0.00000000000000000e+00,        +0.00000000000000000e+00,        +0.00000000000000000e+00,        +0.00000000000000000e+00,        +0.00000000000000000e+00,        +0.00000000000000000e+00,        +0.00000000000000000e+00,        +0.00000000000000000e+00,        +0.00000000000000000e+00,        +0.00000000000000000e+00
        +0.00000000000000000e+00,        +0.00000000000000000e+00,        -4.72651475929544267e+03,        -2.07657613017489348e+05,        -4.65025524846970942e+06,        -2.10115943902196875e+06,        +1.94449607201445438e+07,        -1.75819912821892905e+06,        -2.24198927307747072e+06,        +2.55856924570224509e+07,        +3.24492786739543229e+07,        +9.66785522289835662e+06,        +3.00803855802168995e+07,        -7.66734994354316313e+06,        +5.22166666447135853e+05,        +1.06123497217937969e+07,        +1.04295226559015806e+06,        +7.61728307683689240e+06,        -1.32231219853966162e+07,        +8.65728924100083672e+06,        +2.40358297076260758e+05,        -3.66253309668653971e+06,        +0.00000000000000000e+00,        +0.00000000000000000e+00,        +0.00000000000000000e+00,        +0.00000000000000000e+00,        +0.00000000000000000e+00,        +0.00000000000000000e+00,        +0.00000000000000000e+00,        +0.00000000000000000e+00,        +0.00000000000000000e+00,        +0.00000000000000000e+00,        +0.00000000000000000e+00,        +0.00000000000000000e+00,        +0.00000000000000000e+00,        +0.00000000000000000e+00,        +0.00000000000000000e+00,        +0.00000000000000000e+00,        +0.00000000000000000e+00,        +0.00000000000000000e+00,        +0.00000000000000000e+00,        +0.00000000000000000e+00,        +0.00000000000000000e+00,        +0.00000000000000000e+00,        +0.00000000000000000e+00,        +0.00000000000000000e+00,        +0.00000000000000000e+00,        +0.00000000000000000e+00,        +0.00000000000000000e+00,        +0.00000000000000000e+00,        +0.00000000000000000e+00,        +0.00000000000000000e+00,        +0.00000000000000000e+00,        +0.00000000000000000e+00,        +0.00000000000000000e+00,        +0.00000000000000000e+00,        -6.38865192107201934e+08,        +0.00000000000000000e+00,        +0.00000000000000000e+00,        +0.00000000000000000e+00,        +0.00000000000000000e+00,        +0.00000000000000000e+00,        +0.00000000000000000e+00,        +0.00000000000000000e+00,        +0.00000000000000000e+00,        +0.00000000000000000e+00,        +0.00000000000000000e+00,        +0.00000000000000000e+00,        +0.00000000000000000e+00,        +0.00000000000000000e+00,        +0.00000000000000000e+00,        +0.00000000000000000e+00,        +0.00000000000000000e+00,        +0.00000000000000000e+00,        +0.00000000000000000e+00,        +0.00000000000000000e+00,        +0.00000000000000000e+00,        +0.00000000000000000e+00,        +0.00000000000000000e+00,        +0.00000000000000000e+00,        +0.00000000000000000e+00,        +0.00000000000000000e+00,        +0.00000000000000000e+00,        +0.00000000000000000e+00,        +0.00000000000000000e+00,        +0.00000000000000000e+00,        +0.00000000000000000e+00,        +0.00000000000000000e+00,        +0.00000000000000000e+00,        +0.00000000000000000e+00,        +0.00000000000000000e+00,        +0.00000000000000000e+00,        +0.00000000000000000e+00,        +0.00000000000000000e+00,        +0.00000000000000000e+00,        +0.00000000000000000e+00,        +0.00000000000000000e+00,        +0.00000000000000000e+00,        +0.00000000000000000e+00,        +0.00000000000000000e+00,        +0.00000000000000000e+00,        +0.00000000000000000e+00,        +0.00000000000000000e+00,        +0.00000000000000000e+00,        +0.00000000000000000e+00,        +0.00000000000000000e+00,        +0.00000000000000000e+00,        +0.00000000000000000e+00
        +0.00000000000000000e+00,        +0.00000000000000000e+00,        +2.24393442115108737e+04,        +8.43705847408612899e+04,        -4.05281741667291091e+05,        +4.26740390595727693e+06,        -2.04164323496254673e+06,        +4.92770793493288010e+06,        +1.52974336426920798e+07,        +3.10751821088178607e+05,        +6.61958165865708236e+06,        -4.53263548308680207e+06,        +1.02559075056930836e+07,        +9.46638442659864202e+06,        -3.10024487497735955e+06,        -2.23554951073329970e+07,        -5.28725338745723199e+06,        -5.00069790970248356e+06,        +4.68192362155285105e+06,        -2.85919969133058703e+06,        +2.51259425940845348e+06,        -1.18599481014835015e+07,        +0.00000000000000000e+00,        +0.00000000000000000e+00,        +0.00000000000000000e+00,        +0.00000000000000000e+00,        +0.00000000000000000e+00,        +0.00000000000000000e+00,        +0.00000000000000000e+00,        +0.00000000000000000e+00,        +0.00000000000000000e+00,        +0.00000000000000000e+00,        +0.00000000000000000e+00,        +0.00000000000000000e+00,        +0.00000000000000000e+00,        +0.00000000000000000e+00,        +0.00000000000000000e+00,        +0.00000000000000000e+00,        +0.00000000000000000e+00,        +0.00000000000000000e+00,        +0.00000000000000000e+00,        +0.00000000000000000e+00,        +0.00000000000000000e+00,        +0.00000000000000000e+00,        +0.00000000000000000e+00,        +0.00000000000000000e+00,        +0.00000000000000000e+00,        +0.00000000000000000e+00,        +0.00000000000000000e+00,        +0.00000000000000000e+00,        +0.00000000000000000e+00,        +0.00000000000000000e+00,        +0.00000000000000000e+00,        +0.00000000000000000e+00,        +0.00000000000000000e+00,        +0.00000000000000000e+00,        +0.00000000000000000e+00,        -6.38865192107201934e+08,        +0.00000000000000000e+00,        +0.00000000000000000e+00,        +0.00000000000000000e+00,        +0.00000000000000000e+00,        +0.00000000000000000e+00,        +0.00000000000000000e+00,        +0.00000000000000000e+00,        +0.00000000000000000e+00,        +0.00000000000000000e+00,        +0.00000000000000000e+00,        +0.00000000000000000e+00,        +0.00000000000000000e+00,        +0.00000000000000000e+00,        +0.00000000000000000e+00,        +0.00000000000000000e+00,        +0.00000000000000000e+00,        +0.00000000000000000e+00,        +0.00000000000000000e+00,        +0.00000000000000000e+00,        +0.00000000000000000e+00,        +0.00000000000000000e+00,        +0.00000000000000000e+00,        +0.00000000000000000e+00,        +0.00000000000000000e+00,        +0.00000000000000000e+00,        +0.00000000000000000e+00,        +0.00000000000000000e+00,        +0.00000000000000000e+00,        +0.00000000000000000e+00,        +0.00000000000000000e+00,        +0.00000000000000000e+00,        +0.00000000000000000e+00,        +0.00000000000000000e+00,        +0.00000000000000000e+00,        +0.00000000000000000e+00,        +0.00000000000000000e+00,        +0.00000000000000000e+00,        +0.00000000000000000e+00,        +0.00000000000000000e+00,        +0.00000000000000000e+00,        +0.00000000000000000e+00,        +0.00000000000000000e+00,        +0.00000000000000000e+00,        +0.00000000000000000e+00,        +0.00000000000000000e+00,        +0.00000000000000000e+00,        +0.00000000000000000e+00,        +0.00000000000000000e+00,        +0.00000000000000000e+00,        +0.00000000000000000e+00
        +0.00000000000000000e+00,        +0.00000000000000000e+00,        -5.59940703660079162e+04,        -7.84519459004316013e+05,        +2.55187956736661727e+06,        +9.98360628098397865e+05,        -7.53015532803146634e+06,        -4.12000712321409630e+06,        -1.46478837341723498e+07,        +9.33401739149766602e+06,        -9.42998949254686572e+06,        -1.84162326460477449e+07,        +9.05384890220867656e+06,        +6.26306985532137565e+06,        +1.52011318650718150e+06,        -7.35089219036458642e+05,        -4.66746293086934183e+06,        -1.02440178780231660e+06,        -6.21202261268413905e+06,        +7.33963611167700868e+06,        +5.53625128860674240e+06,        -3.74255371379580488e+06,        +0.00000000000000000e+00,        +0.00000000000000000e+00,        +0.00000000000000000e+00,        +0.00000000000000000e+00,        +0.00000000000000000e+00,        +0.00000000000000000e+00,        +0.00000000000000000e+00,        +0.00000000000000000e+00,        +0.00000000000000000e+00,        +0.00000000000000000e+00,        +0.00000000000000000e+00,        +0.00000000000000000e+00,        +0.00000000000000000e+00,        +0.00000000000000000e+00,        +0.00000000000000000e+00,        +0.00000000000000000e+00,        +0.00000000000000000e+00,        +0.00000000000000000e+00,        +0.00000000000000000e+00,        +0.00000000000000000e+00,        +0.00000000000000000e+00,        +0.00000000000000000e+00,        +0.00000000000000000e+00,        +0.00000000000000000e+00,        +0.00000000000000000e+00,        +0.00000000000000000e+00,        +0.00000000000000000e+00,        +0.00000000000000000e+00,        +0.00000000000000000e+00,        +0.00000000000000000e+00,        +0.00000000000000000e+00,        +0.00000000000000000e+00,        +0.00000000000000000e+00,        +0.00000000000000000e+00,        +0.00000000000000000e+00,        +0.00000000000000000e+00,        -6.38865192107201934e+08,        +0.00000000000000000e+00,        +0.00000000000000000e+00,        +0.00000000000000000e+00,        +0.00000000000000000e+00,        +0.00000000000000000e+00,        +0.00000000000000000e+00,        +0.00000000000000000e+00,        +0.00000000000000000e+00,        +0.00000000000000000e+00,        +0.00000000000000000e+00,        +0.00000000000000000e+00,        +0.00000000000000000e+00,        +0.00000000000000000e+00,        +0.00000000000000000e+00,        +0.00000000000000000e+00,        +0.00000000000000000e+00,        +0.00000000000000000e+00,        +0.00000000000000000e+00,        +0.00000000000000000e+00,        +0.00000000000000000e+00,        +0.00000000000000000e+00,        +0.00000000000000000e+00,        +0.00000000000000000e+00,        +0.00000000000000000e+00,        +0.00000000000000000e+00,        +0.00000000000000000e+00,        +0.00000000000000000e+00,        +0.00000000000000000e+00,        +0.00000000000000000e+00,        +0.00000000000000000e+00,        +0.00000000000000000e+00,        +0.00000000000000000e+00,        +0.00000000000000000e+00,        +0.00000000000000000e+00,        +0.00000000000000000e+00,        +0.00000000000000000e+00,        +0.00000000000000000e+00,        +0.00000000000000000e+00,        +0.00000000000000000e+00,        +0.00000000000000000e+00,        +0.00000000000000000e+00,        +0.00000000000000000e+00,        +0.00000000000000000e+00,        +0.00000000000000000e+00,        +0.00000000000000000e+00,        +0.00000000000000000e+00,        +0.00000000000000000e+00,        +0.00000000000000000e+00,        +0.00000000000000000e+00
        +0.00000000000000000e+00,        +0.00000000000000000e+00,        +5.49420052562247292e+03,        +3.39675871957796277e+05,        +1.35862480299167521e+06,        -7.74845557830463280e+05,        -3.94829094408745272e+06,        +2.94483556103312876e+06,        -9.09703673262142017e+06,        -3.91616861906374013e+06,        +4.56190762558784708e+06,        +7.73393475032871030e+06,        -7.82895535384209361e+05,        +2.35457178125297464e+06,        -2.41235923469084874e+06,        +3.92693501245085690e+03,        -4.66231386226077843e+06,        -1.84910467375713517e+06,        +2.06638740774118272e+06,        +1.69907966247842694e+06,        +4.33859010926444829e+06,        -4.65643459872831497e+06,        +0.00000000000000000e+00,        +0.00000000000000000e+00,        +0.00000000000000000e+00,        +0.00000000000000000e+00,        +0.00000000000000000e+00,        +0.00000000000000000e+00,        +0.00000000000000000e+00,        +0.00000000000000000e+00,        +0.00000000000000000e+00,        +0.00000000000000000e+00,        +0.00000000000000000e+00,        +0.00000000000000000e+00,        +0.00000000000000000e+00,        +0.00000000000000000e+00,        +0.00000000000000000e+00,        +0.00000000000000000e+00,        +0.00000000000000000e+00,        +0.00000000000000000e+00,        +0.00000000000000000e+00,        +0.00000000000000000e+00,        +0.00000000000000000e+00,        +0.00000000000000000e+00,        +0.00000000000000000e+00,        +0.00000000000000000e+00,        +0.00000000000000000e+00,        +0.00000000000000000e+00,        +0.00000000000000000e+00,        +0.00000000000000000e+00,        +0.00000000000000000e+00,        +0.00000000000000000e+00,        +0.00000000000000000e+00,        +0.00000000000000000e+00,        +0.00000000000000000e+00,        +0.00000000000000000e+00,        +0.00000000000000000e+00,        +0.00000000000000000e+00,        +0.00000000000000000e+00,        -6.38865192107201934e+08,        +0.00000000000000000e+00,        +0.00000000000000000e+00,        +0.00000000000000000e+00,        +0.00000000000000000e+00,        +0.00000000000000000e+00,        +0.00000000000000000e+00,        +0.00000000000000000e+00,        +0.00000000000000000e+00,        +0.00000000000000000e+00,        +0.00000000000000000e+00,        +0.00000000000000000e+00,        +0.00000000000000000e+00,        +0.00000000000000000e+00,        +0.00000000000000000e+00,        +0.00000000000000000e+00,        +0.00000000000000000e+00,        +0.00000000000000000e+00,        +0.00000000000000000e+00,        +0.00000000000000000e+00,        +0.00000000000000000e+00,        +0.00000000000000000e+00,        +0.00000000000000000e+00,        +0.00000000000000000e+00,        +0.00000000000000000e+00,        +0.00000000000000000e+00,        +0.00000000000000000e+00,        +0.00000000000000000e+00,        +0.00000000000000000e+00,        +0.00000000000000000e+00,        +0.00000000000000000e+00,        +0.00000000000000000e+00,        +0.00000000000000000e+00,        +0.00000000000000000e+00,        +0.00000000000000000e+00,        +0.00000000000000000e+00,        +0.00000000000000000e+00,        +0.00000000000000000e+00,        +0.00000000000000000e+00,        +0.00000000000000000e+00,        +0.00000000000000000e+00,        +0.00000000000000000e+00,        +0.00000000000000000e+00,        +0.00000000000000000e+00,        +0.00000000000000000e+00,        +0.00000000000000000e+00,        +0.00000000000000000e+00,        +0.00000000000000000e+00,        +0.00000000000000000e+00
        +0.00000000000000000e+00,        +0.00000000000000000e+00,        +4.71880157339914516e+06,        +2.89850600422588252e+07,        -2.84068935347690247e+07,        +4.22893681900677178e+06,        -7.74380826583150122e+06,        -1.50790570972506493e+08,        +5.74485222730968237e+08,        -6.26276767212087512e+08,        +1.57967089063359427e+09,        -6.28723556988731265e+08,        -1.72542042537885499e+09,        +2.06605425485905600e+09,        -1.17678001757290101e+09,        -7.58838356547142863e+08,        -2.95926103357920051e+08,        +2.31190944520876598e+09,        -1.74791696731455064e+09,        +1.71173450828208685e+09,        +1.04790544393984032e+09,        +1.95940100276854944e+09,        +0.00000000000000000e+00,        +0.00000000000000000e+00,        +0.00000000000000000e+00,        +0.00000000000000000e+00,        +0.00000000000000000e+00,        +0.00000000000000000e+00,        +0.00000000000000000e+00,        +0.00000000000000000e+00,        +0.00000000000000000e+00,        +0.00000000000000000e+00,        +0.00000000000000000e+00,        +0.00000000000000000e+00,        +0.00000000000000000e+00,        +0.00000000000000000e+00,        +0.00000000000000000e+00,        +0.00000000000000000e+00,        +0.00000000000000000e+00,        +0.00000000000000000e+00,        +0.00000000000000000e+00,        +0.00000000000000000e+00,        +0.00000000000000000e+00,        +0.00000000000000000e+00,        +0.00000000000000000e+00,        +0.00000000000000000e+00,        +0.00000000000000000e+00,        +0.00000000000000000e+00,        +0.00000000000000000e+00,        +0.00000000000000000e+00,        +0.00000000000000000e+00,        +0.00000000000000000e+00,        +0.00000000000000000e+00,        +0.00000000000000000e+00,        +0.00000000000000000e+00,        +0.00000000000000000e+00,        +0.00000000000000000e+00,        +0.00000000000000000e+00,        +0.00000000000000000e+00,        +0.00000000000000000e+00,        -1.08351332120847683e+07,        +0.00000000000000000e+00,        +0.00000000000000000e+00,        +0.00000000000000000e+00,        +0.00000000000000000e+00,        +0.00000000000000000e+00,        +0.00000000000000000e+00,        +0.00000000000000000e+00,        +0.00000000000000000e+00,        +0.00000000000000000e+00,        +0.00000000000000000e+00,        +0.00000000000000000e+00,        +0.00000000000000000e+00,        +0.00000000000000000e+00,        +0.00000000000000000e+00,        +0.00000000000000000e+00,        +0.00000000000000000e+00,        +0.00000000000000000e+00,        +0.00000000000000000e+00,        +0.00000000000000000e+00,        +0.00000000000000000e+00,        +0.00000000000000000e+00,        +0.00000000000000000e+00,        +0.00000000000000000e+00,        +0.00000000000000000e+00,        +0.00000000000000000e+00,        +0.00000000000000000e+00,        +0.00000000000000000e+00,        +0.00000000000000000e+00,        +0.00000000000000000e+00,        +0.00000000000000000e+00,        +0.00000000000000000e+00,        +0.00000000000000000e+00,        +0.00000000000000000e+00,        +0.00000000000000000e+00,        +0.00000000000000000e+00,        +0.00000000000000000e+00,        +0.00000000000000000e+00,        +0.00000000000000000e+00,        +0.00000000000000000e+00,        +0.00000000000000000e+00,        +0.00000000000000000e+00,        +0.00000000000000000e+00,        +0.00000000000000000e+00,        +0.00000000000000000e+00,        +0.00000000000000000e+00,        +0.00000000000000000e+00,        +0.00000000000000000e+00
        -0.00000000000000000e+00,        -0.00000000000000000e+00,        +2.11695652728120069e+05,        -1.31152198839972517e+06,        +7.31015606216943730e+06,        -6.70755616045492701e+05,        -3.29367700145870373e+07,        -2.82396621563190520e+07,        +9.18024770350569626e+05,        +9.09682837972516418e+07,        -6.73203546474540979e+07,        -1.00925046777229264e+08,        +2.97826542763736963e+08,        -8.21900248634510785e+07,        -1.42894335683418930e+08,        +4.27526919403828308e+07,        +2.09727329959243596e+08,        +6.56023961937850595e+08,        +1.42084674348785543e+09,        +6.67221725526259780e+08,        +1.25574403915091053e+08,        +2.03256898381849617e+08,        +0.00000000000000000e+00,        +0.00000000000000000e+00,        +0.00000000000000000e+00,        +0.00000000000000000e+00,        +0.00000000000000000e+00,        +0.00000000000000000e+00,        +0.00000000000000000e+00,        +0.00000000000000000e+00,        +0.00000000000000000e+00,        +0.00000000000000000e+00,        +0.00000000000000000e+00,        +0.00000000000000000e+00,        +0.00000000000000000e+00,        +0.00000000000000000e+00,        +0.00000000000000000e+00,        +0.00000000000000000e+00,        +0.00000000000000000e+00,        +0.00000000000000000e+00,        +0.00000000000000000e+00,        +0.00000000000000000e+00,        +0.00000000000000000e+00,        +0.00000000000000000e+00,        +0.00000000000000000e+00,        +0.00000000000000000e+00,        +0.00000000000000000e+00,        +0.00000000000000000e+00,        +0.00000000000000000e+00,        +0.00000000000000000e+00,        +0.00000000000000000e+00,        +0.00000000000000000e+00,        +0.00000000000000000e+00,        +0.00000000000000000e+00,        +0.00000000000000000e+00,        +0.00000000000000000e+00,        +0.00000000000000000e+00,        +0.00000000000000000e+00,        +0.00000000000000000e+00,        +0.00000000000000000e+00,        +0.00000000000000000e+00,        -1.08351332120847683e+07,        +0.00000000000000000e+00,        +0.00000000000000000e+00,        +0.00000000000000000e+00,        +0.00000000000000000e+00,        +0.00000000000000000e+00,        +0.00000000000000000e+00,        +0.00000000000000000e+00,        +0.00000000000000000e+00,        +0.00000000000000000e+00,        +0.00000000000000000e+00,        +0.00000000000000000e+00,        +0.00000000000000000e+00,        +0.00000000000000000e+00,        +0.00000000000000000e+00,        +0.00000000000000000e+00,        +0.00000000000000000e+00,        +0.00000000000000000e+00,        +0.00000000000000000e+00,        +0.00000000000000000e+00,        +0.00000000000000000e+00,        +0.00000000000000000e+00,        +0.00000000000000000e+00,        +0.00000000000000000e+00,        +0.00000000000000000e+00,        +0.00000000000000000e+00,        +0.00000000000000000e+00,        +0.00000000000000000e+00,        +0.00000000000000000e+00,        +0.00000000000000000e+00,        +0.00000000000000000e+00,        +0.00000000000000000e+00,        +0.00000000000000000e+00,        +0.00000000000000000e+00,        +0.00000000000000000e+00,        +0.00000000000000000e+00,        +0.00000000000000000e+00,        +0.00000000000000000e+00,        +0.00000000000000000e+00,        +0.00000000000000000e+00,        +0.00000000000000000e+00,        +0.00000000000000000e+00,        +0.00000000000000000e+00,        +0.00000000000000000e+00,        +0.00000000000000000e+00,        +0.00000000000000000e+00,        +0.00000000000000000e+00
        +0.00000000000000000e+00,        +0.00000000000000000e+00,        +7.04270791063336947e+04,        -2.54155271834002715e+06,        +1.58700288813960715e+06,        +6.99258049775116798e+06,        -1.12517446799072810e+07,        +8.81543207914571017e+07,        -1.30192595970260710e+08,        -5.26034885251405761e+07,        +4.00380263541584536e+07,        +6.79914870304374993e+07,        +7.77453541653441638e+07,        -1.36220797243020087e+08,        -1.00182886531514913e+08,        -3.18501068327732325e+08,        +2.77648384966186166e+08,        -5.49109484090809464e+08,        -5.89061283719046339e+07,        +4.73287842911509812e+08,        -2.05492289977947772e+08,        +3.79977837056555927e+08,        +0.00000000000000000e+00,        +0.00000000000000000e+00,        +0.00000000000000000e+00,        +0.00000000000000000e+00,        +0.00000000000000000e+00,        +0.00000000000000000e+00,        +0.00000000000000000e+00,        +0.00000000000000000e+00,        +0.00000000000000000e+00,        +0.00000000000000000e+00,        +0.00000000000000000e+00,        +0.00000000000000000e+00,        +0.00000000000000000e+00,        +0.00000000000000000e+00,        +0.00000000000000000e+00,        +0.00000000000000000e+00,        +0.00000000000000000e+00,        +0.00000000000000000e+00,        +0.00000000000000000e+00,        +0.00000000000000000e+00,        +0.00000000000000000e+00,        +0.00000000000000000e+00,        +0.00000000000000000e+00,        +0.00000000000000000e+00,        +0.00000000000000000e+00,        +0.00000000000000000e+00,        +0.00000000000000000e+00,        +0.00000000000000000e+00,        +0.00000000000000000e+00,        +0.00000000000000000e+00,        +0.00000000000000000e+00,        +0.00000000000000000e+00,        +0.00000000000000000e+00,        +0.00000000000000000e+00,        +0.00000000000000000e+00,        +0.00000000000000000e+00,        +0.00000000000000000e+00,        +0.00000000000000000e+00,        +0.00000000000000000e+00,        +0.00000000000000000e+00,        -1.08351332120847683e+07,        +0.00000000000000000e+00,        +0.00000000000000000e+00,        +0.00000000000000000e+00,        +0.00000000000000000e+00,        +0.00000000000000000e+00,        +0.00000000000000000e+00,        +0.00000000000000000e+00,        +0.00000000000000000e+00,        +0.00000000000000000e+00,        +0.00000000000000000e+00,        +0.00000000000000000e+00,        +0.00000000000000000e+00,        +0.00000000000000000e+00,        +0.00000000000000000e+00,        +0.00000000000000000e+00,        +0.00000000000000000e+00,        +0.00000000000000000e+00,        +0.00000000000000000e+00,        +0.00000000000000000e+00,        +0.00000000000000000e+00,        +0.00000000000000000e+00,        +0.00000000000000000e+00,        +0.00000000000000000e+00,        +0.00000000000000000e+00,        +0.00000000000000000e+00,        +0.00000000000000000e+00,        +0.00000000000000000e+00,        +0.00000000000000000e+00,        +0.00000000000000000e+00,        +0.00000000000000000e+00,        +0.00000000000000000e+00,        +0.00000000000000000e+00,        +0.00000000000000000e+00,        +0.00000000000000000e+00,        +0.00000000000000000e+00,        +0.00000000000000000e+00,        +0.00000000000000000e+00,        +0.00000000000000000e+00,        +0.00000000000000000e+00,        +0.00000000000000000e+00,        +0.00000000000000000e+00,        +0.00000000000000000e+00,        +0.00000000000000000e+00,        +0.00000000000000000e+00,        +0.00000000000000000e+00
        +0.00000000000000000e+00,        +0.00000000000000000e+00,        +1.65736694629231497e+05,        -1.59983577136533149e+06,        -1.28441916536104623e+07,        -7.33331205797804520e+06,        +5.51604935689228475e+07,        -5.13658446317646876e+07,        +2.34837983439956866e+07,        +4.86703834764923453e+07,        +4.73529752998129800e+07,        -4.88942772388901934e+07,        -6.97118308412175626e+07,        +4.85242094740402773e+07,        -5.17121486692644730e+07,        +6.76636676084676087e+07,        +8.52345726113401353e+07,        -1.27962972860146746e+08,        +5.32351989181013033e+07,        -2.57023490113592148e+07,        +1.55484106156003118e+08,        -1.58354307842601389e+07,        +0.00000000000000000e+00,        +0.00000000000000000e+00,        +0.00000000000000000e+00,        +0.00000000000000000e+00,        +0.00000000000000000e+00,        +0.00000000000000000e+00,        +0.00000000000000000e+00,        +0.00000000000000000e+00,        +0.00000000000000000e+00,        +0.00000000000000000e+00,        +0.00000000000000000e+00,        +0.00000000000000000e+00,        +0.00000000000000000e+00,        +0.00000000000000000e+00,        +0.00000000000000000e+00,        +0.00000000000000000e+00,        +0.00000000000000000e+00,        +0.00000000000000000e+00,        +0.00000000000000000e+00,        +0.00000000000000000e+00,        +0.00000000000000000e+00,        +0.00000000000000000e+00,        +0.00000000000000000e+00,        +0.00000000000000000e+00,        +0.00000000000000000e+00,        +0.00000000000000000e+00,        +0.00000000000000000e+00,        +0.00000000000000000e+00,        +0.00000000000000000e+00,        +0.00000000000000000e+00,        +0.00000000000000000e+00,        +0.00000000000000000e+00,        +0.00000000000000000e+00,        +0.00000000000000000e+00,        +0.00000000000000000e+00,        +0.00000000000000000e+00,        +0.00000000000000000e+00,        +0.00000000000000000e+00,        +0.00000000000000000e+00,        +0.00000000000000000e+00,        +0.00000000000000000e+00,        -1.08351332120847683e+07,        +0.00000000000000000e+00,        +0.00000000000000000e+00,        +0.00000000000000000e+00,        +0.00000000000000000e+00,        +0.00000000000000000e+00,        +0.00000000000000000e+00,        +0.00000000000000000e+00,        +0.00000000000000000e+00,        +0.00000000000000000e+00,        +0.00000000000000000e+00,        +0.00000000000000000e+00,        +0.00000000000000000e+00,        +0.00000000000000000e+00,        +0.00000000000000000e+00,        +0.00000000000000000e+00,        +0.00000000000000000e+00,        +0.00000000000000000e+00,        +0.00000000000000000e+00,        +0.00000000000000000e+00,        +0.00000000000000000e+00,        +0.00000000000000000e+00,        +0.00000000000000000e+00,        +0.00000000000000000e+00,        +0.00000000000000000e+00,        +0.00000000000000000e+00,        +0.00000000000000000e+00,        +0.00000000000000000e+00,        +0.00000000000000000e+00,        +0.00000000000000000e+00,        +0.00000000000000000e+00,        +0.00000000000000000e+00,        +0.00000000000000000e+00,        +0.00000000000000000e+00,        +0.00000000000000000e+00,        +0.00000000000000000e+00,        +0.00000000000000000e+00,        +0.00000000000000000e+00,        +0.00000000000000000e+00,        +0.00000000000000000e+00,        +0.00000000000000000e+00,        +0.00000000000000000e+00,        +0.00000000000000000e+00,        +0.00000000000000000e+00,        +0.00000000000000000e+00
        +0.00000000000000000e+00,        +0.00000000000000000e+00,        -1.00598100395654139e+05,        -7.06703766694917460e+05,        +1.06053031065935921e+06,        +5.69259141455232049e+05,        -4.69801859784348868e+06,        +7.77667707244093716e+06,        -1.73588134492983110e+07,        +2.81641074582599523e+06,        +1.80789044359701127e+06,        +3.09351095122904377e+06,        -1.18455929611414857e+07,        -2.07123533922581933e+07,        +2.14712163975710198e+07,        -3.28575397661013193e+07,        +5.31712824316729829e+07,        +2.52306887792163044e+07,        -1.15334200615659691e+07,        -4.53921925230081938e+06,        +2.16786208266374841e+07,        -2.19481042030722499e+07,        +0.00000000000000000e+00,        +0.00000000000000000e+00,        +0.00000000000000000e+00,        +0.00000000000000000e+00,        +0.00000000000000000e+00,        +0.00000000000000000e+00,        +0.00000000000000000e+00,        +0.00000000000000000e+00,        +0.00000000000000000e+00,        +0.00000000000000000e+00,        +0.00000000000000000e+00,        +0.00000000000000000e+00,        +0.00000000000000000e+00,        +0.00000000000000000e+00,        +0.00000000000000000e+00,        +0.00000000000000000e+00,        +0.00000000000000000e+00,        +0.00000000000000000e+00,        +0.00000000000000000e+00,        +0.00000000000000000e+00,        +0.00000000000000000e+00,        +0.00000000000000000e+00,        +0.00000000000000000e+00,        +0.00000000000000000e+00,        +0.00000000000000000e+00,        +0.00000000000000000e+00,        +0.00000000000000000e+00,        +0.00000000000000000e+00,        +0.00000000000000000e+00,        +0.00000000000000000e+00,        +0.00000000000000000e+00,        +0.00000000000000000e+00,        +0.00000000000000000e+00,        +0.00000000000000000e+00,        +0.00000000000000000e+00,        +0.00000000000000000e+00,        +0.00000000000000000e+00,        +0.00000000000000000e+00,        +0.00000000000000000e+00,        +0.00000000000000000e+00,        +0.00000000000000000e+00,        +0.00000000000000000e+00,        -1.08351332120847683e+07,        +0.00000000000000000e+00,        +0.00000000000000000e+00,        +0.00000000000000000e+00,        +0.00000000000000000e+00,        +0.00000000000000000e+00,        +0.00000000000000000e+00,        +0.00000000000000000e+00,        +0.00000000000000000e+00,        +0.00000000000000000e+00,        +0.00000000000000000e+00,        +0.00000000000000000e+00,        +0.00000000000000000e+00,        +0.00000000000000000e+00,        +0.00000000000000000e+00,        +0.00000000000000000e+00,        +0.00000000000000000e+00,        +0.00000000000000000e+00,        +0.00000000000000000e+00,        +0.00000000000000000e+00,        +0.00000000000000000e+00,        +0.00000000000000000e+00,        +0.00000000000000000e+00,        +0.00000000000000000e+00,        +0.00000000000000000e+00,        +0.00000000000000000e+00,        +0.00000000000000000e+00,        +0.00000000000000000e+00,        +0.00000000000000000e+00,        +0.00000000000000000e+00,        +0.00000000000000000e+00,        +0.00000000000000000e+00,        +0.00000000000000000e+00,        +0.00000000000000000e+00,        +0.00000000000000000e+00,        +0.00000000000000000e+00,        +0.00000000000000000e+00,        +0.00000000000000000e+00,        +0.00000000000000000e+00,        +0.00000000000000000e+00,        +0.00000000000000000e+00,        +0.00000000000000000e+00,        +0.00000000000000000e+00,        +0.00000000000000000e+00
        +0.00000000000000000e+00,        +0.00000000000000000e+00,        +1.76305814876950171e+05,        +6.68241939849545714e+05,        +6.27618883294302854e+05,        +5.14722960290663701e+05,        -2.77792363023046451e+06,        +1.83712890013388405e+06,        +4.54337960231319629e+06,        -2.53494748676324217e+06,        -1.31548297011411395e+07,        -2.80208341256623808e+06,        +3.84426403182325279e+06,        -2.60100109781565145e+07,        -5.74841625911204219e+07,        +2.27628557523636334e+06,        +4.19133439876981266e+06,        +7.64336862525227480e+06,        -1.14588445836264864e+07,        +1.19071347326775431e+06,        +1.18206855093461275e+06,        -1.54192087767519411e+07,        +0.00000000000000000e+00,        +0.00000000000000000e+00,        +0.00000000000000000e+00,        +0.00000000000000000e+00,        +0.00000000000000000e+00,        +0.00000000000000000e+00,        +0.00000000000000000e+00,        +0.00000000000000000e+00,        +0.00000000000000000e+00,        +0.00000000000000000e+00,        +0.00000000000000000e+00,        +0.00000000000000000e+00,        +0.00000000000000000e+00,        +0.00000000000000000e+00,        +0.00000000000000000e+00,        +0.00000000000000000e+00,        +0.00000000000000000e+00,        +0.00000000000000000e+00,        +0.00000000000000000e+00,        +0.00000000000000000e+00,        +0.00000000000000000e+00,        +0.00000000000000000e+00,        +0.00000000000000000e+00,        +0.00000000000000000e+00,        +0.00000000000000000e+00,        +0.00000000000000000e+00,        +0.00000000000000000e+00,        +0.00000000000000000e+00,        +0.00000000000000000e+00,        +0.00000000000000000e+00,        +0.00000000000000000e+00,        +0.00000000000000000e+00,        +0.00000000000000000e+00,        +0.00000000000000000e+00,        +0.00000000000000000e+00,        +0.00000000000000000e+00,        +0.00000000000000000e+00,        +0.00000000000000000e+00,        +0.00000000000000000e+00,        +0.00000000000000000e+00,        +0.00000000000000000e+00,        +0.00000000000000000e+00,        +0.00000000000000000e+00,        -1.08351332120847683e+07,        +0.00000000000000000e+00,        +0.00000000000000000e+00,        +0.00000000000000000e+00,        +0.00000000000000000e+00,        +0.00000000000000000e+00,        +0.00000000000000000e+00,        +0.00000000000000000e+00,        +0.00000000000000000e+00,        +0.00000000000000000e+00,        +0.00000000000000000e+00,        +0.00000000000000000e+00,        +0.00000000000000000e+00,        +0.00000000000000000e+00,        +0.00000000000000000e+00,        +0.00000000000000000e+00,        +0.00000000000000000e+00,        +0.00000000000000000e+00,        +0.00000000000000000e+00,        +0.00000000000000000e+00,        +0.00000000000000000e+00,        +0.00000000000000000e+00,        +0.00000000000000000e+00,        +0.00000000000000000e+00,        +0.00000000000000000e+00,        +0.00000000000000000e+00,        +0.00000000000000000e+00,        +0.00000000000000000e+00,        +0.00000000000000000e+00,        +0.00000000000000000e+00,        +0.00000000000000000e+00,        +0.00000000000000000e+00,        +0.00000000000000000e+00,        +0.00000000000000000e+00,        +0.00000000000000000e+00,        +0.00000000000000000e+00,        +0.00000000000000000e+00,        +0.00000000000000000e+00,        +0.00000000000000000e+00,        +0.00000000000000000e+00,        +0.00000000000000000e+00,        +0.00000000000000000e+00,        +0.00000000000000000e+00
        +0.00000000000000000e+00,        +0.00000000000000000e+00,        -4.86237613439025426e+03,        +3.32539211838835734e+05,        +7.25000178214820189e+04,        +9.49329863602744590e+04,        -1.04734581684789353e+06,        +1.15067263427901245e+06,        +6.97521940826543048e+06,        -6.29562063244271465e+06,        -5.02077582232875191e+06,        +1.67072187560434407e+06,        +9.79627342601723783e+06,        -2.54029560256456062e+07,        +8.34339512171846349e+06,        -6.48426312027305271e+06,        -1.83241553031492382e+07,        -1.43872585061444528e+06,        -3.14602394628476119e+06,        -3.03004618657983607e+06,        +3.30869096738692224e+07,        +1.95941446138213761e+07,        +0.00000000000000000e+00,        +0.00000000000000000e+00,        +0.00000000000000000e+00,        +0.00000000000000000e+00,        +0.00000000000000000e+00,        +0.00000000000000000e+00,        +0.00000000000000000e+00,        +0.00000000000000000e+00,        +0.00000000000000000e+00,        +0.00000000000000000e+00,        +0.00000000000000000e+00,        +0.00000000000000000e+00,        +0.00000000000000000e+00,        +0.00000000000000000e+00,        +0.00000000000000000e+00,        +0.00000000000000000e+00,        +0.00000000000000000e+00,        +0.00000000000000000e+00,        +0.00000000000000000e+00,        +0.00000000000000000e+00,        +0.00000000000000000e+00,        +0.00000000000000000e+00,        +0.00000000000000000e+00,        +0.00000000000000000e+00,        +0.00000000000000000e+00,        +0.00000000000000000e+00,        +0.00000000000000000e+00,        +0.00000000000000000e+00,        +0.00000000000000000e+00,        +0.00000000000000000e+00,        +0.00000000000000000e+00,        +0.00000000000000000e+00,        +0.00000000000000000e+00,        +0.00000000000000000e+00,        +0.00000000000000000e+00,        +0.00000000000000000e+00,        +0.00000000000000000e+00,        +0.00000000000000000e+00,        +0.00000000000000000e+00,        +0.00000000000000000e+00,        +0.00000000000000000e+00,        +0.00000000000000000e+00,        +0.00000000000000000e+00,        +0.00000000000000000e+00,        -1.08351332120847683e+07,        +0.00000000000000000e+00,        +0.00000000000000000e+00,        +0.00000000000000000e+00,        +0.00000000000000000e+00,        +0.00000000000000000e+00,        +0.00000000000000000e+00,        +0.00000000000000000e+00,        +0.00000000000000000e+00,        +0.00000000000000000e+00,        +0.00000000000000000e+00,        +0.00000000000000000e+00,        +0.00000000000000000e+00,        +0.00000000000000000e+00,        +0.00000000000000000e+00,        +0.00000000000000000e+00,        +0.00000000000000000e+00,        +0.00000000000000000e+00,        +0.00000000000000000e+00,        +0.00000000000000000e+00,        +0.00000000000000000e+00,        +0.00000000000000000e+00,        +0.00000000000000000e+00,        +0.00000000000000000e+00,        +0.00000000000000000e+00,        +0.00000000000000000e+00,        +0.00000000000000000e+00,        +0.00000000000000000e+00,        +0.00000000000000000e+00,        +0.00000000000000000e+00,        +0.00000000000000000e+00,        +0.00000000000000000e+00,        +0.00000000000000000e+00,        +0.00000000000000000e+00,        +0.00000000000000000e+00,        +0.00000000000000000e+00,        +0.00000000000000000e+00,        +0.00000000000000000e+00,        +0.00000000000000000e+00,        +0.00000000000000000e+00,        +0.00000000000000000e+00,        +0.00000000000000000e+00
        +0.00000000000000000e+00,        +0.00000000000000000e+00,        +7.63443494509730840e+02,        -2.21634306752669538e+05,        +1.87054108197146445e+06,        +4.65816824490966043e+05,        -6.18822726050147880e+06,        +1.22568771521456237e+06,        -1.23364109205781743e+07,        +4.91755999056719802e+06,        +6.24551111278877500e+06,        -1.78753076460864884e+06,        +8.00352376125629060e+06,        +5.03153707725115307e+06,        -1.01982897314900532e+07,        -6.20896599588039704e+06,        +5.63483690945894737e+06,        +2.74882618707009172e+06,        +5.11466497936411388e+06,        -2.60177475609013848e+07,        -2.94380981344094127e+06,        +1.93659496732630283e+07,        +0.00000000000000000e+00,        +0.00000000000000000e+00,        +0.00000000000000000e+00,        +0.00000000000000000e+00,        +0.00000000000000000e+00,        +0.00000000000000000e+00,        +0.00000000000000000e+00,        +0.00000000000000000e+00,        +0.00000000000000000e+00,        +0.00000000000000000e+00,        +0.00000000000000000e+00,        +0.00000000000000000e+00,        +0.00000000000000000e+00,        +0.00000000000000000e+00,        +0.00000000000000000e+00,        +0.00000000000000000e+00,        +0.00000000000000000e+00,        +0.00000000000000000e+00,        +0.00000000000000000e+00,        +0.00000000000000000e+00,        +0.00000000000000000e+00,        +0.00000000000000000e+00,        +0.00000000000000000e+00,        +0.00000000000000000e+00,        +0.00000000000000000e+00,        +0.00000000000000000e+00,        +0.00000000000000000e+00,        +0.00000000000000000e+00,        +0.00000000000000000e+00,        +0.00000000000000000e+00,        +0.00000000000000000e+00,        +0.00000000000000000e+00,        +0.00000000000000000e+00,        +0.00000000000000000e+00,        +0.00000000000000000e+00,        +0.00000000000000000e+00,        +0.00000000000000000e+00,        +0.00000000000000000e+00,        +0.00000000000000000e+00,        +0.00000000000000000e+00,        +0.00000000000000000e+00,        +0.00000000000000000e+00,        +0.00000000000000000e+00,        +0.00000000000000000e+00,        +0.00000000000000000e+00,        -1.08351332120847683e+07,        +0.00000000000000000e+00,        +0.00000000000000000e+00,        +0.00000000000000000e+00,        +0.00000000000000000e+00,        +0.00000000000000000e+00,        +0.00000000000000000e+00,        +0.00000000000000000e+00,        +0.00000000000000000e+00,        +0.00000000000000000e+00,        +0.00000000000000000e+00,        +0.00000000000000000e+00,        +0.00000000000000000e+00,        +0.00000000000000000e+00,        +0.00000000000000000e+00,        +0.00000000000000000e+00,        +0.00000000000000000e+00,        +0.00000000000000000e+00,        +0.00000000000000000e+00,        +0.00000000000000000e+00,        +0.00000000000000000e+00,        +0.00000000000000000e+00,        +0.00000000000000000e+00,        +0.00000000000000000e+00,        +0.00000000000000000e+00,        +0.00000000000000000e+00,        +0.00000000000000000e+00,        +0.00000000000000000e+00,        +0.00000000000000000e+00,        +0.00000000000000000e+00,        +0.00000000000000000e+00,        +0.00000000000000000e+00,        +0.00000000000000000e+00,        +0.00000000000000000e+00,        +0.00000000000000000e+00,        +0.00000000000000000e+00,        +0.00000000000000000e+00,        +0.00000000000000000e+00,        +0.00000000000000000e+00,        +0.00000000000000000e+00,        +0.00000000000000000e+00
        +0.00000000000000000e+00,        +0.00000000000000000e+00,        -2.08434829855999214e+03,        -9.15750430113018665e+04,        -2.05071857565982942e+06,        -9.26591436769689783e+05,        +8.57504373870627023e+06,        -7.75349183925761143e+05,        -9.88696061413626769e+05,        +1.12830483466476109e+07,        +1.43098249424778763e+07,        +4.26343270058387704e+06,        +1.32651654965951461e+07,        -3.38122879609298287e+06,        +2.30270560487167386e+05,        +4.67994584018643666e+06,        +4.59932083357375057e+05,        +3.35914978148116730e+06,        -5.83127171193286031e+06,        +3.81778266197811812e+06,        +1.05995735350324263e+05,        -1.61514245004414371e+06,        +0.00000000000000000e+00,        +0.00000000000000000e+00,        +0.00000000000000000e+00,        +0.00000000000000000e+00,        +0.00000000000000000e+00,        +0.00000000000000000e+00,        +0.00000000000000000e+00,        +0.00000000000000000e+00,        +0.00000000000000000e+00,        +0.00000000000000000e+00,        +0.00000000000000000e+00,        +0.00000000000000000e+00,        +0.00000000000000000e+00,        +0.00000000000000000e+00,        +0.00000000000000000e+00,        +0.00000000000000000e+00,        +0.00000000000000000e+00,        +0.00000000000000000e+00,        +0.00000000000000000e+00,        +0.00000000000000000e+00,        +0.00000000000000000e+00,        +0.00000000000000000e+00,        +0.00000000000000000e+00,        +0.00000000000000000e+00,        +0.00000000000000000e+00,        +0.00000000000000000e+00,        +0.00000000000000000e+00,        +0.00000000000000000e+00,        +0.00000000000000000e+00,        +0.00000000000000000e+00,        +0.00000000000000000e+00,        +0.00000000000000000e+00,        +0.00000000000000000e+00,        +0.00000000000000000e+00,        +0.00000000000000000e+00,        +0.00000000000000000e+00,        +0.00000000000000000e+00,        +0.00000000000000000e+00,        +0.00000000000000000e+00,        +0.00000000000000000e+00,        +0.00000000000000000e+00,        +0.00000000000000000e+00,        +0.00000000000000000e+00,        +0.00000000000000000e+00,        +0.00000000000000000e+00,        +0.00000000000000000e+00,        -1.08351332120847683e+07,        +0.00000000000000000e+00,        +0.00000000000000000e+00,        +0.00000000000000000e+00,        +0.00000000000000000e+00,        +0.00000000000000000e+00,        +0.00000000000000000e+00,        +0.00000000000000000e+00,        +0.00000000000000000e+00,        +0.00000000000000000e+00,        +0.00000000000000000e+00,        +0.00000000000000000e+00,        +0.00000000000000000e+00,        +0.00000000000000000e+00,        +0.00000000000000000e+00,        +0.00000000000000000e+00,        +0.00000000000000000e+00,        +0.00000000000000000e+00,        +0.00000000000000000e+00,        +0.00000000000000000e+00,        +0.00000000000000000e+00,        +0.00000000000000000e+00,        +0.00000000000000000e+00,        +0.00000000000000000e+00,        +0.00000000000000000e+00,        +0.00000000000000000e+00,        +0.00000000000000000e+00,        +0.00000000000000000e+00,        +0.00000000000000000e+00,        +0.00000000000000000e+00,        +0.00000000000000000e+00,        +0.00000000000000000e+00,        +0.00000000000000000e+00,        +0.00000000000000000e+00,        +0.00000000000000000e+00,        +0.00000000000000000e+00,        +0.00000000000000000e+00,        +0.00000000000000000e+00,        +0.00000000000000000e+00,        +0.00000000000000000e+00
        -0.00000000000000000e+00,        -0.00000000000000000e+00,        +9.89553853314036132e+03,        +3.72066297703342134e+04,        -1.78725414327822946e+05,        +1.88188475517977844e+06,        -9.00345353770787013e+05,        +2.17307258583679423e+06,        +6.74602353092674538e+06,        +1.37038613554676733e+05,        +2.91917289378305944e+06,        -1.99884937174573145e+06,        +4.52275819463781174e+06,        +4.17458598522115173e+06,        -1.36717866321476386e+06,        -9.85856187136537768e+06,        -2.33162872929329472e+06,        -2.20526047426425712e+06,        +2.06468402862370596e+06,        -1.26088001738442155e+06,        +1.10803030060785916e+06,        -5.23012492401946243e+06,        +0.00000000000000000e+00,        +0.00000000000000000e+00,        +0.00000000000000000e+00,        +0.00000000000000000e+00,        +0.00000000000000000e+00,        +0.00000000000000000e+00,        +0.00000000000000000e+00,        +0.00000000000000000e+00,        +0.00000000000000000e+00,        +0.00000000000000000e+00,        +0.00000000000000000e+00,        +0.00000000000000000e+00,        +0.00000000000000000e+00,        +0.00000000000000000e+00,        +0.00000000000000000e+00,        +0.00000000000000000e+00,        +0.00000000000000000e+00,        +0.00000000000000000e+00,        +0.00000000000000000e+00,        +0.00000000000000000e+00,        +0.00000000000000000e+00,        +0.00000000000000000e+00,        +0.00000000000000000e+00,        +0.00000000000000000e+00,        +0.00000000000000000e+00,        +0.00000000000000000e+00,        +0.00000000000000000e+00,        +0.00000000000000000e+00,        +0.00000000000000000e+00,        +0.00000000000000000e+00,        +0.00000000000000000e+00,        +0.00000000000000000e+00,        +0.00000000000000000e+00,        +0.00000000000000000e+00,        +0.00000000000000000e+00,        +0.00000000000000000e+00,        +0.00000000000000000e+00,        +0.00000000000000000e+00,        +0.00000000000000000e+00,        +0.00000000000000000e+00,        +0.00000000000000000e+00,        +0.00000000000000000e+00,        +0.00000000000000000e+00,        +0.00000000000000000e+00,        +0.00000000000000000e+00,        +0.00000000000000000e+00,        +0.00000000000000000e+00,        -1.08351332120847683e+07,        +0.00000000000000000e+00,        +0.00000000000000000e+00,        +0.00000000000000000e+00,        +0.00000000000000000e+00,        +0.00000000000000000e+00,        +0.00000000000000000e+00,        +0.00000000000000000e+00,        +0.00000000000000000e+00,        +0.00000000000000000e+00,        +0.00000000000000000e+00,        +0.00000000000000000e+00,        +0.00000000000000000e+00,        +0.00000000000000000e+00,        +0.00000000000000000e+00,        +0.00000000000000000e+00,        +0.00000000000000000e+00,        +0.00000000000000000e+00,        +0.00000000000000000e+00,        +0.00000000000000000e+00,        +0.00000000000000000e+00,        +0.00000000000000000e+00,        +0.00000000000000000e+00,        +0.00000000000000000e+00,        +0.00000000000000000e+00,        +0.00000000000000000e+00,        +0.00000000000000000e+00,        +0.00000000000000000e+00,        +0.00000000000000000e+00,        +0.00000000000000000e+00,        +0.00000000000000000e+00,        +0.00000000000000000e+00,        +0.00000000000000000e+00,        +0.00000000000000000e+00,        +0.00000000000000000e+00,        +0.00000000000000000e+00,        +0.00000000000000000e+00,        +0.00000000000000000e+00,        +0.00000000000000000e+00
        +0.00000000000000000e+00,        +0.00000000000000000e+00,        -2.46928553575985497e+04,        -3.45965660288471088e+05,        +1.12535474979951070e+06,        +4.40267593036433100e+05,        -3.32072726843964960e+06,        -1.81688416828438058e+06,        -6.45957816566256993e+06,        +4.11621337486263225e+06,        -4.15853616358083440e+06,        -8.12138438924425840e+06,        +3.99266172132951673e+06,        +2.76195456092206109e+06,        +6.70355535795926698e+05,        -3.24167392046149122e+05,        -2.05830700082264026e+06,        -4.51751498130486638e+05,        -2.73944320979851903e+06,        +3.23671009623672348e+06,        +2.44143444831391098e+06,        -1.65043078523729998e+06,        +0.00000000000000000e+00,        +0.00000000000000000e+00,        +0.00000000000000000e+00,        +0.00000000000000000e+00,        +0.00000000000000000e+00,        +0.00000000000000000e+00,        +0.00000000000000000e+00,        +0.00000000000000000e+00,        +0.00000000000000000e+00,        +0.00000000000000000e+00,        +0.00000000000000000e+00,        +0.00000000000000000e+00,        +0.00000000000000000e+00,        +0.00000000000000000e+00,        +0.00000000000000000e+00,        +0.00000000000000000e+00,        +0.00000000000000000e+00,        +0.00000000000000000e+00,        +0.00000000000000000e+00,        +0.00000000000000000e+00,        +0.00000000000000000e+00,        +0.00000000000000000e+00,        +0.00000000000000000e+00,        +0.00000000000000000e+00,        +0.00000000000000000e+00,        +0.00000000000000000e+00,        +0.00000000000000000e+00,        +0.00000000000000000e+00,        +0.00000000000000000e+00,        +0.00000000000000000e+00,        +0.00000000000000000e+00,        +0.00000000000000000e+00,        +0.00000000000000000e+00,        +0.00000000000000000e+00,        +0.00000000000000000e+00,        +0.00000000000000000e+00,        +0.00000000000000000e+00,        +0.00000000000000000e+00,        +0.00000000000000000e+00,        +0.00000000000000000e+00,        +0.00000000000000000e+00,        +0.00000000000000000e+00,        +0.00000000000000000e+00,        +0.00000000000000000e+00,        +0.00000000000000000e+00,        +0.00000000000000000e+00,        +0.00000000000000000e+00,        +0.00000000000000000e+00,        -1.08351332120847683e+07,        +0.00000000000000000e+00,        +0.00000000000000000e+00,        +0.00000000000000000e+00,        +0.00000000000000000e+00,        +0.00000000000000000e+00,        +0.00000000000000000e+00,        +0.00000000000000000e+00,        +0.00000000000000000e+00,        +0.00000000000000000e+00,        +0.00000000000000000e+00,        +0.00000000000000000e+00,        +0.00000000000000000e+00,        +0.00000000000000000e+00,        +0.00000000000000000e+00,        +0.00000000000000000e+00,        +0.00000000000000000e+00,        +0.00000000000000000e+00,        +0.00000000000000000e+00,        +0.00000000000000000e+00,        +0.00000000000000000e+00,        +0.00000000000000000e+00,        +0.00000000000000000e+00,        +0.00000000000000000e+00,        +0.00000000000000000e+00,        +0.00000000000000000e+00,        +0.00000000000000000e+00,        +0.00000000000000000e+00,        +0.00000000000000000e+00,        +0.00000000000000000e+00,        +0.00000000000000000e+00,        +0.00000000000000000e+00,        +0.00000000000000000e+00,        +0.00000000000000000e+00,        +0.00000000000000000e+00,        +0.00000000000000000e+00,        +0.00000000000000000e+00,        +0.00000000000000000e+00
        -0.00000000000000000e+00,        -0.00000000000000000e+00,        +2.42289045961546526e+03,        +1.49793846382202522e+05,        +5.99140686258902540e+05,        -3.41699561380707717e+05,        -1.74115895763229416e+06,        +1.29864462585394131e+06,        -4.01170714600787265e+06,        -1.72699331615676754e+06,        +2.01175810968995723e+06,        +3.41059206602892373e+06,        -3.45249525333448662e+05,        +1.03834388254900556e+06,        -1.06382760287685692e+06,        +1.73174119379619083e+03,        -2.05603631027368549e+06,        -8.15437669590507401e+05,        +9.11257299899590318e+05,        +7.49278058772570919e+05,        +1.91327719745501783e+06,        -2.05344361067054211e+06,        +0.00000000000000000e+00,        +0.00000000000000000e+00,        +0.00000000000000000e+00,        +0.00000000000000000e+00,        +0.00000000000000000e+00,        +0.00000000000000000e+00,        +0.00000000000000000e+00,        +0.00000000000000000e+00,        +0.00000000000000000e+00,        +0.00000000000000000e+00,        +0.00000000000000000e+00,        +0.00000000000000000e+00,        +0.00000000000000000e+00,        +0.00000000000000000e+00,        +0.00000000000000000e+00,        +0.00000000000000000e+00,        +0.00000000000000000e+00,        +0.00000000000000000e+00,        +0.00000000000000000e+00,        +0.00000000000000000e+00,        +0.00000000000000000e+00,        +0.00000000000000000e+00,        +0.00000000000000000e+00,        +0.00000000000000000e+00,        +0.00000000000000000e+00,        +0.00000000000000000e+00,        +0.00000000000000000e+00,        +0.00000000000000000e+00,        +0.00000000000000000e+00,        +0.00000000000000000e+00,        +0.00000000000000000e+00,        +0.00000000000000000e+00,        +0.00000000000000000e+00,        +0.00000000000000000e+00,        +0.00000000000000000e+00,        +0.00000000000000000e+00,        +0.00000000000000000e+00,        +0.00000000000000000e+00,        +0.00000000000000000e+00,        +0.00000000000000000e+00,        +0.00000000000000000e+00,        +0.00000000000000000e+00,        +0.00000000000000000e+00,        +0.00000000000000000e+00,        +0.00000000000000000e+00,        +0.00000000000000000e+00,        +0.00000000000000000e+00,        +0.00000000000000000e+00,        +0.00000000000000000e+00,        -1.08351332120847683e+07,        +0.00000000000000000e+00,        +0.00000000000000000e+00,        +0.00000000000000000e+00,        +0.00000000000000000e+00,        +0.00000000000000000e+00,        +0.00000000000000000e+00,        +0.00000000000000000e+00,        +0.00000000000000000e+00,        +0.00000000000000000e+00,        +0.00000000000000000e+00,        +0.00000000000000000e+00,        +0.00000000000000000e+00,        +0.00000000000000000e+00,        +0.00000000000000000e+00,        +0.00000000000000000e+00,        +0.00000000000000000e+00,        +0.00000000000000000e+00,        +0.00000000000000000e+00,        +0.00000000000000000e+00,        +0.00000000000000000e+00,        +0.00000000000000000e+00,        +0.00000000000000000e+00,        +0.00000000000000000e+00,        +0.00000000000000000e+00,        +0.00000000000000000e+00,        +0.00000000000000000e+00,        +0.00000000000000000e+00,        +0.00000000000000000e+00,        +0.00000000000000000e+00,        +0.00000000000000000e+00,        +0.00000000000000000e+00,        +0.00000000000000000e+00,        +0.00000000000000000e+00,        +0.00000000000000000e+00,        +0.00000000000000000e+00,        +0.00000000000000000e+00
        +0.00000000000000000e+00,        +0.00000000000000000e+00,        +3.96000083450169042e+07,        +2.49990482682156056e+08,        -2.50243045969507128e+08,        +4.16531288198069707e+07,        -3.00761266828833334e+07,        -1.19828678143881059e+09,        +4.87909101501774025e+09,        -5.54480024406512737e+09,        +1.35843344947081757e+10,        -5.14204380581827259e+09,        -1.50831848448793926e+10,        +1.77345819100873146e+10,        -9.69500127893455124e+09,        -6.62009109151301861e+09,        -3.02951428636244678e+09,        +1.84125351941243095e+10,        -1.72896528088175201e+10,        +1.36799821352725868e+10,        +8.50657824562268925e+09,        +1.66228219013451328e+10,        +0.00000000000000000e+00,        +0.00000000000000000e+00,        +0.00000000000000000e+00,        +0.00000000000000000e+00,        +0.00000000000000000e+00,        +0.00000000000000000e+00,        +0.00000000000000000e+00,        +0.00000000000000000e+00,        +0.00000000000000000e+00,        +0.00000000000000000e+00,        +0.00000000000000000e+00,        +0.00000000000000000e+00,        +0.00000000000000000e+00,        +0.00000000000000000e+00,        +0.00000000000000000e+00,        +0.00000000000000000e+00,        +0.00000000000000000e+00,        +0.00000000000000000e+00,        +0.00000000000000000e+00,        +0.00000000000000000e+00,        +0.00000000000000000e+00,        +0.00000000000000000e+00,        +0.00000000000000000e+00,        +0.00000000000000000e+00,        +0.00000000000000000e+00,        +0.00000000000000000e+00,        +0.00000000000000000e+00,        +0.00000000000000000e+00,        +0.00000000000000000e+00,        +0.00000000000000000e+00,        +0.00000000000000000e+00,        +0.00000000000000000e+00,        +0.00000000000000000e+00,        +0.00000000000000000e+00,        +0.00000000000000000e+00,        +0.00000000000000000e+00,        +0.00000000000000000e+00,        +0.00000000000000000e+00,        +0.00000000000000000e+00,        +0.00000000000000000e+00,        +0.00000000000000000e+00,        +0.00000000000000000e+00,        +0.00000000000000000e+00,        +0.00000000000000000e+00,        +0.00000000000000000e+00,        +0.00000000000000000e+00,        +0.00000000000000000e+00,        +0.00000000000000000e+00,        +0.00000000000000000e+00,        +0.00000000000000000e+00,        -4.86877939413377762e+09,        +0.00000000000000000e+00,        +0.00000000000000000e+00,        +0.00000000000000000e+00,        +0.00000000000000000e+00,        +0.00000000000000000e+00,        +0.00000000000000000e+00,        +0.00000000000000000e+00,        +0.00000000000000000e+00,        +0.00000000000000000e+00,        +0.00000000000000000e+00,        +0.00000000000000000e+00,        +0.00000000000000000e+00,        +0.00000000000000000e+00,        +0.00000000000000000e+00,        +0.00000000000000000e+00,        +0.00000000000000000e+00,        +0.00000000000000000e+00,        +0.00000000000000000e+00,        +0.00000000000000000e+00,        +0.00000000000000000e+00,        +0.00000000000000000e+00,        +0.00000000000000000e+00,        +0.00000000000000000e+00,        +0.00000000000000000e+00,        +0.00000000000000000e+00,        +0.00000000000000000e+00,        +0.00000000000000000e+00,        +0.00000000000000000e+00,        +0.00000000000000000e+00,        +0.00000000000000000e+00,        +0.00000000000000000e+00,        +0.00000000000000000e+00,        +0.00000000000000000e+00,        +0.00000000000000000e+00,        +0.00000000000000000e+00
        +0.00000000000000000e+00,        +0.00000000000000000e+00,        +4.19600620501164906e+06,        +1.57017947185171332e+05,        +4.84579558874080628e+07,        -1.74128041793011650e+07,        -2.45983967675114006e+08,        -4.43265125562574923e+08,        +3.81290805180505157e+08,        +7.54022551920338035e+08,        -3.68107164573371351e+08,        -1.13193403099097109e+09,        +2.16377196078366327e+09,        -1.59271179054355592e+08,        -1.82975926682110500e+09,        +8.59403238854783177e+08,        +1.20419148049923468e+09,        +6.66604333743748665e+09,        +1.19203916241318111e+10,        +5.25987772757383537e+09,        +1.53884935566358232e+09,        +1.58511482979016519e+09,        +0.00000000000000000e+00,        +0.00000000000000000e+00,        +0.00000000000000000e+00,        +0.00000000000000000e+00,        +0.00000000000000000e+00,        +0.00000000000000000e+00,        +0.00000000000000000e+00,        +0.00000000000000000e+00,        +0.00000000000000000e+00,        +0.00000000000000000e+00,        +0.00000000000000000e+00,        +0.00000000000000000e+00,        +0.00000000000000000e+00,        +0.00000000000000000e+00,        +0.00000000000000000e+00,        +0.00000000000000000e+00,        +0.00000000000000000e+00,        +0.00000000000000000e+00,        +0.00000000000000000e+00,        +0.00000000000000000e+00,        +0.00000000000000000e+00,        +0.00000000000000000e+00,        +0.00000000000000000e+00,        +0.00000000000000000e+00,        +0.00000000000000000e+00,        +0.00000000000000000e+00,        +0.00000000000000000e+00,        +0.00000000000000000e+00,        +0.00000000000000000e+00,        +0.00000000000000000e+00,        +0.00000000000000000e+00,        +0.00000000000000000e+00,        +0.00000000000000000e+00,        +0.00000000000000000e+00,        +0.00000000000000000e+00,        +0.00000000000000000e+00,        +0.00000000000000000e+00,        +0.00000000000000000e+00,        +0.00000000000000000e+00,        +0.00000000000000000e+00,        +0.00000000000000000e+00,        +0.00000000000000000e+00,        +0.00000000000000000e+00,        +0.00000000000000000e+00,        +0.00000000000000000e+00,        +0.00000000000000000e+00,        +0.00000000000000000e+00,        +0.00000000000000000e+00,        +0.00000000000000000e+00,        +0.00000000000000000e+00,        +0.00000000000000000e+00,        -4.86877939413377762e+09,        +0.00000000000000000e+00,        +0.00000000000000000e+00,        +0.00000000000000000e+00,        +0.00000000000000000e+00,        +0.00000000000000000e+00,        +0.00000000000000000e+00,        +0.00000000000000000e+00,        +0.00000000000000000e+00,        +0.00000000000000000e+00,        +0.00000000000000000e+00,        +0.00000000000000000e+00,        +0.00000000000000000e+00,        +0.00000000000000000e+00,        +0.00000000000000000e+00,        +0.00000000000000000e+00,        +0.00000000000000000e+00,        +0.00000000000000000e+00,        +0.00000000000000000e+00,        +0.00000000000000000e+00,        +0.00000000000000000e+00,        +0.00000000000000000e+00,        +0.00000000000000000e+00,        +0.00000000000000000e+00,        +0.00000000000000000e+00,        +0.00000000000000000e+00,        +0.00000000000000000e+00,        +0.00000000000000000e+00,        +0.00000000000000000e+00,        +0.00000000000000000e+00,        +0.00000000000000000e+00,        +0.00000000000000000e+00,        +0.00000000000000000e+00,        +0.00000000000000000e+00,        +0.00000000000000000e+00
        +0.00000000000000000e+00,        +0.00000000000000000e+00,        +4.81163671629991790e+05,        -1.96511719773519076e+07,        +1.44315603081749212e+07,        +5.15021212507791519e+07,        -1.00191554238997534e+08,        +6.23256206590649009e+08,        -9.18523136967034101e+08,        -3.55517428681367517e+08,        +2.45666384780040234e+08,        +4.50492040893994331e+08,        +6.62152010509474635e+08,        -1.00504659606706357e+09,        -7.38070323961183906e+08,        -2.25537559461114025e+09,        +2.03110674630674648e+09,        -3.65790564317174816e+09,        +9.94613880753274113e+07,        +3.62274651402156544e+09,        -1.43516100095289707e+09,        +2.75754635862541533e+09,        +0.00000000000000000e+00,        +0.00000000000000000e+00,        +0.00000000000000000e+00,        +0.00000000000000000e+00,        +0.00000000000000000e+00,        +0.00000000000000000e+00,        +0.00000000000000000e+00,        +0.00000000000000000e+00,        +0.00000000000000000e+00,        +0.00000000000000000e+00,        +0.00000000000000000e+00,        +0.00000000000000000e+00,        +0.00000000000000000e+00,        +0.00000000000000000e+00,        +0.00000000000000000e+00,        +0.00000000000000000e+00,        +0.00000000000000000e+00,        +0.00000000000000000e+00,        +0.00000000000000000e+00,        +0.00000000000000000e+00,        +0.00000000000000000e+00,        +0.00000000000000000e+00,        +0.00000000000000000e+00,        +0.00000000000000000e+00,        +0.00000000000000000e+00,        +0.00000000000000000e+00,        +0.00000000000000000e+00,        +0.00000000000000000e+00,        +0.00000000000000000e+00,        +0.00000000000000000e+00,        +0.00000000000000000e+00,        +0.00000000000000000e+00,        +0.00000000000000000e+00,        +0.00000000000000000e+00,        +0.00000000000000000e+00,        +0.00000000000000000e+00,        +0.00000000000000000e+00,        +0.00000000000000000e+00,        +0.00000000000000000e+00,        +0.00000000000000000e+00,        +0.00000000000000000e+00,        +0.00000000000000000e+00,        +0.00000000000000000e+00,        +0.00000000000000000e+00,        +0.00000000000000000e+00,        +0.00000000000000000e+00,        +0.00000000000000000e+00,        +0.00000000000000000e+00,        +0.00000000000000000e+00,        +0.00000000000000000e+00,        +0.00000000000000000e+00,        +0.00000000000000000e+00,        -4.86877939413377762e+09,        +0.00000000000000000e+00,        +0.00000000000000000e+00,        +0.00000000000000000e+00,        +0.00000000000000000e+00,        +0.00000000000000000e+00,        +0.00000000000000000e+00,        +0.00000000000000000e+00,        +0.00000000000000000e+00,        +0.00000000000000000e+00,        +0.00000000000000000e+00,        +0.00000000000000000e+00,        +0.00000000000000000e+00,        +0.00000000000000000e+00,        +0.00000000000000000e+00,        +0.00000000000000000e+00,        +0.00000000000000000e+00,        +0.00000000000000000e+00,        +0.00000000000000000e+00,        +0.00000000000000000e+00,        +0.00000000000000000e+00,        +0.00000000000000000e+00,        +0.00000000000000000e+00,        +0.00000000000000000e+00,        +0.00000000000000000e+00,        +0.00000000000000000e+00,        +0.00000000000000000e+00,        +0.00000000000000000e+00,        +0.00000000000000000e+00,        +0.00000000000000000e+00,        +0.00000000000000000e+00,        +0.00000000000000000e+00,        +0.00000000000000000e+00,        +0.00000000000000000e+00
        +0.00000000000000000e+00,        +0.00000000000000000e+00,        -1.85392967451285128e+06,        +9.91568584926300682e+06,        +9.53637986702006012e+07,        +5.43768093595126793e+07,        -4.04103014808964849e+08,        +3.76276601855597854e+08,        -2.06854997637995958e+08,        -3.47097284517436683e+08,        -3.29806869003339708e+08,        +3.51152210272877216e+08,        +4.33390104108877063e+08,        -3.04534669990332186e+08,        +5.83881490442011714e+08,        -5.53410178232090354e+08,        -5.02027958454548478e+08,        +9.44607296938907266e+08,        -3.38986667996820211e+08,        +2.08778892482463747e+08,        -1.04613448380763650e+09,        +6.20660541031495780e+07,        +0.00000000000000000e+00,        +0.00000000000000000e+00,        +0.00000000000000000e+00,        +0.00000000000000000e+00,        +0.00000000000000000e+00,        +0.00000000000000000e+00,        +0.00000000000000000e+00,        +0.00000000000000000e+00,        +0.00000000000000000e+00,        +0.00000000000000000e+00,        +0.00000000000000000e+00,        +0.00000000000000000e+00,        +0.00000000000000000e+00,        +0.00000000000000000e+00,        +0.00000000000000000e+00,        +0.00000000000000000e+00,        +0.00000000000000000e+00,        +0.00000000000000000e+00,        +0.00000000000000000e+00,        +0.00000000000000000e+00,        +0.00000000000000000e+00,        +0.00000000000000000e+00,        +0.00000000000000000e+00,        +0.00000000000000000e+00,        +0.00000000000000000e+00,        +0.00000000000000000e+00,        +0.00000000000000000e+00,        +0.00000000000000000e+00,        +0.00000000000000000e+00,        +0.00000000000000000e+00,        +0.00000000000000000e+00,        +0.00000000000000000e+00,        +0.00000000000000000e+00,        +0.00000000000000000e+00,        +0.00000000000000000e+00,        +0.00000000000000000e+00,        +0.00000000000000000e+00,        +0.00000000000000000e+00,        +0.00000000000000000e+00,        +0.00000000000000000e+00,        +0.00000000000000000e+00,        +0.00000000000000000e+00,        +0.00000000000000000e+00,        +0.00000000000000000e+00,        +0.00000000000000000e+00,        +0.00000000000000000e+00,        +0.00000000000000000e+00,        +0.00000000000000000e+00,        +0.00000000000000000e+00,        +0.00000000000000000e+00,        +0.00000000000000000e+00,        +0.00000000000000000e+00,        +0.00000000000000000e+00,        -4.86877939413377762e+09,        +0.00000000000000000e+00,        +0.00000000000000000e+00,        +0.00000000000000000e+00,        +0.00000000000000000e+00,        +0.00000000000000000e+00,        +0.00000000000000000e+00,        +0.00000000000000000e+00,        +0.00000000000000000e+00,        +0.00000000000000000e+00,        +0.00000000000000000e+00,        +0.00000000000000000e+00,        +0.00000000000000000e+00,        +0.00000000000000000e+00,        +0.00000000000000000e+00,        +0.00000000000000000e+00,        +0.00000000000000000e+00,        +0.00000000000000000e+00,        +0.00000000000000000e+00,        +0.00000000000000000e+00,        +0.00000000000000000e+00,        +0.00000000000000000e+00,        +0.00000000000000000e+00,        +0.00000000000000000e+00,        +0.00000000000000000e+00,        +0.00000000000000000e+00,        +0.00000000000000000e+00,        +0.00000000000000000e+00,        +0.00000000000000000e+00,        +0.00000000000000000e+00,        +0.00000000000000000e+00,        +0.00000000000000000e+00,        +0.00000000000000000e+00
        -0.00000000000000000e+00,        -0.00000000000000000e+00,        +3.02144947875452740e+06,        +7.15293927814793587e+06,        +1.02243791092635654e+07,        +9.29367966323425435e+06,        -5.91046820019380897e+07,        +1.72855788022259884e+07,        +8.88208256499936432e+07,        -5.34743208602544665e+07,        -1.04749725487158418e+08,        -4.56279063005893677e+07,        +1.82764536348510712e+08,        -1.46837382356086642e+08,        -1.02779098945646608e+09,        +1.94934237332704306e+08,        -1.82997859878466278e+08,        +2.97098532481811196e+07,        -1.01520318508403018e+08,        -1.26157841552985564e+08,        -3.89847235055778086e+08,        -3.91085024785479009e+07,        +0.00000000000000000e+00,        +0.00000000000000000e+00,        +0.00000000000000000e+00,        +0.00000000000000000e+00,        +0.00000000000000000e+00,        +0.00000000000000000e+00,        +0.00000000000000000e+00,        +0.00000000000000000e+00,        +0.00000000000000000e+00,        +0.00000000000000000e+00,        +0.00000000000000000e+00,        +0.00000000000000000e+00,        +0.00000000000000000e+00,        +0.00000000000000000e+00,        +0.00000000000000000e+00,        +0.00000000000000000e+00,        +0.00000000000000000e+00,        +0.00000000000000000e+00,        +0.00000000000000000e+00,        +0.00000000000000000e+00,        +0.00000000000000000e+00,        +0.00000000000000000e+00,        +0.00000000000000000e+00,        +0.00000000000000000e+00,        +0.00000000000000000e+00,        +0.00000000000000000e+00,        +0.00000000000000000e+00,        +0.00000000000000000e+00,        +0.00000000000000000e+00,        +0.00000000000000000e+00,        +0.00000000000000000e+00,        +0.00000000000000000e+00,        +0.00000000000000000e+00,        +0.00000000000000000e+00,        +0.00000000000000000e+00,        +0.00000000000000000e+00,        +0.00000000000000000e+00,        +0.00000000000000000e+00,        +0.00000000000000000e+00,        +0.00000000000000000e+00,        +0.00000000000000000e+00,        +0.00000000000000000e+00,        +0.00000000000000000e+00,        +0.00000000000000000e+00,        +0.00000000000000000e+00,        +0.00000000000000000e+00,        +0.00000000000000000e+00,        +0.00000000000000000e+00,        +0.00000000000000000e+00,        +0.00000000000000000e+00,        +0.00000000000000000e+00,        +0.00000000000000000e+00,        +0.00000000000000000e+00,        +0.00000000000000000e+00,        -4.86877939413377762e+09,        +0.00000000000000000e+00,        +0.00000000000000000e+00,        +0.00000000000000000e+00,        +0.00000000000000000e+00,        +0.00000000000000000e+00,        +0.00000000000000000e+00,        +0.00000000000000000e+00,        +0.00000000000000000e+00,        +0.00000000000000000e+00,        +0.00000000000000000e+00,        +0.00000000000000000e+00,        +0.00000000000000000e+00,        +0.00000000000000000e+00,        +0.00000000000000000e+00,        +0.00000000000000000e+00,        +0.00000000000000000e+00,        +0.00000000000000000e+00,        +0.00000000000000000e+00,        +0.00000000000000000e+00,        +0.00000000000000000e+00,        +0.00000000000000000e+00,        +0.00000000000000000e+00,        +0.00000000000000000e+00,        +0.00000000000000000e+00,        +0.00000000000000000e+00,        +0.00000000000000000e+00,        +0.00000000000000000e+00,        +0.00000000000000000e+00,        +0.00000000000000000e+00,        +0.00000000000000000e+00,        +0.00000000000000000e+00
        +0.00000000000000000e+00,        +0.00000000000000000e+00,        +2.82312728646155272e+05,        +6.79079749286963139e+06,        -1.14847970356501155e+07,        -2.22784482806715043e+06,        +4.02297033417968675e+07,        -2.53630746685480364e+07,        +1.66996015967710644e+08,        -7.47644220185257047e+07,        -9.63741129075683802e+07,        +2.01394892415474802e+07,        +2.68875549935132870e+06,        -5.12122487314217314e+07,        +5.43464917594186887e+07,        +1.08025064474381864e+08,        -3.04854856966618180e+08,        -1.11481252159027383e+08,        +3.52385876380408416e+06,        +1.64568748608373374e+08,        +7.20889059499346316e+07,        +4.00665150100174844e+07,        +0.00000000000000000e+00,        +0.00000000000000000e+00,        +0.00000000000000000e+00,        +0.00000000000000000e+00,        +0.00000000000000000e+00,        +0.00000000000000000e+00,        +0.00000000000000000e+00,        +0.00000000000000000e+00,        +0.00000000000000000e+00,        +0.00000000000000000e+00,        +0.00000000000000000e+00,        +0.00000000000000000e+00,        +0.00000000000000000e+00,        +0.00000000000000000e+00,        +0.00000000000000000e+00,        +0.00000000000000000e+00,        +0.00000000000000000e+00,        +0.00000000000000000e+00,        +0.00000000000000000e+00,        +0.00000000000000000e+00,        +0.00000000000000000e+00,        +0.00000000000000000e+00,        +0.00000000000000000e+00,        +0.00000000000000000e+00,        +0.00000000000000000e+00,        +0.00000000000000000e+00,        +0.00000000000000000e+00,        +0.00000000000000000e+00,        +0.00000000000000000e+00,        +0.00000000000000000e+00,        +0.00000000000000000e+00,        +0.00000000000000000e+00,        +0.00000000000000000e+00,        +0.00000000000000000e+00,        +0.00000000000000000e+00,        +0.00000000000000000e+00,        +0.00000000000000000e+00,        +0.00000000000000000e+00,        +0.00000000000000000e+00,        +0.00000000000000000e+00,        +0.00000000000000000e+00,        +0.00000000000000000e+00,        +0.00000000000000000e+00,        +0.00000000000000000e+00,        +0.00000000000000000e+00,        +0.00000000000000000e+00,        +0.00000000000000000e+00,        +0.00000000000000000e+00,        +0.00000000000000000e+00,        +0.00000000000000000e+00,        +0.00000000000000000e+00,        +0.00000000000000000e+00,        +0.00000000000000000e+00,        +0.00000000000000000e+00,        +0.00000000000000000e+00,        -4.86877939413377762e+09,        +0.00000000000000000e+00,        +0.00000000000000000e+00,        +0.00000000000000000e+00,        +0.00000000000000000e+00,        +0.00000000000000000e+00,        +0.00000000000000000e+00,        +0.00000000000000000e+00,        +0.00000000000000000e+00,        +0.00000000000000000e+00,        +0.00000000000000000e+00,        +0.00000000000000000e+00,        +0.00000000000000000e+00,        +0.00000000000000000e+00,        +0.00000000000000000e+00,        +0.00000000000000000e+00,        +0.00000000000000000e+00,        +0.00000000000000000e+00,        +0.00000000000000000e+00,        +0.00000000000000000e+00,        +0.00000000000000000e+00,        +0.00000000000000000e+00,        +0.00000000000000000e+00,        +0.00000000000000000e+00,        +0.00000000000000000e+00,        +0.00000000000000000e+00,        +0.00000000000000000e+00,        +0.00000000000000000e+00,        +0.00000000000000000e+00,        +0.00000000000000000e+00,        +0.00000000000000000e+00
        -0.00000000000000000e+00,        -0.00000000000000000e+00,        -2.79318413691008172e+05,        -4.01109658809690224e+06,        +1.63595960060533776e+05,        -2.33410378053257102e+06,        +1.09895954553712532e+06,        -2.93019536404000185e+07,        -2.29565202807082273e+07,        +2.22040079988913946e+07,        +5.25803298559172824e+07,        -3.49313195174834356e+07,        +6.36139342250475194e+06,        +1.89909744674420685e+08,        +5.08155685617373735e+07,        +8.39702646608700007e+07,        -5.95661426824412122e+07,        -6.35683984839917570e+07,        +7.40419602507491857e+07,        -5.21668180283661485e+07,        -1.68795791324876755e+08,        +9.04486513795196265e+07,        +0.00000000000000000e+00,        +0.00000000000000000e+00,        +0.00000000000000000e+00,        +0.00000000000000000e+00,        +0.00000000000000000e+00,        +0.00000000000000000e+00,        +0.00000000000000000e+00,        +0.00000000000000000e+00,        +0.00000000000000000e+00,        +0.00000000000000000e+00,        +0.00000000000000000e+00,        +0.00000000000000000e+00,        +0.00000000000000000e+00,        +0.00000000000000000e+00,        +0.00000000000000000e+00,        +0.00000000000000000e+00,        +0.00000000000000000e+00,        +0.00000000000000000e+00,        +0.00000000000000000e+00,        +0.00000000000000000e+00,        +0.00000000000000000e+00,        +0.00000000000000000e+00,        +0.00000000000000000e+00,        +0.00000000000000000e+00,        +0.00000000000000000e+00,        +0.00000000000000000e+00,        +0.00000000000000000e+00,        +0.00000000000000000e+00,        +0.00000000000000000e+00,        +0.00000000000000000e+00,        +0.00000000000000000e+00,        +0.00000000000000000e+00,        +0.00000000000000000e+00,        +0.00000000000000000e+00,        +0.00000000000000000e+00,        +0.00000000000000000e+00,        +0.00000000000000000e+00,        +0.00000000000000000e+00,        +0.00000000000000000e+00,        +0.00000000000000000e+00,        +0.00000000000000000e+00,        +0.00000000000000000e+00,        +0.00000000000000000e+00,        +0.00000000000000000e+00,        +0.00000000000000000e+00,        +0.00000000000000000e+00,        +0.00000000000000000e+00,        +0.00000000000000000e+00,        +0.00000000000000000e+00,        +0.00000000000000000e+00,        +0.00000000000000000e+00,        +0.00000000000000000e+00,        +0.00000000000000000e+00,        +0.00000000000000000e+00,        +0.00000000000000000e+00,        +0.00000000000000000e+00,        -4.86877939413377762e+09,        +0.00000000000000000e+00,        +0.00000000000000000e+00,        +0.00000000000000000e+00,        +0.00000000000000000e+00,        +0.00000000000000000e+00,        +0.00000000000000000e+00,        +0.00000000000000000e+00,        +0.00000000000000000e+00,        +0.00000000000000000e+00,        +0.00000000000000000e+00,        +0.00000000000000000e+00,        +0.00000000000000000e+00,        +0.00000000000000000e+00,        +0.00000000000000000e+00,        +0.00000000000000000e+00,        +0.00000000000000000e+00,        +0.00000000000000000e+00,        +0.00000000000000000e+00,        +0.00000000000000000e+00,        +0.00000000000000000e+00,        +0.00000000000000000e+00,        +0.00000000000000000e+00,        +0.00000000000000000e+00,        +0.00000000000000000e+00,        +0.00000000000000000e+00,        +0.00000000000000000e+00,        +0.00000000000000000e+00,        +0.00000000000000000e+00,        +0.00000000000000000e+00
        -0.00000000000000000e+00,        -0.00000000000000000e+00,        -6.89437847162178696e+03,        +1.26262062265953107e+05,        +5.29393960800184309e+06,        +4.53228147841825802e+06,        -2.47696164666874483e+07,        +1.68936114064084142e+07,        -8.91651914365018345e+06,        -7.21082111020136997e+06,        +2.45107822277066857e+07,        +1.54775662253949903e+07,        +6.47903606709703058e+07,        -4.31085703836686760e+07,        -6.95316964495327231e+06,        -5.04292794923043400e+07,        -5.33104588111319244e+07,        -3.58771106105864514e+06,        +2.54976882588565238e+07,        -1.24282374643715873e+08,        +7.83408753031124175e+07,        +1.49819139957647771e+08,        +0.00000000000000000e+00,        +0.00000000000000000e+00,        +0.00000000000000000e+00,        +0.00000000000000000e+00,        +0.00000000000000000e+00,        +0.00000000000000000e+00,        +0.00000000000000000e+00,        +0.00000000000000000e+00,        +0.00000000000000000e+00,        +0.00000000000000000e+00,        +0.00000000000000000e+00,        +0.00000000000000000e+00,        +0.00000000000000000e+00,        +0.00000000000000000e+00,        +0.00000000000000000e+00,        +0.00000000000000000e+00,        +0.00000000000000000e+00,        +0.00000000000000000e+00,        +0.00000000000000000e+00,        +0.00000000000000000e+00,        +0.00000000000000000e+00,        +0.00000000000000000e+00,        +0.00000000000000000e+00,        +0.00000000000000000e+00,        +0.00000000000000000e+00,        +0.00000000000000000e+00,        +0.00000000000000000e+00,        +0.00000000000000000e+00,        +0.00000000000000000e+00,        +0.00000000000000000e+00,        +0.00000000000000000e+00,        +0.00000000000000000e+00,        +0.00000000000000000e+00,        +0.00000000000000000e+00,        +0.00000000000000000e+00,        +0.00000000000000000e+00,        +0.00000000000000000e+00,        +0.00000000000000000e+00,        +0.00000000000000000e+00,        +0.00000000000000000e+00,        +0.00000000000000000e+00,        +0.00000000000000000e+00,        +0.00000000000000000e+00,        +0.00000000000000000e+00,        +0.00000000000000000e+00,        +0.00000000000000000e+00,        +0.00000000000000000e+00,        +0.00000000000000000e+00,        +0.00000000000000000e+00,        +0.00000000000000000e+00,        +0.00000000000000000e+00,        +0.00000000000000000e+00,        +0.00000000000000000e+00,        +0.00000000000000000e+00,        +0.00000000000000000e+00,        +0.00000000000000000e+00,        +0.00000000000000000e+00,        -4.86877939413377762e+09,        +0.00000000000000000e+00,        +0.00000000000000000e+00,        +0.00000000000000000e+00,        +0.00000000000000000e+00,        +0.00000000000000000e+00,        +0.00000000000000000e+00,        +0.00000000000000000e+00,        +0.00000000000000000e+00,        +0.00000000000000000e+00,        +0.00000000000000000e+00,        +0.00000000000000000e+00,        +0.00000000000000000e+00,        +0.00000000000000000e+00,        +0.00000000000000000e+00,        +0.00000000000000000e+00,        +0.00000000000000000e+00,        +0.00000000000000000e+00,        +0.00000000000000000e+00,        +0.00000000000000000e+00,        +0.00000000000000000e+00,        +0.00000000000000000e+00,        +0.00000000000000000e+00,        +0.00000000000000000e+00,        +0.00000000000000000e+00,        +0.00000000000000000e+00,        +0.00000000000000000e+00,        +0.00000000000000000e+00,        +0.00000000000000000e+00
        +0.00000000000000000e+00,        +0.00000000000000000e+00,        -5.03387142156528280e+04,        -1.40601942183489562e+06,        -1.56476013429447543e+07,        -4.53757902026324067e+06,        +6.05467529660318345e+07,        -5.48613847285848577e+06,        +8.52135680726462603e+06,        +7.66985352410332263e+07,        +9.17705907285468429e+07,        +1.95800275682039559e+07,        +9.58892422466903478e+07,        -2.32542202023940943e+07,        +1.25569897217564154e+07,        +3.59409591523314565e+07,        -5.00513246622532140e+06,        +2.01538479941101223e+07,        -4.15232754177821949e+07,        +3.14010054419357963e+07,        -1.96411090898041544e+06,        -4.15218538467153814e+06,        +0.00000000000000000e+00,        +0.00000000000000000e+00,        +0.00000000000000000e+00,        +0.00000000000000000e+00,        +0.00000000000000000e+00,        +0.00000000000000000e+00,        +0.00000000000000000e+00,        +0.00000000000000000e+00,        +0.00000000000000000e+00,        +0.00000000000000000e+00,        +0.00000000000000000e+00,        +0.00000000000000000e+00,        +0.00000000000000000e+00,        +0.00000000000000000e+00,        +0.00000000000000000e+00,        +0.00000000000000000e+00,        +0.00000000000000000e+00,        +0.00000000000000000e+00,        +0.00000000000000000e+00,        +0.00000000000000000e+00,        +0.00000000000000000e+00,        +0.00000000000000000e+00,        +0.00000000000000000e+00,        +0.00000000000000000e+00,        +0.00000000000000000e+00,        +0.00000000000000000e+00,        +0.00000000000000000e+00,        +0.00000000000000000e+00,        +0.00000000000000000e+00,        +0.00000000000000000e+00,        +0.00000000000000000e+00,        +0.00000000000000000e+00,        +0.00000000000000000e+00,        +0.00000000000000000e+00,        +0.00000000000000000e+00,        +0.00000000000000000e+00,        +0.00000000000000000e+00,        +0.00000000000000000e+00,        +0.00000000000000000e+00,        +0.00000000000000000e+00,        +0.00000000000000000e+00,        +0.00000000000000000e+00,        +0.00000000000000000e+00,        +0.00000000000000000e+00,        +0.00000000000000000e+00,        +0.00000000000000000e+00,        +0.00000000000000000e+00,        +0.00000000000000000e+00,        +0.00000000000000000e+00,        +0.00000000000000000e+00,        +0.00000000000000000e+00,        +0.00000000000000000e+00,        +0.00000000000000000e+00,        +0.00000000000000000e+00,        +0.00000000000000000e+00,        +0.00000000000000000e+00,        +0.00000000000000000e+00,        +0.00000000000000000e+00,        -4.86877939413377762e+09,        +0.00000000000000000e+00,        +0.00000000000000000e+00,        +0.00000000000000000e+00,        +0.00000000000000000e+00,        +0.00000000000000000e+00,        +0.00000000000000000e+00,        +0.00000000000000000e+00,        +0.00000000000000000e+00,        +0.00000000000000000e+00,        +0.00000000000000000e+00,        +0.00000000000000000e+00,        +0.00000000000000000e+00,        +0.00000000000000000e+00,        +0.00000000000000000e+00,        +0.00000000000000000e+00,        +0.00000000000000000e+00,        +0.00000000000000000e+00,        +0.00000000000000000e+00,        +0.00000000000000000e+00,        +0.00000000000000000e+00,        +0.00000000000000000e+00,        +0.00000000000000000e+00,        +0.00000000000000000e+00,        +0.00000000000000000e+00,        +0.00000000000000000e+00,        +0.00000000000000000e+00,        +0.00000000000000000e+00
        -0.00000000000000000e+00,        -0.00000000000000000e+00,        -3.90093314483909708e+04,        +4.80066892795177875e+05,        +2.06809104186805896e+06,        -1.50150895740201361e+07,        +3.29191555930001568e+06,        -8.84699224237510748e+06,        -5.41972763807712793e+07,        -1.73913875329837874e+07,        -3.88881093591637071e+06,        +2.41845933430005610e+07,        -2.83487294261917211e+07,        -3.47108044058224484e+07,        +5.95962949541230965e+06,        +7.00104860883083493e+07,        +1.20874925962596219e+07,        +1.41984074704562649e+07,        -1.08104350129185878e+07,        +5.74381842945908196e+06,        -8.84017118879459100e+05,        +3.38199184532419667e+07,        +0.00000000000000000e+00,        +0.00000000000000000e+00,        +0.00000000000000000e+00,        +0.00000000000000000e+00,        +0.00000000000000000e+00,        +0.00000000000000000e+00,        +0.00000000000000000e+00,        +0.00000000000000000e+00,        +0.00000000000000000e+00,        +0.00000000000000000e+00,        +0.00000000000000000e+00,        +0.00000000000000000e+00,        +0.00000000000000000e+00,        +0.00000000000000000e+00,        +0.00000000000000000e+00,        +0.00000000000000000e+00,        +0.00000000000000000e+00,        +0.00000000000000000e+00,        +0.00000000000000000e+00,        +0.00000000000000000e+00,        +0.00000000000000000e+00,        +0.00000000000000000e+00,        +0.00000000000000000e+00,        +0.00000000000000000e+00,        +0.00000000000000000e+00,        +0.00000000000000000e+00,        +0.00000000000000000e+00,        +0.00000000000000000e+00,        +0.00000000000000000e+00,        +0.00000000000000000e+00,        +0.00000000000000000e+00,        +0.00000000000000000e+00,        +0.00000000000000000e+00,        +0.00000000000000000e+00,        +0.00000000000000000e+00,        +0.00000000000000000e+00,        +0.00000000000000000e+00,        +0.00000000000000000e+00,        +0.00000000000000000e+00,        +0.00000000000000000e+00,        +0.00000000000000000e+00,        +0.00000000000000000e+00,        +0.00000000000000000e+00,        +0.00000000000000000e+00,        +0.00000000000000000e+00,        +0.00000000000000000e+00,        +0.00000000000000000e+00,        +0.00000000000000000e+00,        +0.00000000000000000e+00,        +0.00000000000000000e+00,        +0.00000000000000000e+00,        +0.00000000000000000e+00,        +0.00000000000000000e+00,        +0.00000000000000000e+00,        +0.00000000000000000e+00,        +0.00000000000000000e+00,        +0.00000000000000000e+00,        +0.00000000000000000e+00,        +0.00000000000000000e+00,        -4.86877939413377762e+09,        +0.00000000000000000e+00,        +0.00000000000000000e+00,        +0.00000000000000000e+00,        +0.00000000000000000e+00,        +0.00000000000000000e+00,        +0.00000000000000000e+00,        +0.00000000000000000e+00,        +0.00000000000000000e+00,        +0.00000000000000000e+00,        +0.00000000000000000e+00,        +0.00000000000000000e+00,        +0.00000000000000000e+00,        +0.00000000000000000e+00,        +0.00000000000000000e+00,        +0.00000000000000000e+00,        +0.00000000000000000e+00,        +0.00000000000000000e+00,        +0.00000000000000000e+00,        +0.00000000000000000e+00,        +0.00000000000000000e+00,        +0.00000000000000000e+00,        +0.00000000000000000e+00,        +0.00000000000000000e+00,        +0.00000000000000000e+00,        +0.00000000000000000e+00,        +0.00000000000000000e+00
        +0.00000000000000000e+00,        +0.00000000000000000e+00,        +1.21322016437350030e+05,        +7.90871414829531917e+05,        -8.99874782014108263e+06,        -2.84497931873809965e+06,        +2.22670553247382939e+07,        +1.44528900649683177e+07,        +4.14719006707285568e+07,        -2.80884566925773658e+07,        +3.78006950003986135e+07,        +6.49325296410440803e+07,        -2.98476855686782189e+07,        -8.33970168215139396e+06,        -3.00926495229023136e+06,        -5.38679892766492907e+06,        +9.78754182421068847e+06,        -4.83477843970578222e+05,        +2.32405762422898225e+07,        -1.57051399990677908e+07,        -1.82142208275429830e+07,        -4.75371117379574757e+06,        +0.00000000000000000e+00,        +0.00000000000000000e+00,        +0.00000000000000000e+00,        +0.00000000000000000e+00,        +0.00000000000000000e+00,        +0.00000000000000000e+00,        +0.00000000000000000e+00,        +0.00000000000000000e+00,        +0.00000000000000000e+00,        +0.00000000000000000e+00,        +0.00000000000000000e+00,        +0.00000000000000000e+00,        +0.00000000000000000e+00,        +0.00000000000000000e+00,        +0.00000000000000000e+00,        +0.00000000000000000e+00,        +0.00000000000000000e+00,        +0.00000000000000000e+00,        +0.00000000000000000e+00,        +0.00000000000000000e+00,        +0.00000000000000000e+00,        +0.00000000000000000e+00,        +0.00000000000000000e+00,        +0.00000000000000000e+00,        +0.00000000000000000e+00,        +0.00000000000000000e+00,        +0.00000000000000000e+00,        +0.00000000000000000e+00,        +0.00000000000000000e+00,        +0.00000000000000000e+00,        +0.00000000000000000e+00,        +0.00000000000000000e+00,        +0.00000000000000000e+00,        +0.00000000000000000e+00,        +0.00000000000000000e+00,        +0.00000000000000000e+00,        +0.00000000000000000e+00,        +0.00000000000000000e+00,        +0.00000000000000000e+00,        +0.00000000000000000e+00,        +0.00000000000000000e+00,        +0.00000000000000000e+00,        +0.00000000000000000e+00,        +0.00000000000000000e+00,        +0.00000000000000000e+00,        +0.00000000000000000e+00,        +0.00000000000000000e+00,        +0.00000000000000000e+00,        +0.00000000000000000e+00,        +0.00000000000000000e+00,        +0.00000000000000000e+00,        +0.00000000000000000e+00,        +0.00000000000000000e+00,        +0.00000000000000000e+00,        +0.00000000000000000e+00,        +0.00000000000000000e+00,        +0.00000000000000000e+00,        +0.00000000000000000e+00,        +0.00000000000000000e+00,        +0.00000000000000000e+00,        -4.86877939413377762e+09,        +0.00000000000000000e+00,        +0.00000000000000000e+00,        +0.00000000000000000e+00,        +0.00000000000000000e+00,        +0.00000000000000000e+00,        +0.00000000000000000e+00,        +0.00000000000000000e+00,        +0.00000000000000000e+00,        +0.00000000000000000e+00,        +0.00000000000000000e+00,        +0.00000000000000000e+00,        +0.00000000000000000e+00,        +0.00000000000000000e+00,        +0.00000000000000000e+00,        +0.00000000000000000e+00,        +0.00000000000000000e+00,        +0.00000000000000000e+00,        +0.00000000000000000e+00,        +0.00000000000000000e+00,        +0.00000000000000000e+00,        +0.00000000000000000e+00,        +0.00000000000000000e+00,        +0.00000000000000000e+00,        +0.00000000000000000e+00,        +0.00000000000000000e+00
        +0.00000000000000000e+00,        +0.00000000000000000e+00,        +5.92484829749093988e+04,        +2.77043243216327019e+06,        +5.47695805696538370e+06,        +1.93618517318836809e+06,        -1.25767335501860417e+07,        +1.62413933794893324e+07,        -2.65278693999630213e+07,        +2.88005051665894920e+06,        +5.33307695003456529e+06,        +2.72885519114128947e+07,        +5.40444185435147863e+06,        +2.03703314570335932e+07,        -9.49858841176112741e+06,        -1.59746804996222258e+06,        -1.54969654166433048e+07,        -6.78424805769897904e+06,        +3.61904387845880771e+06,        +7.67517836688102596e+06,        +1.57327971328618098e+07,        -1.49038807552046813e+07,        +0.00000000000000000e+00,        +0.00000000000000000e+00,        +0.00000000000000000e+00,        +0.00000000000000000e+00,        +0.00000000000000000e+00,        +0.00000000000000000e+00,        +0.00000000000000000e+00,        +0.00000000000000000e+00,        +0.00000000000000000e+00,        +0.00000000000000000e+00,        +0.00000000000000000e+00,        +0.00000000000000000e+00,        +0.00000000000000000e+00,        +0.00000000000000000e+00,        +0.00000000000000000e+00,        +0.00000000000000000e+00,        +0.00000000000000000e+00,        +0.00000000000000000e+00,        +0.00000000000000000e+00,        +0.00000000000000000e+00,        +0.00000000000000000e+00,        +0.00000000000000000e+00,        +0.00000000000000000e+00,        +0.00000000000000000e+00,        +0.00000000000000000e+00,        +0.00000000000000000e+00,        +0.00000000000000000e+00,        +0.00000000000000000e+00,        +0.00000000000000000e+00,        +0.00000000000000000e+00,        +0.00000000000000000e+00,        +0.00000000000000000e+00,        +0.00000000000000000e+00,        +0.00000000000000000e+00,        +0.00000000000000000e+00,        +0.00000000000000000e+00,        +0.00000000000000000e+00,        +0.00000000000000000e+00,        +0.00000000000000000e+00,        +0.00000000000000000e+00,        +0.00000000000000000e+00,        +0.00000000000000000e+00,        +0.00000000000000000e+00,        +0.00000000000000000e+00,        +0.00000000000000000e+00,        +0.00000000000000000e+00,        +0.00000000000000000e+00,        +0.00000000000000000e+00,        +0.00000000000000000e+00,        +0.00000000000000000e+00,        +0.00000000000000000e+00,        +0.00000000000000000e+00,        +0.00000000000000000e+00,        +0.00000000000000000e+00,        +0.00000000000000000e+00,        +0.00000000000000000e+00,        +0.00000000000000000e+00,        +0.00000000000000000e+00,        +0.00000000000000000e+00,        +0.00000000000000000e+00,        +0.00000000000000000e+00,        -4.86877939413377762e+09,        +0.00000000000000000e+00,        +0.00000000000000000e+00,        +0.00000000000000000e+00,        +0.00000000000000000e+00,        +0.00000000000000000e+00,        +0.00000000000000000e+00,        +0.00000000000000000e+00,        +0.00000000000000000e+00,        +0.00000000000000000e+00,        +0.00000000000000000e+00,        +0.00000000000000000e+00,        +0.00000000000000000e+00,        +0.00000000000000000e+00,        +0.00000000000000000e+00,        +0.00000000000000000e+00,        +0.00000000000000000e+00,        +0.00000000000000000e+00,        +0.00000000000000000e+00,        +0.00000000000000000e+00,        +0.00000000000000000e+00,        +0.00000000000000000e+00,        +0.00000000000000000e+00,        +0.00000000000000000e+00,        +0.00000000000000000e+00
        +0.00000000000000000e+00,        +0.00000000000000000e+00,        +1.25034325694112256e+07,        +7.89327900130160451e+07,        -7.90125351485571712e+07,        +1.31516913573830593e+07,        -9.49633188589523546e+06,        -3.78350879121022522e+08,        +1.54053971339556885e+09,        -1.75073286244009805e+09,        +4.28916097378256941e+09,        -1.62356526379615808e+09,        -4.76241274993686581e+09,        +5.59957329118543148e+09,        -3.06113053551332474e+09,        -2.09024861421547818e+09,        -9.56548475131000638e+08,        +5.81363241709049225e+09,        -5.45908996180260658e+09,        +4.31936106398964405e+09,        +2.68589406759425068e+09,        +5.24854265044504547e+09,        +0.00000000000000000e+00,        +0.00000000000000000e+00,        +0.00000000000000000e+00,        +0.00000000000000000e+00,        +0.00000000000000000e+00,        +0.00000000000000000e+00,        +0.00000000000000000e+00,        +0.00000000000000000e+00,        +0.00000000000000000e+00,        +0.00000000000000000e+00,        +0.00000000000000000e+00,        +0.00000000000000000e+00,        +0.00000000000000000e+00,        +0.00000000000000000e+00,        +0.00000000000000000e+00,        +0.00000000000000000e+00,        +0.00000000000000000e+00,        +0.00000000000000000e+00,        +0.00000000000000000e+00,        +0.00000000000000000e+00,        +0.00000000000000000e+00,        +0.00000000000000000e+00,        +0.00000000000000000e+00,        +0.00000000000000000e+00,        +0.00000000000000000e+00,        +0.00000000000000000e+00,        +0.00000000000000000e+00,        +0.00000000000000000e+00,        +0.00000000000000000e+00,        +0.00000000000000000e+00,        +0.00000000000000000e+00,        +0.00000000000000000e+00,        +0.00000000000000000e+00,        +0.00000000000000000e+00,        +0.00000000000000000e+00,        +0.00000000000000000e+00,        +0.00000000000000000e+00,        +0.00000000000000000e+00,        +0.00000000000000000e+00,        +0.00000000000000000e+00,        +0.00000000000000000e+00,        +0.00000000000000000e+00,        +0.00000000000000000e+00,        +0.00000000000000000e+00,        +0.00000000000000000e+00,        +0.00000000000000000e+00,        +0.00000000000000000e+00,        +0.00000000000000000e+00,        +0.00000000000000000e+00,        +0.00000000000000000e+00,        +0.00000000000000000e+00,        +0.00000000000000000e+00,        +0.00000000000000000e+00,        +0.00000000000000000e+00,        +0.00000000000000000e+00,        +0.00000000000000000e+00,        +0.00000000000000000e+00,        +0.00000000000000000e+00,        +0.00000000000000000e+00,        +0.00000000000000000e+00,        +0.00000000000000000e+00,        +0.00000000000000000e+00,        -6.38865192107201934e+08,        +0.00000000000000000e+00,        +0.00000000000000000e+00,        +0.00000000000000000e+00,        +0.00000000000000000e+00,        +0.00000000000000000e+00,        +0.00000000000000000e+00,        +0.00000000000000000e+00,        +0.00000000000000000e+00,        +0.00000000000000000e+00,        +0.00000000000000000e+00,        +0.00000000000000000e+00,        +0.00000000000000000e+00,        +0.00000000000000000e+00,        +0.00000000000000000e+00,        +0.00000000000000000e+00,        +0.00000000000000000e+00,        +0.00000000000000000e+00,        +0.00000000000000000e+00,        +0.00000000000000000e+00,        +0.00000000000000000e+00,        +0.00000000000000000e+00,        +0.00000000000000000e+00,        +0.00000000000000000e+00
        +0.00000000000000000e+00,        +0.00000000000000000e+00,        +1.32486034316192614e+06,        +4.95773459872063686e+04,        +1.53002690961794443e+07,        -5.49797416716077551e+06,        -7.76677602233142853e+07,        -1.39957940401309997e+08,        +1.20389971395318449e+08,        +2.38077478459362060e+08,        -1.16227326783871248e+08,        -3.57400450681935310e+08,        +6.83196240049420953e+08,        -5.02887885832314491e+07,        -5.77734009842245698e+08,        +2.71350711680002868e+08,        +3.80215247580277324e+08,        +2.10475772247938871e+09,        +3.76378236021411657e+09,        +1.66077052098255849e+09,        +4.85881189351888120e+08,        +5.00489197284451127e+08,        +0.00000000000000000e+00,        +0.00000000000000000e+00,        +0.00000000000000000e+00,        +0.00000000000000000e+00,        +0.00000000000000000e+00,        +0.00000000000000000e+00,        +0.00000000000000000e+00,        +0.00000000000000000e+00,        +0.00000000000000000e+00,        +0.00000000000000000e+00,        +0.00000000000000000e+00,        +0.00000000000000000e+00,        +0.00000000000000000e+00,        +0.00000000000000000e+00,        +0.00000000000000000e+00,        +0.00000000000000000e+00,        +0.00000000000000000e+00,        +0.00000000000000000e+00,        +0.00000000000000000e+00,        +0.00000000000000000e+00,        +0.00000000000000000e+00,        +0.00000000000000000e+00,        +0.00000000000000000e+00,        +0.00000000000000000e+00,        +0.00000000000000000e+00,        +0.00000000000000000e+00,        +0.00000000000000000e+00,        +0.00000000000000000e+00,        +0.00000000000000000e+00,        +0.00000000000000000e+00,        +0.00000000000000000e+00,        +0.00000000000000000e+00,        +0.00000000000000000e+00,        +0.00000000000000000e+00,        +0.00000000000000000e+00,        +0.00000000000000000e+00,        +0.00000000000000000e+00,        +0.00000000000000000e+00,        +0.00000000000000000e+00,        +0.00000000000000000e+00,        +0.00000000000000000e+00,        +0.00000000000000000e+00,        +0.00000000000000000e+00,        +0.00000000000000000e+00,        +0.00000000000000000e+00,        +0.00000000000000000e+00,        +0.00000000000000000e+00,        +0.00000000000000000e+00,        +0.00000000000000000e+00,        +0.00000000000000000e+00,        +0.00000000000000000e+00,        +0.00000000000000000e+00,        +0.00000000000000000e+00,        +0.00000000000000000e+00,        +0.00000000000000000e+00,        +0.00000000000000000e+00,        +0.00000000000000000e+00,        +0.00000000000000000e+00,        +0.00000000000000000e+00,        +0.00000000000000000e+00,        +0.00000000000000000e+00,        +0.00000000000000000e+00,        +0.00000000000000000e+00,        -6.38865192107201934e+08,        +0.00000000000000000e+00,        +0.00000000000000000e+00,        +0.00000000000000000e+00,        +0.00000000000000000e+00,        +0.00000000000000000e+00,        +0.00000000000000000e+00,        +0.00000000000000000e+00,        +0.00000000000000000e+00,        +0.00000000000000000e+00,        +0.00000000000000000e+00,        +0.00000000000000000e+00,        +0.00000000000000000e+00,        +0.00000000000000000e+00,        +0.00000000000000000e+00,        +0.00000000000000000e+00,        +0.00000000000000000e+00,        +0.00000000000000000e+00,        +0.00000000000000000e+00,        +0.00000000000000000e+00,        +0.00000000000000000e+00,        +0.00000000000000000e+00,        +0.00000000000000000e+00
        +0.00000000000000000e+00,        +0.00000000000000000e+00,        +1.51924147860261204e+05,        -6.20472353409596439e+06,        +4.55666674644433241e+06,        +1.62614435489579942e+07,        -3.16347999610826410e+07,        +1.96788896726427794e+08,        -2.90017416320988357e+08,        -1.12252203535894111e+08,        +7.75674855900577307e+07,        +1.42239789630834639e+08,        +2.09069981550827205e+08,        -3.17336608456097126e+08,        -2.33040671272823691e+08,        -7.12119462708767176e+08,        +6.41308103333223939e+08,        -1.15495876051809001e+09,        +3.14042549745166451e+07,        +1.14385750526838374e+09,        -4.53142298489472747e+08,        +8.70676456724459291e+08,        +0.00000000000000000e+00,        +0.00000000000000000e+00,        +0.00000000000000000e+00,        +0.00000000000000000e+00,        +0.00000000000000000e+00,        +0.00000000000000000e+00,        +0.00000000000000000e+00,        +0.00000000000000000e+00,        +0.00000000000000000e+00,        +0.00000000000000000e+00,        +0.00000000000000000e+00,        +0.00000000000000000e+00,        +0.00000000000000000e+00,        +0.00000000000000000e+00,        +0.00000000000000000e+00,        +0.00000000000000000e+00,        +0.00000000000000000e+00,        +0.00000000000000000e+00,        +0.00000000000000000e+00,        +0.00000000000000000e+00,        +0.00000000000000000e+00,        +0.00000000000000000e+00,        +0.00000000000000000e+00,        +0.00000000000000000e+00,        +0.00000000000000000e+00,        +0.00000000000000000e+00,        +0.00000000000000000e+00,        +0.00000000000000000e+00,        +0.00000000000000000e+00,        +0.00000000000000000e+00,        +0.00000000000000000e+00,        +0.00000000000000000e+00,        +0.00000000000000000e+00,        +0.00000000000000000e+00,        +0.00000000000000000e+00,        +0.00000000000000000e+00,        +0.00000000000000000e+00,        +0.00000000000000000e+00,        +0.00000000000000000e+00,        +0.00000000000000000e+00,        +0.00000000000000000e+00,        +0.00000000000000000e+00,        +0.00000000000000000e+00,        +0.00000000000000000e+00,        +0.00000000000000000e+00,        +0.00000000000000000e+00,        +0.00000000000000000e+00,        +0.00000000000000000e+00,        +0.00000000000000000e+00,        +0.00000000000000000e+00,        +0.00000000000000000e+00,        +0.00000000000000000e+00,        +0.00000000000000000e+00,        +0.00000000000000000e+00,        +0.00000000000000000e+00,        +0.00000000000000000e+00,        +0.00000000000000000e+00,        +0.00000000000000000e+00,        +0.00000000000000000e+00,        +0.00000000000000000e+00,        +0.00000000000000000e+00,        +0.00000000000000000e+00,        +0.00000000000000000e+00,        +0.00000000000000000e+00,        -6.38865192107201934e+08,        +0.00000000000000000e+00,        +0.00000000000000000e+00,        +0.00000000000000000e+00,        +0.00000000000000000e+00,        +0.00000000000000000e+00,        +0.00000000000000000e+00,        +0.00000000000000000e+00,        +0.00000000000000000e+00,        +0.00000000000000000e+00,        +0.00000000000000000e+00,        +0.00000000000000000e+00,        +0.00000000000000000e+00,        +0.00000000000000000e+00,        +0.00000000000000000e+00,        +0.00000000000000000e+00,        +0.00000000000000000e+00,        +0.00000000000000000e+00,        +0.00000000000000000e+00,        +0.00000000000000000e+00,        +0.00000000000000000e+00,        +0.00000000000000000e+00
        +0.00000000000000000e+00,        +0.00000000000000000e+00,        -5.85365651232719305e+05,        +3.13081018356215069e+06,        +3.01104690647320114e+07,        +1.71691067143916748e+07,        -1.27592771009996116e+08,        +1.18806770891518965e+08,        -6.53130547872185484e+07,        -1.09593600440127879e+08,        -1.04134269659334794e+08,        +1.10873915593483120e+08,        +1.36839969723323077e+08,        -9.61547451732081920e+07,        +1.84356598631567836e+08,        -1.74735489610610485e+08,        -1.58511904134118855e+08,        +2.98253311942436934e+08,        -1.07032728586810663e+08,        +6.59205114637136012e+07,        -3.30309828797563016e+08,        +1.95969333028136343e+07,        +0.00000000000000000e+00,        +0.00000000000000000e+00,        +0.00000000000000000e+00,        +0.00000000000000000e+00,        +0.00000000000000000e+00,        +0.00000000000000000e+00,        +0.00000000000000000e+00,        +0.00000000000000000e+00,        +0.00000000000000000e+00,        +0.00000000000000000e+00,        +0.00000000000000000e+00,        +0.00000000000000000e+00,        +0.00000000000000000e+00,        +0.00000000000000000e+00,        +0.00000000000000000e+00,        +0.00000000000000000e+00,        +0.00000000000000000e+00,        +0.00000000000000000e+00,        +0.00000000000000000e+00,        +0.00000000000000000e+00,        +0.00000000000000000e+00,        +0.00000000000000000e+00,        +0.00000000000000000e+00,        +0.00000000000000000e+00,        +0.00000000000000000e+00,        +0.00000000000000000e+00,        +0.00000000000000000e+00,        +0.00000000000000000e+00,        +0.00000000000000000e+00,        +0.00000000000000000e+00,        +0.00000000000000000e+00,        +0.00000000000000000e+00,        +0.00000000000000000e+00,        +0.00000000000000000e+00,        +0.00000000000000000e+00,        +0.00000000000000000e+00,        +0.00000000000000000e+00,        +0.00000000000000000e+00,        +0.00000000000000000e+00,        +0.00000000000000000e+00,        +0.00000000000000000e+00,        +0.00000000000000000e+00,        +0.00000000000000000e+00,        +0.00000000000000000e+00,        +0.00000000000000000e+00,        +0.00000000000000000e+00,        +0.00000000000000000e+00,        +0.00000000000000000e+00,        +0.00000000000000000e+00,        +0.00000000000000000e+00,        +0.00000000000000000e+00,        +0.00000000000000000e+00,        +0.00000000000000000e+00,        +0.00000000000000000e+00,        +0.00000000000000000e+00,        +0.00000000000000000e+00,        +0.00000000000000000e+00,        +0.00000000000000000e+00,        +0.00000000000000000e+00,        +0.00000000000000000e+00,        +0.00000000000000000e+00,        +0.00000000000000000e+00,        +0.00000000000000000e+00,        +0.00000000000000000e+00,        +0.00000000000000000e+00,        -6.38865192107201934e+08,        +0.00000000000000000e+00,        +0.00000000000000000e+00,        +0.00000000000000000e+00,        +0.00000000000000000e+00,        +0.00000000000000000e+00,        +0.00000000000000000e+00,        +0.00000000000000000e+00,        +0.00000000000000000e+00,        +0.00000000000000000e+00,        +0.00000000000000000e+00,        +0.00000000000000000e+00,        +0.00000000000000000e+00,        +0.00000000000000000e+00,        +0.00000000000000000e+00,        +0.00000000000000000e+00,        +0.00000000000000000e+00,        +0.00000000000000000e+00,        +0.00000000000000000e+00,        +0.00000000000000000e+00,        +0.00000000000000000e+00
        +0.00000000000000000e+00,        +0.00000000000000000e+00,        +9.54002067129458301e+05,        +2.25849179520867392e+06,        +3.22827797517018905e+06,        +2.93441597230320750e+06,        -1.86619002579255849e+07,        +5.45780362200538348e+06,        +2.80445699555988908e+07,        -1.68841521255736575e+07,        -3.30740114467130564e+07,        -1.44067002396130227e+07,        +5.77066559280376509e+07,        -4.63629020721964985e+07,        -3.24517995555788100e+08,        +6.15491560184425488e+07,        -5.77803262413931191e+07,        +9.38068354681244679e+06,        -3.20543482171941847e+07,        -3.98334780946760699e+07,        -1.23091605774994895e+08,        -1.23482429440626111e+07,        +0.00000000000000000e+00,        +0.00000000000000000e+00,        +0.00000000000000000e+00,        +0.00000000000000000e+00,        +0.00000000000000000e+00,        +0.00000000000000000e+00,        +0.00000000000000000e+00,        +0.00000000000000000e+00,        +0.00000000000000000e+00,        +0.00000000000000000e+00,        +0.00000000000000000e+00,        +0.00000000000000000e+00,        +0.00000000000000000e+00,        +0.00000000000000000e+00,        +0.00000000000000000e+00,        +0.00000000000000000e+00,        +0.00000000000000000e+00,        +0.00000000000000000e+00,        +0.00000000000000000e+00,        +0.00000000000000000e+00,        +0.00000000000000000e+00,        +0.00000000000000000e+00,        +0.00000000000000000e+00,        +0.00000000000000000e+00,        +0.00000000000000000e+00,        +0.00000000000000000e+00,        +0.00000000000000000e+00,        +0.00000000000000000e+00,        +0.00000000000000000e+00,        +0.00000000000000000e+00,        +0.00000000000000000e+00,        +0.00000000000000000e+00,        +0.00000000000000000e+00,        +0.00000000000000000e+00,        +0.00000000000000000e+00,        +0.00000000000000000e+00,        +0.00000000000000000e+00,        +0.00000000000000000e+00,        +0.00000000000000000e+00,        +0.00000000000000000e+00,        +0.00000000000000000e+00,        +0.00000000000000000e+00,        +0.00000000000000000e+00,        +0.00000000000000000e+00,        +0.00000000000000000e+00,        +0.00000000000000000e+00,        +0.00000000000000000e+00,        +0.00000000000000000e+00,        +0.00000000000000000e+00,        +0.00000000000000000e+00,        +0.00000000000000000e+00,        +0.00000000000000000e+00,        +0.00000000000000000e+00,        +0.00000000000000000e+00,        +0.00000000000000000e+00,        +0.00000000000000000e+00,        +0.00000000000000000e+00,        +0.00000000000000000e+00,        +0.00000000000000000e+00,        +0.00000000000000000e+00,        +0.00000000000000000e+00,        +0.00000000000000000e+00,        +0.00000000000000000e+00,        +0.00000000000000000e+00,        +0.00000000000000000e+00,        +0.00000000000000000e+00,        -6.38865192107201934e+08,        +0.00000000000000000e+00,        +0.00000000000000000e+00,        +0.00000000000000000e+00,        +0.00000000000000000e+00,        +0.00000000000000000e+00,        +0.00000000000000000e+00,        +0.00000000000000000e+00,        +0.00000000000000000e+00,        +0.00000000000000000e+00,        +0.00000000000000000e+00,        +0.00000000000000000e+00,        +0.00000000000000000e+00,        +0.00000000000000000e+00,        +0.00000000000000000e+00,        +0.00000000000000000e+00,        +0.00000000000000000e+00,        +0.00000000000000000e+00,        +0.00000000000000000e+00,        +0.00000000000000000e+00
        +0.00000000000000000e+00,        +0.00000000000000000e+00,        +8.91383187437604647e+04,        +2.14414799625431746e+06,        -3.62624633958429610e+06,        -7.03426810927791172e+05,        +1.27022544702284392e+07,        -8.00821785460653994e+06,        +5.27278531565091908e+07,        -2.36063563713181093e+07,        -3.04294688950043656e+07,        +6.35890638002248667e+06,        +8.48956212050984846e+05,        -1.61699182778536826e+07,        +1.71595341389230266e+07,        +3.41081773946569860e+07,        -9.62558420273481160e+07,        -3.51994450854536444e+07,        +1.11263437253536656e+06,        +5.19614600413616449e+07,        +2.27615804192389399e+07,        +1.26507288673866186e+07,        +0.00000000000000000e+00,        +0.00000000000000000e+00,        +0.00000000000000000e+00,        +0.00000000000000000e+00,        +0.00000000000000000e+00,        +0.00000000000000000e+00,        +0.00000000000000000e+00,        +0.00000000000000000e+00,        +0.00000000000000000e+00,        +0.00000000000000000e+00,        +0.00000000000000000e+00,        +0.00000000000000000e+00,        +0.00000000000000000e+00,        +0.00000000000000000e+00,        +0.00000000000000000e+00,        +0.00000000000000000e+00,        +0.00000000000000000e+00,        +0.00000000000000000e+00,        +0.00000000000000000e+00,        +0.00000000000000000e+00,        +0.00000000000000000e+00,        +0.00000000000000000e+00,        +0.00000000000000000e+00,        +0.00000000000000000e+00,        +0.00000000000000000e+00,        +0.00000000000000000e+00,        +0.00000000000000000e+00,        +0.00000000000000000e+00,        +0.00000000000000000e+00,        +0.00000000000000000e+00,        +0.00000000000000000e+00,        +0.00000000000000000e+00,        +0.00000000000000000e+00,        +0.00000000000000000e+00,        +0.00000000000000000e+00,        +0.00000000000000000e+00,        +0.00000000000000000e+00,        +0.00000000000000000e+00,        +0.00000000000000000e+00,        +0.00000000000000000e+00,        +0.00000000000000000e+00,        +0.00000000000000000e+00,        +0.00000000000000000e+00,        +0.00000000000000000e+00,        +0.00000000000000000e+00,        +0.00000000000000000e+00,        +0.00000000000000000e+00,        +0.00000000000000000e+00,        +0.00000000000000000e+00,        +0.00000000000000000e+00,        +0.00000000000000000e+00,        +0.00000000000000000e+00,        +0.00000000000000000e+00,        +0.00000000000000000e+00,        +0.00000000000000000e+00,        +0.00000000000000000e+00,        +0.00000000000000000e+00,        +0.00000000000000000e+00,        +0.00000000000000000e+00,        +0.00000000000000000e+00,        +0.00000000000000000e+00,        +0.00000000000000000e+00,        +0.00000000000000000e+00,        +0.00000000000000000e+00,        +0.00000000000000000e+00,        +0.00000000000000000e+00,        +0.00000000000000000e+00,        -6.38865192107201934e+08,        +0.00000000000000000e+00,        +0.00000000000000000e+00,        +0.00000000000000000e+00,        +0.00000000000000000e+00,        +0.00000000000000000e+00,        +0.00000000000000000e+00,        +0.00000000000000000e+00,        +0.00000000000000000e+00,        +0.00000000000000000e+00,        +0.00000000000000000e+00,        +0.00000000000000000e+00,        +0.00000000000000000e+00,        +0.00000000000000000e+00,        +0.00000000000000000e+00,        +0.00000000000000000e+00,        +0.00000000000000000e+00,        +0.00000000000000000e+00,        +0.00000000000000000e+00
        +0.00000000000000000e+00,        +0.00000000000000000e+00,        -8.81928842174070596e+04,        -1.26647639267419535e+06,        +5.16543086916388056e+04,        -7.36977350500211352e+05,        +3.46988981780437636e+05,        -9.25189202746363543e+06,        -7.24836471895026322e+06,        +7.01076409797629062e+06,        +1.66018805628254395e+07,        -1.10293259118055850e+07,        +2.00856658950156812e+06,        +5.99627067278010026e+07,        +1.60446692195691969e+07,        +2.65130384033093080e+07,        -1.88076033207086809e+07,        -2.00712882953235731e+07,        +2.33782439952128083e+07,        -1.64713170233586561e+07,        -5.32961199513631910e+07,        +2.85585448281936273e+07,        +0.00000000000000000e+00,        +0.00000000000000000e+00,        +0.00000000000000000e+00,        +0.00000000000000000e+00,        +0.00000000000000000e+00,        +0.00000000000000000e+00,        +0.00000000000000000e+00,        +0.00000000000000000e+00,        +0.00000000000000000e+00,        +0.00000000000000000e+00,        +0.00000000000000000e+00,        +0.00000000000000000e+00,        +0.00000000000000000e+00,        +0.00000000000000000e+00,        +0.00000000000000000e+00,        +0.00000000000000000e+00,        +0.00000000000000000e+00,        +0.00000000000000000e+00,        +0.00000000000000000e+00,        +0.00000000000000000e+00,        +0.00000000000000000e+00,        +0.00000000000000000e+00,        +0.00000000000000000e+00,        +0.00000000000000000e+00,        +0.00000000000000000e+00,        +0.00000000000000000e+00,        +0.00000000000000000e+00,        +0.00000000000000000e+00,        +0.00000000000000000e+00,        +0.00000000000000000e+00,        +0.00000000000000000e+00,        +0.00000000000000000e+00,        +0.00000000000000000e+00,        +0.00000000000000000e+00,        +0.00000000000000000e+00,        +0.00000000000000000e+00,        +0.00000000000000000e+00,        +0.00000000000000000e+00,        +0.00000000000000000e+00,        +0.00000000000000000e+00,        +0.00000000000000000e+00,        +0.00000000000000000e+00,        +0.00000000000000000e+00,        +0.00000000000000000e+00,        +0.00000000000000000e+00,        +0.00000000000000000e+00,        +0.00000000000000000e+00,        +0.00000000000000000e+00,        +0.00000000000000000e+00,        +0.00000000000000000e+00,        +0.00000000000000000e+00,        +0.00000000000000000e+00,        +0.00000000000000000e+00,        +0.00000000000000000e+00,        +0.00000000000000000e+00,        +0.00000000000000000e+00,        +0.00000000000000000e+00,        +0.00000000000000000e+00,        +0.00000000000000000e+00,        +0.00000000000000000e+00,        +0.00000000000000000e+00,        +0.00000000000000000e+00,        +0.00000000000000000e+00,        +0.00000000000000000e+00,        +0.00000000000000000e+00,        +0.00000000000000000e+00,        +0.00000000000000000e+00,        +0.00000000000000000e+00,        -6.38865192107201934e+08,        +0.00000000000000000e+00,        +0.00000000000000000e+00,        +0.00000000000000000e+00,        +0.00000000000000000e+00,        +0.00000000000000000e+00,        +0.00000000000000000e+00,        +0.00000000000000000e+00,        +0.00000000000000000e+00,        +0.00000000000000000e+00,        +0.00000000000000000e+00,        +0.00000000000000000e+00,        +0.00000000000000000e+00,        +0.00000000000000000e+00,        +0.00000000000000000e+00,        +0.00000000000000000e+00,        +0.00000000000000000e+00,        +0.00000000000000000e+00
        +0.00000000000000000e+00,        +0.00000000000000000e+00,        -2.17685298389011268e+03,        +3.98663850740274866e+04,        +1.67152532743129320e+06,        +1.43103696739814151e+06,        -7.82083747465614695e+06,        +5.33404258992899768e+06,        -2.81533011041709594e+06,        -2.27676758893499430e+06,        +7.73911232890480570e+06,        +4.88693598121867329e+06,        +2.04571145222814009e+07,        -1.36112371053008884e+07,        -2.19541589592342032e+06,        -1.59227010803234819e+07,        -1.68324138010753691e+07,        -1.13279529993135436e+06,        +8.05072117770395149e+06,        -3.92413122084492594e+07,        +2.47355971051046215e+07,        +4.73043716997941881e+07,        +0.00000000000000000e+00,        +0.00000000000000000e+00,        +0.00000000000000000e+00,        +0.00000000000000000e+00,        +0.00000000000000000e+00,        +0.00000000000000000e+00,        +0.00000000000000000e+00,        +0.00000000000000000e+00,        +0.00000000000000000e+00,        +0.00000000000000000e+00,        +0.00000000000000000e+00,        +0.00000000000000000e+00,        +0.00000000000000000e+00,        +0.00000000000000000e+00,        +0.00000000000000000e+00,        +0.00000000000000000e+00,        +0.00000000000000000e+00,        +0.00000000000000000e+00,        +0.00000000000000000e+00,        +0.00000000000000000e+00,        +0.00000000000000000e+00,        +0.00000000000000000e+00,        +0.00000000000000000e+00,        +0.00000000000000000e+00,        +0.00000000000000000e+00,        +0.00000000000000000e+00,        +0.00000000000000000e+00,        +0.00000000000000000e+00,        +0.00000000000000000e+00,        +0.00000000000000000e+00,        +0.00000000000000000e+00,        +0.00000000000000000e+00,        +0.00000000000000000e+00,        +0.00000000000000000e+00,        +0.00000000000000000e+00,        +0.00000000000000000e+00,        +0.00000000000000000e+00,        +0.00000000000000000e+00,        +0.00000000000000000e+00,        +0.00000000000000000e+00,        +0.00000000000000000e+00,        +0.00000000000000000e+00,        +0.00000000000000000e+00,        +0.00000000000000000e+00,        +0.00000000000000000e+00,        +0.00000000000000000e+00,        +0.00000000000000000e+00,        +0.00000000000000000e+00,        +0.00000000000000000e+00,        +0.00000000000000000e+00,        +0.00000000000000000e+00,        +0.00000000000000000e+00,        +0.00000000000000000e+00,        +0.00000000000000000e+00,        +0.00000000000000000e+00,        +0.00000000000000000e+00,        +0.00000000000000000e+00,        +0.00000000000000000e+00,        +0.00000000000000000e+00,        +0.00000000000000000e+00,        +0.00000000000000000e+00,        +0.00000000000000000e+00,        +0.00000000000000000e+00,        +0.00000000000000000e+00,        +0.00000000000000000e+00,        +0.00000000000000000e+00,        +0.00000000000000000e+00,        +0.00000000000000000e+00,        +0.00000000000000000e+00,        -6.38865192107201934e+08,        +0.00000000000000000e+00,        +0.00000000000000000e+00,        +0.00000000000000000e+00,        +0.00000000000000000e+00,        +0.00000000000000000e+00,        +0.00000000000000000e+00,        +0.00000000000000000e+00,        +0.00000000000000000e+00,        +0.00000000000000000e+00,        +0.00000000000000000e+00,        +0.00000000000000000e+00,        +0.00000000000000000e+00,        +0.00000000000000000e+00,        +0.00000000000000000e+00,        +0.00000000000000000e+00,        +0.00000000000000000e+00
        +0.00000000000000000e+00,        +0.00000000000000000e+00,        -1.58941057118610242e+04,        -4.43941043623728852e+05,        -4.94062340997354593e+06,        -1.43270963010733342e+06,        +1.91172243301519677e+07,        -1.73221080824520905e+06,        +2.69056029764533881e+06,        +2.42170394309915714e+07,        +2.89759381622405760e+07,        +6.18226017210064083e+06,        +3.02763742905700877e+07,        -7.34236143895819411e+06,        +3.96478386804501945e+06,        +1.13481127409330048e+07,        -1.58033644203244662e+06,        +6.36344005821981654e+06,        -1.31106910312725306e+07,        +9.91465331861135550e+06,        -6.20154624597999733e+05,        -1.31102421799030621e+06,        +0.00000000000000000e+00,        +0.00000000000000000e+00,        +0.00000000000000000e+00,        +0.00000000000000000e+00,        +0.00000000000000000e+00,        +0.00000000000000000e+00,        +0.00000000000000000e+00,        +0.00000000000000000e+00,        +0.00000000000000000e+00,        +0.00000000000000000e+00,        +0.00000000000000000e+00,        +0.00000000000000000e+00,        +0.00000000000000000e+00,        +0.00000000000000000e+00,        +0.00000000000000000e+00,        +0.00000000000000000e+00,        +0.00000000000000000e+00,        +0.00000000000000000e+00,        +0.00000000000000000e+00,        +0.00000000000000000e+00,        +0.00000000000000000e+00,        +0.00000000000000000e+00,        +0.00000000000000000e+00,        +0.00000000000000000e+00,        +0.00000000000000000e+00,        +0.00000000000000000e+00,        +0.00000000000000000e+00,        +0.00000000000000000e+00,        +0.00000000000000000e+00,        +0.00000000000000000e+00,        +0.00000000000000000e+00,        +0.00000000000000000e+00,        +0.00000000000000000e+00,        +0.00000000000000000e+00,        +0.00000000000000000e+00,        +0.00000000000000000e+00,        +0.00000000000000000e+00,        +0.00000000000000000e+00,        +0.00000000000000000e+00,        +0.00000000000000000e+00,        +0.00000000000000000e+00,        +0.00000000000000000e+00,        +0.00000000000000000e+00,        +0.00000000000000000e+00,        +0.00000000000000000e+00,        +0.00000000000000000e+00,        +0.00000000000000000e+00,        +0.00000000000000000e+00,        +0.00000000000000000e+00,        +0.00000000000000000e+00,        +0.00000000000000000e+00,        +0.00000000000000000e+00,        +0.00000000000000000e+00,        +0.00000000000000000e+00,        +0.00000000000000000e+00,        +0.00000000000000000e+00,        +0.00000000000000000e+00,        +0.00000000000000000e+00,        +0.00000000000000000e+00,        +0.00000000000000000e+00,        +0.00000000000000000e+00,        +0.00000000000000000e+00,        +0.00000000000000000e+00,        +0.00000000000000000e+00,        +0.00000000000000000e+00,        +0.00000000000000000e+00,        +0.00000000000000000e+00,        +0.00000000000000000e+00,        +0.00000000000000000e+00,        +0.00000000000000000e+00,        -6.38865192107201934e+08,        +0.00000000000000000e+00,        +0.00000000000000000e+00,        +0.00000000000000000e+00,        +0.00000000000000000e+00,        +0.00000000000000000e+00,        +0.00000000000000000e+00,        +0.00000000000000000e+00,        +0.00000000000000000e+00,        +0.00000000000000000e+00,        +0.00000000000000000e+00,        +0.00000000000000000e+00,        +0.00000000000000000e+00,        +0.00000000000000000e+00,        +0.00000000000000000e+00,        +0.00000000000000000e+00
        +0.00000000000000000e+00,        +0.00000000000000000e+00,        -1.23169303676206309e+04,        +1.51577847423019557e+05,        +6.52985642429910484e+05,        -4.74091213256157562e+06,        +1.03939988752761984e+06,        -2.79337746550149424e+06,        -1.71124204007393867e+07,        -5.49121200714405999e+06,        -1.22786553196617868e+06,        +7.63612041311326157e+06,        -8.95091798265934549e+06,        -1.09596997691753320e+07,        +1.88171236948587140e+06,        +2.21053335224112123e+07,        +3.81654335256239353e+06,        +4.48305032799857762e+06,        -3.41332112994462578e+06,        +1.81357149720702809e+06,        -2.79122376435190672e+05,        +1.06784086053433549e+07,        +0.00000000000000000e+00,        +0.00000000000000000e+00,        +0.00000000000000000e+00,        +0.00000000000000000e+00,        +0.00000000000000000e+00,        +0.00000000000000000e+00,        +0.00000000000000000e+00,        +0.00000000000000000e+00,        +0.00000000000000000e+00,        +0.00000000000000000e+00,        +0.00000000000000000e+00,        +0.00000000000000000e+00,        +0.00000000000000000e+00,        +0.00000000000000000e+00,        +0.00000000000000000e+00,        +0.00000000000000000e+00,        +0.00000000000000000e+00,        +0.00000000000000000e+00,        +0.00000000000000000e+00,        +0.00000000000000000e+00,        +0.00000000000000000e+00,        +0.00000000000000000e+00,        +0.00000000000000000e+00,        +0.00000000000000000e+00,        +0.00000000000000000e+00,        +0.00000000000000000e+00,        +0.00000000000000000e+00,        +0.00000000000000000e+00,        +0.00000000000000000e+00,        +0.00000000000000000e+00,        +0.00000000000000000e+00,        +0.00000000000000000e+00,        +0.00000000000000000e+00,        +0.00000000000000000e+00,        +0.00000000000000000e+00,        +0.00000000000000000e+00,        +0.00000000000000000e+00,        +0.00000000000000000e+00,        +0.00000000000000000e+00,        +0.00000000000000000e+00,        +0.00000000000000000e+00,        +0.00000000000000000e+00,        +0.00000000000000000e+00,        +0.00000000000000000e+00,        +0.00000000000000000e+00,        +0.00000000000000000e+00,        +0.00000000000000000e+00,        +0.00000000000000000e+00,        +0.00000000000000000e+00,        +0.00000000000000000e+00,        +0.00000000000000000e+00,        +0.00000000000000000e+00,        +0.00000000000000000e+00,        +0.00000000000000000e+00,        +0.00000000000000000e+00,        +0.00000000000000000e+00,        +0.00000000000000000e+00,        +0.00000000000000000e+00,        +0.00000000000000000e+00,        +0.00000000000000000e+00,        +0.00000000000000000e+00,        +0.00000000000000000e+00,        +0.00000000000000000e+00,        +0.00000000000000000e+00,        +0.00000000000000000e+00,        +0.00000000000000000e+00,        +0.00000000000000000e+00,        +0.00000000000000000e+00,        +0.00000000000000000e+00,        +0.00000000000000000e+00,        +0.00000000000000000e+00,        -6.38865192107201934e+08,        +0.00000000000000000e+00,        +0.00000000000000000e+00,        +0.00000000000000000e+00,        +0.00000000000000000e+00,        +0.00000000000000000e+00,        +0.00000000000000000e+00,        +0.00000000000000000e+00,        +0.00000000000000000e+00,        +0.00000000000000000e+00,        +0.00000000000000000e+00,        +0.00000000000000000e+00,        +0.00000000000000000e+00,        +0.00000000000000000e+00,        +0.00000000000000000e+00
        +0.00000000000000000e+00,        +0.00000000000000000e+00,        +3.83065992939441276e+04,        +2.49712255619770382e+05,        -2.84129325423308136e+06,        -8.98282817601666902e+05,        +7.03067086114007980e+06,        +4.56340147168642189e+06,        +1.30944698052576426e+07,        -8.86873864203773998e+06,        +1.19353116518683434e+07,        +2.05020034050132595e+07,        -9.42420316201570444e+06,        -2.63320393074883800e+06,        -9.50154885994818062e+05,        -1.70084502432966256e+06,        +3.09034958157300344e+06,        -1.52654831994527573e+05,        +7.33805345160482638e+06,        -4.95879084824024513e+06,        -5.75101600831372011e+06,        -1.50095188359956956e+06,        +0.00000000000000000e+00,        +0.00000000000000000e+00,        +0.00000000000000000e+00,        +0.00000000000000000e+00,        +0.00000000000000000e+00,        +0.00000000000000000e+00,        +0.00000000000000000e+00,        +0.00000000000000000e+00,        +0.00000000000000000e+00,        +0.00000000000000000e+00,        +0.00000000000000000e+00,        +0.00000000000000000e+00,        +0.00000000000000000e+00,        +0.00000000000000000e+00,        +0.00000000000000000e+00,        +0.00000000000000000e+00,        +0.00000000000000000e+00,        +0.00000000000000000e+00,        +0.00000000000000000e+00,        +0.00000000000000000e+00,        +0.00000000000000000e+00,        +0.00000000000000000e+00,        +0.00000000000000000e+00,        +0.00000000000000000e+00,        +0.00000000000000000e+00,        +0.00000000000000000e+00,        +0.00000000000000000e+00,        +0.00000000000000000e+00,        +0.00000000000000000e+00,        +0.00000000000000000e+00,        +0.00000000000000000e+00,        +0.00000000000000000e+00,        +0.00000000000000000e+00,        +0.00000000000000000e+00,        +0.00000000000000000e+00,        +0.00000000000000000e+00,        +0.00000000000000000e+00,        +0.00000000000000000e+00,        +0.00000000000000000e+00,        +0.00000000000000000e+00,        +0.00000000000000000e+00,        +0.00000000000000000e+00,        +0.00000000000000000e+00,        +0.00000000000000000e+00,        +0.00000000000000000e+00,        +0.00000000000000000e+00,        +0.00000000000000000e+00,        +0.00000000000000000e+00,        +0.00000000000000000e+00,        +0.00000000000000000e+00,        +0.00000000000000000e+00,        +0.00000000000000000e+00,        +0.00000000000000000e+00,        +0.00000000000000000e+00,        +0.00000000000000000e+00,        +0.00000000000000000e+00,        +0.00000000000000000e+00,        +0.00000000000000000e+00,        +0.00000000000000000e+00,        +0.00000000000000000e+00,        +0.00000000000000000e+00,        +0.00000000000000000e+00,        +0.00000000000000000e+00,        +0.00000000000000000e+00,        +0.00000000000000000e+00,        +0.00000000000000000e+00,        +0.00000000000000000e+00,        +0.00000000000000000e+00,        +0.00000000000000000e+00,        +0.00000000000000000e+00,        +0.00000000000000000e+00,        +0.00000000000000000e+00,        -6.38865192107201934e+08,        +0.00000000000000000e+00,        +0.00000000000000000e+00,        +0.00000000000000000e+00,        +0.00000000000000000e+00,        +0.00000000000000000e+00,        +0.00000000000000000e+00,        +0.00000000000000000e+00,        +0.00000000000000000e+00,        +0.00000000000000000e+00,        +0.00000000000000000e+00,        +0.00000000000000000e+00,        +0.00000000000000000e+00,        +0.00000000000000000e+00
        +0.00000000000000000e+00,        +0.00000000000000000e+00,        +1.87073044344423397e+04,        +8.74745146563139861e+05,        +1.72931215453588404e+06,        +6.11337263970574248e+05,        -3.97101784722201806e+06,        +5.12810919594870694e+06,        -8.37599384734279476e+06,        +9.09356309165387647e+05,        +1.68388267626790493e+06,        +8.61617416260378249e+06,        +1.70641565810908913e+06,        +6.43179323525637481e+06,        -2.99911451220668666e+06,        -5.04389642306853260e+05,        -4.89306114355604257e+06,        -2.14208005676525133e+06,        +1.14268842334080674e+06,        +2.42338522589166556e+06,        +4.96752339961861353e+06,        -4.70579870644640271e+06,        +0.00000000000000000e+00,        +0.00000000000000000e+00,        +0.00000000000000000e+00,        +0.00000000000000000e+00,        +0.00000000000000000e+00,        +0.00000000000000000e+00,        +0.00000000000000000e+00,        +0.00000000000000000e+00,        +0.00000000000000000e+00,        +0.00000000000000000e+00,        +0.00000000000000000e+00,        +0.00000000000000000e+00,        +0.00000000000000000e+00,        +0.00000000000000000e+00,        +0.00000000000000000e+00,        +0.00000000000000000e+00,        +0.00000000000000000e+00,        +0.00000000000000000e+00,        +0.00000000000000000e+00,        +0.00000000000000000e+00,        +0.00000000000000000e+00,        +0.00000000000000000e+00,        +0.00000000000000000e+00,        +0.00000000000000000e+00,        +0.00000000000000000e+00,        +0.00000000000000000e+00,        +0.00000000000000000e+00,        +0.00000000000000000e+00,        +0.00000000000000000e+00,        +0.00000000000000000e+00,        +0.00000000000000000e+00,        +0.00000000000000000e+00,        +0.00000000000000000e+00,        +0.00000000000000000e+00,        +0.00000000000000000e+00,        +0.00000000000000000e+00,        +0.00000000000000000e+00,        +0.00000000000000000e+00,        +0.00000000000000000e+00,        +0.00000000000000000e+00,        +0.00000000000000000e+00,        +0.00000000000000000e+00,        +0.00000000000000000e+00,        +0.00000000000000000e+00,        +0.00000000000000000e+00,        +0.00000000000000000e+00,        +0.00000000000000000e+00,        +0.00000000000000000e+00,        +0.00000000000000000e+00,        +0.00000000000000000e+00,        +0.00000000000000000e+00,        +0.00000000000000000e+00,        +0.00000000000000000e+00,        +0.00000000000000000e+00,        +0.00000000000000000e+00,        +0.00000000000000000e+00,        +0.00000000000000000e+00,        +0.00000000000000000e+00,        +0.00000000000000000e+00,        +0.00000000000000000e+00,        +0.00000000000000000e+00,        +0.00000000000000000e+00,        +0.00000000000000000e+00,        +0.00000000000000000e+00,        +0.00000000000000000e+00,        +0.00000000000000000e+00,        +0.00000000000000000e+00,        +0.00000000000000000e+00,        +0.00000000000000000e+00,        +0.00000000000000000e+00,        +0.00000000000000000e+00,        +0.00000000000000000e+00,        +0.00000000000000000e+00,        -6.38865192107201934e+08,        +0.00000000000000000e+00,        +0.00000000000000000e+00,        +0.00000000000000000e+00,        +0.00000000000000000e+00,        +0.00000000000000000e+00,        +0.00000000000000000e+00,        +0.00000000000000000e+00,        +0.00000000000000000e+00,        +0.00000000000000000e+00,        +0.00000000000000000e+00,        +0.00000000000000000e+00,        +0.00000000000000000e+00
        +0.00000000000000000e+00,        +0.00000000000000000e+00,        +5.51389548735837080e+06,        +3.48086137339699715e+07,        -3.48437805843974873e+07,        +5.79977148067422956e+06,        -4.18779253148408141e+06,        -1.66849158696403861e+08,        +6.79363440929739594e+08,        -7.72056631344158053e+08,        +1.89147941628056431e+09,        -7.15976923279315710e+08,        -2.10017897285716200e+09,        +2.46935885245900154e+09,        -1.34992960951175332e+09,        -9.21779866240565896e+08,        -4.21828829098305464e+08,        +2.56375690209885120e+09,        -2.40740703309796715e+09,        +1.90479737038526249e+09,        +1.18445387669475269e+09,        +2.31455766045368719e+09,        +0.00000000000000000e+00,        +0.00000000000000000e+00,        +0.00000000000000000e+00,        +0.00000000000000000e+00,        +0.00000000000000000e+00,        +0.00000000000000000e+00,        +0.00000000000000000e+00,        +0.00000000000000000e+00,        +0.00000000000000000e+00,        +0.00000000000000000e+00,        +0.00000000000000000e+00,        +0.00000000000000000e+00,        +0.00000000000000000e+00,        +0.00000000000000000e+00,        +0.00000000000000000e+00,        +0.00000000000000000e+00,        +0.00000000000000000e+00,        +0.00000000000000000e+00,        +0.00000000000000000e+00,        +0.00000000000000000e+00,        +0.00000000000000000e+00,        +0.00000000000000000e+00,        +0.00000000000000000e+00,        +0.00000000000000000e+00,        +0.00000000000000000e+00,        +0.00000000000000000e+00,        +0.00000000000000000e+00,        +0.00000000000000000e+00,        +0.00000000000000000e+00,        +0.00000000000000000e+00,        +0.00000000000000000e+00,        +0.00000000000000000e+00,        +0.00000000000000000e+00,        +0.00000000000000000e+00,        +0.00000000000000000e+00,        +0.00000000000000000e+00,        +0.00000000000000000e+00,        +0.00000000000000000e+00,        +0.00000000000000000e+00,        +0.00000000000000000e+00,        +0.00000000000000000e+00,        +0.00000000000000000e+00,        +0.00000000000000000e+00,        +0.00000000000000000e+00,        +0.00000000000000000e+00,        +0.00000000000000000e+00,        +0.00000000000000000e+00,        +0.00000000000000000e+00,        +0.00000000000000000e+00,        +0.00000000000000000e+00,        +0.00000000000000000e+00,        +0.00000000000000000e+00,        +0.00000000000000000e+00,        +0.00000000000000000e+00,        +0.00000000000000000e+00,        +0.00000000000000000e+00,        +0.00000000000000000e+00,        +0.00000000000000000e+00,        +0.00000000000000000e+00,        +0.00000000000000000e+00,        +0.00000000000000000e+00,        +0.00000000000000000e+00,        +0.00000000000000000e+00,        +0.00000000000000000e+00,        +0.00000000000000000e+00,        +0.00000000000000000e+00,        +0.00000000000000000e+00,        +0.00000000000000000e+00,        +0.00000000000000000e+00,        +0.00000000000000000e+00,        +0.00000000000000000e+00,        +0.00000000000000000e+00,        +0.00000000000000000e+00,        +0.00000000000000000e+00,        -1.08351332120847683e+07,        +0.00000000000000000e+00,        +0.00000000000000000e+00,        +0.00000000000000000e+00,        +0.00000000000000000e+00,        +0.00000000000000000e+00,        +0.00000000000000000e+00,        +0.00000000000000000e+00,        +0.00000000000000000e+00,        +0.00000000000000000e+00,        +0.00000000000000000e+00,        +0.00000000000000000e+00
        +0.00000000000000000e+00,        +0.00000000000000000e+00,        +5.84250878867625841e+05,        +2.18631406053109349e+04,        +6.74727393909280654e+06,        -2.42455459983723564e+06,        -3.42507475632133931e+07,        -6.17201277900836617e+07,        +5.30908385609111413e+07,        +1.04989915915590152e+08,        -5.12551516636436731e+07,        -1.57610217934559375e+08,        +3.01283079192556143e+08,        -2.21768800602934100e+07,        -2.54775233287207633e+08,        +1.19663097018989593e+08,        +1.67671327551011652e+08,        +9.28178245736584067e+08,        +1.65979241749618983e+09,        +7.32384089756781697e+08,        +2.14269008329274327e+08,        +2.20711001643630832e+08,        +0.00000000000000000e+00,        +0.00000000000000000e+00,        +0.00000000000000000e+00,        +0.00000000000000000e+00,        +0.00000000000000000e+00,        +0.00000000000000000e+00,        +0.00000000000000000e+00,        +0.00000000000000000e+00,        +0.00000000000000000e+00,        +0.00000000000000000e+00,        +0.00000000000000000e+00,        +0.00000000000000000e+00,        +0.00000000000000000e+00,        +0.00000000000000000e+00,        +0.00000000000000000e+00,        +0.00000000000000000e+00,        +0.00000000000000000e+00,        +0.00000000000000000e+00,        +0.00000000000000000e+00,        +0.00000000000000000e+00,        +0.00000000000000000e+00,        +0.00000000000000000e+00,        +0.00000000000000000e+00,        +0.00000000000000000e+00,        +0.00000000000000000e+00,        +0.00000000000000000e+00,        +0.00000000000000000e+00,        +0.00000000000000000e+00,        +0.00000000000000000e+00,        +0.00000000000000000e+00,        +0.00000000000000000e+00,        +0.00000000000000000e+00,        +0.00000000000000000e+00,        +0.00000000000000000e+00,        +0.00000000000000000e+00,        +0.00000000000000000e+00,        +0.00000000000000000e+00,        +0.00000000000000000e+00,        +0.00000000000000000e+00,        +0.00000000000000000e+00,        +0.00000000000000000e+00,        +0.00000000000000000e+00,        +0.00000000000000000e+00,        +0.00000000000000000e+00,        +0.00000000000000000e+00,        +0.00000000000000000e+00,        +0.00000000000000000e+00,        +0.00000000000000000e+00,        +0.00000000000000000e+00,        +0.00000000000000000e+00,        +0.00000000000000000e+00,        +0.00000000000000000e+00,        +0.00000000000000000e+00,        +0.00000000000000000e+00,        +0.00000000000000000e+00,        +0.00000000000000000e+00,        +0.00000000000000000e+00,        +0.00000000000000000e+00,        +0.00000000000000000e+00,        +0.00000000000000000e+00,        +0.00000000000000000e+00,        +0.00000000000000000e+00,        +0.00000000000000000e+00,        +0.00000000000000000e+00,        +0.00000000000000000e+00,        +0.00000000000000000e+00,        +0.00000000000000000e+00,        +0.00000000000000000e+00,        +0.00000000000000000e+00,        +0.00000000000000000e+00,        +0.00000000000000000e+00,        +0.00000000000000000e+00,        +0.00000000000000000e+00,        +0.00000000000000000e+00,        +0.00000000000000000e+00,        -1.08351332120847683e+07,        +0.00000000000000000e+00,        +0.00000000000000000e+00,        +0.00000000000000000e+00,        +0.00000000000000000e+00,        +0.00000000000000000e+00,        +0.00000000000000000e+00,        +0.00000000000000000e+00,        +0.00000000000000000e+00,        +0.00000000000000000e+00,        +0.00000000000000000e+00
        +0.00000000000000000e+00,        +0.00000000000000000e+00,        +6.69971120855899499e+04,        -2.73622438518649386e+06,        +2.00944693156356644e+06,        +7.17114278057441674e+06,        -1.39506475346323289e+07,        +8.67820419391582757e+07,        -1.27894937188670948e+08,        -4.95021599138152003e+07,        +3.42065273984913900e+07,        +6.27264017152367160e+07,        +9.21978841742565930e+07,        -1.39942442495379359e+08,        -1.02768731591815606e+08,        -3.14037946787186563e+08,        +2.82810807139973283e+08,        -5.09325888099350154e+08,        +1.38489793763883878e+07,        +5.04430339546137869e+08,        -1.99831467151260763e+08,        +3.83960081284161866e+08,        +0.00000000000000000e+00,        +0.00000000000000000e+00,        +0.00000000000000000e+00,        +0.00000000000000000e+00,        +0.00000000000000000e+00,        +0.00000000000000000e+00,        +0.00000000000000000e+00,        +0.00000000000000000e+00,        +0.00000000000000000e+00,        +0.00000000000000000e+00,        +0.00000000000000000e+00,        +0.00000000000000000e+00,        +0.00000000000000000e+00,        +0.00000000000000000e+00,        +0.00000000000000000e+00,        +0.00000000000000000e+00,        +0.00000000000000000e+00,        +0.00000000000000000e+00,        +0.00000000000000000e+00,        +0.00000000000000000e+00,        +0.00000000000000000e+00,        +0.00000000000000000e+00,        +0.00000000000000000e+00,        +0.00000000000000000e+00,        +0.00000000000000000e+00,        +0.00000000000000000e+00,        +0.00000000000000000e+00,        +0.00000000000000000e+00,        +0.00000000000000000e+00,        +0.00000000000000000e+00,        +0.00000000000000000e+00,        +0.00000000000000000e+00,        +0.00000000000000000e+00,        +0.00000000000000000e+00,        +0.00000000000000000e+00,        +0.00000000000000000e+00,        +0.00000000000000000e+00,        +0.00000000000000000e+00,        +0.00000000000000000e+00,        +0.00000000000000000e+00,        +0.00000000000000000e+00,        +0.00000000000000000e+00,        +0.00000000000000000e+00,        +0.00000000000000000e+00,        +0.00000000000000000e+00,        +0.00000000000000000e+00,        +0.00000000000000000e+00,        +0.00000000000000000e+00,        +0.00000000000000000e+00,        +0.00000000000000000e+00,        +0.00000000000000000e+00,        +0.00000000000000000e+00,        +0.00000000000000000e+00,        +0.00000000000000000e+00,        +0.00000000000000000e+00,        +0.00000000000000000e+00,        +0.00000000000000000e+00,        +0.00000000000000000e+00,        +0.00000000000000000e+00,        +0.00000000000000000e+00,        +0.00000000000000000e+00,        +0.00000000000000000e+00,        +0.00000000000000000e+00,        +0.00000000000000000e+00,        +0.00000000000000000e+00,        +0.00000000000000000e+00,        +0.00000000000000000e+00,        +0.00000000000000000e+00,        +0.00000000000000000e+00,        +0.00000000000000000e+00,        +0.00000000000000000e+00,        +0.00000000000000000e+00,        +0.00000000000000000e+00,        +0.00000000000000000e+00,        +0.00000000000000000e+00,        +0.00000000000000000e+00,        -1.08351332120847683e+07,        +0.00000000000000000e+00,        +0.00000000000000000e+00,        +0.00000000000000000e+00,        +0.00000000000000000e+00,        +0.00000000000000000e+00,        +0.00000000000000000e+00,        +0.00000000000000000e+00,        +0.00000000000000000e+00,        +0.00000000000000000e+00
        +0.00000000000000000e+00,        +0.00000000000000000e+00,        -2.58140714949180605e+05,        +1.38065767516926513e+06,        +1.32784320286927130e+07,        +7.57141365052496083e+06,        -5.62672050563708618e+07,        +5.23926621149614081e+07,        -2.88024393347684108e+07,        -4.83297410975386873e+07,        -4.59222278655439317e+07,        +4.88943479690751210e+07,        +6.03451322154182494e+07,        -4.24033330491750464e+07,        +8.12995160821831226e+07,        -7.70566980144612789e+07,        -6.99022502857275158e+07,        +1.31526889250583664e+08,        -4.72004208346971497e+07,        +2.90703219828890562e+07,        -1.45663509946274012e+08,        +8.64206221008438431e+06,        +0.00000000000000000e+00,        +0.00000000000000000e+00,        +0.00000000000000000e+00,        +0.00000000000000000e+00,        +0.00000000000000000e+00,        +0.00000000000000000e+00,        +0.00000000000000000e+00,        +0.00000000000000000e+00,        +0.00000000000000000e+00,        +0.00000000000000000e+00,        +0.00000000000000000e+00,        +0.00000000000000000e+00,        +0.00000000000000000e+00,        +0.00000000000000000e+00,        +0.00000000000000000e+00,        +0.00000000000000000e+00,        +0.00000000000000000e+00,        +0.00000000000000000e+00,        +0.00000000000000000e+00,        +0.00000000000000000e+00,        +0.00000000000000000e+00,        +0.00000000000000000e+00,        +0.00000000000000000e+00,        +0.00000000000000000e+00,        +0.00000000000000000e+00,        +0.00000000000000000e+00,        +0.00000000000000000e+00,        +0.00000000000000000e+00,        +0.00000000000000000e+00,        +0.00000000000000000e+00,        +0.00000000000000000e+00,        +0.00000000000000000e+00,        +0.00000000000000000e+00,        +0.00000000000000000e+00,        +0.00000000000000000e+00,        +0.00000000000000000e+00,        +0.00000000000000000e+00,        +0.00000000000000000e+00,        +0.00000000000000000e+00,        +0.00000000000000000e+00,        +0.00000000000000000e+00,        +0.00000000000000000e+00,        +0.00000000000000000e+00,        +0.00000000000000000e+00,        +0.00000000000000000e+00,        +0.00000000000000000e+00,        +0.00000000000000000e+00,        +0.00000000000000000e+00,        +0.00000000000000000e+00,        +0.00000000000000000e+00,        +0.00000000000000000e+00,        +0.00000000000000000e+00,        +0.00000000000000000e+00,        +0.00000000000000000e+00,        +0.00000000000000000e+00,        +0.00000000000000000e+00,        +0.00000000000000000e+00,        +0.00000000000000000e+00,        +0.00000000000000000e+00,        +0.00000000000000000e+00,        +0.00000000000000000e+00,        +0.00000000000000000e+00,        +0.00000000000000000e+00,        +0.00000000000000000e+00,        +0.00000000000000000e+00,        +0.00000000000000000e+00,        +0.00000000000000000e+00,        +0.00000000000000000e+00,        +0.00000000000000000e+00,        +0.00000000000000000e+00,        +0.00000000000000000e+00,        +0.00000000000000000e+00,        +0.00000000000000000e+00,        +0.00000000000000000e+00,        +0.00000000000000000e+00,        +0.00000000000000000e+00,        +0.00000000000000000e+00,        -1.08351332120847683e+07,        +0.00000000000000000e+00,        +0.00000000000000000e+00,        +0.00000000000000000e+00,        +0.00000000000000000e+00,        +0.00000000000000000e+00,        +0.00000000000000000e+00,        +0.00000000000000000e+00,        +0.00000000000000000e+00
        -0.00000000000000000e+00,        -0.00000000000000000e+00,        +4.20705887257276452e+05,        +9.95973517568497336e+05,        +1.42364004927548673e+06,        +1.29404968578775506e+06,        -8.22972148219881300e+06,        +2.40683976941547450e+06,        +1.23673900638602339e+07,        -7.44575137237347290e+06,        -1.45853261856282111e+07,        -6.35321852602813672e+06,        +2.54480893903146908e+07,        -2.04456012457033731e+07,        -1.43109366274280816e+08,        +2.71425955821975917e+07,        -2.54805773016228825e+07,        +4.13679270791970193e+06,        -1.41356643468765114e+07,        -1.75661870364583731e+07,        -5.42822337663392425e+07,        -5.44545833059007768e+06,        +0.00000000000000000e+00,        +0.00000000000000000e+00,        +0.00000000000000000e+00,        +0.00000000000000000e+00,        +0.00000000000000000e+00,        +0.00000000000000000e+00,        +0.00000000000000000e+00,        +0.00000000000000000e+00,        +0.00000000000000000e+00,        +0.00000000000000000e+00,        +0.00000000000000000e+00,        +0.00000000000000000e+00,        +0.00000000000000000e+00,        +0.00000000000000000e+00,        +0.00000000000000000e+00,        +0.00000000000000000e+00,        +0.00000000000000000e+00,        +0.00000000000000000e+00,        +0.00000000000000000e+00,        +0.00000000000000000e+00,        +0.00000000000000000e+00,        +0.00000000000000000e+00,        +0.00000000000000000e+00,        +0.00000000000000000e+00,        +0.00000000000000000e+00,        +0.00000000000000000e+00,        +0.00000000000000000e+00,        +0.00000000000000000e+00,        +0.00000000000000000e+00,        +0.00000000000000000e+00,        +0.00000000000000000e+00,        +0.00000000000000000e+00,        +0.00000000000000000e+00,        +0.00000000000000000e+00,        +0.00000000000000000e+00,        +0.00000000000000000e+00,        +0.00000000000000000e+00,        +0.00000000000000000e+00,        +0.00000000000000000e+00,        +0.00000000000000000e+00,        +0.00000000000000000e+00,        +0.00000000000000000e+00,        +0.00000000000000000e+00,        +0.00000000000000000e+00,        +0.00000000000000000e+00,        +0.00000000000000000e+00,        +0.00000000000000000e+00,        +0.00000000000000000e+00,        +0.00000000000000000e+00,        +0.00000000000000000e+00,        +0.00000000000000000e+00,        +0.00000000000000000e+00,        +0.00000000000000000e+00,        +0.00000000000000000e+00,        +0.00000000000000000e+00,        +0.00000000000000000e+00,        +0.00000000000000000e+00,        +0.00000000000000000e+00,        +0.00000000000000000e+00,        +0.00000000000000000e+00,        +0.00000000000000000e+00,        +0.00000000000000000e+00,        +0.00000000000000000e+00,        +0.00000000000000000e+00,        +0.00000000000000000e+00,        +0.00000000000000000e+00,        +0.00000000000000000e+00,        +0.00000000000000000e+00,        +0.00000000000000000e+00,        +0.00000000000000000e+00,        +0.00000000000000000e+00,        +0.00000000000000000e+00,        +0.00000000000000000e+00,        +0.00000000000000000e+00,        +0.00000000000000000e+00,        +0.00000000000000000e+00,        +0.00000000000000000e+00,        +0.00000000000000000e+00,        -1.08351332120847683e+07,        +0.00000000000000000e+00,        +0.00000000000000000e+00,        +0.00000000000000000e+00,        +0.00000000000000000e+00,        +0.00000000000000000e+00,        +0.00000000000000000e+00,        +0.00000000000000000e+00
        +0.00000000000000000e+00,        +0.00000000000000000e+00,        +3.93091553654115487e+04,        +9.45548983860508422e+05,        -1.59914033341527358e+06,        -3.10204569579590054e+05,        +5.60157406487043947e+06,        -3.53154832044469612e+06,        +2.32524844648689367e+07,        -1.04101798563075438e+07,        -1.34191079362758771e+07,        +2.80421756175323529e+06,        +3.74381658845000435e+05,        -7.13078100179728959e+06,        +7.56719223529470619e+06,        +1.50413835860174410e+07,        -4.24479158055288419e+07,        -1.55226223148529287e+07,        +4.90661233364931657e+05,        +2.29145123507558331e+07,        +1.00376416525670998e+07,        +5.57885176142170466e+06,        +0.00000000000000000e+00,        +0.00000000000000000e+00,        +0.00000000000000000e+00,        +0.00000000000000000e+00,        +0.00000000000000000e+00,        +0.00000000000000000e+00,        +0.00000000000000000e+00,        +0.00000000000000000e+00,        +0.00000000000000000e+00,        +0.00000000000000000e+00,        +0.00000000000000000e+00,        +0.00000000000000000e+00,        +0.00000000000000000e+00,        +0.00000000000000000e+00,        +0.00000000000000000e+00,        +0.00000000000000000e+00,        +0.00000000000000000e+00,        +0.00000000000000000e+00,        +0.00000000000000000e+00,        +0.00000000000000000e+00,        +0.00000000000000000e+00,        +0.00000000000000000e+00,        +0.00000000000000000e+00,        +0.00000000000000000e+00,        +0.00000000000000000e+00,        +0.00000000000000000e+00,        +0.00000000000000000e+00,        +0.00000000000000000e+00,        +0.00000000000000000e+00,        +0.00000000000000000e+00,        +0.00000000000000000e+00,        +0.00000000000000000e+00,        +0.00000000000000000e+00,        +0.00000000000000000e+00,        +0.00000000000000000e+00,        +0.00000000000000000e+00,        +0.00000000000000000e+00,        +0.00000000000000000e+00,        +0.00000000000000000e+00,        +0.00000000000000000e+00,        +0.00000000000000000e+00,        +0.00000000000000000e+00,        +0.00000000000000000e+00,        +0.00000000000000000e+00,        +0.00000000000000000e+00,        +0.00000000000000000e+00,        +0.00000000000000000e+00,        +0.00000000000000000e+00,        +0.00000000000000000e+00,        +0.00000000000000000e+00,        +0.00000000000000000e+00,        +0.00000000000000000e+00,        +0.00000000000000000e+00,        +0.00000000000000000e+00,        +0.00000000000000000e+00,        +0.00000000000000000e+00,        +0.00000000000000000e+00,        +0.00000000000000000e+00,        +0.00000000000000000e+00,        +0.00000000000000000e+00,        +0.00000000000000000e+00,        +0.00000000000000000e+00,        +0.00000000000000000e+00,        +0.00000000000000000e+00,        +0.00000000000000000e+00,        +0.00000000000000000e+00,        +0.00000000000000000e+00,        +0.00000000000000000e+00,        +0.00000000000000000e+00,        +0.00000000000000000e+00,        +0.00000000000000000e+00,        +0.00000000000000000e+00,        +0.00000000000000000e+00,        +0.00000000000000000e+00,        +0.00000000000000000e+00,        +0.00000000000000000e+00,        +0.00000000000000000e+00,        +0.00000000000000000e+00,        +0.00000000000000000e+00,        -1.08351332120847683e+07,        +0.00000000000000000e+00,        +0.00000000000000000e+00,        +0.00000000000000000e+00,        +0.00000000000000000e+00,        +0.00000000000000000e+00,        +0.00000000000000000e+00
        -0.00000000000000000e+00,        -0.00000000000000000e+00,        -3.88922276825921872e+04,        -5.58504108983329148e+05,        +2.27790615110147446e+04,        -3.25000040160955163e+05,        +1.53018858635898941e+05,        -4.07999686618542951e+06,        -3.19646027542254934e+06,        +3.09168064914720086e+06,        +7.32127228333878424e+06,        -4.86382839561098721e+06,        +8.85758866009784164e+05,        +2.64429864519823082e+07,        +7.07554735188260861e+06,        +1.16919991367658749e+07,        -8.29397515461349767e+06,        -8.85124827463798784e+06,        +1.03095844562655836e+07,        -7.26369499749484286e+06,        -2.35030847459011003e+07,        +1.25940481207484659e+07,        +0.00000000000000000e+00,        +0.00000000000000000e+00,        +0.00000000000000000e+00,        +0.00000000000000000e+00,        +0.00000000000000000e+00,        +0.00000000000000000e+00,        +0.00000000000000000e+00,        +0.00000000000000000e+00,        +0.00000000000000000e+00,        +0.00000000000000000e+00,        +0.00000000000000000e+00,        +0.00000000000000000e+00,        +0.00000000000000000e+00,        +0.00000000000000000e+00,        +0.00000000000000000e+00,        +0.00000000000000000e+00,        +0.00000000000000000e+00,        +0.00000000000000000e+00,        +0.00000000000000000e+00,        +0.00000000000000000e+00,        +0.00000000000000000e+00,        +0.00000000000000000e+00,        +0.00000000000000000e+00,        +0.00000000000000000e+00,        +0.00000000000000000e+00,        +0.00000000000000000e+00,        +0.00000000000000000e+00,        +0.00000000000000000e+00,        +0.00000000000000000e+00,        +0.00000000000000000e+00,        +0.00000000000000000e+00,        +0.00000000000000000e+00,        +0.00000000000000000e+00,        +0.00000000000000000e+00,        +0.00000000000000000e+00,        +0.00000000000000000e+00,        +0.00000000000000000e+00,        +0.00000000000000000e+00,        +0.00000000000000000e+00,        +0.00000000000000000e+00,        +0.00000000000000000e+00,        +0.00000000000000000e+00,        +0.00000000000000000e+00,        +0.00000000000000000e+00,        +0.00000000000000000e+00,        +0.00000000000000000e+00,        +0.00000000000000000e+00,        +0.00000000000000000e+00,        +0.00000000000000000e+00,        +0.00000000000000000e+00,        +0.00000000000000000e+00,        +0.00000000000000000e+00,        +0.00000000000000000e+00,        +0.00000000000000000e+00,        +0.00000000000000000e+00,        +0.00000000000000000e+00,        +0.00000000000000000e+00,        +0.00000000000000000e+00,        +0.00000000000000000e+00,        +0.00000000000000000e+00,        +0.00000000000000000e+00,        +0.00000000000000000e+00,        +0.00000000000000000e+00,        +0.00000000000000000e+00,        +0.00000000000000000e+00,        +0.00000000000000000e+00,        +0.00000000000000000e+00,        +0.00000000000000000e+00,        +0.00000000000000000e+00,        +0.00000000000000000e+00,        +0.00000000000000000e+00,        +0.00000000000000000e+00,        +0.00000000000000000e+00,        +0.00000000000000000e+00,        +0.00000000000000000e+00,        +0.00000000000000000e+00,        +0.00000000000000000e+00,        +0.00000000000000000e+00,        +0.00000000000000000e+00,        +0.00000000000000000e+00,        -1.08351332120847683e+07,        +0.00000000000000000e+00,        +0.00000000000000000e+00,        +0.00000000000000000e+00,        +0.00000000000000000e+00,        +0.00000000000000000e+00
        -0.00000000000000000e+00,        -0.00000000000000000e+00,        -9.59971574036288871e+02,        +1.75806987030700075e+04,        +7.37126857665985008e+05,        +6.31073765781997470e+05,        -3.44891534540425707e+06,        +2.35226232498263475e+06,        -1.24153394718422904e+06,        -1.00403296972261847e+06,        +3.41287532920387108e+06,        +2.15509253992959764e+06,        +9.02139399101764895e+06,        -6.00242680845020432e+06,        -9.68157642647806788e+05,        -7.02176055622829031e+06,        -7.42293526068647020e+06,        -4.99552011635024915e+05,        +3.55029188387206197e+06,        -1.73050474822033644e+07,        +1.09081643378969803e+07,        +2.08607804456772842e+07,        +0.00000000000000000e+00,        +0.00000000000000000e+00,        +0.00000000000000000e+00,        +0.00000000000000000e+00,        +0.00000000000000000e+00,        +0.00000000000000000e+00,        +0.00000000000000000e+00,        +0.00000000000000000e+00,        +0.00000000000000000e+00,        +0.00000000000000000e+00,        +0.00000000000000000e+00,        +0.00000000000000000e+00,        +0.00000000000000000e+00,        +0.00000000000000000e+00,        +0.00000000000000000e+00,        +0.00000000000000000e+00,        +0.00000000000000000e+00,        +0.00000000000000000e+00,        +0.00000000000000000e+00,        +0.00000000000000000e+00,        +0.00000000000000000e+00,        +0.00000000000000000e+00,        +0.00000000000000000e+00,        +0.00000000000000000e+00,        +0.00000000000000000e+00,        +0.00000000000000000e+00,        +0.00000000000000000e+00,        +0.00000000000000000e+00,        +0.00000000000000000e+00,        +0.00000000000000000e+00,        +0.00000000000000000e+00,        +0.00000000000000000e+00,        +0.00000000000000000e+00,        +0.00000000000000000e+00,        +0.00000000000000000e+00,        +0.00000000000000000e+00,        +0.00000000000000000e+00,        +0.00000000000000000e+00,        +0.00000000000000000e+00,        +0.00000000000000000e+00,        +0.00000000000000000e+00,        +0.00000000000000000e+00,        +0.00000000000000000e+00,        +0.00000000000000000e+00,        +0.00000000000000000e+00,        +0.00000000000000000e+00,        +0.00000000000000000e+00,        +0.00000000000000000e+00,        +0.00000000000000000e+00,        +0.00000000000000000e+00,        +0.00000000000000000e+00,        +0.00000000000000000e+00,        +0.00000000000000000e+00,        +0.00000000000000000e+00,        +0.00000000000000000e+00,        +0.00000000000000000e+00,        +0.00000000000000000e+00,        +0.00000000000000000e+00,        +0.00000000000000000e+00,        +0.00000000000000000e+00,        +0.00000000000000000e+00,        +0.00000000000000000e+00,        +0.00000000000000000e+00,        +0.00000000000000000e+00,        +0.00000000000000000e+00,        +0.00000000000000000e+00,        +0.00000000000000000e+00,        +0.00000000000000000e+00,        +0.00000000000000000e+00,        +0.00000000000000000e+00,        +0.00000000000000000e+00,        +0.00000000000000000e+00,        +0.00000000000000000e+00,        +0.00000000000000000e+00,        +0.00000000000000000e+00,        +0.00000000000000000e+00,        +0.00000000000000000e+00,        +0.00000000000000000e+00,        +0.00000000000000000e+00,        +0.00000000000000000e+00,        +0.00000000000000000e+00,        -1.08351332120847683e+07,        +0.00000000000000000e+00,        +0.00000000000000000e+00,        +0.00000000000000000e+00,        +0.00000000000000000e+00
        +0.00000000000000000e+00,        +0.00000000000000000e+00,        -7.00915026923316327e+03,        -1.95773800794393406e+05,        -2.17876818815627554e+06,        -6.31811394214260858e+05,        +8.43051509092964604e+06,        -7.63888580652889563e+05,        +1.18651164000725397e+06,        +1.06794853088900149e+07,        +1.27781146327465586e+07,        +2.72631825503788749e+06,        +1.33515946639130358e+07,        -3.23791193978759507e+06,        +1.74843218108338444e+06,        +5.00441037170411088e+06,        -6.96913421802938916e+05,        +2.80621687095209863e+06,        -5.78169072470053472e+06,        +4.37226832621596754e+06,        -2.73482323118279048e+05,        -5.78149278549249168e+05,        +0.00000000000000000e+00,        +0.00000000000000000e+00,        +0.00000000000000000e+00,        +0.00000000000000000e+00,        +0.00000000000000000e+00,        +0.00000000000000000e+00,        +0.00000000000000000e+00,        +0.00000000000000000e+00,        +0.00000000000000000e+00,        +0.00000000000000000e+00,        +0.00000000000000000e+00,        +0.00000000000000000e+00,        +0.00000000000000000e+00,        +0.00000000000000000e+00,        +0.00000000000000000e+00,        +0.00000000000000000e+00,        +0.00000000000000000e+00,        +0.00000000000000000e+00,        +0.00000000000000000e+00,        +0.00000000000000000e+00,        +0.00000000000000000e+00,        +0.00000000000000000e+00,        +0.00000000000000000e+00,        +0.00000000000000000e+00,        +0.00000000000000000e+00,        +0.00000000000000000e+00,        +0.00000000000000000e+00,        +0.00000000000000000e+00,        +0.00000000000000000e+00,        +0.00000000000000000e+00,        +0.00000000000000000e+00,        +0.00000000000000000e+00,        +0.00000000000000000e+00,        +0.00000000000000000e+00,        +0.00000000000000000e+00,        +0.00000000000000000e+00,        +0.00000000000000000e+00,        +0.00000000000000000e+00,        +0.00000000000000000e+00,        +0.00000000000000000e+00,        +0.00000000000000000e+00,        +0.00000000000000000e+00,        +0.00000000000000000e+00,        +0.00000000000000000e+00,        +0.00000000000000000e+00,        +0.00000000000000000e+00,        +0.00000000000000000e+00,        +0.00000000000000000e+00,        +0.00000000000000000e+00,        +0.00000000000000000e+00,        +0.00000000000000000e+00,        +0.00000000000000000e+00,        +0.00000000000000000e+00,        +0.00000000000000000e+00,        +0.00000000000000000e+00,        +0.00000000000000000e+00,        +0.00000000000000000e+00,        +0.00000000000000000e+00,        +0.00000000000000000e+00,        +0.00000000000000000e+00,        +0.00000000000000000e+00,        +0.00000000000000000e+00,        +0.00000000000000000e+00,        +0.00000000000000000e+00,        +0.00000000000000000e+00,        +0.00000000000000000e+00,        +0.00000000000000000e+00,        +0.00000000000000000e+00,        +0.00000000000000000e+00,        +0.00000000000000000e+00,        +0.00000000000000000e+00,        +0.00000000000000000e+00,        +0.00000000000000000e+00,        +0.00000000000000000e+00,        +0.00000000000000000e+00,        +0.00000000000000000e+00,        +0.00000000000000000e+00,        +0.00000000000000000e+00,        +0.00000000000000000e+00,        +0.00000000000000000e+00,        +0.00000000000000000e+00,        +0.00000000000000000e+00,        -1.08351332120847683e+07,        +0.00000000000000000e+00,        +0.00000000000000000e+00,        +0.00000000000000000e+00
        -0.00000000000000000e+00,        -0.00000000000000000e+00,        -5.43164978057930875e+03,        +6.68443968685824075e+04,        +2.87960491418368474e+05,        -2.09069740397894313e+06,        +4.58365518235382799e+05,        -1.23185303843667102e+06,        -7.54641552242636215e+06,        -2.42157255123626348e+06,        -5.41477084649084019e+05,        +3.36745686858796841e+06,        -3.94727015947943833e+06,        -4.83312392533693276e+06,        +8.29817354955603718e+05,        +9.74824297880901024e+06,        +1.68305951603114931e+06,        +1.97698278740074160e+06,        -1.50524233012222266e+06,        +7.99767874856662354e+05,        -1.23090327660255833e+05,        +4.70907718295025732e+06,        +0.00000000000000000e+00,        +0.00000000000000000e+00,        +0.00000000000000000e+00,        +0.00000000000000000e+00,        +0.00000000000000000e+00,        +0.00000000000000000e+00,        +0.00000000000000000e+00,        +0.00000000000000000e+00,        +0.00000000000000000e+00,        +0.00000000000000000e+00,        +0.00000000000000000e+00,        +0.00000000000000000e+00,        +0.00000000000000000e+00,        +0.00000000000000000e+00,        +0.00000000000000000e+00,        +0.00000000000000000e+00,        +0.00000000000000000e+00,        +0.00000000000000000e+00,        +0.00000000000000000e+00,        +0.00000000000000000e+00,        +0.00000000000000000e+00,        +0.00000000000000000e+00,        +0.00000000000000000e+00,        +0.00000000000000000e+00,        +0.00000000000000000e+00,        +0.00000000000000000e+00,        +0.00000000000000000e+00,        +0.00000000000000000e+00,        +0.00000000000000000e+00,        +0.00000000000000000e+00,        +0.00000000000000000e+00,        +0.00000000000000000e+00,        +0.00000000000000000e+00,        +0.00000000000000000e+00,        +0.00000000000000000e+00,        +0.00000000000000000e+00,        +0.00000000000000000e+00,        +0.00000000000000000e+00,        +0.00000000000000000e+00,        +0.00000000000000000e+00,        +0.00000000000000000e+00,        +0.00000000000000000e+00,        +0.00000000000000000e+00,        +0.00000000000000000e+00,        +0.00000000000000000e+00,        +0.00000000000000000e+00,        +0.00000000000000000e+00,        +0.00000000000000000e+00,        +0.00000000000000000e+00,        +0.00000000000000000e+00,        +0.00000000000000000e+00,        +0.00000000000000000e+00,        +0.00000000000000000e+00,        +0.00000000000000000e+00,        +0.00000000000000000e+00,        +0.00000000000000000e+00,        +0.00000000000000000e+00,        +0.00000000000000000e+00,        +0.00000000000000000e+00,        +0.00000000000000000e+00,        +0.00000000000000000e+00,        +0.00000000000000000e+00,        +0.00000000000000000e+00,        +0.00000000000000000e+00,        +0.00000000000000000e+00,        +0.00000000000000000e+00,        +0.00000000000000000e+00,        +0.00000000000000000e+00,        +0.00000000000000000e+00,        +0.00000000000000000e+00,        +0.00000000000000000e+00,        +0.00000000000000000e+00,        +0.00000000000000000e+00,        +0.00000000000000000e+00,        +0.00000000000000000e+00,        +0.00000000000000000e+00,        +0.00000000000000000e+00,        +0.00000000000000000e+00,        +0.00000000000000000e+00,        +0.00000000000000000e+00,        +0.00000000000000000e+00,        +0.00000000000000000e+00,        +0.00000000000000000e+00,        -1.08351332120847683e+07,        +0.00000000000000000e+00,        +0.00000000000000000e+00
        +0.00000000000000000e+00,        +0.00000000000000000e+00,        +1.68928479287884038e+04,        +1.10120742584591586e+05,        -1.25298344800969283e+06,        -3.96134225289673952e+05,        +3.10045934339515166e+06,        +2.01241688168844744e+06,        +5.77453731747205090e+06,        -3.91102984763770550e+06,        +5.26335953684049658e+06,        +9.04118956367769651e+06,        -4.15598444655216951e+06,        -1.16121802476630127e+06,        -4.19009316769165976e+05,        -7.50056566649591667e+05,        +1.36281493242760026e+06,        -6.73193368769222434e+04,        +3.23601215811600583e+06,        -2.18677985657768836e+06,        -2.53614365814586822e+06,        -6.61905582469296874e+05,        +0.00000000000000000e+00,        +0.00000000000000000e+00,        +0.00000000000000000e+00,        +0.00000000000000000e+00,        +0.00000000000000000e+00,        +0.00000000000000000e+00,        +0.00000000000000000e+00,        +0.00000000000000000e+00,        +0.00000000000000000e+00,        +0.00000000000000000e+00,        +0.00000000000000000e+00,        +0.00000000000000000e+00,        +0.00000000000000000e+00,        +0.00000000000000000e+00,        +0.00000000000000000e+00,        +0.00000000000000000e+00,        +0.00000000000000000e+00,        +0.00000000000000000e+00,        +0.00000000000000000e+00,        +0.00000000000000000e+00,        +0.00000000000000000e+00,        +0.00000000000000000e+00,        +0.00000000000000000e+00,        +0.00000000000000000e+00,        +0.00000000000000000e+00,        +0.00000000000000000e+00,        +0.00000000000000000e+00,        +0.00000000000000000e+00,        +0.00000000000000000e+00,        +0.00000000000000000e+00,        +0.00000000000000000e+00,        +0.00000000000000000e+00,        +0.00000000000000000e+00,        +0.00000000000000000e+00,        +0.00000000000000000e+00,        +0.00000000000000000e+00,        +0.00000000000000000e+00,        +0.00000000000000000e+00,        +0.00000000000000000e+00,        +0.00000000000000000e+00,        +0.00000000000000000e+00,        +0.00000000000000000e+00,        +0.00000000000000000e+00,        +0.00000000000000000e+00,        +0.00000000000000000e+00,        +0.00000000000000000e+00,        +0.00000000000000000e+00,        +0.00000000000000000e+00,        +0.00000000000000000e+00,        +0.00000000000000000e+00,        +0.00000000000000000e+00,        +0.00000000000000000e+00,        +0.00000000000000000e+00,        +0.00000000000000000e+00,        +0.00000000000000000e+00,        +0.00000000000000000e+00,        +0.00000000000000000e+00,        +0.00000000000000000e+00,        +0.00000000000000000e+00,        +0.00000000000000000e+00,        +0.00000000000000000e+00,        +0.00000000000000000e+00,        +0.00000000000000000e+00,        +0.00000000000000000e+00,        +0.00000000000000000e+00,        +0.00000000000000000e+00,        +0.00000000000000000e+00,        +0.00000000000000000e+00,        +0.00000000000000000e+00,        +0.00000000000000000e+00,        +0.00000000000000000e+00,        +0.00000000000000000e+00,        +0.00000000000000000e+00,        +0.00000000000000000e+00,        +0.00000000000000000e+00,        +0.00000000000000000e+00,        +0.00000000000000000e+00,        +0.00000000000000000e+00,        +0.00000000000000000e+00,        +0.00000000000000000e+00,        +0.00000000000000000e+00,        +0.00000000000000000e+00,        +0.00000000000000000e+00,        +0.00000000000000000e+00,        -1.08351332120847683e+07,        +0.00000000000000000e+00
        +0.00000000000000000e+00,        +0.00000000000000000e+00,        +8.24974429454359779e+03,        +3.85754335015401011e+05,        +7.62610301786783501e+05,        +2.69593950489077019e+05,        -1.75118130693034851e+06,        +2.26144764625655254e+06,        -3.69373405427815998e+06,        +4.01017530319996236e+05,        +7.42576331609052490e+05,        +3.79965130133156059e+06,        +7.52513163451117114e+05,        +2.83635997544090403e+06,        -1.32258112987177516e+06,        -2.22431061002396629e+05,        -2.15779367857963406e+06,        -9.44637042107426561e+05,        +5.03914785474963312e+05,        +1.06868996069646650e+06,        +2.19063082913030591e+06,        -2.07521271521629114e+06,        +0.00000000000000000e+00,        +0.00000000000000000e+00,        +0.00000000000000000e+00,        +0.00000000000000000e+00,        +0.00000000000000000e+00,        +0.00000000000000000e+00,        +0.00000000000000000e+00,        +0.00000000000000000e+00,        +0.00000000000000000e+00,        +0.00000000000000000e+00,        +0.00000000000000000e+00,        +0.00000000000000000e+00,        +0.00000000000000000e+00,        +0.00000000000000000e+00,        +0.00000000000000000e+00,        +0.00000000000000000e+00,        +0.00000000000000000e+00,        +0.00000000000000000e+00,        +0.00000000000000000e+00,        +0.00000000000000000e+00,        +0.00000000000000000e+00,        +0.00000000000000000e+00,        +0.00000000000000000e+00,        +0.00000000000000000e+00,        +0.00000000000000000e+00,        +0.00000000000000000e+00,        +0.00000000000000000e+00,        +0.00000000000000000e+00,        +0.00000000000000000e+00,        +0.00000000000000000e+00,        +0.00000000000000000e+00,        +0.00000000000000000e+00,        +0.00000000000000000e+00,        +0.00000000000000000e+00,        +0.00000000000000000e+00,        +0.00000000000000000e+00,        +0.00000000000000000e+00,        +0.00000000000000000e+00,        +0.00000000000000000e+00,        +0.00000000000000000e+00,        +0.00000000000000000e+00,        +0.00000000000000000e+00,        +0.00000000000000000e+00,        +0.00000000000000000e+00,        +0.00000000000000000e+00,        +0.00000000000000000e+00,        +0.00000000000000000e+00,        +0.00000000000000000e+00,        +0.00000000000000000e+00,        +0.00000000000000000e+00,        +0.00000000000000000e+00,        +0.00000000000000000e+00,        +0.00000000000000000e+00,        +0.00000000000000000e+00,        +0.00000000000000000e+00,        +0.00000000000000000e+00,        +0.00000000000000000e+00,        +0.00000000000000000e+00,        +0.00000000000000000e+00,        +0.00000000000000000e+00,        +0.00000000000000000e+00,        +0.00000000000000000e+00,        +0.00000000000000000e+00,        +0.00000000000000000e+00,        +0.00000000000000000e+00,        +0.00000000000000000e+00,        +0.00000000000000000e+00,        +0.00000000000000000e+00,        +0.00000000000000000e+00,        +0.00000000000000000e+00,        +0.00000000000000000e+00,        +0.00000000000000000e+00,        +0.00000000000000000e+00,        +0.00000000000000000e+00,        +0.00000000000000000e+00,        +0.00000000000000000e+00,        +0.00000000000000000e+00,        +0.00000000000000000e+00,        +0.00000000000000000e+00,        +0.00000000000000000e+00,        +0.00000000000000000e+00,        +0.00000000000000000e+00,        +0.00000000000000000e+00,        +0.00000000000000000e+00,        +0.00000000000000000e+00,        -1.08351332120847683e+07
