                       port_1_re,                       port_2_re,                 sample_e1_s0_re,                 sample_e1_s0_im,                 sample_e1_s1_re,                 sample_e1_s1_im,                 sample_e1_s2_re,                 sample_e1_s2_im,                 sample_e1_s3_re,                 sample_e1_s3_im,                 sample_e1_s4_re,                 sample_e1_s4_im,                 sample_e1_s5_re,                 sample_e1_s5_im,                 sample_e2_s0_re,                 sample_e2_s0_im,                 sample_e2_s1_re,                 sample_e2_s1_im,                 sample_e2_s2_re,                 sample_e2_s2_im,                 sample_e2_s3_re,                 sample_e2_s3_im,                   farfield_p0d0,                   farfield_p0d1,                   farfield_p0d2,                   farfield_p0d3,                   farfield_p0d4,                   farfield_p0d5,                   farfield_p0d6,                   farfield_p0d7,                   farfield_p0d8,                   farfield_p0d9,                  farfield_p0d10,                  farfield_p0d11,                  farfield_p0d12,                  farfield_p0d13,                surfsigma_2_p0d0,                surfsigma_2_p0d1,                surfsigma_2_p0d2,                surfsigma_2_p0d3,                surfsigma_2_p0d4,                surfsigma_2_p0d5,                surfsigma_2_p0d6,                surfsigma_2_p0d7,                surfsigma_2_p0d8,                surfsigma_2_p0d9,               surfsigma_2_p0d10,               surfsigma_2_p0d11,                surfsigma_2_p1d0,                surfsigma_2_p1d1,                surfsigma_2_p1d2,                surfsigma_2_p1d3,                surfsigma_2_p1d4,                surfsigma_2_p1d5,                surfsigma_2_p1d6,                surfsigma_2_p1d7,                surfsigma_2_p1d8,                surfsigma_2_p1d9,               surfsigma_2_p1d10,               surfsigma_2_p1d11,                surfsigma_2_p2d0,                surfsigma_2_p2d1,                surfsigma_2_p2d2,                surfsigma_2_p2d3,                surfsigma_2_p2d4,                surfsigma_2_p2d5,                surfsigma_2_p2d6,                surfsigma_2_p2d7,                surfsigma_2_p2d8,                surfsigma_2_p2d9,               surfsigma_2_p2d10,               surfsigma_2_p2d11,                surfsigma_3_p0d0,                surfsigma_3_p0d1,                surfsigma_3_p0d2,                surfsigma_3_p0d3,                surfsigma_3_p0d4,                surfsigma_3_p0d5,                surfsigma_3_p0d6,                surfsigma_3_p0d7,                surfsigma_3_p0d8,                surfsigma_3_p0d9,               surfsigma_3_p0d10,               surfsigma_3_p0d11,                surfsigma_3_p1d0,                surfsigma_3_p1d1,                surfsigma_3_p1d2,                surfsigma_3_p1d3,                surfsigma_3_p1d4,                surfsigma_3_p1d5,                surfsigma_3_p1d6,                surfsigma_3_p1d7,                surfsigma_3_p1d8,                surfsigma_3_p1d9,               surfsigma_3_p1d10,               surfsigma_3_p1d11,                surfsigma_3_p2d0,                surfsigma_3_p2d1,                surfsigma_3_p2d2,                surfsigma_3_p2d3,                surfsigma_3_p2d4,                surfsigma_3_p2d5,                surfsigma_3_p2d6,                surfsigma_3_p2d7,                surfsigma_3_p2d8,                surfsigma_3_p2d9,               surfsigma_3_p2d10,               surfsigma_3_p2d11
        +0.00000000000000000e+00,        +0.00000000000000000e+00,        +0.00000000000000000e+00,        +0.00000000000000000e+00,        +0.00000000000000000e+00,        +0.00000000000000000e+00,        +0.00000000000000000e+00,        +0.00000000000000000e+00,        +0.00000000000000000e+00,        +0.00000000000000000e+00,        +0.00000000000000000e+00,        +0.00000000000000000e+00,        +0.00000000000000000e+00,        +0.00000000000000000e+00,        +0.00000000000000000e+00,        +0.00000000000000000e+00,        +0.00000000000000000e+00,        +0.00000000000000000e+00,        +0.00000000000000000e+00,        +0.00000000000000000e+00,        +0.00000000000000000e+00,        +0.00000000000000000e+00,        +0.00000000000000000e+00,        +0.00000000000000000e+00,        +0.00000000000000000e+00,        +0.00000000000000000e+00,        +0.00000000000000000e+00,        +0.00000000000000000e+00,        +0.00000000000000000e+00,        +0.00000000000000000e+00,        +0.00000000000000000e+00,        +0.00000000000000000e+00,        +0.00000000000000000e+00,        +0.00000000000000000e+00,        +0.00000000000000000e+00,        +0.00000000000000000e+00,        +0.00000000000000000e+00,        +0.00000000000000000e+00,        +0.00000000000000000e+00,        +0.00000000000000000e+00,        +0.00000000000000000e+00,        +0.00000000000000000e+00,        +0.00000000000000000e+00,        +0.00000000000000000e+00,        +0.00000000000000000e+00,        +0.00000000000000000e+00,        +0.00000000000000000e+00,        +0.00000000000000000e+00,        +0.00000000000000000e+00,        +0.00000000000000000e+00,        +0.00000000000000000e+00,        +0.00000000000000000e+00,        +0.00000000000000000e+00,        +0.00000000000000000e+00,        +0.00000000000000000e+00,        +0.00000000000000000e+00,        +0.00000000000000000e+00,        +0.00000000000000000e+00,        +0.00000000000000000e+00,        +0.00000000000000000e+00,        +0.00000000000000000e+00,        +0.00000000000000000e+00,        +0.00000000000000000e+00,        +0.00000000000000000e+00,        +0.00000000000000000e+00,        +0.00000000000000000e+00,        +0.00000000000000000e+00,        +0.00000000000000000e+00,        +0.00000000000000000e+00,        +0.00000000000000000e+00,        +0.00000000000000000e+00,        +0.00000000000000000e+00,        +0.00000000000000000e+00,        +0.00000000000000000e+00,        +0.00000000000000000e+00,        +0.00000000000000000e+00,        +0.00000000000000000e+00,        +0.00000000000000000e+00,        +0.00000000000000000e+00,        +0.00000000000000000e+00,        +0.00000000000000000e+00,        +0.00000000000000000e+00,        +0.00000000000000000e+00,        +0.00000000000000000e+00,        +0.00000000000000000e+00,        +0.00000000000000000e+00,        +0.00000000000000000e+00,        +0.00000000000000000e+00,        +0.00000000000000000e+00,        +0.00000000000000000e+00,        +0.00000000000000000e+00,        +0.00000000000000000e+00,        +0.00000000000000000e+00,        +0.00000000000000000e+00,        +0.00000000000000000e+00,        +0.00000000000000000e+00,        +0.00000000000000000e+00,        +0.00000000000000000e+00,        +0.00000000000000000e+00,        +0.00000000000000000e+00,        +0.00000000000000000e+00,        +0.00000000000000000e+00,        +0.00000000000000000e+00,        +0.00000000000000000e+00,        +0.00000000000000000e+00,        +0.00000000000000000e+00,        +0.00000000000000000e+00,        +0.00000000000000000e+00
        +0.00000000000000000e+00,        +2.00000000000000004e-02,        +0.00000000000000000e+00,        +0.00000000000000000e+00,        +0.00000000000000000e+00,        +0.00000000000000000e+00,        +0.00000000000000000e+00,        +0.00000000000000000e+00,        +0.00000000000000000e+00,        +0.00000000000000000e+00,        +0.00000000000000000e+00,        +0.00000000000000000e+00,        +0.00000000000000000e+00,        +0.00000000000000000e+00,        +0.00000000000000000e+00,        +0.00000000000000000e+00,        +0.00000000000000000e+00,        +0.00000000000000000e+00,        +0.00000000000000000e+00,        +0.00000000000000000e+00,        +0.00000000000000000e+00,        +0.00000000000000000e+00,        +0.00000000000000000e+00,        +0.00000000000000000e+00,        +0.00000000000000000e+00,        +0.00000000000000000e+00,        +0.00000000000000000e+00,        +0.00000000000000000e+00,        +0.00000000000000000e+00,        +0.00000000000000000e+00,        +0.00000000000000000e+00,        +0.00000000000000000e+00,        +0.00000000000000000e+00,        +0.00000000000000000e+00,        +0.00000000000000000e+00,        +0.00000000000000000e+00,        +0.00000000000000000e+00,        +0.00000000000000000e+00,        +0.00000000000000000e+00,        +0.00000000000000000e+00,        +0.00000000000000000e+00,        +0.00000000000000000e+00,        +0.00000000000000000e+00,        +0.00000000000000000e+00,        +0.00000000000000000e+00,        +0.00000000000000000e+00,        +0.00000000000000000e+00,        +0.00000000000000000e+00,        +0.00000000000000000e+00,        +0.00000000000000000e+00,        +0.00000000000000000e+00,        +0.00000000000000000e+00,        +0.00000000000000000e+00,        +0.00000000000000000e+00,        +0.00000000000000000e+00,        +0.00000000000000000e+00,        +0.00000000000000000e+00,        +0.00000000000000000e+00,        +0.00000000000000000e+00,        +0.00000000000000000e+00,        +0.00000000000000000e+00,        +0.00000000000000000e+00,        +0.00000000000000000e+00,        +0.00000000000000000e+00,        +0.00000000000000000e+00,        +0.00000000000000000e+00,        +0.00000000000000000e+00,        +0.00000000000000000e+00,        +0.00000000000000000e+00,        +0.00000000000000000e+00,        +0.00000000000000000e+00,        +0.00000000000000000e+00,        +0.00000000000000000e+00,        +0.00000000000000000e+00,        +0.00000000000000000e+00,        +0.00000000000000000e+00,        +0.00000000000000000e+00,        +0.00000000000000000e+00,        +0.00000000000000000e+00,        +0.00000000000000000e+00,        +0.00000000000000000e+00,        +0.00000000000000000e+00,        +0.00000000000000000e+00,        +0.00000000000000000e+00,        +0.00000000000000000e+00,        +0.00000000000000000e+00,        +0.00000000000000000e+00,        +0.00000000000000000e+00,        +0.00000000000000000e+00,        +0.00000000000000000e+00,        +0.00000000000000000e+00,        +0.00000000000000000e+00,        +0.00000000000000000e+00,        +0.00000000000000000e+00,        +0.00000000000000000e+00,        +0.00000000000000000e+00,        +0.00000000000000000e+00,        +0.00000000000000000e+00,        +0.00000000000000000e+00,        +0.00000000000000000e+00,        +0.00000000000000000e+00,        +0.00000000000000000e+00,        +0.00000000000000000e+00,        +0.00000000000000000e+00,        +0.00000000000000000e+00,        +0.00000000000000000e+00,        +0.00000000000000000e+00,        +0.00000000000000000e+00
        +0.00000000000000000e+00,        +0.00000000000000000e+00,        +0.00000000000000000e+00,        +0.00000000000000000e+00,        +0.00000000000000000e+00,        +0.00000000000000000e+00,        +0.00000000000000000e+00,        +0.00000000000000000e+00,        +0.00000000000000000e+00,        +0.00000000000000000e+00,        +0.00000000000000000e+00,        +0.00000000000000000e+00,        +0.00000000000000000e+00,        +0.00000000000000000e+00,        +0.00000000000000000e+00,        +0.00000000000000000e+00,        +0.00000000000000000e+00,        +0.00000000000000000e+00,        +0.00000000000000000e+00,        +0.00000000000000000e+00,        +0.00000000000000000e+00,        +0.00000000000000000e+00,        +0.00000000000000000e+00,        +0.00000000000000000e+00,        +0.00000000000000000e+00,        +0.00000000000000000e+00,        +0.00000000000000000e+00,        +0.00000000000000000e+00,        +0.00000000000000000e+00,        +0.00000000000000000e+00,        +0.00000000000000000e+00,        +0.00000000000000000e+00,        +0.00000000000000000e+00,        +0.00000000000000000e+00,        +0.00000000000000000e+00,        +0.00000000000000000e+00,        +0.00000000000000000e+00,        +0.00000000000000000e+00,        +0.00000000000000000e+00,        +0.00000000000000000e+00,        +0.00000000000000000e+00,        +0.00000000000000000e+00,        +0.00000000000000000e+00,        +0.00000000000000000e+00,        +0.00000000000000000e+00,        +0.00000000000000000e+00,        +0.00000000000000000e+00,        +0.00000000000000000e+00,        +0.00000000000000000e+00,        +0.00000000000000000e+00,        +0.00000000000000000e+00,        +0.00000000000000000e+00,        +0.00000000000000000e+00,        +0.00000000000000000e+00,        +0.00000000000000000e+00,        +0.00000000000000000e+00,        +0.00000000000000000e+00,        +0.00000000000000000e+00,        +0.00000000000000000e+00,        +0.00000000000000000e+00,        +0.00000000000000000e+00,        +0.00000000000000000e+00,        +0.00000000000000000e+00,        +0.00000000000000000e+00,        +0.00000000000000000e+00,        +0.00000000000000000e+00,        +0.00000000000000000e+00,        +0.00000000000000000e+00,        +0.00000000000000000e+00,        +0.00000000000000000e+00,        +0.00000000000000000e+00,        +0.00000000000000000e+00,        +0.00000000000000000e+00,        +0.00000000000000000e+00,        +0.00000000000000000e+00,        +0.00000000000000000e+00,        +0.00000000000000000e+00,        +0.00000000000000000e+00,        +0.00000000000000000e+00,        +0.00000000000000000e+00,        +0.00000000000000000e+00,        +0.00000000000000000e+00,        +0.00000000000000000e+00,        +0.00000000000000000e+00,        +0.00000000000000000e+00,        +0.00000000000000000e+00,        +0.00000000000000000e+00,        +0.00000000000000000e+00,        +0.00000000000000000e+00,        +0.00000000000000000e+00,        +0.00000000000000000e+00,        +0.00000000000000000e+00,        +0.00000000000000000e+00,        +0.00000000000000000e+00,        +0.00000000000000000e+00,        +0.00000000000000000e+00,        +0.00000000000000000e+00,        +0.00000000000000000e+00,        +0.00000000000000000e+00,        +0.00000000000000000e+00,        +0.00000000000000000e+00,        +0.00000000000000000e+00,        +0.00000000000000000e+00,        +0.00000000000000000e+00,        +0.00000000000000000e+00,        +0.00000000000000000e+00,        +0.00000000000000000e+00,        +0.00000000000000000e+00
        +0.00000000000000000e+00,        +0.00000000000000000e+00,        +0.00000000000000000e+00,        +0.00000000000000000e+00,        +0.00000000000000000e+00,        +0.00000000000000000e+00,        +0.00000000000000000e+00,        +0.00000000000000000e+00,        +0.00000000000000000e+00,        +0.00000000000000000e+00,        +0.00000000000000000e+00,        +0.00000000000000000e+00,        +0.00000000000000000e+00,        +0.00000000000000000e+00,        +0.00000000000000000e+00,        +0.00000000000000000e+00,        +0.00000000000000000e+00,        +0.00000000000000000e+00,        +0.00000000000000000e+00,        +0.00000000000000000e+00,        +0.00000000000000000e+00,        +0.00000000000000000e+00,        +0.00000000000000000e+00,        +0.00000000000000000e+00,        +0.00000000000000000e+00,        +0.00000000000000000e+00,        +0.00000000000000000e+00,        +0.00000000000000000e+00,        +0.00000000000000000e+00,        +0.00000000000000000e+00,        +0.00000000000000000e+00,        +0.00000000000000000e+00,        +0.00000000000000000e+00,        +0.00000000000000000e+00,        +0.00000000000000000e+00,        +0.00000000000000000e+00,        +0.00000000000000000e+00,        +0.00000000000000000e+00,        +0.00000000000000000e+00,        +0.00000000000000000e+00,        +0.00000000000000000e+00,        +0.00000000000000000e+00,        +0.00000000000000000e+00,        +0.00000000000000000e+00,        +0.00000000000000000e+00,        +0.00000000000000000e+00,        +0.00000000000000000e+00,        +0.00000000000000000e+00,        +0.00000000000000000e+00,        +0.00000000000000000e+00,        +0.00000000000000000e+00,        +0.00000000000000000e+00,        +0.00000000000000000e+00,        +0.00000000000000000e+00,        +0.00000000000000000e+00,        +0.00000000000000000e+00,        +0.00000000000000000e+00,        +0.00000000000000000e+00,        +0.00000000000000000e+00,        +0.00000000000000000e+00,        +0.00000000000000000e+00,        +0.00000000000000000e+00,        +0.00000000000000000e+00,        +0.00000000000000000e+00,        +0.00000000000000000e+00,        +0.00000000000000000e+00,        +0.00000000000000000e+00,        +0.00000000000000000e+00,        +0.00000000000000000e+00,        +0.00000000000000000e+00,        +0.00000000000000000e+00,        +0.00000000000000000e+00,        +0.00000000000000000e+00,        +0.00000000000000000e+00,        +0.00000000000000000e+00,        +0.00000000000000000e+00,        +0.00000000000000000e+00,        +0.00000000000000000e+00,        +0.00000000000000000e+00,        +0.00000000000000000e+00,        +0.00000000000000000e+00,        +0.00000000000000000e+00,        +0.00000000000000000e+00,        +0.00000000000000000e+00,        +0.00000000000000000e+00,        +0.00000000000000000e+00,        +0.00000000000000000e+00,        +0.00000000000000000e+00,        +0.00000000000000000e+00,        +0.00000000000000000e+00,        +0.00000000000000000e+00,        +0.00000000000000000e+00,        +0.00000000000000000e+00,        +0.00000000000000000e+00,        +0.00000000000000000e+00,        +0.00000000000000000e+00,        +0.00000000000000000e+00,        +0.00000000000000000e+00,        +0.00000000000000000e+00,        +0.00000000000000000e+00,        +0.00000000000000000e+00,        +0.00000000000000000e+00,        +0.00000000000000000e+00,        +0.00000000000000000e+00,        +0.00000000000000000e+00,        +0.00000000000000000e+00,        +0.00000000000000000e+00,        +0.00000000000000000e+00
        +0.00000000000000000e+00,        +0.00000000000000000e+00,        +0.00000000000000000e+00,        +0.00000000000000000e+00,        +0.00000000000000000e+00,        +0.00000000000000000e+00,        +0.00000000000000000e+00,        +0.00000000000000000e+00,        +0.00000000000000000e+00,        +0.00000000000000000e+00,        +0.00000000000000000e+00,        +0.00000000000000000e+00,        +0.00000000000000000e+00,        +0.00000000000000000e+00,        +0.00000000000000000e+00,        +0.00000000000000000e+00,        +0.00000000000000000e+00,        +0.00000000000000000e+00,        +0.00000000000000000e+00,        +0.00000000000000000e+00,        +0.00000000000000000e+00,        +0.00000000000000000e+00,        +0.00000000000000000e+00,        +0.00000000000000000e+00,        +0.00000000000000000e+00,        +0.00000000000000000e+00,        +0.00000000000000000e+00,        +0.00000000000000000e+00,        +0.00000000000000000e+00,        +0.00000000000000000e+00,        +0.00000000000000000e+00,        +0.00000000000000000e+00,        +0.00000000000000000e+00,        +0.00000000000000000e+00,        +0.00000000000000000e+00,        +0.00000000000000000e+00,        +0.00000000000000000e+00,        +0.00000000000000000e+00,        +0.00000000000000000e+00,        +0.00000000000000000e+00,        +0.00000000000000000e+00,        +0.00000000000000000e+00,        +0.00000000000000000e+00,        +0.00000000000000000e+00,        +0.00000000000000000e+00,        +0.00000000000000000e+00,        +0.00000000000000000e+00,        +0.00000000000000000e+00,        +0.00000000000000000e+00,        +0.00000000000000000e+00,        +0.00000000000000000e+00,        +0.00000000000000000e+00,        +0.00000000000000000e+00,        +0.00000000000000000e+00,        +0.00000000000000000e+00,        +0.00000000000000000e+00,        +0.00000000000000000e+00,        +0.00000000000000000e+00,        +0.00000000000000000e+00,        +0.00000000000000000e+00,        +0.00000000000000000e+00,        +0.00000000000000000e+00,        +0.00000000000000000e+00,        +0.00000000000000000e+00,        +0.00000000000000000e+00,        +0.00000000000000000e+00,        +0.00000000000000000e+00,        +0.00000000000000000e+00,        +0.00000000000000000e+00,        +0.00000000000000000e+00,        +0.00000000000000000e+00,        +0.00000000000000000e+00,        +0.00000000000000000e+00,        +0.00000000000000000e+00,        +0.00000000000000000e+00,        +0.00000000000000000e+00,        +0.00000000000000000e+00,        +0.00000000000000000e+00,        +0.00000000000000000e+00,        +0.00000000000000000e+00,        +0.00000000000000000e+00,        +0.00000000000000000e+00,        +0.00000000000000000e+00,        +0.00000000000000000e+00,        +0.00000000000000000e+00,        +0.00000000000000000e+00,        +0.00000000000000000e+00,        +0.00000000000000000e+00,        +0.00000000000000000e+00,        +0.00000000000000000e+00,        +0.00000000000000000e+00,        +0.00000000000000000e+00,        +0.00000000000000000e+00,        +0.00000000000000000e+00,        +0.00000000000000000e+00,        +0.00000000000000000e+00,        +0.00000000000000000e+00,        +0.00000000000000000e+00,        +0.00000000000000000e+00,        +0.00000000000000000e+00,        +0.00000000000000000e+00,        +0.00000000000000000e+00,        +0.00000000000000000e+00,        +0.00000000000000000e+00,        +0.00000000000000000e+00,        +0.00000000000000000e+00,        +0.00000000000000000e+00,        +0.00000000000000000e+00
        +0.00000000000000000e+00,        +0.00000000000000000e+00,        +0.00000000000000000e+00,        +0.00000000000000000e+00,        +0.00000000000000000e+00,        +0.00000000000000000e+00,        +0.00000000000000000e+00,        +0.00000000000000000e+00,        +0.00000000000000000e+00,        +0.00000000000000000e+00,        +0.00000000000000000e+00,        +0.00000000000000000e+00,        +0.00000000000000000e+00,        +0.00000000000000000e+00,        +0.00000000000000000e+00,        +0.00000000000000000e+00,        +0.00000000000000000e+00,        +0.00000000000000000e+00,        +0.00000000000000000e+00,        +0.00000000000000000e+00,        +0.00000000000000000e+00,        +0.00000000000000000e+00,        +0.00000000000000000e+00,        +0.00000000000000000e+00,        +0.00000000000000000e+00,        +0.00000000000000000e+00,        +0.00000000000000000e+00,        +0.00000000000000000e+00,        +0.00000000000000000e+00,        +0.00000000000000000e+00,        +0.00000000000000000e+00,        +0.00000000000000000e+00,        +0.00000000000000000e+00,        +0.00000000000000000e+00,        +0.00000000000000000e+00,        +0.00000000000000000e+00,        +0.00000000000000000e+00,        +0.00000000000000000e+00,        +0.00000000000000000e+00,        +0.00000000000000000e+00,        +0.00000000000000000e+00,        +0.00000000000000000e+00,        +0.00000000000000000e+00,        +0.00000000000000000e+00,        +0.00000000000000000e+00,        +0.00000000000000000e+00,        +0.00000000000000000e+00,        +0.00000000000000000e+00,        +0.00000000000000000e+00,        +0.00000000000000000e+00,        +0.00000000000000000e+00,        +0.00000000000000000e+00,        +0.00000000000000000e+00,        +0.00000000000000000e+00,        +0.00000000000000000e+00,        +0.00000000000000000e+00,        +0.00000000000000000e+00,        +0.00000000000000000e+00,        +0.00000000000000000e+00,        +0.00000000000000000e+00,        +0.00000000000000000e+00,        +0.00000000000000000e+00,        +0.00000000000000000e+00,        +0.00000000000000000e+00,        +0.00000000000000000e+00,        +0.00000000000000000e+00,        +0.00000000000000000e+00,        +0.00000000000000000e+00,        +0.00000000000000000e+00,        +0.00000000000000000e+00,        +0.00000000000000000e+00,        +0.00000000000000000e+00,        +0.00000000000000000e+00,        +0.00000000000000000e+00,        +0.00000000000000000e+00,        +0.00000000000000000e+00,        +0.00000000000000000e+00,        +0.00000000000000000e+00,        +0.00000000000000000e+00,        +0.00000000000000000e+00,        +0.00000000000000000e+00,        +0.00000000000000000e+00,        +0.00000000000000000e+00,        +0.00000000000000000e+00,        +0.00000000000000000e+00,        +0.00000000000000000e+00,        +0.00000000000000000e+00,        +0.00000000000000000e+00,        +0.00000000000000000e+00,        +0.00000000000000000e+00,        +0.00000000000000000e+00,        +0.00000000000000000e+00,        +0.00000000000000000e+00,        +0.00000000000000000e+00,        +0.00000000000000000e+00,        +0.00000000000000000e+00,        +0.00000000000000000e+00,        +0.00000000000000000e+00,        +0.00000000000000000e+00,        +0.00000000000000000e+00,        +0.00000000000000000e+00,        +0.00000000000000000e+00,        +0.00000000000000000e+00,        +0.00000000000000000e+00,        +0.00000000000000000e+00,        +0.00000000000000000e+00,        +0.00000000000000000e+00,        +0.00000000000000000e+00
        +0.00000000000000000e+00,        +0.00000000000000000e+00,        +0.00000000000000000e+00,        +0.00000000000000000e+00,        +0.00000000000000000e+00,        +0.00000000000000000e+00,        +0.00000000000000000e+00,        +0.00000000000000000e+00,        +0.00000000000000000e+00,        +0.00000000000000000e+00,        +0.00000000000000000e+00,        +0.00000000000000000e+00,        +0.00000000000000000e+00,        +0.00000000000000000e+00,        +0.00000000000000000e+00,        +0.00000000000000000e+00,        +0.00000000000000000e+00,        +0.00000000000000000e+00,        +0.00000000000000000e+00,        +0.00000000000000000e+00,        +0.00000000000000000e+00,        +0.00000000000000000e+00,        +0.00000000000000000e+00,        +0.00000000000000000e+00,        +0.00000000000000000e+00,        +0.00000000000000000e+00,        +0.00000000000000000e+00,        +0.00000000000000000e+00,        +0.00000000000000000e+00,        +0.00000000000000000e+00,        +0.00000000000000000e+00,        +0.00000000000000000e+00,        +0.00000000000000000e+00,        +0.00000000000000000e+00,        +0.00000000000000000e+00,        +0.00000000000000000e+00,        +0.00000000000000000e+00,        +0.00000000000000000e+00,        +0.00000000000000000e+00,        +0.00000000000000000e+00,        +0.00000000000000000e+00,        +0.00000000000000000e+00,        +0.00000000000000000e+00,        +0.00000000000000000e+00,        +0.00000000000000000e+00,        +0.00000000000000000e+00,        +0.00000000000000000e+00,        +0.00000000000000000e+00,        +0.00000000000000000e+00,        +0.00000000000000000e+00,        +0.00000000000000000e+00,        +0.00000000000000000e+00,        +0.00000000000000000e+00,        +0.00000000000000000e+00,        +0.00000000000000000e+00,        +0.00000000000000000e+00,        +0.00000000000000000e+00,        +0.00000000000000000e+00,        +0.00000000000000000e+00,        +0.00000000000000000e+00,        +0.00000000000000000e+00,        +0.00000000000000000e+00,        +0.00000000000000000e+00,        +0.00000000000000000e+00,        +0.00000000000000000e+00,        +0.00000000000000000e+00,        +0.00000000000000000e+00,        +0.00000000000000000e+00,        +0.00000000000000000e+00,        +0.00000000000000000e+00,        +0.00000000000000000e+00,        +0.00000000000000000e+00,        +0.00000000000000000e+00,        +0.00000000000000000e+00,        +0.00000000000000000e+00,        +0.00000000000000000e+00,        +0.00000000000000000e+00,        +0.00000000000000000e+00,        +0.00000000000000000e+00,        +0.00000000000000000e+00,        +0.00000000000000000e+00,        +0.00000000000000000e+00,        +0.00000000000000000e+00,        +0.00000000000000000e+00,        +0.00000000000000000e+00,        +0.00000000000000000e+00,        +0.00000000000000000e+00,        +0.00000000000000000e+00,        +0.00000000000000000e+00,        +0.00000000000000000e+00,        +0.00000000000000000e+00,        +0.00000000000000000e+00,        +0.00000000000000000e+00,        +0.00000000000000000e+00,        +0.00000000000000000e+00,        +0.00000000000000000e+00,        +0.00000000000000000e+00,        +0.00000000000000000e+00,        +0.00000000000000000e+00,        +0.00000000000000000e+00,        +0.00000000000000000e+00,        +0.00000000000000000e+00,        +0.00000000000000000e+00,        +0.00000000000000000e+00,        +0.00000000000000000e+00,        +0.00000000000000000e+00,        +0.00000000000000000e+00,        +0.00000000000000000e+00
        +0.00000000000000000e+00,        +0.00000000000000000e+00,        +0.00000000000000000e+00,        +0.00000000000000000e+00,        +0.00000000000000000e+00,        +0.00000000000000000e+00,        +0.00000000000000000e+00,        +0.00000000000000000e+00,        +0.00000000000000000e+00,        +0.00000000000000000e+00,        +0.00000000000000000e+00,        +0.00000000000000000e+00,        +0.00000000000000000e+00,        +0.00000000000000000e+00,        +0.00000000000000000e+00,        +0.00000000000000000e+00,        +0.00000000000000000e+00,        +0.00000000000000000e+00,        +0.00000000000000000e+00,        +0.00000000000000000e+00,        +0.00000000000000000e+00,        +0.00000000000000000e+00,        +0.00000000000000000e+00,        +0.00000000000000000e+00,        +0.00000000000000000e+00,        +0.00000000000000000e+00,        +0.00000000000000000e+00,        +0.00000000000000000e+00,        +0.00000000000000000e+00,        +0.00000000000000000e+00,        +0.00000000000000000e+00,        +0.00000000000000000e+00,        +0.00000000000000000e+00,        +0.00000000000000000e+00,        +0.00000000000000000e+00,        +0.00000000000000000e+00,        +0.00000000000000000e+00,        +0.00000000000000000e+00,        +0.00000000000000000e+00,        +0.00000000000000000e+00,        +0.00000000000000000e+00,        +0.00000000000000000e+00,        +0.00000000000000000e+00,        +0.00000000000000000e+00,        +0.00000000000000000e+00,        +0.00000000000000000e+00,        +0.00000000000000000e+00,        +0.00000000000000000e+00,        +0.00000000000000000e+00,        +0.00000000000000000e+00,        +0.00000000000000000e+00,        +0.00000000000000000e+00,        +0.00000000000000000e+00,        +0.00000000000000000e+00,        +0.00000000000000000e+00,        +0.00000000000000000e+00,        +0.00000000000000000e+00,        +0.00000000000000000e+00,        +0.00000000000000000e+00,        +0.00000000000000000e+00,        +0.00000000000000000e+00,        +0.00000000000000000e+00,        +0.00000000000000000e+00,        +0.00000000000000000e+00,        +0.00000000000000000e+00,        +0.00000000000000000e+00,        +0.00000000000000000e+00,        +0.00000000000000000e+00,        +0.00000000000000000e+00,        +0.00000000000000000e+00,        +0.00000000000000000e+00,        +0.00000000000000000e+00,        +0.00000000000000000e+00,        +0.00000000000000000e+00,        +0.00000000000000000e+00,        +0.00000000000000000e+00,        +0.00000000000000000e+00,        +0.00000000000000000e+00,        +0.00000000000000000e+00,        +0.00000000000000000e+00,        +0.00000000000000000e+00,        +0.00000000000000000e+00,        +0.00000000000000000e+00,        +0.00000000000000000e+00,        +0.00000000000000000e+00,        +0.00000000000000000e+00,        +0.00000000000000000e+00,        +0.00000000000000000e+00,        +0.00000000000000000e+00,        +0.00000000000000000e+00,        +0.00000000000000000e+00,        +0.00000000000000000e+00,        +0.00000000000000000e+00,        +0.00000000000000000e+00,        +0.00000000000000000e+00,        +0.00000000000000000e+00,        +0.00000000000000000e+00,        +0.00000000000000000e+00,        +0.00000000000000000e+00,        +0.00000000000000000e+00,        +0.00000000000000000e+00,        +0.00000000000000000e+00,        +0.00000000000000000e+00,        +0.00000000000000000e+00,        +0.00000000000000000e+00,        +0.00000000000000000e+00,        +0.00000000000000000e+00,        +0.00000000000000000e+00
        +0.00000000000000000e+00,        +0.00000000000000000e+00,        +0.00000000000000000e+00,        +0.00000000000000000e+00,        +0.00000000000000000e+00,        +0.00000000000000000e+00,        +0.00000000000000000e+00,        +0.00000000000000000e+00,        +0.00000000000000000e+00,        +0.00000000000000000e+00,        +0.00000000000000000e+00,        +0.00000000000000000e+00,        +0.00000000000000000e+00,        +0.00000000000000000e+00,        +0.00000000000000000e+00,        +0.00000000000000000e+00,        +0.00000000000000000e+00,        +0.00000000000000000e+00,        +0.00000000000000000e+00,        +0.00000000000000000e+00,        +0.00000000000000000e+00,        +0.00000000000000000e+00,        +0.00000000000000000e+00,        +0.00000000000000000e+00,        +0.00000000000000000e+00,        +0.00000000000000000e+00,        +0.00000000000000000e+00,        +0.00000000000000000e+00,        +0.00000000000000000e+00,        +0.00000000000000000e+00,        +0.00000000000000000e+00,        +0.00000000000000000e+00,        +0.00000000000000000e+00,        +0.00000000000000000e+00,        +0.00000000000000000e+00,        +0.00000000000000000e+00,        +0.00000000000000000e+00,        +0.00000000000000000e+00,        +0.00000000000000000e+00,        +0.00000000000000000e+00,        +0.00000000000000000e+00,        +0.00000000000000000e+00,        +0.00000000000000000e+00,        +0.00000000000000000e+00,        +0.00000000000000000e+00,        +0.00000000000000000e+00,        +0.00000000000000000e+00,        +0.00000000000000000e+00,        +0.00000000000000000e+00,        +0.00000000000000000e+00,        +0.00000000000000000e+00,        +0.00000000000000000e+00,        +0.00000000000000000e+00,        +0.00000000000000000e+00,        +0.00000000000000000e+00,        +0.00000000000000000e+00,        +0.00000000000000000e+00,        +0.00000000000000000e+00,        +0.00000000000000000e+00,        +0.00000000000000000e+00,        +0.00000000000000000e+00,        +0.00000000000000000e+00,        +0.00000000000000000e+00,        +0.00000000000000000e+00,        +0.00000000000000000e+00,        +0.00000000000000000e+00,        +0.00000000000000000e+00,        +0.00000000000000000e+00,        +0.00000000000000000e+00,        +0.00000000000000000e+00,        +0.00000000000000000e+00,        +0.00000000000000000e+00,        +0.00000000000000000e+00,        +0.00000000000000000e+00,        +0.00000000000000000e+00,        +0.00000000000000000e+00,        +0.00000000000000000e+00,        +0.00000000000000000e+00,        +0.00000000000000000e+00,        +0.00000000000000000e+00,        +0.00000000000000000e+00,        +0.00000000000000000e+00,        +0.00000000000000000e+00,        +0.00000000000000000e+00,        +0.00000000000000000e+00,        +0.00000000000000000e+00,        +0.00000000000000000e+00,        +0.00000000000000000e+00,        +0.00000000000000000e+00,        +0.00000000000000000e+00,        +0.00000000000000000e+00,        +0.00000000000000000e+00,        +0.00000000000000000e+00,        +0.00000000000000000e+00,        +0.00000000000000000e+00,        +0.00000000000000000e+00,        +0.00000000000000000e+00,        +0.00000000000000000e+00,        +0.00000000000000000e+00,        +0.00000000000000000e+00,        +0.00000000000000000e+00,        +0.00000000000000000e+00,        +0.00000000000000000e+00,        +0.00000000000000000e+00,        +0.00000000000000000e+00,        +0.00000000000000000e+00,        +0.00000000000000000e+00,        +0.00000000000000000e+00
        +0.00000000000000000e+00,        +0.00000000000000000e+00,        +0.00000000000000000e+00,        +0.00000000000000000e+00,        +0.00000000000000000e+00,        +0.00000000000000000e+00,        +0.00000000000000000e+00,        +0.00000000000000000e+00,        +0.00000000000000000e+00,        +0.00000000000000000e+00,        +0.00000000000000000e+00,        +0.00000000000000000e+00,        +0.00000000000000000e+00,        +0.00000000000000000e+00,        +0.00000000000000000e+00,        +0.00000000000000000e+00,        +0.00000000000000000e+00,        +0.00000000000000000e+00,        +0.00000000000000000e+00,        +0.00000000000000000e+00,        +0.00000000000000000e+00,        +0.00000000000000000e+00,        +0.00000000000000000e+00,        +0.00000000000000000e+00,        +0.00000000000000000e+00,        +0.00000000000000000e+00,        +0.00000000000000000e+00,        +0.00000000000000000e+00,        +0.00000000000000000e+00,        +0.00000000000000000e+00,        +0.00000000000000000e+00,        +0.00000000000000000e+00,        +0.00000000000000000e+00,        +0.00000000000000000e+00,        +0.00000000000000000e+00,        +0.00000000000000000e+00,        +0.00000000000000000e+00,        +0.00000000000000000e+00,        +0.00000000000000000e+00,        +0.00000000000000000e+00,        +0.00000000000000000e+00,        +0.00000000000000000e+00,        +0.00000000000000000e+00,        +0.00000000000000000e+00,        +0.00000000000000000e+00,        +0.00000000000000000e+00,        +0.00000000000000000e+00,        +0.00000000000000000e+00,        +0.00000000000000000e+00,        +0.00000000000000000e+00,        +0.00000000000000000e+00,        +0.00000000000000000e+00,        +0.00000000000000000e+00,        +0.00000000000000000e+00,        +0.00000000000000000e+00,        +0.00000000000000000e+00,        +0.00000000000000000e+00,        +0.00000000000000000e+00,        +0.00000000000000000e+00,        +0.00000000000000000e+00,        +0.00000000000000000e+00,        +0.00000000000000000e+00,        +0.00000000000000000e+00,        +0.00000000000000000e+00,        +0.00000000000000000e+00,        +0.00000000000000000e+00,        +0.00000000000000000e+00,        +0.00000000000000000e+00,        +0.00000000000000000e+00,        +0.00000000000000000e+00,        +0.00000000000000000e+00,        +0.00000000000000000e+00,        +0.00000000000000000e+00,        +0.00000000000000000e+00,        +0.00000000000000000e+00,        +0.00000000000000000e+00,        +0.00000000000000000e+00,        +0.00000000000000000e+00,        +0.00000000000000000e+00,        +0.00000000000000000e+00,        +0.00000000000000000e+00,        +0.00000000000000000e+00,        +0.00000000000000000e+00,        +0.00000000000000000e+00,        +0.00000000000000000e+00,        +0.00000000000000000e+00,        +0.00000000000000000e+00,        +0.00000000000000000e+00,        +0.00000000000000000e+00,        +0.00000000000000000e+00,        +0.00000000000000000e+00,        +0.00000000000000000e+00,        +0.00000000000000000e+00,        +0.00000000000000000e+00,        +0.00000000000000000e+00,        +0.00000000000000000e+00,        +0.00000000000000000e+00,        +0.00000000000000000e+00,        +0.00000000000000000e+00,        +0.00000000000000000e+00,        +0.00000000000000000e+00,        +0.00000000000000000e+00,        +0.00000000000000000e+00,        +0.00000000000000000e+00,        +0.00000000000000000e+00,        +0.00000000000000000e+00,        +0.00000000000000000e+00,        +0.00000000000000000e+00
        +0.00000000000000000e+00,        +0.00000000000000000e+00,        +0.00000000000000000e+00,        +0.00000000000000000e+00,        +0.00000000000000000e+00,        +0.00000000000000000e+00,        +0.00000000000000000e+00,        +0.00000000000000000e+00,        +0.00000000000000000e+00,        +0.00000000000000000e+00,        +0.00000000000000000e+00,        +0.00000000000000000e+00,        +0.00000000000000000e+00,        +0.00000000000000000e+00,        +0.00000000000000000e+00,        +0.00000000000000000e+00,        +0.00000000000000000e+00,        +0.00000000000000000e+00,        +0.00000000000000000e+00,        +0.00000000000000000e+00,        +0.00000000000000000e+00,        +0.00000000000000000e+00,        +0.00000000000000000e+00,        +0.00000000000000000e+00,        +0.00000000000000000e+00,        +0.00000000000000000e+00,        +0.00000000000000000e+00,        +0.00000000000000000e+00,        +0.00000000000000000e+00,        +0.00000000000000000e+00,        +0.00000000000000000e+00,        +0.00000000000000000e+00,        +0.00000000000000000e+00,        +0.00000000000000000e+00,        +0.00000000000000000e+00,        +0.00000000000000000e+00,        +0.00000000000000000e+00,        +0.00000000000000000e+00,        +0.00000000000000000e+00,        +0.00000000000000000e+00,        +0.00000000000000000e+00,        +0.00000000000000000e+00,        +0.00000000000000000e+00,        +0.00000000000000000e+00,        +0.00000000000000000e+00,        +0.00000000000000000e+00,        +0.00000000000000000e+00,        +0.00000000000000000e+00,        +0.00000000000000000e+00,        +0.00000000000000000e+00,        +0.00000000000000000e+00,        +0.00000000000000000e+00,        +0.00000000000000000e+00,        +0.00000000000000000e+00,        +0.00000000000000000e+00,        +0.00000000000000000e+00,        +0.00000000000000000e+00,        +0.00000000000000000e+00,        +0.00000000000000000e+00,        +0.00000000000000000e+00,        +0.00000000000000000e+00,        +0.00000000000000000e+00,        +0.00000000000000000e+00,        +0.00000000000000000e+00,        +0.00000000000000000e+00,        +0.00000000000000000e+00,        +0.00000000000000000e+00,        +0.00000000000000000e+00,        +0.00000000000000000e+00,        +0.00000000000000000e+00,        +0.00000000000000000e+00,        +0.00000000000000000e+00,        +0.00000000000000000e+00,        +0.00000000000000000e+00,        +0.00000000000000000e+00,        +0.00000000000000000e+00,        +0.00000000000000000e+00,        +0.00000000000000000e+00,        +0.00000000000000000e+00,        +0.00000000000000000e+00,        +0.00000000000000000e+00,        +0.00000000000000000e+00,        +0.00000000000000000e+00,        +0.00000000000000000e+00,        +0.00000000000000000e+00,        +0.00000000000000000e+00,        +0.00000000000000000e+00,        +0.00000000000000000e+00,        +0.00000000000000000e+00,        +0.00000000000000000e+00,        +0.00000000000000000e+00,        +0.00000000000000000e+00,        +0.00000000000000000e+00,        +0.00000000000000000e+00,        +0.00000000000000000e+00,        +0.00000000000000000e+00,        +0.00000000000000000e+00,        +0.00000000000000000e+00,        +0.00000000000000000e+00,        +0.00000000000000000e+00,        +0.00000000000000000e+00,        +0.00000000000000000e+00,        +0.00000000000000000e+00,        +0.00000000000000000e+00,        +0.00000000000000000e+00,        +0.00000000000000000e+00,        +0.00000000000000000e+00,        +0.00000000000000000e+00
        +0.00000000000000000e+00,        +0.00000000000000000e+00,        +0.00000000000000000e+00,        +0.00000000000000000e+00,        +0.00000000000000000e+00,        +0.00000000000000000e+00,        +0.00000000000000000e+00,        +0.00000000000000000e+00,        +0.00000000000000000e+00,        +0.00000000000000000e+00,        +0.00000000000000000e+00,        +0.00000000000000000e+00,        +0.00000000000000000e+00,        +0.00000000000000000e+00,        +0.00000000000000000e+00,        +0.00000000000000000e+00,        +0.00000000000000000e+00,        +0.00000000000000000e+00,        +0.00000000000000000e+00,        +0.00000000000000000e+00,        +0.00000000000000000e+00,        +0.00000000000000000e+00,        +0.00000000000000000e+00,        +0.00000000000000000e+00,        +0.00000000000000000e+00,        +0.00000000000000000e+00,        +0.00000000000000000e+00,        +0.00000000000000000e+00,        +0.00000000000000000e+00,        +0.00000000000000000e+00,        +0.00000000000000000e+00,        +0.00000000000000000e+00,        +0.00000000000000000e+00,        +0.00000000000000000e+00,        +0.00000000000000000e+00,        +0.00000000000000000e+00,        +0.00000000000000000e+00,        +0.00000000000000000e+00,        +0.00000000000000000e+00,        +0.00000000000000000e+00,        +0.00000000000000000e+00,        +0.00000000000000000e+00,        +0.00000000000000000e+00,        +0.00000000000000000e+00,        +0.00000000000000000e+00,        +0.00000000000000000e+00,        +0.00000000000000000e+00,        +0.00000000000000000e+00,        +0.00000000000000000e+00,        +0.00000000000000000e+00,        +0.00000000000000000e+00,        +0.00000000000000000e+00,        +0.00000000000000000e+00,        +0.00000000000000000e+00,        +0.00000000000000000e+00,        +0.00000000000000000e+00,        +0.00000000000000000e+00,        +0.00000000000000000e+00,        +0.00000000000000000e+00,        +0.00000000000000000e+00,        +0.00000000000000000e+00,        +0.00000000000000000e+00,        +0.00000000000000000e+00,        +0.00000000000000000e+00,        +0.00000000000000000e+00,        +0.00000000000000000e+00,        +0.00000000000000000e+00,        +0.00000000000000000e+00,        +0.00000000000000000e+00,        +0.00000000000000000e+00,        +0.00000000000000000e+00,        +0.00000000000000000e+00,        +0.00000000000000000e+00,        +0.00000000000000000e+00,        +0.00000000000000000e+00,        +0.00000000000000000e+00,        +0.00000000000000000e+00,        +0.00000000000000000e+00,        +0.00000000000000000e+00,        +0.00000000000000000e+00,        +0.00000000000000000e+00,        +0.00000000000000000e+00,        +0.00000000000000000e+00,        +0.00000000000000000e+00,        +0.00000000000000000e+00,        +0.00000000000000000e+00,        +0.00000000000000000e+00,        +0.00000000000000000e+00,        +0.00000000000000000e+00,        +0.00000000000000000e+00,        +0.00000000000000000e+00,        +0.00000000000000000e+00,        +0.00000000000000000e+00,        +0.00000000000000000e+00,        +0.00000000000000000e+00,        +0.00000000000000000e+00,        +0.00000000000000000e+00,        +0.00000000000000000e+00,        +0.00000000000000000e+00,        +0.00000000000000000e+00,        +0.00000000000000000e+00,        +0.00000000000000000e+00,        +0.00000000000000000e+00,        +0.00000000000000000e+00,        +0.00000000000000000e+00,        +0.00000000000000000e+00,        +0.00000000000000000e+00,        +0.00000000000000000e+00
        +0.00000000000000000e+00,        +0.00000000000000000e+00,        +0.00000000000000000e+00,        +0.00000000000000000e+00,        +0.00000000000000000e+00,        +0.00000000000000000e+00,        +0.00000000000000000e+00,        +0.00000000000000000e+00,        +0.00000000000000000e+00,        +0.00000000000000000e+00,        +0.00000000000000000e+00,        +0.00000000000000000e+00,        +0.00000000000000000e+00,        +0.00000000000000000e+00,        +0.00000000000000000e+00,        +0.00000000000000000e+00,        +0.00000000000000000e+00,        +0.00000000000000000e+00,        +0.00000000000000000e+00,        +0.00000000000000000e+00,        +0.00000000000000000e+00,        +0.00000000000000000e+00,        +0.00000000000000000e+00,        +0.00000000000000000e+00,        +0.00000000000000000e+00,        +0.00000000000000000e+00,        +0.00000000000000000e+00,        +0.00000000000000000e+00,        +0.00000000000000000e+00,        +0.00000000000000000e+00,        +0.00000000000000000e+00,        +0.00000000000000000e+00,        +0.00000000000000000e+00,        +0.00000000000000000e+00,        +0.00000000000000000e+00,        +0.00000000000000000e+00,        +0.00000000000000000e+00,        +0.00000000000000000e+00,        +0.00000000000000000e+00,        +0.00000000000000000e+00,        +0.00000000000000000e+00,        +0.00000000000000000e+00,        +0.00000000000000000e+00,        +0.00000000000000000e+00,        +0.00000000000000000e+00,        +0.00000000000000000e+00,        +0.00000000000000000e+00,        +0.00000000000000000e+00,        +0.00000000000000000e+00,        +0.00000000000000000e+00,        +0.00000000000000000e+00,        +0.00000000000000000e+00,        +0.00000000000000000e+00,        +0.00000000000000000e+00,        +0.00000000000000000e+00,        +0.00000000000000000e+00,        +0.00000000000000000e+00,        +0.00000000000000000e+00,        +0.00000000000000000e+00,        +0.00000000000000000e+00,        +0.00000000000000000e+00,        +0.00000000000000000e+00,        +0.00000000000000000e+00,        +0.00000000000000000e+00,        +0.00000000000000000e+00,        +0.00000000000000000e+00,        +0.00000000000000000e+00,        +0.00000000000000000e+00,        +0.00000000000000000e+00,        +0.00000000000000000e+00,        +0.00000000000000000e+00,        +0.00000000000000000e+00,        +0.00000000000000000e+00,        +0.00000000000000000e+00,        +0.00000000000000000e+00,        +0.00000000000000000e+00,        +0.00000000000000000e+00,        +0.00000000000000000e+00,        +0.00000000000000000e+00,        +0.00000000000000000e+00,        +0.00000000000000000e+00,        +0.00000000000000000e+00,        +0.00000000000000000e+00,        +0.00000000000000000e+00,        +0.00000000000000000e+00,        +0.00000000000000000e+00,        +0.00000000000000000e+00,        +0.00000000000000000e+00,        +0.00000000000000000e+00,        +0.00000000000000000e+00,        +0.00000000000000000e+00,        +0.00000000000000000e+00,        +0.00000000000000000e+00,        +0.00000000000000000e+00,        +0.00000000000000000e+00,        +0.00000000000000000e+00,        +0.00000000000000000e+00,        +0.00000000000000000e+00,        +0.00000000000000000e+00,        +0.00000000000000000e+00,        +0.00000000000000000e+00,        +0.00000000000000000e+00,        +0.00000000000000000e+00,        +0.00000000000000000e+00,        +0.00000000000000000e+00,        +0.00000000000000000e+00,        +0.00000000000000000e+00,        +0.00000000000000000e+00
        +0.00000000000000000e+00,        +0.00000000000000000e+00,        +0.00000000000000000e+00,        +0.00000000000000000e+00,        +0.00000000000000000e+00,        +0.00000000000000000e+00,        +0.00000000000000000e+00,        +0.00000000000000000e+00,        +0.00000000000000000e+00,        +0.00000000000000000e+00,        +0.00000000000000000e+00,        +0.00000000000000000e+00,        +0.00000000000000000e+00,        +0.00000000000000000e+00,        +0.00000000000000000e+00,        +0.00000000000000000e+00,        +0.00000000000000000e+00,        +0.00000000000000000e+00,        +0.00000000000000000e+00,        +0.00000000000000000e+00,        +0.00000000000000000e+00,        +0.00000000000000000e+00,        +0.00000000000000000e+00,        +0.00000000000000000e+00,        +0.00000000000000000e+00,        +0.00000000000000000e+00,        +0.00000000000000000e+00,        +0.00000000000000000e+00,        +0.00000000000000000e+00,        +0.00000000000000000e+00,        +0.00000000000000000e+00,        +0.00000000000000000e+00,        +0.00000000000000000e+00,        +0.00000000000000000e+00,        +0.00000000000000000e+00,        +0.00000000000000000e+00,        +0.00000000000000000e+00,        +0.00000000000000000e+00,        +0.00000000000000000e+00,        +0.00000000000000000e+00,        +0.00000000000000000e+00,        +0.00000000000000000e+00,        +0.00000000000000000e+00,        +0.00000000000000000e+00,        +0.00000000000000000e+00,        +0.00000000000000000e+00,        +0.00000000000000000e+00,        +0.00000000000000000e+00,        +0.00000000000000000e+00,        +0.00000000000000000e+00,        +0.00000000000000000e+00,        +0.00000000000000000e+00,        +0.00000000000000000e+00,        +0.00000000000000000e+00,        +0.00000000000000000e+00,        +0.00000000000000000e+00,        +0.00000000000000000e+00,        +0.00000000000000000e+00,        +0.00000000000000000e+00,        +0.00000000000000000e+00,        +0.00000000000000000e+00,        +0.00000000000000000e+00,        +0.00000000000000000e+00,        +0.00000000000000000e+00,        +0.00000000000000000e+00,        +0.00000000000000000e+00,        +0.00000000000000000e+00,        +0.00000000000000000e+00,        +0.00000000000000000e+00,        +0.00000000000000000e+00,        +0.00000000000000000e+00,        +0.00000000000000000e+00,        +0.00000000000000000e+00,        +0.00000000000000000e+00,        +0.00000000000000000e+00,        +0.00000000000000000e+00,        +0.00000000000000000e+00,        +0.00000000000000000e+00,        +0.00000000000000000e+00,        +0.00000000000000000e+00,        +0.00000000000000000e+00,        +0.00000000000000000e+00,        +0.00000000000000000e+00,        +0.00000000000000000e+00,        +0.00000000000000000e+00,        +0.00000000000000000e+00,        +0.00000000000000000e+00,        +0.00000000000000000e+00,        +0.00000000000000000e+00,        +0.00000000000000000e+00,        +0.00000000000000000e+00,        +0.00000000000000000e+00,        +0.00000000000000000e+00,        +0.00000000000000000e+00,        +0.00000000000000000e+00,        +0.00000000000000000e+00,        +0.00000000000000000e+00,        +0.00000000000000000e+00,        +0.00000000000000000e+00,        +0.00000000000000000e+00,        +0.00000000000000000e+00,        +0.00000000000000000e+00,        +0.00000000000000000e+00,        +0.00000000000000000e+00,        +0.00000000000000000e+00,        +0.00000000000000000e+00,        +0.00000000000000000e+00,        +0.00000000000000000e+00
        +0.00000000000000000e+00,        +0.00000000000000000e+00,        +0.00000000000000000e+00,        +0.00000000000000000e+00,        +0.00000000000000000e+00,        +0.00000000000000000e+00,        +0.00000000000000000e+00,        +0.00000000000000000e+00,        +0.00000000000000000e+00,        +0.00000000000000000e+00,        +0.00000000000000000e+00,        +0.00000000000000000e+00,        +0.00000000000000000e+00,        +0.00000000000000000e+00,        +0.00000000000000000e+00,        +0.00000000000000000e+00,        +0.00000000000000000e+00,        +0.00000000000000000e+00,        +0.00000000000000000e+00,        +0.00000000000000000e+00,        +0.00000000000000000e+00,        +0.00000000000000000e+00,        +0.00000000000000000e+00,        +0.00000000000000000e+00,        +0.00000000000000000e+00,        +0.00000000000000000e+00,        +0.00000000000000000e+00,        +0.00000000000000000e+00,        +0.00000000000000000e+00,        +0.00000000000000000e+00,        +0.00000000000000000e+00,        +0.00000000000000000e+00,        +0.00000000000000000e+00,        +0.00000000000000000e+00,        +0.00000000000000000e+00,        +0.00000000000000000e+00,        +0.00000000000000000e+00,        +0.00000000000000000e+00,        +0.00000000000000000e+00,        +0.00000000000000000e+00,        +0.00000000000000000e+00,        +0.00000000000000000e+00,        +0.00000000000000000e+00,        +0.00000000000000000e+00,        +0.00000000000000000e+00,        +0.00000000000000000e+00,        +0.00000000000000000e+00,        +0.00000000000000000e+00,        +0.00000000000000000e+00,        +0.00000000000000000e+00,        +0.00000000000000000e+00,        +0.00000000000000000e+00,        +0.00000000000000000e+00,        +0.00000000000000000e+00,        +0.00000000000000000e+00,        +0.00000000000000000e+00,        +0.00000000000000000e+00,        +0.00000000000000000e+00,        +0.00000000000000000e+00,        +0.00000000000000000e+00,        +0.00000000000000000e+00,        +0.00000000000000000e+00,        +0.00000000000000000e+00,        +0.00000000000000000e+00,        +0.00000000000000000e+00,        +0.00000000000000000e+00,        +0.00000000000000000e+00,        +0.00000000000000000e+00,        +0.00000000000000000e+00,        +0.00000000000000000e+00,        +0.00000000000000000e+00,        +0.00000000000000000e+00,        +0.00000000000000000e+00,        +0.00000000000000000e+00,        +0.00000000000000000e+00,        +0.00000000000000000e+00,        +0.00000000000000000e+00,        +0.00000000000000000e+00,        +0.00000000000000000e+00,        +0.00000000000000000e+00,        +0.00000000000000000e+00,        +0.00000000000000000e+00,        +0.00000000000000000e+00,        +0.00000000000000000e+00,        +0.00000000000000000e+00,        +0.00000000000000000e+00,        +0.00000000000000000e+00,        +0.00000000000000000e+00,        +0.00000000000000000e+00,        +0.00000000000000000e+00,        +0.00000000000000000e+00,        +0.00000000000000000e+00,        +0.00000000000000000e+00,        +0.00000000000000000e+00,        +0.00000000000000000e+00,        +0.00000000000000000e+00,        +0.00000000000000000e+00,        +0.00000000000000000e+00,        +0.00000000000000000e+00,        +0.00000000000000000e+00,        +0.00000000000000000e+00,        +0.00000000000000000e+00,        +0.00000000000000000e+00,        +0.00000000000000000e+00,        +0.00000000000000000e+00,        +0.00000000000000000e+00,        +0.00000000000000000e+00,        +0.00000000000000000e+00
        +0.00000000000000000e+00,        +0.00000000000000000e+00,        +0.00000000000000000e+00,        +0.00000000000000000e+00,        +0.00000000000000000e+00,        +0.00000000000000000e+00,        +0.00000000000000000e+00,        +0.00000000000000000e+00,        +0.00000000000000000e+00,        +0.00000000000000000e+00,        +0.00000000000000000e+00,        +0.00000000000000000e+00,        +0.00000000000000000e+00,        +0.00000000000000000e+00,        +0.00000000000000000e+00,        +0.00000000000000000e+00,        +0.00000000000000000e+00,        +0.00000000000000000e+00,        +0.00000000000000000e+00,        +0.00000000000000000e+00,        +0.00000000000000000e+00,        +0.00000000000000000e+00,        +0.00000000000000000e+00,        +0.00000000000000000e+00,        +0.00000000000000000e+00,        +0.00000000000000000e+00,        +0.00000000000000000e+00,        +0.00000000000000000e+00,        +0.00000000000000000e+00,        +0.00000000000000000e+00,        +0.00000000000000000e+00,        +0.00000000000000000e+00,        +0.00000000000000000e+00,        +0.00000000000000000e+00,        +0.00000000000000000e+00,        +0.00000000000000000e+00,        +0.00000000000000000e+00,        +0.00000000000000000e+00,        +0.00000000000000000e+00,        +0.00000000000000000e+00,        +0.00000000000000000e+00,        +0.00000000000000000e+00,        +0.00000000000000000e+00,        +0.00000000000000000e+00,        +0.00000000000000000e+00,        +0.00000000000000000e+00,        +0.00000000000000000e+00,        +0.00000000000000000e+00,        +0.00000000000000000e+00,        +0.00000000000000000e+00,        +0.00000000000000000e+00,        +0.00000000000000000e+00,        +0.00000000000000000e+00,        +0.00000000000000000e+00,        +0.00000000000000000e+00,        +0.00000000000000000e+00,        +0.00000000000000000e+00,        +0.00000000000000000e+00,        +0.00000000000000000e+00,        +0.00000000000000000e+00,        +0.00000000000000000e+00,        +0.00000000000000000e+00,        +0.00000000000000000e+00,        +0.00000000000000000e+00,        +0.00000000000000000e+00,        +0.00000000000000000e+00,        +0.00000000000000000e+00,        +0.00000000000000000e+00,        +0.00000000000000000e+00,        +0.00000000000000000e+00,        +0.00000000000000000e+00,        +0.00000000000000000e+00,        +0.00000000000000000e+00,        +0.00000000000000000e+00,        +0.00000000000000000e+00,        +0.00000000000000000e+00,        +0.00000000000000000e+00,        +0.00000000000000000e+00,        +0.00000000000000000e+00,        +0.00000000000000000e+00,        +0.00000000000000000e+00,        +0.00000000000000000e+00,        +0.00000000000000000e+00,        +0.00000000000000000e+00,        +0.00000000000000000e+00,        +0.00000000000000000e+00,        +0.00000000000000000e+00,        +0.00000000000000000e+00,        +0.00000000000000000e+00,        +0.00000000000000000e+00,        +0.00000000000000000e+00,        +0.00000000000000000e+00,        +0.00000000000000000e+00,        +0.00000000000000000e+00,        +0.00000000000000000e+00,        +0.00000000000000000e+00,        +0.00000000000000000e+00,        +0.00000000000000000e+00,        +0.00000000000000000e+00,        +0.00000000000000000e+00,        +0.00000000000000000e+00,        +0.00000000000000000e+00,        +0.00000000000000000e+00,        +0.00000000000000000e+00,        +0.00000000000000000e+00,        +0.00000000000000000e+00,        +0.00000000000000000e+00,        +0.00000000000000000e+00
        +0.00000000000000000e+00,        +0.00000000000000000e+00,        +0.00000000000000000e+00,        +0.00000000000000000e+00,        +0.00000000000000000e+00,        +0.00000000000000000e+00,        +0.00000000000000000e+00,        +0.00000000000000000e+00,        +0.00000000000000000e+00,        +0.00000000000000000e+00,        +0.00000000000000000e+00,        +0.00000000000000000e+00,        +0.00000000000000000e+00,        +0.00000000000000000e+00,        +0.00000000000000000e+00,        +0.00000000000000000e+00,        +0.00000000000000000e+00,        +0.00000000000000000e+00,        +0.00000000000000000e+00,        +0.00000000000000000e+00,        +0.00000000000000000e+00,        +0.00000000000000000e+00,        +0.00000000000000000e+00,        +0.00000000000000000e+00,        +0.00000000000000000e+00,        +0.00000000000000000e+00,        +0.00000000000000000e+00,        +0.00000000000000000e+00,        +0.00000000000000000e+00,        +0.00000000000000000e+00,        +0.00000000000000000e+00,        +0.00000000000000000e+00,        +0.00000000000000000e+00,        +0.00000000000000000e+00,        +0.00000000000000000e+00,        +0.00000000000000000e+00,        +0.00000000000000000e+00,        +0.00000000000000000e+00,        +0.00000000000000000e+00,        +0.00000000000000000e+00,        +0.00000000000000000e+00,        +0.00000000000000000e+00,        +0.00000000000000000e+00,        +0.00000000000000000e+00,        +0.00000000000000000e+00,        +0.00000000000000000e+00,        +0.00000000000000000e+00,        +0.00000000000000000e+00,        +0.00000000000000000e+00,        +0.00000000000000000e+00,        +0.00000000000000000e+00,        +0.00000000000000000e+00,        +0.00000000000000000e+00,        +0.00000000000000000e+00,        +0.00000000000000000e+00,        +0.00000000000000000e+00,        +0.00000000000000000e+00,        +0.00000000000000000e+00,        +0.00000000000000000e+00,        +0.00000000000000000e+00,        +0.00000000000000000e+00,        +0.00000000000000000e+00,        +0.00000000000000000e+00,        +0.00000000000000000e+00,        +0.00000000000000000e+00,        +0.00000000000000000e+00,        +0.00000000000000000e+00,        +0.00000000000000000e+00,        +0.00000000000000000e+00,        +0.00000000000000000e+00,        +0.00000000000000000e+00,        +0.00000000000000000e+00,        +0.00000000000000000e+00,        +0.00000000000000000e+00,        +0.00000000000000000e+00,        +0.00000000000000000e+00,        +0.00000000000000000e+00,        +0.00000000000000000e+00,        +0.00000000000000000e+00,        +0.00000000000000000e+00,        +0.00000000000000000e+00,        +0.00000000000000000e+00,        +0.00000000000000000e+00,        +0.00000000000000000e+00,        +0.00000000000000000e+00,        +0.00000000000000000e+00,        +0.00000000000000000e+00,        +0.00000000000000000e+00,        +0.00000000000000000e+00,        +0.00000000000000000e+00,        +0.00000000000000000e+00,        +0.00000000000000000e+00,        +0.00000000000000000e+00,        +0.00000000000000000e+00,        +0.00000000000000000e+00,        +0.00000000000000000e+00,        +0.00000000000000000e+00,        +0.00000000000000000e+00,        +0.00000000000000000e+00,        +0.00000000000000000e+00,        +0.00000000000000000e+00,        +0.00000000000000000e+00,        +0.00000000000000000e+00,        +0.00000000000000000e+00,        +0.00000000000000000e+00,        +0.00000000000000000e+00,        +0.00000000000000000e+00,        +0.00000000000000000e+00
        +0.00000000000000000e+00,        +0.00000000000000000e+00,        +0.00000000000000000e+00,        +0.00000000000000000e+00,        +0.00000000000000000e+00,        +0.00000000000000000e+00,        +0.00000000000000000e+00,        +0.00000000000000000e+00,        +0.00000000000000000e+00,        +0.00000000000000000e+00,        +0.00000000000000000e+00,        +0.00000000000000000e+00,        +0.00000000000000000e+00,        +0.00000000000000000e+00,        +0.00000000000000000e+00,        +0.00000000000000000e+00,        +0.00000000000000000e+00,        +0.00000000000000000e+00,        +0.00000000000000000e+00,        +0.00000000000000000e+00,        +0.00000000000000000e+00,        +0.00000000000000000e+00,        +0.00000000000000000e+00,        +0.00000000000000000e+00,        +0.00000000000000000e+00,        +0.00000000000000000e+00,        +0.00000000000000000e+00,        +0.00000000000000000e+00,        +0.00000000000000000e+00,        +0.00000000000000000e+00,        +0.00000000000000000e+00,        +0.00000000000000000e+00,        +0.00000000000000000e+00,        +0.00000000000000000e+00,        +0.00000000000000000e+00,        +0.00000000000000000e+00,        +0.00000000000000000e+00,        +0.00000000000000000e+00,        +0.00000000000000000e+00,        +0.00000000000000000e+00,        +0.00000000000000000e+00,        +0.00000000000000000e+00,        +0.00000000000000000e+00,        +0.00000000000000000e+00,        +0.00000000000000000e+00,        +0.00000000000000000e+00,        +0.00000000000000000e+00,        +0.00000000000000000e+00,        +0.00000000000000000e+00,        +0.00000000000000000e+00,        +0.00000000000000000e+00,        +0.00000000000000000e+00,        +0.00000000000000000e+00,        +0.00000000000000000e+00,        +0.00000000000000000e+00,        +0.00000000000000000e+00,        +0.00000000000000000e+00,        +0.00000000000000000e+00,        +0.00000000000000000e+00,        +0.00000000000000000e+00,        +0.00000000000000000e+00,        +0.00000000000000000e+00,        +0.00000000000000000e+00,        +0.00000000000000000e+00,        +0.00000000000000000e+00,        +0.00000000000000000e+00,        +0.00000000000000000e+00,        +0.00000000000000000e+00,        +0.00000000000000000e+00,        +0.00000000000000000e+00,        +0.00000000000000000e+00,        +0.00000000000000000e+00,        +0.00000000000000000e+00,        +0.00000000000000000e+00,        +0.00000000000000000e+00,        +0.00000000000000000e+00,        +0.00000000000000000e+00,        +0.00000000000000000e+00,        +0.00000000000000000e+00,        +0.00000000000000000e+00,        +0.00000000000000000e+00,        +0.00000000000000000e+00,        +0.00000000000000000e+00,        +0.00000000000000000e+00,        +0.00000000000000000e+00,        +0.00000000000000000e+00,        +0.00000000000000000e+00,        +0.00000000000000000e+00,        +0.00000000000000000e+00,        +0.00000000000000000e+00,        +0.00000000000000000e+00,        +0.00000000000000000e+00,        +0.00000000000000000e+00,        +0.00000000000000000e+00,        +0.00000000000000000e+00,        +0.00000000000000000e+00,        +0.00000000000000000e+00,        +0.00000000000000000e+00,        +0.00000000000000000e+00,        +0.00000000000000000e+00,        +0.00000000000000000e+00,        +0.00000000000000000e+00,        +0.00000000000000000e+00,        +0.00000000000000000e+00,        +0.00000000000000000e+00,        +0.00000000000000000e+00,        +0.00000000000000000e+00,        +0.00000000000000000e+00
        +0.00000000000000000e+00,        +0.00000000000000000e+00,        +0.00000000000000000e+00,        +0.00000000000000000e+00,        +0.00000000000000000e+00,        +0.00000000000000000e+00,        +0.00000000000000000e+00,        +0.00000000000000000e+00,        +0.00000000000000000e+00,        +0.00000000000000000e+00,        +0.00000000000000000e+00,        +0.00000000000000000e+00,        +0.00000000000000000e+00,        +0.00000000000000000e+00,        +0.00000000000000000e+00,        +0.00000000000000000e+00,        +0.00000000000000000e+00,        +0.00000000000000000e+00,        +0.00000000000000000e+00,        +0.00000000000000000e+00,        +0.00000000000000000e+00,        +0.00000000000000000e+00,        +0.00000000000000000e+00,        +0.00000000000000000e+00,        +0.00000000000000000e+00,        +0.00000000000000000e+00,        +0.00000000000000000e+00,        +0.00000000000000000e+00,        +0.00000000000000000e+00,        +0.00000000000000000e+00,        +0.00000000000000000e+00,        +0.00000000000000000e+00,        +0.00000000000000000e+00,        +0.00000000000000000e+00,        +0.00000000000000000e+00,        +0.00000000000000000e+00,        +0.00000000000000000e+00,        +0.00000000000000000e+00,        +0.00000000000000000e+00,        +0.00000000000000000e+00,        +0.00000000000000000e+00,        +0.00000000000000000e+00,        +0.00000000000000000e+00,        +0.00000000000000000e+00,        +0.00000000000000000e+00,        +0.00000000000000000e+00,        +0.00000000000000000e+00,        +0.00000000000000000e+00,        +0.00000000000000000e+00,        +0.00000000000000000e+00,        +0.00000000000000000e+00,        +0.00000000000000000e+00,        +0.00000000000000000e+00,        +0.00000000000000000e+00,        +0.00000000000000000e+00,        +0.00000000000000000e+00,        +0.00000000000000000e+00,        +0.00000000000000000e+00,        +0.00000000000000000e+00,        +0.00000000000000000e+00,        +0.00000000000000000e+00,        +0.00000000000000000e+00,        +0.00000000000000000e+00,        +0.00000000000000000e+00,        +0.00000000000000000e+00,        +0.00000000000000000e+00,        +0.00000000000000000e+00,        +0.00000000000000000e+00,        +0.00000000000000000e+00,        +0.00000000000000000e+00,        +0.00000000000000000e+00,        +0.00000000000000000e+00,        +0.00000000000000000e+00,        +0.00000000000000000e+00,        +0.00000000000000000e+00,        +0.00000000000000000e+00,        +0.00000000000000000e+00,        +0.00000000000000000e+00,        +0.00000000000000000e+00,        +0.00000000000000000e+00,        +0.00000000000000000e+00,        +0.00000000000000000e+00,        +0.00000000000000000e+00,        +0.00000000000000000e+00,        +0.00000000000000000e+00,        +0.00000000000000000e+00,        +0.00000000000000000e+00,        +0.00000000000000000e+00,        +0.00000000000000000e+00,        +0.00000000000000000e+00,        +0.00000000000000000e+00,        +0.00000000000000000e+00,        +0.00000000000000000e+00,        +0.00000000000000000e+00,        +0.00000000000000000e+00,        +0.00000000000000000e+00,        +0.00000000000000000e+00,        +0.00000000000000000e+00,        +0.00000000000000000e+00,        +0.00000000000000000e+00,        +0.00000000000000000e+00,        +0.00000000000000000e+00,        +0.00000000000000000e+00,        +0.00000000000000000e+00,        +0.00000000000000000e+00,        +0.00000000000000000e+00,        +0.00000000000000000e+00,        +0.00000000000000000e+00
        +0.00000000000000000e+00,        +0.00000000000000000e+00,        +0.00000000000000000e+00,        +0.00000000000000000e+00,        +0.00000000000000000e+00,        +0.00000000000000000e+00,        +0.00000000000000000e+00,        +0.00000000000000000e+00,        +0.00000000000000000e+00,        +0.00000000000000000e+00,        +0.00000000000000000e+00,        +0.00000000000000000e+00,        +0.00000000000000000e+00,        +0.00000000000000000e+00,        +0.00000000000000000e+00,        +0.00000000000000000e+00,        +0.00000000000000000e+00,        +0.00000000000000000e+00,        +0.00000000000000000e+00,        +0.00000000000000000e+00,        +0.00000000000000000e+00,        +0.00000000000000000e+00,        +0.00000000000000000e+00,        +0.00000000000000000e+00,        +0.00000000000000000e+00,        +0.00000000000000000e+00,        +0.00000000000000000e+00,        +0.00000000000000000e+00,        +0.00000000000000000e+00,        +0.00000000000000000e+00,        +0.00000000000000000e+00,        +0.00000000000000000e+00,        +0.00000000000000000e+00,        +0.00000000000000000e+00,        +0.00000000000000000e+00,        +0.00000000000000000e+00,        +0.00000000000000000e+00,        +0.00000000000000000e+00,        +0.00000000000000000e+00,        +0.00000000000000000e+00,        +0.00000000000000000e+00,        +0.00000000000000000e+00,        +0.00000000000000000e+00,        +0.00000000000000000e+00,        +0.00000000000000000e+00,        +0.00000000000000000e+00,        +0.00000000000000000e+00,        +0.00000000000000000e+00,        +0.00000000000000000e+00,        +0.00000000000000000e+00,        +0.00000000000000000e+00,        +0.00000000000000000e+00,        +0.00000000000000000e+00,        +0.00000000000000000e+00,        +0.00000000000000000e+00,        +0.00000000000000000e+00,        +0.00000000000000000e+00,        +0.00000000000000000e+00,        +0.00000000000000000e+00,        +0.00000000000000000e+00,        +0.00000000000000000e+00,        +0.00000000000000000e+00,        +0.00000000000000000e+00,        +0.00000000000000000e+00,        +0.00000000000000000e+00,        +0.00000000000000000e+00,        +0.00000000000000000e+00,        +0.00000000000000000e+00,        +0.00000000000000000e+00,        +0.00000000000000000e+00,        +0.00000000000000000e+00,        +0.00000000000000000e+00,        +0.00000000000000000e+00,        +0.00000000000000000e+00,        +0.00000000000000000e+00,        +0.00000000000000000e+00,        +0.00000000000000000e+00,        +0.00000000000000000e+00,        +0.00000000000000000e+00,        +0.00000000000000000e+00,        +0.00000000000000000e+00,        +0.00000000000000000e+00,        +0.00000000000000000e+00,        +0.00000000000000000e+00,        +0.00000000000000000e+00,        +0.00000000000000000e+00,        +0.00000000000000000e+00,        +0.00000000000000000e+00,        +0.00000000000000000e+00,        +0.00000000000000000e+00,        +0.00000000000000000e+00,        +0.00000000000000000e+00,        +0.00000000000000000e+00,        +0.00000000000000000e+00,        +0.00000000000000000e+00,        +0.00000000000000000e+00,        +0.00000000000000000e+00,        +0.00000000000000000e+00,        +0.00000000000000000e+00,        +0.00000000000000000e+00,        +0.00000000000000000e+00,        +0.00000000000000000e+00,        +0.00000000000000000e+00,        +0.00000000000000000e+00,        +0.00000000000000000e+00,        +0.00000000000000000e+00,        +0.00000000000000000e+00,        +0.00000000000000000e+00
        +0.00000000000000000e+00,        +0.00000000000000000e+00,        +0.00000000000000000e+00,        +0.00000000000000000e+00,        +0.00000000000000000e+00,        +0.00000000000000000e+00,        +0.00000000000000000e+00,        +0.00000000000000000e+00,        +0.00000000000000000e+00,        +0.00000000000000000e+00,        +0.00000000000000000e+00,        +0.00000000000000000e+00,        +0.00000000000000000e+00,        +0.00000000000000000e+00,        +0.00000000000000000e+00,        +0.00000000000000000e+00,        +0.00000000000000000e+00,        +0.00000000000000000e+00,        +0.00000000000000000e+00,        +0.00000000000000000e+00,        +0.00000000000000000e+00,        +0.00000000000000000e+00,        +0.00000000000000000e+00,        +0.00000000000000000e+00,        +0.00000000000000000e+00,        +0.00000000000000000e+00,        +0.00000000000000000e+00,        +0.00000000000000000e+00,        +0.00000000000000000e+00,        +0.00000000000000000e+00,        +0.00000000000000000e+00,        +0.00000000000000000e+00,        +0.00000000000000000e+00,        +0.00000000000000000e+00,        +0.00000000000000000e+00,        +0.00000000000000000e+00,        +0.00000000000000000e+00,        +0.00000000000000000e+00,        +0.00000000000000000e+00,        +0.00000000000000000e+00,        +0.00000000000000000e+00,        +0.00000000000000000e+00,        +0.00000000000000000e+00,        +0.00000000000000000e+00,        +0.00000000000000000e+00,        +0.00000000000000000e+00,        +0.00000000000000000e+00,        +0.00000000000000000e+00,        +0.00000000000000000e+00,        +0.00000000000000000e+00,        +0.00000000000000000e+00,        +0.00000000000000000e+00,        +0.00000000000000000e+00,        +0.00000000000000000e+00,        +0.00000000000000000e+00,        +0.00000000000000000e+00,        +0.00000000000000000e+00,        +0.00000000000000000e+00,        +0.00000000000000000e+00,        +0.00000000000000000e+00,        +0.00000000000000000e+00,        +0.00000000000000000e+00,        +0.00000000000000000e+00,        +0.00000000000000000e+00,        +0.00000000000000000e+00,        +0.00000000000000000e+00,        +0.00000000000000000e+00,        +0.00000000000000000e+00,        +0.00000000000000000e+00,        +0.00000000000000000e+00,        +0.00000000000000000e+00,        +0.00000000000000000e+00,        +0.00000000000000000e+00,        +0.00000000000000000e+00,        +0.00000000000000000e+00,        +0.00000000000000000e+00,        +0.00000000000000000e+00,        +0.00000000000000000e+00,        +0.00000000000000000e+00,        +0.00000000000000000e+00,        +0.00000000000000000e+00,        +0.00000000000000000e+00,        +0.00000000000000000e+00,        +0.00000000000000000e+00,        +0.00000000000000000e+00,        +0.00000000000000000e+00,        +0.00000000000000000e+00,        +0.00000000000000000e+00,        +0.00000000000000000e+00,        +0.00000000000000000e+00,        +0.00000000000000000e+00,        +0.00000000000000000e+00,        +0.00000000000000000e+00,        +0.00000000000000000e+00,        +0.00000000000000000e+00,        +0.00000000000000000e+00,        +0.00000000000000000e+00,        +0.00000000000000000e+00,        +0.00000000000000000e+00,        +0.00000000000000000e+00,        +0.00000000000000000e+00,        +0.00000000000000000e+00,        +0.00000000000000000e+00,        +0.00000000000000000e+00,        +0.00000000000000000e+00,        +0.00000000000000000e+00,        +0.00000000000000000e+00,        +0.00000000000000000e+00
        +0.00000000000000000e+00,        +0.00000000000000000e+00,        +0.00000000000000000e+00,        +0.00000000000000000e+00,        +0.00000000000000000e+00,        +0.00000000000000000e+00,        +0.00000000000000000e+00,        +0.00000000000000000e+00,        +0.00000000000000000e+00,        +0.00000000000000000e+00,        +0.00000000000000000e+00,        +0.00000000000000000e+00,        +0.00000000000000000e+00,        +0.00000000000000000e+00,        +0.00000000000000000e+00,        +0.00000000000000000e+00,        +0.00000000000000000e+00,        +0.00000000000000000e+00,        +0.00000000000000000e+00,        +0.00000000000000000e+00,        +0.00000000000000000e+00,        +0.00000000000000000e+00,        +0.00000000000000000e+00,        +0.00000000000000000e+00,        +0.00000000000000000e+00,        +0.00000000000000000e+00,        +0.00000000000000000e+00,        +0.00000000000000000e+00,        +0.00000000000000000e+00,        +0.00000000000000000e+00,        +0.00000000000000000e+00,        +0.00000000000000000e+00,        +0.00000000000000000e+00,        +0.00000000000000000e+00,        +0.00000000000000000e+00,        +0.00000000000000000e+00,        +0.00000000000000000e+00,        +0.00000000000000000e+00,        +0.00000000000000000e+00,        +0.00000000000000000e+00,        +0.00000000000000000e+00,        +0.00000000000000000e+00,        +0.00000000000000000e+00,        +0.00000000000000000e+00,        +0.00000000000000000e+00,        +0.00000000000000000e+00,        +0.00000000000000000e+00,        +0.00000000000000000e+00,        +0.00000000000000000e+00,        +0.00000000000000000e+00,        +0.00000000000000000e+00,        +0.00000000000000000e+00,        +0.00000000000000000e+00,        +0.00000000000000000e+00,        +0.00000000000000000e+00,        +0.00000000000000000e+00,        +0.00000000000000000e+00,        +0.00000000000000000e+00,        +0.00000000000000000e+00,        +0.00000000000000000e+00,        +0.00000000000000000e+00,        +0.00000000000000000e+00,        +0.00000000000000000e+00,        +0.00000000000000000e+00,        +0.00000000000000000e+00,        +0.00000000000000000e+00,        +0.00000000000000000e+00,        +0.00000000000000000e+00,        +0.00000000000000000e+00,        +0.00000000000000000e+00,        +0.00000000000000000e+00,        +0.00000000000000000e+00,        +0.00000000000000000e+00,        +0.00000000000000000e+00,        +0.00000000000000000e+00,        +0.00000000000000000e+00,        +0.00000000000000000e+00,        +0.00000000000000000e+00,        +0.00000000000000000e+00,        +0.00000000000000000e+00,        +0.00000000000000000e+00,        +0.00000000000000000e+00,        +0.00000000000000000e+00,        +0.00000000000000000e+00,        +0.00000000000000000e+00,        +0.00000000000000000e+00,        +0.00000000000000000e+00,        +0.00000000000000000e+00,        +0.00000000000000000e+00,        +0.00000000000000000e+00,        +0.00000000000000000e+00,        +0.00000000000000000e+00,        +0.00000000000000000e+00,        +0.00000000000000000e+00,        +0.00000000000000000e+00,        +0.00000000000000000e+00,        +0.00000000000000000e+00,        +0.00000000000000000e+00,        +0.00000000000000000e+00,        +0.00000000000000000e+00,        +0.00000000000000000e+00,        +0.00000000000000000e+00,        +0.00000000000000000e+00,        +0.00000000000000000e+00,        +0.00000000000000000e+00,        +0.00000000000000000e+00,        +0.00000000000000000e+00,        +0.00000000000000000e+00
        +0.00000000000000000e+00,        +0.00000000000000000e+00,        +0.00000000000000000e+00,        +0.00000000000000000e+00,        +0.00000000000000000e+00,        +0.00000000000000000e+00,        +0.00000000000000000e+00,        +0.00000000000000000e+00,        +0.00000000000000000e+00,        +0.00000000000000000e+00,        +0.00000000000000000e+00,        +0.00000000000000000e+00,        +0.00000000000000000e+00,        +0.00000000000000000e+00,        +0.00000000000000000e+00,        +0.00000000000000000e+00,        +0.00000000000000000e+00,        +0.00000000000000000e+00,        +0.00000000000000000e+00,        +0.00000000000000000e+00,        +0.00000000000000000e+00,        +0.00000000000000000e+00,        +0.00000000000000000e+00,        +0.00000000000000000e+00,        +0.00000000000000000e+00,        +0.00000000000000000e+00,        +0.00000000000000000e+00,        +0.00000000000000000e+00,        +0.00000000000000000e+00,        +0.00000000000000000e+00,        +0.00000000000000000e+00,        +0.00000000000000000e+00,        +0.00000000000000000e+00,        +0.00000000000000000e+00,        +0.00000000000000000e+00,        +0.00000000000000000e+00,        +0.00000000000000000e+00,        +0.00000000000000000e+00,        +0.00000000000000000e+00,        +0.00000000000000000e+00,        +0.00000000000000000e+00,        +0.00000000000000000e+00,        +0.00000000000000000e+00,        +0.00000000000000000e+00,        +0.00000000000000000e+00,        +0.00000000000000000e+00,        +0.00000000000000000e+00,        +0.00000000000000000e+00,        +0.00000000000000000e+00,        +0.00000000000000000e+00,        +0.00000000000000000e+00,        +0.00000000000000000e+00,        +0.00000000000000000e+00,        +0.00000000000000000e+00,        +0.00000000000000000e+00,        +0.00000000000000000e+00,        +0.00000000000000000e+00,        +0.00000000000000000e+00,        +0.00000000000000000e+00,        +0.00000000000000000e+00,        +0.00000000000000000e+00,        +0.00000000000000000e+00,        +0.00000000000000000e+00,        +0.00000000000000000e+00,        +0.00000000000000000e+00,        +0.00000000000000000e+00,        +0.00000000000000000e+00,        +0.00000000000000000e+00,        +0.00000000000000000e+00,        +0.00000000000000000e+00,        +0.00000000000000000e+00,        +0.00000000000000000e+00,        +0.00000000000000000e+00,        +0.00000000000000000e+00,        +0.00000000000000000e+00,        +0.00000000000000000e+00,        +0.00000000000000000e+00,        +0.00000000000000000e+00,        +0.00000000000000000e+00,        +0.00000000000000000e+00,        +0.00000000000000000e+00,        +0.00000000000000000e+00,        +0.00000000000000000e+00,        +0.00000000000000000e+00,        +0.00000000000000000e+00,        +0.00000000000000000e+00,        +0.00000000000000000e+00,        +0.00000000000000000e+00,        +0.00000000000000000e+00,        +0.00000000000000000e+00,        +0.00000000000000000e+00,        +0.00000000000000000e+00,        +0.00000000000000000e+00,        +0.00000000000000000e+00,        +0.00000000000000000e+00,        +0.00000000000000000e+00,        +0.00000000000000000e+00,        +0.00000000000000000e+00,        +0.00000000000000000e+00,        +0.00000000000000000e+00,        +0.00000000000000000e+00,        +0.00000000000000000e+00,        +0.00000000000000000e+00,        +0.00000000000000000e+00,        +0.00000000000000000e+00,        +0.00000000000000000e+00,        +0.00000000000000000e+00,        +0.00000000000000000e+00
        +0.00000000000000000e+00,        +0.00000000000000000e+00,        +0.00000000000000000e+00,        +0.00000000000000000e+00,        +0.00000000000000000e+00,        +0.00000000000000000e+00,        +0.00000000000000000e+00,        +0.00000000000000000e+00,        +0.00000000000000000e+00,        +0.00000000000000000e+00,        +0.00000000000000000e+00,        +0.00000000000000000e+00,        +0.00000000000000000e+00,        +0.00000000000000000e+00,        +0.00000000000000000e+00,        +0.00000000000000000e+00,        +0.00000000000000000e+00,        +0.00000000000000000e+00,        +0.00000000000000000e+00,        +0.00000000000000000e+00,        +0.00000000000000000e+00,        +0.00000000000000000e+00,        +0.00000000000000000e+00,        +0.00000000000000000e+00,        +0.00000000000000000e+00,        +0.00000000000000000e+00,        +0.00000000000000000e+00,        +0.00000000000000000e+00,        +0.00000000000000000e+00,        +0.00000000000000000e+00,        +0.00000000000000000e+00,        +0.00000000000000000e+00,        +0.00000000000000000e+00,        +0.00000000000000000e+00,        +0.00000000000000000e+00,        +0.00000000000000000e+00,        +0.00000000000000000e+00,        +0.00000000000000000e+00,        +0.00000000000000000e+00,        +0.00000000000000000e+00,        +0.00000000000000000e+00,        +0.00000000000000000e+00,        +0.00000000000000000e+00,        +0.00000000000000000e+00,        +0.00000000000000000e+00,        +0.00000000000000000e+00,        +0.00000000000000000e+00,        +0.00000000000000000e+00,        +0.00000000000000000e+00,        +0.00000000000000000e+00,        +0.00000000000000000e+00,        +0.00000000000000000e+00,        +0.00000000000000000e+00,        +0.00000000000000000e+00,        +0.00000000000000000e+00,        +0.00000000000000000e+00,        +0.00000000000000000e+00,        +0.00000000000000000e+00,        +0.00000000000000000e+00,        +0.00000000000000000e+00,        +0.00000000000000000e+00,        +0.00000000000000000e+00,        +0.00000000000000000e+00,        +0.00000000000000000e+00,        +0.00000000000000000e+00,        +0.00000000000000000e+00,        +0.00000000000000000e+00,        +0.00000000000000000e+00,        +0.00000000000000000e+00,        +0.00000000000000000e+00,        +0.00000000000000000e+00,        +0.00000000000000000e+00,        +0.00000000000000000e+00,        +0.00000000000000000e+00,        +0.00000000000000000e+00,        +0.00000000000000000e+00,        +0.00000000000000000e+00,        +0.00000000000000000e+00,        +0.00000000000000000e+00,        +0.00000000000000000e+00,        +0.00000000000000000e+00,        +0.00000000000000000e+00,        +0.00000000000000000e+00,        +0.00000000000000000e+00,        +0.00000000000000000e+00,        +0.00000000000000000e+00,        +0.00000000000000000e+00,        +0.00000000000000000e+00,        +0.00000000000000000e+00,        +0.00000000000000000e+00,        +0.00000000000000000e+00,        +0.00000000000000000e+00,        +0.00000000000000000e+00,        +0.00000000000000000e+00,        +0.00000000000000000e+00,        +0.00000000000000000e+00,        +0.00000000000000000e+00,        +0.00000000000000000e+00,        +0.00000000000000000e+00,        +0.00000000000000000e+00,        +0.00000000000000000e+00,        +0.00000000000000000e+00,        +0.00000000000000000e+00,        +0.00000000000000000e+00,        +0.00000000000000000e+00,        +0.00000000000000000e+00,        +0.00000000000000000e+00,        +0.00000000000000000e+00
        +0.00000000000000000e+00,        +0.00000000000000000e+00,        +0.00000000000000000e+00,        +0.00000000000000000e+00,        +0.00000000000000000e+00,        +0.00000000000000000e+00,        +0.00000000000000000e+00,        +0.00000000000000000e+00,        +0.00000000000000000e+00,        +0.00000000000000000e+00,        +0.00000000000000000e+00,        +0.00000000000000000e+00,        +0.00000000000000000e+00,        +0.00000000000000000e+00,        +0.00000000000000000e+00,        +0.00000000000000000e+00,        +0.00000000000000000e+00,        +0.00000000000000000e+00,        +0.00000000000000000e+00,        +0.00000000000000000e+00,        +0.00000000000000000e+00,        +0.00000000000000000e+00,        +0.00000000000000000e+00,        +0.00000000000000000e+00,        +0.00000000000000000e+00,        +0.00000000000000000e+00,        +0.00000000000000000e+00,        +0.00000000000000000e+00,        +0.00000000000000000e+00,        +0.00000000000000000e+00,        +0.00000000000000000e+00,        +0.00000000000000000e+00,        +0.00000000000000000e+00,        +0.00000000000000000e+00,        +0.00000000000000000e+00,        +0.00000000000000000e+00,        +0.00000000000000000e+00,        +0.00000000000000000e+00,        +0.00000000000000000e+00,        +0.00000000000000000e+00,        +0.00000000000000000e+00,        +0.00000000000000000e+00,        +0.00000000000000000e+00,        +0.00000000000000000e+00,        +0.00000000000000000e+00,        +0.00000000000000000e+00,        +0.00000000000000000e+00,        +0.00000000000000000e+00,        +0.00000000000000000e+00,        +0.00000000000000000e+00,        +0.00000000000000000e+00,        +0.00000000000000000e+00,        +0.00000000000000000e+00,        +0.00000000000000000e+00,        +0.00000000000000000e+00,        +0.00000000000000000e+00,        +0.00000000000000000e+00,        +0.00000000000000000e+00,        +0.00000000000000000e+00,        +0.00000000000000000e+00,        +0.00000000000000000e+00,        +0.00000000000000000e+00,        +0.00000000000000000e+00,        +0.00000000000000000e+00,        +0.00000000000000000e+00,        +0.00000000000000000e+00,        +0.00000000000000000e+00,        +0.00000000000000000e+00,        +0.00000000000000000e+00,        +0.00000000000000000e+00,        +0.00000000000000000e+00,        +0.00000000000000000e+00,        +0.00000000000000000e+00,        +0.00000000000000000e+00,        +0.00000000000000000e+00,        +0.00000000000000000e+00,        +0.00000000000000000e+00,        +0.00000000000000000e+00,        +0.00000000000000000e+00,        +0.00000000000000000e+00,        +0.00000000000000000e+00,        +0.00000000000000000e+00,        +0.00000000000000000e+00,        +0.00000000000000000e+00,        +0.00000000000000000e+00,        +0.00000000000000000e+00,        +0.00000000000000000e+00,        +0.00000000000000000e+00,        +0.00000000000000000e+00,        +0.00000000000000000e+00,        +0.00000000000000000e+00,        +0.00000000000000000e+00,        +0.00000000000000000e+00,        +0.00000000000000000e+00,        +0.00000000000000000e+00,        +0.00000000000000000e+00,        +0.00000000000000000e+00,        +0.00000000000000000e+00,        +0.00000000000000000e+00,        +0.00000000000000000e+00,        +0.00000000000000000e+00,        +0.00000000000000000e+00,        +0.00000000000000000e+00,        +0.00000000000000000e+00,        +0.00000000000000000e+00,        +0.00000000000000000e+00,        +0.00000000000000000e+00,        +0.00000000000000000e+00
        +0.00000000000000000e+00,        +0.00000000000000000e+00,        +0.00000000000000000e+00,        +0.00000000000000000e+00,        +0.00000000000000000e+00,        +0.00000000000000000e+00,        +0.00000000000000000e+00,        +0.00000000000000000e+00,        +0.00000000000000000e+00,        +0.00000000000000000e+00,        +0.00000000000000000e+00,        +0.00000000000000000e+00,        +0.00000000000000000e+00,        +0.00000000000000000e+00,        +0.00000000000000000e+00,        +0.00000000000000000e+00,        +0.00000000000000000e+00,        +0.00000000000000000e+00,        +0.00000000000000000e+00,        +0.00000000000000000e+00,        +0.00000000000000000e+00,        +0.00000000000000000e+00,        +0.00000000000000000e+00,        +0.00000000000000000e+00,        +0.00000000000000000e+00,        +0.00000000000000000e+00,        +0.00000000000000000e+00,        +0.00000000000000000e+00,        +0.00000000000000000e+00,        +0.00000000000000000e+00,        +0.00000000000000000e+00,        +0.00000000000000000e+00,        +0.00000000000000000e+00,        +0.00000000000000000e+00,        +0.00000000000000000e+00,        +0.00000000000000000e+00,        +0.00000000000000000e+00,        +0.00000000000000000e+00,        +0.00000000000000000e+00,        +0.00000000000000000e+00,        +0.00000000000000000e+00,        +0.00000000000000000e+00,        +0.00000000000000000e+00,        +0.00000000000000000e+00,        +0.00000000000000000e+00,        +0.00000000000000000e+00,        +0.00000000000000000e+00,        +0.00000000000000000e+00,        +0.00000000000000000e+00,        +0.00000000000000000e+00,        +0.00000000000000000e+00,        +0.00000000000000000e+00,        +0.00000000000000000e+00,        +0.00000000000000000e+00,        +0.00000000000000000e+00,        +0.00000000000000000e+00,        +0.00000000000000000e+00,        +0.00000000000000000e+00,        +0.00000000000000000e+00,        +0.00000000000000000e+00,        +0.00000000000000000e+00,        +0.00000000000000000e+00,        +0.00000000000000000e+00,        +0.00000000000000000e+00,        +0.00000000000000000e+00,        +0.00000000000000000e+00,        +0.00000000000000000e+00,        +0.00000000000000000e+00,        +0.00000000000000000e+00,        +0.00000000000000000e+00,        +0.00000000000000000e+00,        +0.00000000000000000e+00,        +0.00000000000000000e+00,        +0.00000000000000000e+00,        +0.00000000000000000e+00,        +0.00000000000000000e+00,        +0.00000000000000000e+00,        +0.00000000000000000e+00,        +0.00000000000000000e+00,        +0.00000000000000000e+00,        +0.00000000000000000e+00,        +0.00000000000000000e+00,        +0.00000000000000000e+00,        +0.00000000000000000e+00,        +0.00000000000000000e+00,        +0.00000000000000000e+00,        +0.00000000000000000e+00,        +0.00000000000000000e+00,        +0.00000000000000000e+00,        +0.00000000000000000e+00,        +0.00000000000000000e+00,        +0.00000000000000000e+00,        +0.00000000000000000e+00,        +0.00000000000000000e+00,        +0.00000000000000000e+00,        +0.00000000000000000e+00,        +0.00000000000000000e+00,        +0.00000000000000000e+00,        +0.00000000000000000e+00,        +0.00000000000000000e+00,        +0.00000000000000000e+00,        +0.00000000000000000e+00,        +0.00000000000000000e+00,        +0.00000000000000000e+00,        +0.00000000000000000e+00,        +0.00000000000000000e+00,        +0.00000000000000000e+00,        +0.00000000000000000e+00
        +0.00000000000000000e+00,        +0.00000000000000000e+00,        +0.00000000000000000e+00,        +0.00000000000000000e+00,        +0.00000000000000000e+00,        +0.00000000000000000e+00,        +0.00000000000000000e+00,        +0.00000000000000000e+00,        +0.00000000000000000e+00,        +0.00000000000000000e+00,        +0.00000000000000000e+00,        +0.00000000000000000e+00,        +0.00000000000000000e+00,        +0.00000000000000000e+00,        +0.00000000000000000e+00,        +0.00000000000000000e+00,        +0.00000000000000000e+00,        +0.00000000000000000e+00,        +0.00000000000000000e+00,        +0.00000000000000000e+00,        +0.00000000000000000e+00,        +0.00000000000000000e+00,        +0.00000000000000000e+00,        +0.00000000000000000e+00,        +0.00000000000000000e+00,        +0.00000000000000000e+00,        +0.00000000000000000e+00,        +0.00000000000000000e+00,        +0.00000000000000000e+00,        +0.00000000000000000e+00,        +0.00000000000000000e+00,        +0.00000000000000000e+00,        +0.00000000000000000e+00,        +0.00000000000000000e+00,        +0.00000000000000000e+00,        +0.00000000000000000e+00,        +0.00000000000000000e+00,        +0.00000000000000000e+00,        +0.00000000000000000e+00,        +0.00000000000000000e+00,        +0.00000000000000000e+00,        +0.00000000000000000e+00,        +0.00000000000000000e+00,        +0.00000000000000000e+00,        +0.00000000000000000e+00,        +0.00000000000000000e+00,        +0.00000000000000000e+00,        +0.00000000000000000e+00,        +0.00000000000000000e+00,        +0.00000000000000000e+00,        +0.00000000000000000e+00,        +0.00000000000000000e+00,        +0.00000000000000000e+00,        +0.00000000000000000e+00,        +0.00000000000000000e+00,        +0.00000000000000000e+00,        +0.00000000000000000e+00,        +0.00000000000000000e+00,        +0.00000000000000000e+00,        +0.00000000000000000e+00,        +0.00000000000000000e+00,        +0.00000000000000000e+00,        +0.00000000000000000e+00,        +0.00000000000000000e+00,        +0.00000000000000000e+00,        +0.00000000000000000e+00,        +0.00000000000000000e+00,        +0.00000000000000000e+00,        +0.00000000000000000e+00,        +0.00000000000000000e+00,        +0.00000000000000000e+00,        +0.00000000000000000e+00,        +0.00000000000000000e+00,        +0.00000000000000000e+00,        +0.00000000000000000e+00,        +0.00000000000000000e+00,        +0.00000000000000000e+00,        +0.00000000000000000e+00,        +0.00000000000000000e+00,        +0.00000000000000000e+00,        +0.00000000000000000e+00,        +0.00000000000000000e+00,        +0.00000000000000000e+00,        +0.00000000000000000e+00,        +0.00000000000000000e+00,        +0.00000000000000000e+00,        +0.00000000000000000e+00,        +0.00000000000000000e+00,        +0.00000000000000000e+00,        +0.00000000000000000e+00,        +0.00000000000000000e+00,        +0.00000000000000000e+00,        +0.00000000000000000e+00,        +0.00000000000000000e+00,        +0.00000000000000000e+00,        +0.00000000000000000e+00,        +0.00000000000000000e+00,        +0.00000000000000000e+00,        +0.00000000000000000e+00,        +0.00000000000000000e+00,        +0.00000000000000000e+00,        +0.00000000000000000e+00,        +0.00000000000000000e+00,        +0.00000000000000000e+00,        +0.00000000000000000e+00,        +0.00000000000000000e+00,        +0.00000000000000000e+00,        +0.00000000000000000e+00
        +0.00000000000000000e+00,        +0.00000000000000000e+00,        +0.00000000000000000e+00,        +0.00000000000000000e+00,        +0.00000000000000000e+00,        +0.00000000000000000e+00,        +0.00000000000000000e+00,        +0.00000000000000000e+00,        +0.00000000000000000e+00,        +0.00000000000000000e+00,        +0.00000000000000000e+00,        +0.00000000000000000e+00,        +0.00000000000000000e+00,        +0.00000000000000000e+00,        +0.00000000000000000e+00,        +0.00000000000000000e+00,        +0.00000000000000000e+00,        +0.00000000000000000e+00,        +0.00000000000000000e+00,        +0.00000000000000000e+00,        +0.00000000000000000e+00,        +0.00000000000000000e+00,        +0.00000000000000000e+00,        +0.00000000000000000e+00,        +0.00000000000000000e+00,        +0.00000000000000000e+00,        +0.00000000000000000e+00,        +0.00000000000000000e+00,        +0.00000000000000000e+00,        +0.00000000000000000e+00,        +0.00000000000000000e+00,        +0.00000000000000000e+00,        +0.00000000000000000e+00,        +0.00000000000000000e+00,        +0.00000000000000000e+00,        +0.00000000000000000e+00,        +0.00000000000000000e+00,        +0.00000000000000000e+00,        +0.00000000000000000e+00,        +0.00000000000000000e+00,        +0.00000000000000000e+00,        +0.00000000000000000e+00,        +0.00000000000000000e+00,        +0.00000000000000000e+00,        +0.00000000000000000e+00,        +0.00000000000000000e+00,        +0.00000000000000000e+00,        +0.00000000000000000e+00,        +0.00000000000000000e+00,        +0.00000000000000000e+00,        +0.00000000000000000e+00,        +0.00000000000000000e+00,        +0.00000000000000000e+00,        +0.00000000000000000e+00,        +0.00000000000000000e+00,        +0.00000000000000000e+00,        +0.00000000000000000e+00,        +0.00000000000000000e+00,        +0.00000000000000000e+00,        +0.00000000000000000e+00,        +0.00000000000000000e+00,        +0.00000000000000000e+00,        +0.00000000000000000e+00,        +0.00000000000000000e+00,        +0.00000000000000000e+00,        +0.00000000000000000e+00,        +0.00000000000000000e+00,        +0.00000000000000000e+00,        +0.00000000000000000e+00,        +0.00000000000000000e+00,        +0.00000000000000000e+00,        +0.00000000000000000e+00,        +0.00000000000000000e+00,        +0.00000000000000000e+00,        +0.00000000000000000e+00,        +0.00000000000000000e+00,        +0.00000000000000000e+00,        +0.00000000000000000e+00,        +0.00000000000000000e+00,        +0.00000000000000000e+00,        +0.00000000000000000e+00,        +0.00000000000000000e+00,        +0.00000000000000000e+00,        +0.00000000000000000e+00,        +0.00000000000000000e+00,        +0.00000000000000000e+00,        +0.00000000000000000e+00,        +0.00000000000000000e+00,        +0.00000000000000000e+00,        +0.00000000000000000e+00,        +0.00000000000000000e+00,        +0.00000000000000000e+00,        +0.00000000000000000e+00,        +0.00000000000000000e+00,        +0.00000000000000000e+00,        +0.00000000000000000e+00,        +0.00000000000000000e+00,        +0.00000000000000000e+00,        +0.00000000000000000e+00,        +0.00000000000000000e+00,        +0.00000000000000000e+00,        +0.00000000000000000e+00,        +0.00000000000000000e+00,        +0.00000000000000000e+00,        +0.00000000000000000e+00,        +0.00000000000000000e+00,        +0.00000000000000000e+00,        +0.00000000000000000e+00
        +0.00000000000000000e+00,        +0.00000000000000000e+00,        +0.00000000000000000e+00,        +0.00000000000000000e+00,        +0.00000000000000000e+00,        +0.00000000000000000e+00,        +0.00000000000000000e+00,        +0.00000000000000000e+00,        +0.00000000000000000e+00,        +0.00000000000000000e+00,        +0.00000000000000000e+00,        +0.00000000000000000e+00,        +0.00000000000000000e+00,        +0.00000000000000000e+00,        +0.00000000000000000e+00,        +0.00000000000000000e+00,        +0.00000000000000000e+00,        +0.00000000000000000e+00,        +0.00000000000000000e+00,        +0.00000000000000000e+00,        +0.00000000000000000e+00,        +0.00000000000000000e+00,        +0.00000000000000000e+00,        +0.00000000000000000e+00,        +0.00000000000000000e+00,        +0.00000000000000000e+00,        +0.00000000000000000e+00,        +0.00000000000000000e+00,        +0.00000000000000000e+00,        +0.00000000000000000e+00,        +0.00000000000000000e+00,        +0.00000000000000000e+00,        +0.00000000000000000e+00,        +0.00000000000000000e+00,        +0.00000000000000000e+00,        +0.00000000000000000e+00,        +0.00000000000000000e+00,        +0.00000000000000000e+00,        +0.00000000000000000e+00,        +0.00000000000000000e+00,        +0.00000000000000000e+00,        +0.00000000000000000e+00,        +0.00000000000000000e+00,        +0.00000000000000000e+00,        +0.00000000000000000e+00,        +0.00000000000000000e+00,        +0.00000000000000000e+00,        +0.00000000000000000e+00,        +0.00000000000000000e+00,        +0.00000000000000000e+00,        +0.00000000000000000e+00,        +0.00000000000000000e+00,        +0.00000000000000000e+00,        +0.00000000000000000e+00,        +0.00000000000000000e+00,        +0.00000000000000000e+00,        +0.00000000000000000e+00,        +0.00000000000000000e+00,        +0.00000000000000000e+00,        +0.00000000000000000e+00,        +0.00000000000000000e+00,        +0.00000000000000000e+00,        +0.00000000000000000e+00,        +0.00000000000000000e+00,        +0.00000000000000000e+00,        +0.00000000000000000e+00,        +0.00000000000000000e+00,        +0.00000000000000000e+00,        +0.00000000000000000e+00,        +0.00000000000000000e+00,        +0.00000000000000000e+00,        +0.00000000000000000e+00,        +0.00000000000000000e+00,        +0.00000000000000000e+00,        +0.00000000000000000e+00,        +0.00000000000000000e+00,        +0.00000000000000000e+00,        +0.00000000000000000e+00,        +0.00000000000000000e+00,        +0.00000000000000000e+00,        +0.00000000000000000e+00,        +0.00000000000000000e+00,        +0.00000000000000000e+00,        +0.00000000000000000e+00,        +0.00000000000000000e+00,        +0.00000000000000000e+00,        +0.00000000000000000e+00,        +0.00000000000000000e+00,        +0.00000000000000000e+00,        +0.00000000000000000e+00,        +0.00000000000000000e+00,        +0.00000000000000000e+00,        +0.00000000000000000e+00,        +0.00000000000000000e+00,        +0.00000000000000000e+00,        +0.00000000000000000e+00,        +0.00000000000000000e+00,        +0.00000000000000000e+00,        +0.00000000000000000e+00,        +0.00000000000000000e+00,        +0.00000000000000000e+00,        +0.00000000000000000e+00,        +0.00000000000000000e+00,        +0.00000000000000000e+00,        +0.00000000000000000e+00,        +0.00000000000000000e+00,        +0.00000000000000000e+00,        +0.00000000000000000e+00
        +0.00000000000000000e+00,        +0.00000000000000000e+00,        +0.00000000000000000e+00,        +0.00000000000000000e+00,        +0.00000000000000000e+00,        +0.00000000000000000e+00,        +0.00000000000000000e+00,        +0.00000000000000000e+00,        +0.00000000000000000e+00,        +0.00000000000000000e+00,        +0.00000000000000000e+00,        +0.00000000000000000e+00,        +0.00000000000000000e+00,        +0.00000000000000000e+00,        +0.00000000000000000e+00,        +0.00000000000000000e+00,        +0.00000000000000000e+00,        +0.00000000000000000e+00,        +0.00000000000000000e+00,        +0.00000000000000000e+00,        +0.00000000000000000e+00,        +0.00000000000000000e+00,        +0.00000000000000000e+00,        +0.00000000000000000e+00,        +0.00000000000000000e+00,        +0.00000000000000000e+00,        +0.00000000000000000e+00,        +0.00000000000000000e+00,        +0.00000000000000000e+00,        +0.00000000000000000e+00,        +0.00000000000000000e+00,        +0.00000000000000000e+00,        +0.00000000000000000e+00,        +0.00000000000000000e+00,        +0.00000000000000000e+00,        +0.00000000000000000e+00,        +0.00000000000000000e+00,        +0.00000000000000000e+00,        +0.00000000000000000e+00,        +0.00000000000000000e+00,        +0.00000000000000000e+00,        +0.00000000000000000e+00,        +0.00000000000000000e+00,        +0.00000000000000000e+00,        +0.00000000000000000e+00,        +0.00000000000000000e+00,        +0.00000000000000000e+00,        +0.00000000000000000e+00,        +0.00000000000000000e+00,        +0.00000000000000000e+00,        +0.00000000000000000e+00,        +0.00000000000000000e+00,        +0.00000000000000000e+00,        +0.00000000000000000e+00,        +0.00000000000000000e+00,        +0.00000000000000000e+00,        +0.00000000000000000e+00,        +0.00000000000000000e+00,        +0.00000000000000000e+00,        +0.00000000000000000e+00,        +0.00000000000000000e+00,        +0.00000000000000000e+00,        +0.00000000000000000e+00,        +0.00000000000000000e+00,        +0.00000000000000000e+00,        +0.00000000000000000e+00,        +0.00000000000000000e+00,        +0.00000000000000000e+00,        +0.00000000000000000e+00,        +0.00000000000000000e+00,        +0.00000000000000000e+00,        +0.00000000000000000e+00,        +0.00000000000000000e+00,        +0.00000000000000000e+00,        +0.00000000000000000e+00,        +0.00000000000000000e+00,        +0.00000000000000000e+00,        +0.00000000000000000e+00,        +0.00000000000000000e+00,        +0.00000000000000000e+00,        +0.00000000000000000e+00,        +0.00000000000000000e+00,        +0.00000000000000000e+00,        +0.00000000000000000e+00,        +0.00000000000000000e+00,        +0.00000000000000000e+00,        +0.00000000000000000e+00,        +0.00000000000000000e+00,        +0.00000000000000000e+00,        +0.00000000000000000e+00,        +0.00000000000000000e+00,        +0.00000000000000000e+00,        +0.00000000000000000e+00,        +0.00000000000000000e+00,        +0.00000000000000000e+00,        +0.00000000000000000e+00,        +0.00000000000000000e+00,        +0.00000000000000000e+00,        +0.00000000000000000e+00,        +0.00000000000000000e+00,        +0.00000000000000000e+00,        +0.00000000000000000e+00,        +0.00000000000000000e+00,        +0.00000000000000000e+00,        +0.00000000000000000e+00,        +0.00000000000000000e+00,        +0.00000000000000000e+00,        +0.00000000000000000e+00
        +0.00000000000000000e+00,        +0.00000000000000000e+00,        +0.00000000000000000e+00,        +0.00000000000000000e+00,        +0.00000000000000000e+00,        +0.00000000000000000e+00,        +0.00000000000000000e+00,        +0.00000000000000000e+00,        +0.00000000000000000e+00,        +0.00000000000000000e+00,        +0.00000000000000000e+00,        +0.00000000000000000e+00,        +0.00000000000000000e+00,        +0.00000000000000000e+00,        +0.00000000000000000e+00,        +0.00000000000000000e+00,        +0.00000000000000000e+00,        +0.00000000000000000e+00,        +0.00000000000000000e+00,        +0.00000000000000000e+00,        +0.00000000000000000e+00,        +0.00000000000000000e+00,        +0.00000000000000000e+00,        +0.00000000000000000e+00,        +0.00000000000000000e+00,        +0.00000000000000000e+00,        +0.00000000000000000e+00,        +0.00000000000000000e+00,        +0.00000000000000000e+00,        +0.00000000000000000e+00,        +0.00000000000000000e+00,        +0.00000000000000000e+00,        +0.00000000000000000e+00,        +0.00000000000000000e+00,        +0.00000000000000000e+00,        +0.00000000000000000e+00,        +0.00000000000000000e+00,        +0.00000000000000000e+00,        +0.00000000000000000e+00,        +0.00000000000000000e+00,        +0.00000000000000000e+00,        +0.00000000000000000e+00,        +0.00000000000000000e+00,        +0.00000000000000000e+00,        +0.00000000000000000e+00,        +0.00000000000000000e+00,        +0.00000000000000000e+00,        +0.00000000000000000e+00,        +0.00000000000000000e+00,        +0.00000000000000000e+00,        +0.00000000000000000e+00,        +0.00000000000000000e+00,        +0.00000000000000000e+00,        +0.00000000000000000e+00,        +0.00000000000000000e+00,        +0.00000000000000000e+00,        +0.00000000000000000e+00,        +0.00000000000000000e+00,        +0.00000000000000000e+00,        +0.00000000000000000e+00,        +0.00000000000000000e+00,        +0.00000000000000000e+00,        +0.00000000000000000e+00,        +0.00000000000000000e+00,        +0.00000000000000000e+00,        +0.00000000000000000e+00,        +0.00000000000000000e+00,        +0.00000000000000000e+00,        +0.00000000000000000e+00,        +0.00000000000000000e+00,        +0.00000000000000000e+00,        +0.00000000000000000e+00,        +0.00000000000000000e+00,        +0.00000000000000000e+00,        +0.00000000000000000e+00,        +0.00000000000000000e+00,        +0.00000000000000000e+00,        +0.00000000000000000e+00,        +0.00000000000000000e+00,        +0.00000000000000000e+00,        +0.00000000000000000e+00,        +0.00000000000000000e+00,        +0.00000000000000000e+00,        +0.00000000000000000e+00,        +0.00000000000000000e+00,        +0.00000000000000000e+00,        +0.00000000000000000e+00,        +0.00000000000000000e+00,        +0.00000000000000000e+00,        +0.00000000000000000e+00,        +0.00000000000000000e+00,        +0.00000000000000000e+00,        +0.00000000000000000e+00,        +0.00000000000000000e+00,        +0.00000000000000000e+00,        +0.00000000000000000e+00,        +0.00000000000000000e+00,        +0.00000000000000000e+00,        +0.00000000000000000e+00,        +0.00000000000000000e+00,        +0.00000000000000000e+00,        +0.00000000000000000e+00,        +0.00000000000000000e+00,        +0.00000000000000000e+00,        +0.00000000000000000e+00,        +0.00000000000000000e+00,        +0.00000000000000000e+00,        +0.00000000000000000e+00
        +0.00000000000000000e+00,        +0.00000000000000000e+00,        +0.00000000000000000e+00,        +0.00000000000000000e+00,        +0.00000000000000000e+00,        +0.00000000000000000e+00,        +0.00000000000000000e+00,        +0.00000000000000000e+00,        +0.00000000000000000e+00,        +0.00000000000000000e+00,        +0.00000000000000000e+00,        +0.00000000000000000e+00,        +0.00000000000000000e+00,        +0.00000000000000000e+00,        +0.00000000000000000e+00,        +0.00000000000000000e+00,        +0.00000000000000000e+00,        +0.00000000000000000e+00,        +0.00000000000000000e+00,        +0.00000000000000000e+00,        +0.00000000000000000e+00,        +0.00000000000000000e+00,        +0.00000000000000000e+00,        +0.00000000000000000e+00,        +0.00000000000000000e+00,        +0.00000000000000000e+00,        +0.00000000000000000e+00,        +0.00000000000000000e+00,        +0.00000000000000000e+00,        +0.00000000000000000e+00,        +0.00000000000000000e+00,        +0.00000000000000000e+00,        +0.00000000000000000e+00,        +0.00000000000000000e+00,        +0.00000000000000000e+00,        +0.00000000000000000e+00,        +0.00000000000000000e+00,        +0.00000000000000000e+00,        +0.00000000000000000e+00,        +0.00000000000000000e+00,        +0.00000000000000000e+00,        +0.00000000000000000e+00,        +0.00000000000000000e+00,        +0.00000000000000000e+00,        +0.00000000000000000e+00,        +0.00000000000000000e+00,        +0.00000000000000000e+00,        +0.00000000000000000e+00,        +0.00000000000000000e+00,        +0.00000000000000000e+00,        +0.00000000000000000e+00,        +0.00000000000000000e+00,        +0.00000000000000000e+00,        +0.00000000000000000e+00,        +0.00000000000000000e+00,        +0.00000000000000000e+00,        +0.00000000000000000e+00,        +0.00000000000000000e+00,        +0.00000000000000000e+00,        +0.00000000000000000e+00,        +0.00000000000000000e+00,        +0.00000000000000000e+00,        +0.00000000000000000e+00,        +0.00000000000000000e+00,        +0.00000000000000000e+00,        +0.00000000000000000e+00,        +0.00000000000000000e+00,        +0.00000000000000000e+00,        +0.00000000000000000e+00,        +0.00000000000000000e+00,        +0.00000000000000000e+00,        +0.00000000000000000e+00,        +0.00000000000000000e+00,        +0.00000000000000000e+00,        +0.00000000000000000e+00,        +0.00000000000000000e+00,        +0.00000000000000000e+00,        +0.00000000000000000e+00,        +0.00000000000000000e+00,        +0.00000000000000000e+00,        +0.00000000000000000e+00,        +0.00000000000000000e+00,        +0.00000000000000000e+00,        +0.00000000000000000e+00,        +0.00000000000000000e+00,        +0.00000000000000000e+00,        +0.00000000000000000e+00,        +0.00000000000000000e+00,        +0.00000000000000000e+00,        +0.00000000000000000e+00,        +0.00000000000000000e+00,        +0.00000000000000000e+00,        +0.00000000000000000e+00,        +0.00000000000000000e+00,        +0.00000000000000000e+00,        +0.00000000000000000e+00,        +0.00000000000000000e+00,        +0.00000000000000000e+00,        +0.00000000000000000e+00,        +0.00000000000000000e+00,        +0.00000000000000000e+00,        +0.00000000000000000e+00,        +0.00000000000000000e+00,        +0.00000000000000000e+00,        +0.00000000000000000e+00,        +0.00000000000000000e+00,        +0.00000000000000000e+00,        +0.00000000000000000e+00
        +0.00000000000000000e+00,        +0.00000000000000000e+00,        +0.00000000000000000e+00,        +0.00000000000000000e+00,        +0.00000000000000000e+00,        +0.00000000000000000e+00,        +0.00000000000000000e+00,        +0.00000000000000000e+00,        +0.00000000000000000e+00,        +0.00000000000000000e+00,        +0.00000000000000000e+00,        +0.00000000000000000e+00,        +0.00000000000000000e+00,        +0.00000000000000000e+00,        +0.00000000000000000e+00,        +0.00000000000000000e+00,        +0.00000000000000000e+00,        +0.00000000000000000e+00,        +0.00000000000000000e+00,        +0.00000000000000000e+00,        +0.00000000000000000e+00,        +0.00000000000000000e+00,        +0.00000000000000000e+00,        +0.00000000000000000e+00,        +0.00000000000000000e+00,        +0.00000000000000000e+00,        +0.00000000000000000e+00,        +0.00000000000000000e+00,        +0.00000000000000000e+00,        +0.00000000000000000e+00,        +0.00000000000000000e+00,        +0.00000000000000000e+00,        +0.00000000000000000e+00,        +0.00000000000000000e+00,        +0.00000000000000000e+00,        +0.00000000000000000e+00,        +0.00000000000000000e+00,        +0.00000000000000000e+00,        +0.00000000000000000e+00,        +0.00000000000000000e+00,        +0.00000000000000000e+00,        +0.00000000000000000e+00,        +0.00000000000000000e+00,        +0.00000000000000000e+00,        +0.00000000000000000e+00,        +0.00000000000000000e+00,        +0.00000000000000000e+00,        +0.00000000000000000e+00,        +0.00000000000000000e+00,        +0.00000000000000000e+00,        +0.00000000000000000e+00,        +0.00000000000000000e+00,        +0.00000000000000000e+00,        +0.00000000000000000e+00,        +0.00000000000000000e+00,        +0.00000000000000000e+00,        +0.00000000000000000e+00,        +0.00000000000000000e+00,        +0.00000000000000000e+00,        +0.00000000000000000e+00,        +0.00000000000000000e+00,        +0.00000000000000000e+00,        +0.00000000000000000e+00,        +0.00000000000000000e+00,        +0.00000000000000000e+00,        +0.00000000000000000e+00,        +0.00000000000000000e+00,        +0.00000000000000000e+00,        +0.00000000000000000e+00,        +0.00000000000000000e+00,        +0.00000000000000000e+00,        +0.00000000000000000e+00,        +0.00000000000000000e+00,        +0.00000000000000000e+00,        +0.00000000000000000e+00,        +0.00000000000000000e+00,        +0.00000000000000000e+00,        +0.00000000000000000e+00,        +0.00000000000000000e+00,        +0.00000000000000000e+00,        +0.00000000000000000e+00,        +0.00000000000000000e+00,        +0.00000000000000000e+00,        +0.00000000000000000e+00,        +0.00000000000000000e+00,        +0.00000000000000000e+00,        +0.00000000000000000e+00,        +0.00000000000000000e+00,        +0.00000000000000000e+00,        +0.00000000000000000e+00,        +0.00000000000000000e+00,        +0.00000000000000000e+00,        +0.00000000000000000e+00,        +0.00000000000000000e+00,        +0.00000000000000000e+00,        +0.00000000000000000e+00,        +0.00000000000000000e+00,        +0.00000000000000000e+00,        +0.00000000000000000e+00,        +0.00000000000000000e+00,        +0.00000000000000000e+00,        +0.00000000000000000e+00,        +0.00000000000000000e+00,        +0.00000000000000000e+00,        +0.00000000000000000e+00,        +0.00000000000000000e+00,        +0.00000000000000000e+00,        +0.00000000000000000e+00
        +0.00000000000000000e+00,        +0.00000000000000000e+00,        +0.00000000000000000e+00,        +0.00000000000000000e+00,        +0.00000000000000000e+00,        +0.00000000000000000e+00,        +0.00000000000000000e+00,        +0.00000000000000000e+00,        +0.00000000000000000e+00,        +0.00000000000000000e+00,        +0.00000000000000000e+00,        +0.00000000000000000e+00,        +0.00000000000000000e+00,        +0.00000000000000000e+00,        +0.00000000000000000e+00,        +0.00000000000000000e+00,        +0.00000000000000000e+00,        +0.00000000000000000e+00,        +0.00000000000000000e+00,        +0.00000000000000000e+00,        +0.00000000000000000e+00,        +0.00000000000000000e+00,        +0.00000000000000000e+00,        +0.00000000000000000e+00,        +0.00000000000000000e+00,        +0.00000000000000000e+00,        +0.00000000000000000e+00,        +0.00000000000000000e+00,        +0.00000000000000000e+00,        +0.00000000000000000e+00,        +0.00000000000000000e+00,        +0.00000000000000000e+00,        +0.00000000000000000e+00,        +0.00000000000000000e+00,        +0.00000000000000000e+00,        +0.00000000000000000e+00,        +0.00000000000000000e+00,        +0.00000000000000000e+00,        +0.00000000000000000e+00,        +0.00000000000000000e+00,        +0.00000000000000000e+00,        +0.00000000000000000e+00,        +0.00000000000000000e+00,        +0.00000000000000000e+00,        +0.00000000000000000e+00,        +0.00000000000000000e+00,        +0.00000000000000000e+00,        +0.00000000000000000e+00,        +0.00000000000000000e+00,        +0.00000000000000000e+00,        +0.00000000000000000e+00,        +0.00000000000000000e+00,        +0.00000000000000000e+00,        +0.00000000000000000e+00,        +0.00000000000000000e+00,        +0.00000000000000000e+00,        +0.00000000000000000e+00,        +0.00000000000000000e+00,        +0.00000000000000000e+00,        +0.00000000000000000e+00,        +0.00000000000000000e+00,        +0.00000000000000000e+00,        +0.00000000000000000e+00,        +0.00000000000000000e+00,        +0.00000000000000000e+00,        +0.00000000000000000e+00,        +0.00000000000000000e+00,        +0.00000000000000000e+00,        +0.00000000000000000e+00,        +0.00000000000000000e+00,        +0.00000000000000000e+00,        +0.00000000000000000e+00,        +0.00000000000000000e+00,        +0.00000000000000000e+00,        +0.00000000000000000e+00,        +0.00000000000000000e+00,        +0.00000000000000000e+00,        +0.00000000000000000e+00,        +0.00000000000000000e+00,        +0.00000000000000000e+00,        +0.00000000000000000e+00,        +0.00000000000000000e+00,        +0.00000000000000000e+00,        +0.00000000000000000e+00,        +0.00000000000000000e+00,        +0.00000000000000000e+00,        +0.00000000000000000e+00,        +0.00000000000000000e+00,        +0.00000000000000000e+00,        +0.00000000000000000e+00,        +0.00000000000000000e+00,        +0.00000000000000000e+00,        +0.00000000000000000e+00,        +0.00000000000000000e+00,        +0.00000000000000000e+00,        +0.00000000000000000e+00,        +0.00000000000000000e+00,        +0.00000000000000000e+00,        +0.00000000000000000e+00,        +0.00000000000000000e+00,        +0.00000000000000000e+00,        +0.00000000000000000e+00,        +0.00000000000000000e+00,        +0.00000000000000000e+00,        +0.00000000000000000e+00,        +0.00000000000000000e+00,        +0.00000000000000000e+00,        +0.00000000000000000e+00
        +0.00000000000000000e+00,        +0.00000000000000000e+00,        +0.00000000000000000e+00,        +0.00000000000000000e+00,        +0.00000000000000000e+00,        +0.00000000000000000e+00,        +0.00000000000000000e+00,        +0.00000000000000000e+00,        +0.00000000000000000e+00,        +0.00000000000000000e+00,        +0.00000000000000000e+00,        +0.00000000000000000e+00,        +0.00000000000000000e+00,        +0.00000000000000000e+00,        +0.00000000000000000e+00,        +0.00000000000000000e+00,        +0.00000000000000000e+00,        +0.00000000000000000e+00,        +0.00000000000000000e+00,        +0.00000000000000000e+00,        +0.00000000000000000e+00,        +0.00000000000000000e+00,        +0.00000000000000000e+00,        +0.00000000000000000e+00,        +0.00000000000000000e+00,        +0.00000000000000000e+00,        +0.00000000000000000e+00,        +0.00000000000000000e+00,        +0.00000000000000000e+00,        +0.00000000000000000e+00,        +0.00000000000000000e+00,        +0.00000000000000000e+00,        +0.00000000000000000e+00,        +0.00000000000000000e+00,        +0.00000000000000000e+00,        +0.00000000000000000e+00,        +0.00000000000000000e+00,        +0.00000000000000000e+00,        +0.00000000000000000e+00,        +0.00000000000000000e+00,        +0.00000000000000000e+00,        +0.00000000000000000e+00,        +0.00000000000000000e+00,        +0.00000000000000000e+00,        +0.00000000000000000e+00,        +0.00000000000000000e+00,        +0.00000000000000000e+00,        +0.00000000000000000e+00,        +0.00000000000000000e+00,        +0.00000000000000000e+00,        +0.00000000000000000e+00,        +0.00000000000000000e+00,        +0.00000000000000000e+00,        +0.00000000000000000e+00,        +0.00000000000000000e+00,        +0.00000000000000000e+00,        +0.00000000000000000e+00,        +0.00000000000000000e+00,        +0.00000000000000000e+00,        +0.00000000000000000e+00,        +0.00000000000000000e+00,        +0.00000000000000000e+00,        +0.00000000000000000e+00,        +0.00000000000000000e+00,        +0.00000000000000000e+00,        +0.00000000000000000e+00,        +0.00000000000000000e+00,        +0.00000000000000000e+00,        +0.00000000000000000e+00,        +0.00000000000000000e+00,        +0.00000000000000000e+00,        +0.00000000000000000e+00,        +0.00000000000000000e+00,        +0.00000000000000000e+00,        +0.00000000000000000e+00,        +0.00000000000000000e+00,        +0.00000000000000000e+00,        +0.00000000000000000e+00,        +0.00000000000000000e+00,        +0.00000000000000000e+00,        +0.00000000000000000e+00,        +0.00000000000000000e+00,        +0.00000000000000000e+00,        +0.00000000000000000e+00,        +0.00000000000000000e+00,        +0.00000000000000000e+00,        +0.00000000000000000e+00,        +0.00000000000000000e+00,        +0.00000000000000000e+00,        +0.00000000000000000e+00,        +0.00000000000000000e+00,        +0.00000000000000000e+00,        +0.00000000000000000e+00,        +0.00000000000000000e+00,        +0.00000000000000000e+00,        +0.00000000000000000e+00,        +0.00000000000000000e+00,        +0.00000000000000000e+00,        +0.00000000000000000e+00,        +0.00000000000000000e+00,        +0.00000000000000000e+00,        +0.00000000000000000e+00,        +0.00000000000000000e+00,        +0.00000000000000000e+00,        +0.00000000000000000e+00,        +0.00000000000000000e+00,        +0.00000000000000000e+00,        +0.00000000000000000e+00
        +0.00000000000000000e+00,        +0.00000000000000000e+00,        +0.00000000000000000e+00,        +0.00000000000000000e+00,        +0.00000000000000000e+00,        +0.00000000000000000e+00,        +0.00000000000000000e+00,        +0.00000000000000000e+00,        +0.00000000000000000e+00,        +0.00000000000000000e+00,        +0.00000000000000000e+00,        +0.00000000000000000e+00,        +0.00000000000000000e+00,        +0.00000000000000000e+00,        +0.00000000000000000e+00,        +0.00000000000000000e+00,        +0.00000000000000000e+00,        +0.00000000000000000e+00,        +0.00000000000000000e+00,        +0.00000000000000000e+00,        +0.00000000000000000e+00,        +0.00000000000000000e+00,        +0.00000000000000000e+00,        +0.00000000000000000e+00,        +0.00000000000000000e+00,        +0.00000000000000000e+00,        +0.00000000000000000e+00,        +0.00000000000000000e+00,        +0.00000000000000000e+00,        +0.00000000000000000e+00,        +0.00000000000000000e+00,        +0.00000000000000000e+00,        +0.00000000000000000e+00,        +0.00000000000000000e+00,        +0.00000000000000000e+00,        +0.00000000000000000e+00,        +0.00000000000000000e+00,        +0.00000000000000000e+00,        +0.00000000000000000e+00,        +0.00000000000000000e+00,        +0.00000000000000000e+00,        +0.00000000000000000e+00,        +0.00000000000000000e+00,        +0.00000000000000000e+00,        +0.00000000000000000e+00,        +0.00000000000000000e+00,        +0.00000000000000000e+00,        +0.00000000000000000e+00,        +0.00000000000000000e+00,        +0.00000000000000000e+00,        +0.00000000000000000e+00,        +0.00000000000000000e+00,        +0.00000000000000000e+00,        +0.00000000000000000e+00,        +0.00000000000000000e+00,        +0.00000000000000000e+00,        +0.00000000000000000e+00,        +0.00000000000000000e+00,        +0.00000000000000000e+00,        +0.00000000000000000e+00,        +0.00000000000000000e+00,        +0.00000000000000000e+00,        +0.00000000000000000e+00,        +0.00000000000000000e+00,        +0.00000000000000000e+00,        +0.00000000000000000e+00,        +0.00000000000000000e+00,        +0.00000000000000000e+00,        +0.00000000000000000e+00,        +0.00000000000000000e+00,        +0.00000000000000000e+00,        +0.00000000000000000e+00,        +0.00000000000000000e+00,        +0.00000000000000000e+00,        +0.00000000000000000e+00,        +0.00000000000000000e+00,        +0.00000000000000000e+00,        +0.00000000000000000e+00,        +0.00000000000000000e+00,        +0.00000000000000000e+00,        +0.00000000000000000e+00,        +0.00000000000000000e+00,        +0.00000000000000000e+00,        +0.00000000000000000e+00,        +0.00000000000000000e+00,        +0.00000000000000000e+00,        +0.00000000000000000e+00,        +0.00000000000000000e+00,        +0.00000000000000000e+00,        +0.00000000000000000e+00,        +0.00000000000000000e+00,        +0.00000000000000000e+00,        +0.00000000000000000e+00,        +0.00000000000000000e+00,        +0.00000000000000000e+00,        +0.00000000000000000e+00,        +0.00000000000000000e+00,        +0.00000000000000000e+00,        +0.00000000000000000e+00,        +0.00000000000000000e+00,        +0.00000000000000000e+00,        +0.00000000000000000e+00,        +0.00000000000000000e+00,        +0.00000000000000000e+00,        +0.00000000000000000e+00,        +0.00000000000000000e+00,        +0.00000000000000000e+00,        +0.00000000000000000e+00
        +0.00000000000000000e+00,        +0.00000000000000000e+00,        +0.00000000000000000e+00,        +0.00000000000000000e+00,        +0.00000000000000000e+00,        +0.00000000000000000e+00,        +0.00000000000000000e+00,        +0.00000000000000000e+00,        +0.00000000000000000e+00,        +0.00000000000000000e+00,        +0.00000000000000000e+00,        +0.00000000000000000e+00,        +0.00000000000000000e+00,        +0.00000000000000000e+00,        +0.00000000000000000e+00,        +0.00000000000000000e+00,        +0.00000000000000000e+00,        +0.00000000000000000e+00,        +0.00000000000000000e+00,        +0.00000000000000000e+00,        +0.00000000000000000e+00,        +0.00000000000000000e+00,        +0.00000000000000000e+00,        +0.00000000000000000e+00,        +0.00000000000000000e+00,        +0.00000000000000000e+00,        +0.00000000000000000e+00,        +0.00000000000000000e+00,        +0.00000000000000000e+00,        +0.00000000000000000e+00,        +0.00000000000000000e+00,        +0.00000000000000000e+00,        +0.00000000000000000e+00,        +0.00000000000000000e+00,        +0.00000000000000000e+00,        +0.00000000000000000e+00,        +0.00000000000000000e+00,        +0.00000000000000000e+00,        +0.00000000000000000e+00,        +0.00000000000000000e+00,        +0.00000000000000000e+00,        +0.00000000000000000e+00,        +0.00000000000000000e+00,        +0.00000000000000000e+00,        +0.00000000000000000e+00,        +0.00000000000000000e+00,        +0.00000000000000000e+00,        +0.00000000000000000e+00,        +0.00000000000000000e+00,        +0.00000000000000000e+00,        +0.00000000000000000e+00,        +0.00000000000000000e+00,        +0.00000000000000000e+00,        +0.00000000000000000e+00,        +0.00000000000000000e+00,        +0.00000000000000000e+00,        +0.00000000000000000e+00,        +0.00000000000000000e+00,        +0.00000000000000000e+00,        +0.00000000000000000e+00,        +0.00000000000000000e+00,        +0.00000000000000000e+00,        +0.00000000000000000e+00,        +0.00000000000000000e+00,        +0.00000000000000000e+00,        +0.00000000000000000e+00,        +0.00000000000000000e+00,        +0.00000000000000000e+00,        +0.00000000000000000e+00,        +0.00000000000000000e+00,        +0.00000000000000000e+00,        +0.00000000000000000e+00,        +0.00000000000000000e+00,        +0.00000000000000000e+00,        +0.00000000000000000e+00,        +0.00000000000000000e+00,        +0.00000000000000000e+00,        +0.00000000000000000e+00,        +0.00000000000000000e+00,        +0.00000000000000000e+00,        +0.00000000000000000e+00,        +0.00000000000000000e+00,        +0.00000000000000000e+00,        +0.00000000000000000e+00,        +0.00000000000000000e+00,        +0.00000000000000000e+00,        +0.00000000000000000e+00,        +0.00000000000000000e+00,        +0.00000000000000000e+00,        +0.00000000000000000e+00,        +0.00000000000000000e+00,        +0.00000000000000000e+00,        +0.00000000000000000e+00,        +0.00000000000000000e+00,        +0.00000000000000000e+00,        +0.00000000000000000e+00,        +0.00000000000000000e+00,        +0.00000000000000000e+00,        +0.00000000000000000e+00,        +0.00000000000000000e+00,        +0.00000000000000000e+00,        +0.00000000000000000e+00,        +0.00000000000000000e+00,        +0.00000000000000000e+00,        +0.00000000000000000e+00,        +0.00000000000000000e+00,        +0.00000000000000000e+00,        +0.00000000000000000e+00
        +0.00000000000000000e+00,        +0.00000000000000000e+00,        +0.00000000000000000e+00,        +0.00000000000000000e+00,        +0.00000000000000000e+00,        +0.00000000000000000e+00,        +0.00000000000000000e+00,        +0.00000000000000000e+00,        +0.00000000000000000e+00,        +0.00000000000000000e+00,        +0.00000000000000000e+00,        +0.00000000000000000e+00,        +0.00000000000000000e+00,        +0.00000000000000000e+00,        +0.00000000000000000e+00,        +0.00000000000000000e+00,        +0.00000000000000000e+00,        +0.00000000000000000e+00,        +0.00000000000000000e+00,        +0.00000000000000000e+00,        +0.00000000000000000e+00,        +0.00000000000000000e+00,        +0.00000000000000000e+00,        +0.00000000000000000e+00,        +0.00000000000000000e+00,        +0.00000000000000000e+00,        +0.00000000000000000e+00,        +0.00000000000000000e+00,        +0.00000000000000000e+00,        +0.00000000000000000e+00,        +0.00000000000000000e+00,        +0.00000000000000000e+00,        +0.00000000000000000e+00,        +0.00000000000000000e+00,        +0.00000000000000000e+00,        +0.00000000000000000e+00,        +0.00000000000000000e+00,        +0.00000000000000000e+00,        +0.00000000000000000e+00,        +0.00000000000000000e+00,        +0.00000000000000000e+00,        +0.00000000000000000e+00,        +0.00000000000000000e+00,        +0.00000000000000000e+00,        +0.00000000000000000e+00,        +0.00000000000000000e+00,        +0.00000000000000000e+00,        +0.00000000000000000e+00,        +0.00000000000000000e+00,        +0.00000000000000000e+00,        +0.00000000000000000e+00,        +0.00000000000000000e+00,        +0.00000000000000000e+00,        +0.00000000000000000e+00,        +0.00000000000000000e+00,        +0.00000000000000000e+00,        +0.00000000000000000e+00,        +0.00000000000000000e+00,        +0.00000000000000000e+00,        +0.00000000000000000e+00,        +0.00000000000000000e+00,        +0.00000000000000000e+00,        +0.00000000000000000e+00,        +0.00000000000000000e+00,        +0.00000000000000000e+00,        +0.00000000000000000e+00,        +0.00000000000000000e+00,        +0.00000000000000000e+00,        +0.00000000000000000e+00,        +0.00000000000000000e+00,        +0.00000000000000000e+00,        +0.00000000000000000e+00,        +0.00000000000000000e+00,        +0.00000000000000000e+00,        +0.00000000000000000e+00,        +0.00000000000000000e+00,        +0.00000000000000000e+00,        +0.00000000000000000e+00,        +0.00000000000000000e+00,        +0.00000000000000000e+00,        +0.00000000000000000e+00,        +0.00000000000000000e+00,        +0.00000000000000000e+00,        +0.00000000000000000e+00,        +0.00000000000000000e+00,        +0.00000000000000000e+00,        +0.00000000000000000e+00,        +0.00000000000000000e+00,        +0.00000000000000000e+00,        +0.00000000000000000e+00,        +0.00000000000000000e+00,        +0.00000000000000000e+00,        +0.00000000000000000e+00,        +0.00000000000000000e+00,        +0.00000000000000000e+00,        +0.00000000000000000e+00,        +0.00000000000000000e+00,        +0.00000000000000000e+00,        +0.00000000000000000e+00,        +0.00000000000000000e+00,        +0.00000000000000000e+00,        +0.00000000000000000e+00,        +0.00000000000000000e+00,        +0.00000000000000000e+00,        +0.00000000000000000e+00,        +0.00000000000000000e+00,        +0.00000000000000000e+00,        +0.00000000000000000e+00
        +0.00000000000000000e+00,        +0.00000000000000000e+00,        +0.00000000000000000e+00,        +0.00000000000000000e+00,        +0.00000000000000000e+00,        +0.00000000000000000e+00,        +0.00000000000000000e+00,        +0.00000000000000000e+00,        +0.00000000000000000e+00,        +0.00000000000000000e+00,        +0.00000000000000000e+00,        +0.00000000000000000e+00,        +0.00000000000000000e+00,        +0.00000000000000000e+00,        +0.00000000000000000e+00,        +0.00000000000000000e+00,        +0.00000000000000000e+00,        +0.00000000000000000e+00,        +0.00000000000000000e+00,        +0.00000000000000000e+00,        +0.00000000000000000e+00,        +0.00000000000000000e+00,        +0.00000000000000000e+00,        +0.00000000000000000e+00,        +0.00000000000000000e+00,        +0.00000000000000000e+00,        +0.00000000000000000e+00,        +0.00000000000000000e+00,        +0.00000000000000000e+00,        +0.00000000000000000e+00,        +0.00000000000000000e+00,        +0.00000000000000000e+00,        +0.00000000000000000e+00,        +0.00000000000000000e+00,        +0.00000000000000000e+00,        +0.00000000000000000e+00,        +0.00000000000000000e+00,        +0.00000000000000000e+00,        +0.00000000000000000e+00,        +0.00000000000000000e+00,        +0.00000000000000000e+00,        +0.00000000000000000e+00,        +0.00000000000000000e+00,        +0.00000000000000000e+00,        +0.00000000000000000e+00,        +0.00000000000000000e+00,        +0.00000000000000000e+00,        +0.00000000000000000e+00,        +0.00000000000000000e+00,        +0.00000000000000000e+00,        +0.00000000000000000e+00,        +0.00000000000000000e+00,        +0.00000000000000000e+00,        +0.00000000000000000e+00,        +0.00000000000000000e+00,        +0.00000000000000000e+00,        +0.00000000000000000e+00,        +0.00000000000000000e+00,        +0.00000000000000000e+00,        +0.00000000000000000e+00,        +0.00000000000000000e+00,        +0.00000000000000000e+00,        +0.00000000000000000e+00,        +0.00000000000000000e+00,        +0.00000000000000000e+00,        +0.00000000000000000e+00,        +0.00000000000000000e+00,        +0.00000000000000000e+00,        +0.00000000000000000e+00,        +0.00000000000000000e+00,        +0.00000000000000000e+00,        +0.00000000000000000e+00,        +0.00000000000000000e+00,        +0.00000000000000000e+00,        +0.00000000000000000e+00,        +0.00000000000000000e+00,        +0.00000000000000000e+00,        +0.00000000000000000e+00,        +0.00000000000000000e+00,        +0.00000000000000000e+00,        +0.00000000000000000e+00,        +0.00000000000000000e+00,        +0.00000000000000000e+00,        +0.00000000000000000e+00,        +0.00000000000000000e+00,        +0.00000000000000000e+00,        +0.00000000000000000e+00,        +0.00000000000000000e+00,        +0.00000000000000000e+00,        +0.00000000000000000e+00,        +0.00000000000000000e+00,        +0.00000000000000000e+00,        +0.00000000000000000e+00,        +0.00000000000000000e+00,        +0.00000000000000000e+00,        +0.00000000000000000e+00,        +0.00000000000000000e+00,        +0.00000000000000000e+00,        +0.00000000000000000e+00,        +0.00000000000000000e+00,        +0.00000000000000000e+00,        +0.00000000000000000e+00,        +0.00000000000000000e+00,        +0.00000000000000000e+00,        +0.00000000000000000e+00,        +0.00000000000000000e+00,        +0.00000000000000000e+00,        +0.00000000000000000e+00
        +0.00000000000000000e+00,        +0.00000000000000000e+00,        +0.00000000000000000e+00,        +0.00000000000000000e+00,        +0.00000000000000000e+00,        +0.00000000000000000e+00,        +0.00000000000000000e+00,        +0.00000000000000000e+00,        +0.00000000000000000e+00,        +0.00000000000000000e+00,        +0.00000000000000000e+00,        +0.00000000000000000e+00,        +0.00000000000000000e+00,        +0.00000000000000000e+00,        +0.00000000000000000e+00,        +0.00000000000000000e+00,        +0.00000000000000000e+00,        +0.00000000000000000e+00,        +0.00000000000000000e+00,        +0.00000000000000000e+00,        +0.00000000000000000e+00,        +0.00000000000000000e+00,        +0.00000000000000000e+00,        +0.00000000000000000e+00,        +0.00000000000000000e+00,        +0.00000000000000000e+00,        +0.00000000000000000e+00,        +0.00000000000000000e+00,        +0.00000000000000000e+00,        +0.00000000000000000e+00,        +0.00000000000000000e+00,        +0.00000000000000000e+00,        +0.00000000000000000e+00,        +0.00000000000000000e+00,        +0.00000000000000000e+00,        +0.00000000000000000e+00,        +0.00000000000000000e+00,        +0.00000000000000000e+00,        +0.00000000000000000e+00,        +0.00000000000000000e+00,        +0.00000000000000000e+00,        +0.00000000000000000e+00,        +0.00000000000000000e+00,        +0.00000000000000000e+00,        +0.00000000000000000e+00,        +0.00000000000000000e+00,        +0.00000000000000000e+00,        +0.00000000000000000e+00,        +0.00000000000000000e+00,        +0.00000000000000000e+00,        +0.00000000000000000e+00,        +0.00000000000000000e+00,        +0.00000000000000000e+00,        +0.00000000000000000e+00,        +0.00000000000000000e+00,        +0.00000000000000000e+00,        +0.00000000000000000e+00,        +0.00000000000000000e+00,        +0.00000000000000000e+00,        +0.00000000000000000e+00,        +0.00000000000000000e+00,        +0.00000000000000000e+00,        +0.00000000000000000e+00,        +0.00000000000000000e+00,        +0.00000000000000000e+00,        +0.00000000000000000e+00,        +0.00000000000000000e+00,        +0.00000000000000000e+00,        +0.00000000000000000e+00,        +0.00000000000000000e+00,        +0.00000000000000000e+00,        +0.00000000000000000e+00,        +0.00000000000000000e+00,        +0.00000000000000000e+00,        +0.00000000000000000e+00,        +0.00000000000000000e+00,        +0.00000000000000000e+00,        +0.00000000000000000e+00,        +0.00000000000000000e+00,        +0.00000000000000000e+00,        +0.00000000000000000e+00,        +0.00000000000000000e+00,        +0.00000000000000000e+00,        +0.00000000000000000e+00,        +0.00000000000000000e+00,        +0.00000000000000000e+00,        +0.00000000000000000e+00,        +0.00000000000000000e+00,        +0.00000000000000000e+00,        +0.00000000000000000e+00,        +0.00000000000000000e+00,        +0.00000000000000000e+00,        +0.00000000000000000e+00,        +0.00000000000000000e+00,        +0.00000000000000000e+00,        +0.00000000000000000e+00,        +0.00000000000000000e+00,        +0.00000000000000000e+00,        +0.00000000000000000e+00,        +0.00000000000000000e+00,        +0.00000000000000000e+00,        +0.00000000000000000e+00,        +0.00000000000000000e+00,        +0.00000000000000000e+00,        +0.00000000000000000e+00,        +0.00000000000000000e+00,        +0.00000000000000000e+00,        +0.00000000000000000e+00
        +0.00000000000000000e+00,        +0.00000000000000000e+00,        +0.00000000000000000e+00,        +0.00000000000000000e+00,        +0.00000000000000000e+00,        +0.00000000000000000e+00,        +0.00000000000000000e+00,        +0.00000000000000000e+00,        +0.00000000000000000e+00,        +0.00000000000000000e+00,        +0.00000000000000000e+00,        +0.00000000000000000e+00,        +0.00000000000000000e+00,        +0.00000000000000000e+00,        +0.00000000000000000e+00,        +0.00000000000000000e+00,        +0.00000000000000000e+00,        +0.00000000000000000e+00,        +0.00000000000000000e+00,        +0.00000000000000000e+00,        +0.00000000000000000e+00,        +0.00000000000000000e+00,        +0.00000000000000000e+00,        +0.00000000000000000e+00,        +0.00000000000000000e+00,        +0.00000000000000000e+00,        +0.00000000000000000e+00,        +0.00000000000000000e+00,        +0.00000000000000000e+00,        +0.00000000000000000e+00,        +0.00000000000000000e+00,        +0.00000000000000000e+00,        +0.00000000000000000e+00,        +0.00000000000000000e+00,        +0.00000000000000000e+00,        +0.00000000000000000e+00,        +0.00000000000000000e+00,        +0.00000000000000000e+00,        +0.00000000000000000e+00,        +0.00000000000000000e+00,        +0.00000000000000000e+00,        +0.00000000000000000e+00,        +0.00000000000000000e+00,        +0.00000000000000000e+00,        +0.00000000000000000e+00,        +0.00000000000000000e+00,        +0.00000000000000000e+00,        +0.00000000000000000e+00,        +0.00000000000000000e+00,        +0.00000000000000000e+00,        +0.00000000000000000e+00,        +0.00000000000000000e+00,        +0.00000000000000000e+00,        +0.00000000000000000e+00,        +0.00000000000000000e+00,        +0.00000000000000000e+00,        +0.00000000000000000e+00,        +0.00000000000000000e+00,        +0.00000000000000000e+00,        +0.00000000000000000e+00,        +0.00000000000000000e+00,        +0.00000000000000000e+00,        +0.00000000000000000e+00,        +0.00000000000000000e+00,        +0.00000000000000000e+00,        +0.00000000000000000e+00,        +0.00000000000000000e+00,        +0.00000000000000000e+00,        +0.00000000000000000e+00,        +0.00000000000000000e+00,        +0.00000000000000000e+00,        +0.00000000000000000e+00,        +0.00000000000000000e+00,        +0.00000000000000000e+00,        +0.00000000000000000e+00,        +0.00000000000000000e+00,        +0.00000000000000000e+00,        +0.00000000000000000e+00,        +0.00000000000000000e+00,        +0.00000000000000000e+00,        +0.00000000000000000e+00,        +0.00000000000000000e+00,        +0.00000000000000000e+00,        +0.00000000000000000e+00,        +0.00000000000000000e+00,        +0.00000000000000000e+00,        +0.00000000000000000e+00,        +0.00000000000000000e+00,        +0.00000000000000000e+00,        +0.00000000000000000e+00,        +0.00000000000000000e+00,        +0.00000000000000000e+00,        +0.00000000000000000e+00,        +0.00000000000000000e+00,        +0.00000000000000000e+00,        +0.00000000000000000e+00,        +0.00000000000000000e+00,        +0.00000000000000000e+00,        +0.00000000000000000e+00,        +0.00000000000000000e+00,        +0.00000000000000000e+00,        +0.00000000000000000e+00,        +0.00000000000000000e+00,        +0.00000000000000000e+00,        +0.00000000000000000e+00,        +0.00000000000000000e+00,        +0.00000000000000000e+00,        +0.00000000000000000e+00
        +0.00000000000000000e+00,        +0.00000000000000000e+00,        +0.00000000000000000e+00,        +0.00000000000000000e+00,        +0.00000000000000000e+00,        +0.00000000000000000e+00,        +0.00000000000000000e+00,        +0.00000000000000000e+00,        +0.00000000000000000e+00,        +0.00000000000000000e+00,        +0.00000000000000000e+00,        +0.00000000000000000e+00,        +0.00000000000000000e+00,        +0.00000000000000000e+00,        +0.00000000000000000e+00,        +0.00000000000000000e+00,        +0.00000000000000000e+00,        +0.00000000000000000e+00,        +0.00000000000000000e+00,        +0.00000000000000000e+00,        +0.00000000000000000e+00,        +0.00000000000000000e+00,        +0.00000000000000000e+00,        +0.00000000000000000e+00,        +0.00000000000000000e+00,        +0.00000000000000000e+00,        +0.00000000000000000e+00,        +0.00000000000000000e+00,        +0.00000000000000000e+00,        +0.00000000000000000e+00,        +0.00000000000000000e+00,        +0.00000000000000000e+00,        +0.00000000000000000e+00,        +0.00000000000000000e+00,        +0.00000000000000000e+00,        +0.00000000000000000e+00,        +0.00000000000000000e+00,        +0.00000000000000000e+00,        +0.00000000000000000e+00,        +0.00000000000000000e+00,        +0.00000000000000000e+00,        +0.00000000000000000e+00,        +0.00000000000000000e+00,        +0.00000000000000000e+00,        +0.00000000000000000e+00,        +0.00000000000000000e+00,        +0.00000000000000000e+00,        +0.00000000000000000e+00,        +0.00000000000000000e+00,        +0.00000000000000000e+00,        +0.00000000000000000e+00,        +0.00000000000000000e+00,        +0.00000000000000000e+00,        +0.00000000000000000e+00,        +0.00000000000000000e+00,        +0.00000000000000000e+00,        +0.00000000000000000e+00,        +0.00000000000000000e+00,        +0.00000000000000000e+00,        +0.00000000000000000e+00,        +0.00000000000000000e+00,        +0.00000000000000000e+00,        +0.00000000000000000e+00,        +0.00000000000000000e+00,        +0.00000000000000000e+00,        +0.00000000000000000e+00,        +0.00000000000000000e+00,        +0.00000000000000000e+00,        +0.00000000000000000e+00,        +0.00000000000000000e+00,        +0.00000000000000000e+00,        +0.00000000000000000e+00,        +0.00000000000000000e+00,        +0.00000000000000000e+00,        +0.00000000000000000e+00,        +0.00000000000000000e+00,        +0.00000000000000000e+00,        +0.00000000000000000e+00,        +0.00000000000000000e+00,        +0.00000000000000000e+00,        +0.00000000000000000e+00,        +0.00000000000000000e+00,        +0.00000000000000000e+00,        +0.00000000000000000e+00,        +0.00000000000000000e+00,        +0.00000000000000000e+00,        +0.00000000000000000e+00,        +0.00000000000000000e+00,        +0.00000000000000000e+00,        +0.00000000000000000e+00,        +0.00000000000000000e+00,        +0.00000000000000000e+00,        +0.00000000000000000e+00,        +0.00000000000000000e+00,        +0.00000000000000000e+00,        +0.00000000000000000e+00,        +0.00000000000000000e+00,        +0.00000000000000000e+00,        +0.00000000000000000e+00,        +0.00000000000000000e+00,        +0.00000000000000000e+00,        +0.00000000000000000e+00,        +0.00000000000000000e+00,        +0.00000000000000000e+00,        +0.00000000000000000e+00,        +0.00000000000000000e+00,        +0.00000000000000000e+00,        +0.00000000000000000e+00
        +0.00000000000000000e+00,        +0.00000000000000000e+00,        +0.00000000000000000e+00,        +0.00000000000000000e+00,        +0.00000000000000000e+00,        +0.00000000000000000e+00,        +0.00000000000000000e+00,        +0.00000000000000000e+00,        +0.00000000000000000e+00,        +0.00000000000000000e+00,        +0.00000000000000000e+00,        +0.00000000000000000e+00,        +0.00000000000000000e+00,        +0.00000000000000000e+00,        +0.00000000000000000e+00,        +0.00000000000000000e+00,        +0.00000000000000000e+00,        +0.00000000000000000e+00,        +0.00000000000000000e+00,        +0.00000000000000000e+00,        +0.00000000000000000e+00,        +0.00000000000000000e+00,        +0.00000000000000000e+00,        +0.00000000000000000e+00,        +0.00000000000000000e+00,        +0.00000000000000000e+00,        +0.00000000000000000e+00,        +0.00000000000000000e+00,        +0.00000000000000000e+00,        +0.00000000000000000e+00,        +0.00000000000000000e+00,        +0.00000000000000000e+00,        +0.00000000000000000e+00,        +0.00000000000000000e+00,        +0.00000000000000000e+00,        +0.00000000000000000e+00,        +0.00000000000000000e+00,        +0.00000000000000000e+00,        +0.00000000000000000e+00,        +0.00000000000000000e+00,        +0.00000000000000000e+00,        +0.00000000000000000e+00,        +0.00000000000000000e+00,        +0.00000000000000000e+00,        +0.00000000000000000e+00,        +0.00000000000000000e+00,        +0.00000000000000000e+00,        +0.00000000000000000e+00,        +0.00000000000000000e+00,        +0.00000000000000000e+00,        +0.00000000000000000e+00,        +0.00000000000000000e+00,        +0.00000000000000000e+00,        +0.00000000000000000e+00,        +0.00000000000000000e+00,        +0.00000000000000000e+00,        +0.00000000000000000e+00,        +0.00000000000000000e+00,        +0.00000000000000000e+00,        +0.00000000000000000e+00,        +0.00000000000000000e+00,        +0.00000000000000000e+00,        +0.00000000000000000e+00,        +0.00000000000000000e+00,        +0.00000000000000000e+00,        +0.00000000000000000e+00,        +0.00000000000000000e+00,        +0.00000000000000000e+00,        +0.00000000000000000e+00,        +0.00000000000000000e+00,        +0.00000000000000000e+00,        +0.00000000000000000e+00,        +0.00000000000000000e+00,        +0.00000000000000000e+00,        +0.00000000000000000e+00,        +0.00000000000000000e+00,        +0.00000000000000000e+00,        +0.00000000000000000e+00,        +0.00000000000000000e+00,        +0.00000000000000000e+00,        +0.00000000000000000e+00,        +0.00000000000000000e+00,        +0.00000000000000000e+00,        +0.00000000000000000e+00,        +0.00000000000000000e+00,        +0.00000000000000000e+00,        +0.00000000000000000e+00,        +0.00000000000000000e+00,        +0.00000000000000000e+00,        +0.00000000000000000e+00,        +0.00000000000000000e+00,        +0.00000000000000000e+00,        +0.00000000000000000e+00,        +0.00000000000000000e+00,        +0.00000000000000000e+00,        +0.00000000000000000e+00,        +0.00000000000000000e+00,        +0.00000000000000000e+00,        +0.00000000000000000e+00,        +0.00000000000000000e+00,        +0.00000000000000000e+00,        +0.00000000000000000e+00,        +0.00000000000000000e+00,        +0.00000000000000000e+00,        +0.00000000000000000e+00,        +0.00000000000000000e+00,        +0.00000000000000000e+00,        +0.00000000000000000e+00
        +0.00000000000000000e+00,        +0.00000000000000000e+00,        +0.00000000000000000e+00,        +0.00000000000000000e+00,        +0.00000000000000000e+00,        +0.00000000000000000e+00,        +0.00000000000000000e+00,        +0.00000000000000000e+00,        +0.00000000000000000e+00,        +0.00000000000000000e+00,        +0.00000000000000000e+00,        +0.00000000000000000e+00,        +0.00000000000000000e+00,        +0.00000000000000000e+00,        +0.00000000000000000e+00,        +0.00000000000000000e+00,        +0.00000000000000000e+00,        +0.00000000000000000e+00,        +0.00000000000000000e+00,        +0.00000000000000000e+00,        +0.00000000000000000e+00,        +0.00000000000000000e+00,        +0.00000000000000000e+00,        +0.00000000000000000e+00,        +0.00000000000000000e+00,        +0.00000000000000000e+00,        +0.00000000000000000e+00,        +0.00000000000000000e+00,        +0.00000000000000000e+00,        +0.00000000000000000e+00,        +0.00000000000000000e+00,        +0.00000000000000000e+00,        +0.00000000000000000e+00,        +0.00000000000000000e+00,        +0.00000000000000000e+00,        +0.00000000000000000e+00,        +0.00000000000000000e+00,        +0.00000000000000000e+00,        +0.00000000000000000e+00,        +0.00000000000000000e+00,        +0.00000000000000000e+00,        +0.00000000000000000e+00,        +0.00000000000000000e+00,        +0.00000000000000000e+00,        +0.00000000000000000e+00,        +0.00000000000000000e+00,        +0.00000000000000000e+00,        +0.00000000000000000e+00,        +0.00000000000000000e+00,        +0.00000000000000000e+00,        +0.00000000000000000e+00,        +0.00000000000000000e+00,        +0.00000000000000000e+00,        +0.00000000000000000e+00,        +0.00000000000000000e+00,        +0.00000000000000000e+00,        +0.00000000000000000e+00,        +0.00000000000000000e+00,        +0.00000000000000000e+00,        +0.00000000000000000e+00,        +0.00000000000000000e+00,        +0.00000000000000000e+00,        +0.00000000000000000e+00,        +0.00000000000000000e+00,        +0.00000000000000000e+00,        +0.00000000000000000e+00,        +0.00000000000000000e+00,        +0.00000000000000000e+00,        +0.00000000000000000e+00,        +0.00000000000000000e+00,        +0.00000000000000000e+00,        +0.00000000000000000e+00,        +0.00000000000000000e+00,        +0.00000000000000000e+00,        +0.00000000000000000e+00,        +0.00000000000000000e+00,        +0.00000000000000000e+00,        +0.00000000000000000e+00,        +0.00000000000000000e+00,        +0.00000000000000000e+00,        +0.00000000000000000e+00,        +0.00000000000000000e+00,        +0.00000000000000000e+00,        +0.00000000000000000e+00,        +0.00000000000000000e+00,        +0.00000000000000000e+00,        +0.00000000000000000e+00,        +0.00000000000000000e+00,        +0.00000000000000000e+00,        +0.00000000000000000e+00,        +0.00000000000000000e+00,        +0.00000000000000000e+00,        +0.00000000000000000e+00,        +0.00000000000000000e+00,        +0.00000000000000000e+00,        +0.00000000000000000e+00,        +0.00000000000000000e+00,        +0.00000000000000000e+00,        +0.00000000000000000e+00,        +0.00000000000000000e+00,        +0.00000000000000000e+00,        +0.00000000000000000e+00,        +0.00000000000000000e+00,        +0.00000000000000000e+00,        +0.00000000000000000e+00,        +0.00000000000000000e+00,        +0.00000000000000000e+00,        +0.00000000000000000e+00
        +0.00000000000000000e+00,        +0.00000000000000000e+00,        +0.00000000000000000e+00,        +0.00000000000000000e+00,        +0.00000000000000000e+00,        +0.00000000000000000e+00,        +0.00000000000000000e+00,        +0.00000000000000000e+00,        +0.00000000000000000e+00,        +0.00000000000000000e+00,        +0.00000000000000000e+00,        +0.00000000000000000e+00,        +0.00000000000000000e+00,        +0.00000000000000000e+00,        +0.00000000000000000e+00,        +0.00000000000000000e+00,        +0.00000000000000000e+00,        +0.00000000000000000e+00,        +0.00000000000000000e+00,        +0.00000000000000000e+00,        +0.00000000000000000e+00,        +0.00000000000000000e+00,        +0.00000000000000000e+00,        +0.00000000000000000e+00,        +0.00000000000000000e+00,        +0.00000000000000000e+00,        +0.00000000000000000e+00,        +0.00000000000000000e+00,        +0.00000000000000000e+00,        +0.00000000000000000e+00,        +0.00000000000000000e+00,        +0.00000000000000000e+00,        +0.00000000000000000e+00,        +0.00000000000000000e+00,        +0.00000000000000000e+00,        +0.00000000000000000e+00,        +0.00000000000000000e+00,        +0.00000000000000000e+00,        +0.00000000000000000e+00,        +0.00000000000000000e+00,        +0.00000000000000000e+00,        +0.00000000000000000e+00,        +0.00000000000000000e+00,        +0.00000000000000000e+00,        +0.00000000000000000e+00,        +0.00000000000000000e+00,        +0.00000000000000000e+00,        +0.00000000000000000e+00,        +0.00000000000000000e+00,        +0.00000000000000000e+00,        +0.00000000000000000e+00,        +0.00000000000000000e+00,        +0.00000000000000000e+00,        +0.00000000000000000e+00,        +0.00000000000000000e+00,        +0.00000000000000000e+00,        +0.00000000000000000e+00,        +0.00000000000000000e+00,        +0.00000000000000000e+00,        +0.00000000000000000e+00,        +0.00000000000000000e+00,        +0.00000000000000000e+00,        +0.00000000000000000e+00,        +0.00000000000000000e+00,        +0.00000000000000000e+00,        +0.00000000000000000e+00,        +0.00000000000000000e+00,        +0.00000000000000000e+00,        +0.00000000000000000e+00,        +0.00000000000000000e+00,        +0.00000000000000000e+00,        +0.00000000000000000e+00,        +0.00000000000000000e+00,        +0.00000000000000000e+00,        +0.00000000000000000e+00,        +0.00000000000000000e+00,        +0.00000000000000000e+00,        +0.00000000000000000e+00,        +0.00000000000000000e+00,        +0.00000000000000000e+00,        +0.00000000000000000e+00,        +0.00000000000000000e+00,        +0.00000000000000000e+00,        +0.00000000000000000e+00,        +0.00000000000000000e+00,        +0.00000000000000000e+00,        +0.00000000000000000e+00,        +0.00000000000000000e+00,        +0.00000000000000000e+00,        +0.00000000000000000e+00,        +0.00000000000000000e+00,        +0.00000000000000000e+00,        +0.00000000000000000e+00,        +0.00000000000000000e+00,        +0.00000000000000000e+00,        +0.00000000000000000e+00,        +0.00000000000000000e+00,        +0.00000000000000000e+00,        +0.00000000000000000e+00,        +0.00000000000000000e+00,        +0.00000000000000000e+00,        +0.00000000000000000e+00,        +0.00000000000000000e+00,        +0.00000000000000000e+00,        +0.00000000000000000e+00,        +0.00000000000000000e+00,        +0.00000000000000000e+00,        +0.00000000000000000e+00
        +0.00000000000000000e+00,        +0.00000000000000000e+00,        +0.00000000000000000e+00,        +0.00000000000000000e+00,        +0.00000000000000000e+00,        +0.00000000000000000e+00,        +0.00000000000000000e+00,        +0.00000000000000000e+00,        +0.00000000000000000e+00,        +0.00000000000000000e+00,        +0.00000000000000000e+00,        +0.00000000000000000e+00,        +0.00000000000000000e+00,        +0.00000000000000000e+00,        +0.00000000000000000e+00,        +0.00000000000000000e+00,        +0.00000000000000000e+00,        +0.00000000000000000e+00,        +0.00000000000000000e+00,        +0.00000000000000000e+00,        +0.00000000000000000e+00,        +0.00000000000000000e+00,        +0.00000000000000000e+00,        +0.00000000000000000e+00,        +0.00000000000000000e+00,        +0.00000000000000000e+00,        +0.00000000000000000e+00,        +0.00000000000000000e+00,        +0.00000000000000000e+00,        +0.00000000000000000e+00,        +0.00000000000000000e+00,        +0.00000000000000000e+00,        +0.00000000000000000e+00,        +0.00000000000000000e+00,        +0.00000000000000000e+00,        +0.00000000000000000e+00,        +0.00000000000000000e+00,        +0.00000000000000000e+00,        +0.00000000000000000e+00,        +0.00000000000000000e+00,        +0.00000000000000000e+00,        +0.00000000000000000e+00,        +0.00000000000000000e+00,        +0.00000000000000000e+00,        +0.00000000000000000e+00,        +0.00000000000000000e+00,        +0.00000000000000000e+00,        +0.00000000000000000e+00,        +0.00000000000000000e+00,        +0.00000000000000000e+00,        +0.00000000000000000e+00,        +0.00000000000000000e+00,        +0.00000000000000000e+00,        +0.00000000000000000e+00,        +0.00000000000000000e+00,        +0.00000000000000000e+00,        +0.00000000000000000e+00,        +0.00000000000000000e+00,        +0.00000000000000000e+00,        +0.00000000000000000e+00,        +0.00000000000000000e+00,        +0.00000000000000000e+00,        +0.00000000000000000e+00,        +0.00000000000000000e+00,        +0.00000000000000000e+00,        +0.00000000000000000e+00,        +0.00000000000000000e+00,        +0.00000000000000000e+00,        +0.00000000000000000e+00,        +0.00000000000000000e+00,        +0.00000000000000000e+00,        +0.00000000000000000e+00,        +0.00000000000000000e+00,        +0.00000000000000000e+00,        +0.00000000000000000e+00,        +0.00000000000000000e+00,        +0.00000000000000000e+00,        +0.00000000000000000e+00,        +0.00000000000000000e+00,        +0.00000000000000000e+00,        +0.00000000000000000e+00,        +0.00000000000000000e+00,        +0.00000000000000000e+00,        +0.00000000000000000e+00,        +0.00000000000000000e+00,        +0.00000000000000000e+00,        +0.00000000000000000e+00,        +0.00000000000000000e+00,        +0.00000000000000000e+00,        +0.00000000000000000e+00,        +0.00000000000000000e+00,        +0.00000000000000000e+00,        +0.00000000000000000e+00,        +0.00000000000000000e+00,        +0.00000000000000000e+00,        +0.00000000000000000e+00,        +0.00000000000000000e+00,        +0.00000000000000000e+00,        +0.00000000000000000e+00,        +0.00000000000000000e+00,        +0.00000000000000000e+00,        +0.00000000000000000e+00,        +0.00000000000000000e+00,        +0.00000000000000000e+00,        +0.00000000000000000e+00,        +0.00000000000000000e+00,        +0.00000000000000000e+00,        +0.00000000000000000e+00
        +0.00000000000000000e+00,        +0.00000000000000000e+00,        +0.00000000000000000e+00,        +0.00000000000000000e+00,        +0.00000000000000000e+00,        +0.00000000000000000e+00,        +0.00000000000000000e+00,        +0.00000000000000000e+00,        +0.00000000000000000e+00,        +0.00000000000000000e+00,        +0.00000000000000000e+00,        +0.00000000000000000e+00,        +0.00000000000000000e+00,        +0.00000000000000000e+00,        +0.00000000000000000e+00,        +0.00000000000000000e+00,        +0.00000000000000000e+00,        +0.00000000000000000e+00,        +0.00000000000000000e+00,        +0.00000000000000000e+00,        +0.00000000000000000e+00,        +0.00000000000000000e+00,        +0.00000000000000000e+00,        +0.00000000000000000e+00,        +0.00000000000000000e+00,        +0.00000000000000000e+00,        +0.00000000000000000e+00,        +0.00000000000000000e+00,        +0.00000000000000000e+00,        +0.00000000000000000e+00,        +0.00000000000000000e+00,        +0.00000000000000000e+00,        +0.00000000000000000e+00,        +0.00000000000000000e+00,        +0.00000000000000000e+00,        +0.00000000000000000e+00,        +0.00000000000000000e+00,        +0.00000000000000000e+00,        +0.00000000000000000e+00,        +0.00000000000000000e+00,        +0.00000000000000000e+00,        +0.00000000000000000e+00,        +0.00000000000000000e+00,        +0.00000000000000000e+00,        +0.00000000000000000e+00,        +0.00000000000000000e+00,        +0.00000000000000000e+00,        +0.00000000000000000e+00,        +0.00000000000000000e+00,        +0.00000000000000000e+00,        +0.00000000000000000e+00,        +0.00000000000000000e+00,        +0.00000000000000000e+00,        +0.00000000000000000e+00,        +0.00000000000000000e+00,        +0.00000000000000000e+00,        +0.00000000000000000e+00,        +0.00000000000000000e+00,        +0.00000000000000000e+00,        +0.00000000000000000e+00,        +0.00000000000000000e+00,        +0.00000000000000000e+00,        +0.00000000000000000e+00,        +0.00000000000000000e+00,        +0.00000000000000000e+00,        +0.00000000000000000e+00,        +0.00000000000000000e+00,        +0.00000000000000000e+00,        +0.00000000000000000e+00,        +0.00000000000000000e+00,        +0.00000000000000000e+00,        +0.00000000000000000e+00,        +0.00000000000000000e+00,        +0.00000000000000000e+00,        +0.00000000000000000e+00,        +0.00000000000000000e+00,        +0.00000000000000000e+00,        +0.00000000000000000e+00,        +0.00000000000000000e+00,        +0.00000000000000000e+00,        +0.00000000000000000e+00,        +0.00000000000000000e+00,        +0.00000000000000000e+00,        +0.00000000000000000e+00,        +0.00000000000000000e+00,        +0.00000000000000000e+00,        +0.00000000000000000e+00,        +0.00000000000000000e+00,        +0.00000000000000000e+00,        +0.00000000000000000e+00,        +0.00000000000000000e+00,        +0.00000000000000000e+00,        +0.00000000000000000e+00,        +0.00000000000000000e+00,        +0.00000000000000000e+00,        +0.00000000000000000e+00,        +0.00000000000000000e+00,        +0.00000000000000000e+00,        +0.00000000000000000e+00,        +0.00000000000000000e+00,        +0.00000000000000000e+00,        +0.00000000000000000e+00,        +0.00000000000000000e+00,        +0.00000000000000000e+00,        +0.00000000000000000e+00,        +0.00000000000000000e+00,        +0.00000000000000000e+00,        +0.00000000000000000e+00
        +0.00000000000000000e+00,        +0.00000000000000000e+00,        +0.00000000000000000e+00,        +0.00000000000000000e+00,        +0.00000000000000000e+00,        +0.00000000000000000e+00,        +0.00000000000000000e+00,        +0.00000000000000000e+00,        +0.00000000000000000e+00,        +0.00000000000000000e+00,        +0.00000000000000000e+00,        +0.00000000000000000e+00,        +0.00000000000000000e+00,        +0.00000000000000000e+00,        +0.00000000000000000e+00,        +0.00000000000000000e+00,        +0.00000000000000000e+00,        +0.00000000000000000e+00,        +0.00000000000000000e+00,        +0.00000000000000000e+00,        +0.00000000000000000e+00,        +0.00000000000000000e+00,        +0.00000000000000000e+00,        +0.00000000000000000e+00,        +0.00000000000000000e+00,        +0.00000000000000000e+00,        +0.00000000000000000e+00,        +0.00000000000000000e+00,        +0.00000000000000000e+00,        +0.00000000000000000e+00,        +0.00000000000000000e+00,        +0.00000000000000000e+00,        +0.00000000000000000e+00,        +0.00000000000000000e+00,        +0.00000000000000000e+00,        +0.00000000000000000e+00,        +0.00000000000000000e+00,        +0.00000000000000000e+00,        +0.00000000000000000e+00,        +0.00000000000000000e+00,        +0.00000000000000000e+00,        +0.00000000000000000e+00,        +0.00000000000000000e+00,        +0.00000000000000000e+00,        +0.00000000000000000e+00,        +0.00000000000000000e+00,        +0.00000000000000000e+00,        +0.00000000000000000e+00,        +0.00000000000000000e+00,        +0.00000000000000000e+00,        +0.00000000000000000e+00,        +0.00000000000000000e+00,        +0.00000000000000000e+00,        +0.00000000000000000e+00,        +0.00000000000000000e+00,        +0.00000000000000000e+00,        +0.00000000000000000e+00,        +0.00000000000000000e+00,        +0.00000000000000000e+00,        +0.00000000000000000e+00,        +0.00000000000000000e+00,        +0.00000000000000000e+00,        +0.00000000000000000e+00,        +0.00000000000000000e+00,        +0.00000000000000000e+00,        +0.00000000000000000e+00,        +0.00000000000000000e+00,        +0.00000000000000000e+00,        +0.00000000000000000e+00,        +0.00000000000000000e+00,        +0.00000000000000000e+00,        +0.00000000000000000e+00,        +0.00000000000000000e+00,        +0.00000000000000000e+00,        +0.00000000000000000e+00,        +0.00000000000000000e+00,        +0.00000000000000000e+00,        +0.00000000000000000e+00,        +0.00000000000000000e+00,        +0.00000000000000000e+00,        +0.00000000000000000e+00,        +0.00000000000000000e+00,        +0.00000000000000000e+00,        +0.00000000000000000e+00,        +0.00000000000000000e+00,        +0.00000000000000000e+00,        +0.00000000000000000e+00,        +0.00000000000000000e+00,        +0.00000000000000000e+00,        +0.00000000000000000e+00,        +0.00000000000000000e+00,        +0.00000000000000000e+00,        +0.00000000000000000e+00,        +0.00000000000000000e+00,        +0.00000000000000000e+00,        +0.00000000000000000e+00,        +0.00000000000000000e+00,        +0.00000000000000000e+00,        +0.00000000000000000e+00,        +0.00000000000000000e+00,        +0.00000000000000000e+00,        +0.00000000000000000e+00,        +0.00000000000000000e+00,        +0.00000000000000000e+00,        +0.00000000000000000e+00,        +0.00000000000000000e+00,        +0.00000000000000000e+00,        +0.00000000000000000e+00
        +0.00000000000000000e+00,        +0.00000000000000000e+00,        +0.00000000000000000e+00,        +0.00000000000000000e+00,        +0.00000000000000000e+00,        +0.00000000000000000e+00,        +0.00000000000000000e+00,        +0.00000000000000000e+00,        +0.00000000000000000e+00,        +0.00000000000000000e+00,        +0.00000000000000000e+00,        +0.00000000000000000e+00,        +0.00000000000000000e+00,        +0.00000000000000000e+00,        +0.00000000000000000e+00,        +0.00000000000000000e+00,        +0.00000000000000000e+00,        +0.00000000000000000e+00,        +0.00000000000000000e+00,        +0.00000000000000000e+00,        +0.00000000000000000e+00,        +0.00000000000000000e+00,        +0.00000000000000000e+00,        +0.00000000000000000e+00,        +0.00000000000000000e+00,        +0.00000000000000000e+00,        +0.00000000000000000e+00,        +0.00000000000000000e+00,        +0.00000000000000000e+00,        +0.00000000000000000e+00,        +0.00000000000000000e+00,        +0.00000000000000000e+00,        +0.00000000000000000e+00,        +0.00000000000000000e+00,        +0.00000000000000000e+00,        +0.00000000000000000e+00,        +0.00000000000000000e+00,        +0.00000000000000000e+00,        +0.00000000000000000e+00,        +0.00000000000000000e+00,        +0.00000000000000000e+00,        +0.00000000000000000e+00,        +0.00000000000000000e+00,        +0.00000000000000000e+00,        +0.00000000000000000e+00,        +0.00000000000000000e+00,        +0.00000000000000000e+00,        +0.00000000000000000e+00,        +0.00000000000000000e+00,        +0.00000000000000000e+00,        +0.00000000000000000e+00,        +0.00000000000000000e+00,        +0.00000000000000000e+00,        +0.00000000000000000e+00,        +0.00000000000000000e+00,        +0.00000000000000000e+00,        +0.00000000000000000e+00,        +0.00000000000000000e+00,        +0.00000000000000000e+00,        +0.00000000000000000e+00,        +0.00000000000000000e+00,        +0.00000000000000000e+00,        +0.00000000000000000e+00,        +0.00000000000000000e+00,        +0.00000000000000000e+00,        +0.00000000000000000e+00,        +0.00000000000000000e+00,        +0.00000000000000000e+00,        +0.00000000000000000e+00,        +0.00000000000000000e+00,        +0.00000000000000000e+00,        +0.00000000000000000e+00,        +0.00000000000000000e+00,        +0.00000000000000000e+00,        +0.00000000000000000e+00,        +0.00000000000000000e+00,        +0.00000000000000000e+00,        +0.00000000000000000e+00,        +0.00000000000000000e+00,        +0.00000000000000000e+00,        +0.00000000000000000e+00,        +0.00000000000000000e+00,        +0.00000000000000000e+00,        +0.00000000000000000e+00,        +0.00000000000000000e+00,        +0.00000000000000000e+00,        +0.00000000000000000e+00,        +0.00000000000000000e+00,        +0.00000000000000000e+00,        +0.00000000000000000e+00,        +0.00000000000000000e+00,        +0.00000000000000000e+00,        +0.00000000000000000e+00,        +0.00000000000000000e+00,        +0.00000000000000000e+00,        +0.00000000000000000e+00,        +0.00000000000000000e+00,        +0.00000000000000000e+00,        +0.00000000000000000e+00,        +0.00000000000000000e+00,        +0.00000000000000000e+00,        +0.00000000000000000e+00,        +0.00000000000000000e+00,        +0.00000000000000000e+00,        +0.00000000000000000e+00,        +0.00000000000000000e+00,        +0.00000000000000000e+00,        +0.00000000000000000e+00
        +0.00000000000000000e+00,        +0.00000000000000000e+00,        +0.00000000000000000e+00,        +0.00000000000000000e+00,        +0.00000000000000000e+00,        +0.00000000000000000e+00,        +0.00000000000000000e+00,        +0.00000000000000000e+00,        +0.00000000000000000e+00,        +0.00000000000000000e+00,        +0.00000000000000000e+00,        +0.00000000000000000e+00,        +0.00000000000000000e+00,        +0.00000000000000000e+00,        +0.00000000000000000e+00,        +0.00000000000000000e+00,        +0.00000000000000000e+00,        +0.00000000000000000e+00,        +0.00000000000000000e+00,        +0.00000000000000000e+00,        +0.00000000000000000e+00,        +0.00000000000000000e+00,        +0.00000000000000000e+00,        +0.00000000000000000e+00,        +0.00000000000000000e+00,        +0.00000000000000000e+00,        +0.00000000000000000e+00,        +0.00000000000000000e+00,        +0.00000000000000000e+00,        +0.00000000000000000e+00,        +0.00000000000000000e+00,        +0.00000000000000000e+00,        +0.00000000000000000e+00,        +0.00000000000000000e+00,        +0.00000000000000000e+00,        +0.00000000000000000e+00,        +0.00000000000000000e+00,        +0.00000000000000000e+00,        +0.00000000000000000e+00,        +0.00000000000000000e+00,        +0.00000000000000000e+00,        +0.00000000000000000e+00,        +0.00000000000000000e+00,        +0.00000000000000000e+00,        +0.00000000000000000e+00,        +0.00000000000000000e+00,        +0.00000000000000000e+00,        +0.00000000000000000e+00,        +0.00000000000000000e+00,        +0.00000000000000000e+00,        +0.00000000000000000e+00,        +0.00000000000000000e+00,        +0.00000000000000000e+00,        +0.00000000000000000e+00,        +0.00000000000000000e+00,        +0.00000000000000000e+00,        +0.00000000000000000e+00,        +0.00000000000000000e+00,        +0.00000000000000000e+00,        +0.00000000000000000e+00,        +0.00000000000000000e+00,        +0.00000000000000000e+00,        +0.00000000000000000e+00,        +0.00000000000000000e+00,        +0.00000000000000000e+00,        +0.00000000000000000e+00,        +0.00000000000000000e+00,        +0.00000000000000000e+00,        +0.00000000000000000e+00,        +0.00000000000000000e+00,        +0.00000000000000000e+00,        +0.00000000000000000e+00,        +0.00000000000000000e+00,        +0.00000000000000000e+00,        +0.00000000000000000e+00,        +0.00000000000000000e+00,        +0.00000000000000000e+00,        +0.00000000000000000e+00,        +0.00000000000000000e+00,        +0.00000000000000000e+00,        +0.00000000000000000e+00,        +0.00000000000000000e+00,        +0.00000000000000000e+00,        +0.00000000000000000e+00,        +0.00000000000000000e+00,        +0.00000000000000000e+00,        +0.00000000000000000e+00,        +0.00000000000000000e+00,        +0.00000000000000000e+00,        +0.00000000000000000e+00,        +0.00000000000000000e+00,        +0.00000000000000000e+00,        +0.00000000000000000e+00,        +0.00000000000000000e+00,        +0.00000000000000000e+00,        +0.00000000000000000e+00,        +0.00000000000000000e+00,        +0.00000000000000000e+00,        +0.00000000000000000e+00,        +0.00000000000000000e+00,        +0.00000000000000000e+00,        +0.00000000000000000e+00,        +0.00000000000000000e+00,        +0.00000000000000000e+00,        +0.00000000000000000e+00,        +0.00000000000000000e+00,        +0.00000000000000000e+00,        +0.00000000000000000e+00
        +0.00000000000000000e+00,        +0.00000000000000000e+00,        +0.00000000000000000e+00,        +0.00000000000000000e+00,        +0.00000000000000000e+00,        +0.00000000000000000e+00,        +0.00000000000000000e+00,        +0.00000000000000000e+00,        +0.00000000000000000e+00,        +0.00000000000000000e+00,        +0.00000000000000000e+00,        +0.00000000000000000e+00,        +0.00000000000000000e+00,        +0.00000000000000000e+00,        +0.00000000000000000e+00,        +0.00000000000000000e+00,        +0.00000000000000000e+00,        +0.00000000000000000e+00,        +0.00000000000000000e+00,        +0.00000000000000000e+00,        +0.00000000000000000e+00,        +0.00000000000000000e+00,        +0.00000000000000000e+00,        +0.00000000000000000e+00,        +0.00000000000000000e+00,        +0.00000000000000000e+00,        +0.00000000000000000e+00,        +0.00000000000000000e+00,        +0.00000000000000000e+00,        +0.00000000000000000e+00,        +0.00000000000000000e+00,        +0.00000000000000000e+00,        +0.00000000000000000e+00,        +0.00000000000000000e+00,        +0.00000000000000000e+00,        +0.00000000000000000e+00,        +0.00000000000000000e+00,        +0.00000000000000000e+00,        +0.00000000000000000e+00,        +0.00000000000000000e+00,        +0.00000000000000000e+00,        +0.00000000000000000e+00,        +0.00000000000000000e+00,        +0.00000000000000000e+00,        +0.00000000000000000e+00,        +0.00000000000000000e+00,        +0.00000000000000000e+00,        +0.00000000000000000e+00,        +0.00000000000000000e+00,        +0.00000000000000000e+00,        +0.00000000000000000e+00,        +0.00000000000000000e+00,        +0.00000000000000000e+00,        +0.00000000000000000e+00,        +0.00000000000000000e+00,        +0.00000000000000000e+00,        +0.00000000000000000e+00,        +0.00000000000000000e+00,        +0.00000000000000000e+00,        +0.00000000000000000e+00,        +0.00000000000000000e+00,        +0.00000000000000000e+00,        +0.00000000000000000e+00,        +0.00000000000000000e+00,        +0.00000000000000000e+00,        +0.00000000000000000e+00,        +0.00000000000000000e+00,        +0.00000000000000000e+00,        +0.00000000000000000e+00,        +0.00000000000000000e+00,        +0.00000000000000000e+00,        +0.00000000000000000e+00,        +0.00000000000000000e+00,        +0.00000000000000000e+00,        +0.00000000000000000e+00,        +0.00000000000000000e+00,        +0.00000000000000000e+00,        +0.00000000000000000e+00,        +0.00000000000000000e+00,        +0.00000000000000000e+00,        +0.00000000000000000e+00,        +0.00000000000000000e+00,        +0.00000000000000000e+00,        +0.00000000000000000e+00,        +0.00000000000000000e+00,        +0.00000000000000000e+00,        +0.00000000000000000e+00,        +0.00000000000000000e+00,        +0.00000000000000000e+00,        +0.00000000000000000e+00,        +0.00000000000000000e+00,        +0.00000000000000000e+00,        +0.00000000000000000e+00,        +0.00000000000000000e+00,        +0.00000000000000000e+00,        +0.00000000000000000e+00,        +0.00000000000000000e+00,        +0.00000000000000000e+00,        +0.00000000000000000e+00,        +0.00000000000000000e+00,        +0.00000000000000000e+00,        +0.00000000000000000e+00,        +0.00000000000000000e+00,        +0.00000000000000000e+00,        +0.00000000000000000e+00,        +0.00000000000000000e+00,        +0.00000000000000000e+00,        +0.00000000000000000e+00
        +0.00000000000000000e+00,        +0.00000000000000000e+00,        +0.00000000000000000e+00,        +0.00000000000000000e+00,        +0.00000000000000000e+00,        +0.00000000000000000e+00,        +0.00000000000000000e+00,        +0.00000000000000000e+00,        +0.00000000000000000e+00,        +0.00000000000000000e+00,        +0.00000000000000000e+00,        +0.00000000000000000e+00,        +0.00000000000000000e+00,        +0.00000000000000000e+00,        +0.00000000000000000e+00,        +0.00000000000000000e+00,        +0.00000000000000000e+00,        +0.00000000000000000e+00,        +0.00000000000000000e+00,        +0.00000000000000000e+00,        +0.00000000000000000e+00,        +0.00000000000000000e+00,        +0.00000000000000000e+00,        +0.00000000000000000e+00,        +0.00000000000000000e+00,        +0.00000000000000000e+00,        +0.00000000000000000e+00,        +0.00000000000000000e+00,        +0.00000000000000000e+00,        +0.00000000000000000e+00,        +0.00000000000000000e+00,        +0.00000000000000000e+00,        +0.00000000000000000e+00,        +0.00000000000000000e+00,        +0.00000000000000000e+00,        +0.00000000000000000e+00,        +0.00000000000000000e+00,        +0.00000000000000000e+00,        +0.00000000000000000e+00,        +0.00000000000000000e+00,        +0.00000000000000000e+00,        +0.00000000000000000e+00,        +0.00000000000000000e+00,        +0.00000000000000000e+00,        +0.00000000000000000e+00,        +0.00000000000000000e+00,        +0.00000000000000000e+00,        +0.00000000000000000e+00,        +0.00000000000000000e+00,        +0.00000000000000000e+00,        +0.00000000000000000e+00,        +0.00000000000000000e+00,        +0.00000000000000000e+00,        +0.00000000000000000e+00,        +0.00000000000000000e+00,        +0.00000000000000000e+00,        +0.00000000000000000e+00,        +0.00000000000000000e+00,        +0.00000000000000000e+00,        +0.00000000000000000e+00,        +0.00000000000000000e+00,        +0.00000000000000000e+00,        +0.00000000000000000e+00,        +0.00000000000000000e+00,        +0.00000000000000000e+00,        +0.00000000000000000e+00,        +0.00000000000000000e+00,        +0.00000000000000000e+00,        +0.00000000000000000e+00,        +0.00000000000000000e+00,        +0.00000000000000000e+00,        +0.00000000000000000e+00,        +0.00000000000000000e+00,        +0.00000000000000000e+00,        +0.00000000000000000e+00,        +0.00000000000000000e+00,        +0.00000000000000000e+00,        +0.00000000000000000e+00,        +0.00000000000000000e+00,        +0.00000000000000000e+00,        +0.00000000000000000e+00,        +0.00000000000000000e+00,        +0.00000000000000000e+00,        +0.00000000000000000e+00,        +0.00000000000000000e+00,        +0.00000000000000000e+00,        +0.00000000000000000e+00,        +0.00000000000000000e+00,        +0.00000000000000000e+00,        +0.00000000000000000e+00,        +0.00000000000000000e+00,        +0.00000000000000000e+00,        +0.00000000000000000e+00,        +0.00000000000000000e+00,        +0.00000000000000000e+00,        +0.00000000000000000e+00,        +0.00000000000000000e+00,        +0.00000000000000000e+00,        +0.00000000000000000e+00,        +0.00000000000000000e+00,        +0.00000000000000000e+00,        +0.00000000000000000e+00,        +0.00000000000000000e+00,        +0.00000000000000000e+00,        +0.00000000000000000e+00,        +0.00000000000000000e+00,        +0.00000000000000000e+00,        +0.00000000000000000e+00
        +0.00000000000000000e+00,        +0.00000000000000000e+00,        +0.00000000000000000e+00,        +0.00000000000000000e+00,        +0.00000000000000000e+00,        +0.00000000000000000e+00,        +0.00000000000000000e+00,        +0.00000000000000000e+00,        +0.00000000000000000e+00,        +0.00000000000000000e+00,        +0.00000000000000000e+00,        +0.00000000000000000e+00,        +0.00000000000000000e+00,        +0.00000000000000000e+00,        +0.00000000000000000e+00,        +0.00000000000000000e+00,        +0.00000000000000000e+00,        +0.00000000000000000e+00,        +0.00000000000000000e+00,        +0.00000000000000000e+00,        +0.00000000000000000e+00,        +0.00000000000000000e+00,        +0.00000000000000000e+00,        +0.00000000000000000e+00,        +0.00000000000000000e+00,        +0.00000000000000000e+00,        +0.00000000000000000e+00,        +0.00000000000000000e+00,        +0.00000000000000000e+00,        +0.00000000000000000e+00,        +0.00000000000000000e+00,        +0.00000000000000000e+00,        +0.00000000000000000e+00,        +0.00000000000000000e+00,        +0.00000000000000000e+00,        +0.00000000000000000e+00,        +0.00000000000000000e+00,        +0.00000000000000000e+00,        +0.00000000000000000e+00,        +0.00000000000000000e+00,        +0.00000000000000000e+00,        +0.00000000000000000e+00,        +0.00000000000000000e+00,        +0.00000000000000000e+00,        +0.00000000000000000e+00,        +0.00000000000000000e+00,        +0.00000000000000000e+00,        +0.00000000000000000e+00,        +0.00000000000000000e+00,        +0.00000000000000000e+00,        +0.00000000000000000e+00,        +0.00000000000000000e+00,        +0.00000000000000000e+00,        +0.00000000000000000e+00,        +0.00000000000000000e+00,        +0.00000000000000000e+00,        +0.00000000000000000e+00,        +0.00000000000000000e+00,        +0.00000000000000000e+00,        +0.00000000000000000e+00,        +0.00000000000000000e+00,        +0.00000000000000000e+00,        +0.00000000000000000e+00,        +0.00000000000000000e+00,        +0.00000000000000000e+00,        +0.00000000000000000e+00,        +0.00000000000000000e+00,        +0.00000000000000000e+00,        +0.00000000000000000e+00,        +0.00000000000000000e+00,        +0.00000000000000000e+00,        +0.00000000000000000e+00,        +0.00000000000000000e+00,        +0.00000000000000000e+00,        +0.00000000000000000e+00,        +0.00000000000000000e+00,        +0.00000000000000000e+00,        +0.00000000000000000e+00,        +0.00000000000000000e+00,        +0.00000000000000000e+00,        +0.00000000000000000e+00,        +0.00000000000000000e+00,        +0.00000000000000000e+00,        +0.00000000000000000e+00,        +0.00000000000000000e+00,        +0.00000000000000000e+00,        +0.00000000000000000e+00,        +0.00000000000000000e+00,        +0.00000000000000000e+00,        +0.00000000000000000e+00,        +0.00000000000000000e+00,        +0.00000000000000000e+00,        +0.00000000000000000e+00,        +0.00000000000000000e+00,        +0.00000000000000000e+00,        +0.00000000000000000e+00,        +0.00000000000000000e+00,        +0.00000000000000000e+00,        +0.00000000000000000e+00,        +0.00000000000000000e+00,        +0.00000000000000000e+00,        +0.00000000000000000e+00,        +0.00000000000000000e+00,        +0.00000000000000000e+00,        +0.00000000000000000e+00,        +0.00000000000000000e+00,        +0.00000000000000000e+00,        +0.00000000000000000e+00
        +0.00000000000000000e+00,        +0.00000000000000000e+00,        +0.00000000000000000e+00,        +0.00000000000000000e+00,        +0.00000000000000000e+00,        +0.00000000000000000e+00,        +0.00000000000000000e+00,        +0.00000000000000000e+00,        +0.00000000000000000e+00,        +0.00000000000000000e+00,        +0.00000000000000000e+00,        +0.00000000000000000e+00,        +0.00000000000000000e+00,        +0.00000000000000000e+00,        +0.00000000000000000e+00,        +0.00000000000000000e+00,        +0.00000000000000000e+00,        +0.00000000000000000e+00,        +0.00000000000000000e+00,        +0.00000000000000000e+00,        +0.00000000000000000e+00,        +0.00000000000000000e+00,        +0.00000000000000000e+00,        +0.00000000000000000e+00,        +0.00000000000000000e+00,        +0.00000000000000000e+00,        +0.00000000000000000e+00,        +0.00000000000000000e+00,        +0.00000000000000000e+00,        +0.00000000000000000e+00,        +0.00000000000000000e+00,        +0.00000000000000000e+00,        +0.00000000000000000e+00,        +0.00000000000000000e+00,        +0.00000000000000000e+00,        +0.00000000000000000e+00,        +0.00000000000000000e+00,        +0.00000000000000000e+00,        +0.00000000000000000e+00,        +0.00000000000000000e+00,        +0.00000000000000000e+00,        +0.00000000000000000e+00,        +0.00000000000000000e+00,        +0.00000000000000000e+00,        +0.00000000000000000e+00,        +0.00000000000000000e+00,        +0.00000000000000000e+00,        +0.00000000000000000e+00,        +0.00000000000000000e+00,        +0.00000000000000000e+00,        +0.00000000000000000e+00,        +0.00000000000000000e+00,        +0.00000000000000000e+00,        +0.00000000000000000e+00,        +0.00000000000000000e+00,        +0.00000000000000000e+00,        +0.00000000000000000e+00,        +0.00000000000000000e+00,        +0.00000000000000000e+00,        +0.00000000000000000e+00,        +0.00000000000000000e+00,        +0.00000000000000000e+00,        +0.00000000000000000e+00,        +0.00000000000000000e+00,        +0.00000000000000000e+00,        +0.00000000000000000e+00,        +0.00000000000000000e+00,        +0.00000000000000000e+00,        +0.00000000000000000e+00,        +0.00000000000000000e+00,        +0.00000000000000000e+00,        +0.00000000000000000e+00,        +0.00000000000000000e+00,        +0.00000000000000000e+00,        +0.00000000000000000e+00,        +0.00000000000000000e+00,        +0.00000000000000000e+00,        +0.00000000000000000e+00,        +0.00000000000000000e+00,        +0.00000000000000000e+00,        +0.00000000000000000e+00,        +0.00000000000000000e+00,        +0.00000000000000000e+00,        +0.00000000000000000e+00,        +0.00000000000000000e+00,        +0.00000000000000000e+00,        +0.00000000000000000e+00,        +0.00000000000000000e+00,        +0.00000000000000000e+00,        +0.00000000000000000e+00,        +0.00000000000000000e+00,        +0.00000000000000000e+00,        +0.00000000000000000e+00,        +0.00000000000000000e+00,        +0.00000000000000000e+00,        +0.00000000000000000e+00,        +0.00000000000000000e+00,        +0.00000000000000000e+00,        +0.00000000000000000e+00,        +0.00000000000000000e+00,        +0.00000000000000000e+00,        +0.00000000000000000e+00,        +0.00000000000000000e+00,        +0.00000000000000000e+00,        +0.00000000000000000e+00,        +0.00000000000000000e+00,        +0.00000000000000000e+00,        +0.00000000000000000e+00
        +0.00000000000000000e+00,        +0.00000000000000000e+00,        +0.00000000000000000e+00,        +0.00000000000000000e+00,        +0.00000000000000000e+00,        +0.00000000000000000e+00,        +0.00000000000000000e+00,        +0.00000000000000000e+00,        +0.00000000000000000e+00,        +0.00000000000000000e+00,        +0.00000000000000000e+00,        +0.00000000000000000e+00,        +0.00000000000000000e+00,        +0.00000000000000000e+00,        +0.00000000000000000e+00,        +0.00000000000000000e+00,        +0.00000000000000000e+00,        +0.00000000000000000e+00,        +0.00000000000000000e+00,        +0.00000000000000000e+00,        +0.00000000000000000e+00,        +0.00000000000000000e+00,        +0.00000000000000000e+00,        +0.00000000000000000e+00,        +0.00000000000000000e+00,        +0.00000000000000000e+00,        +0.00000000000000000e+00,        +0.00000000000000000e+00,        +0.00000000000000000e+00,        +0.00000000000000000e+00,        +0.00000000000000000e+00,        +0.00000000000000000e+00,        +0.00000000000000000e+00,        +0.00000000000000000e+00,        +0.00000000000000000e+00,        +0.00000000000000000e+00,        +0.00000000000000000e+00,        +0.00000000000000000e+00,        +0.00000000000000000e+00,        +0.00000000000000000e+00,        +0.00000000000000000e+00,        +0.00000000000000000e+00,        +0.00000000000000000e+00,        +0.00000000000000000e+00,        +0.00000000000000000e+00,        +0.00000000000000000e+00,        +0.00000000000000000e+00,        +0.00000000000000000e+00,        +0.00000000000000000e+00,        +0.00000000000000000e+00,        +0.00000000000000000e+00,        +0.00000000000000000e+00,        +0.00000000000000000e+00,        +0.00000000000000000e+00,        +0.00000000000000000e+00,        +0.00000000000000000e+00,        +0.00000000000000000e+00,        +0.00000000000000000e+00,        +0.00000000000000000e+00,        +0.00000000000000000e+00,        +0.00000000000000000e+00,        +0.00000000000000000e+00,        +0.00000000000000000e+00,        +0.00000000000000000e+00,        +0.00000000000000000e+00,        +0.00000000000000000e+00,        +0.00000000000000000e+00,        +0.00000000000000000e+00,        +0.00000000000000000e+00,        +0.00000000000000000e+00,        +0.00000000000000000e+00,        +0.00000000000000000e+00,        +0.00000000000000000e+00,        +0.00000000000000000e+00,        +0.00000000000000000e+00,        +0.00000000000000000e+00,        +0.00000000000000000e+00,        +0.00000000000000000e+00,        +0.00000000000000000e+00,        +0.00000000000000000e+00,        +0.00000000000000000e+00,        +0.00000000000000000e+00,        +0.00000000000000000e+00,        +0.00000000000000000e+00,        +0.00000000000000000e+00,        +0.00000000000000000e+00,        +0.00000000000000000e+00,        +0.00000000000000000e+00,        +0.00000000000000000e+00,        +0.00000000000000000e+00,        +0.00000000000000000e+00,        +0.00000000000000000e+00,        +0.00000000000000000e+00,        +0.00000000000000000e+00,        +0.00000000000000000e+00,        +0.00000000000000000e+00,        +0.00000000000000000e+00,        +0.00000000000000000e+00,        +0.00000000000000000e+00,        +0.00000000000000000e+00,        +0.00000000000000000e+00,        +0.00000000000000000e+00,        +0.00000000000000000e+00,        +0.00000000000000000e+00,        +0.00000000000000000e+00,        +0.00000000000000000e+00,        +0.00000000000000000e+00,        +0.00000000000000000e+00
        +0.00000000000000000e+00,        +0.00000000000000000e+00,        +0.00000000000000000e+00,        +0.00000000000000000e+00,        +0.00000000000000000e+00,        +0.00000000000000000e+00,        +0.00000000000000000e+00,        +0.00000000000000000e+00,        +0.00000000000000000e+00,        +0.00000000000000000e+00,        +0.00000000000000000e+00,        +0.00000000000000000e+00,        +0.00000000000000000e+00,        +0.00000000000000000e+00,        +0.00000000000000000e+00,        +0.00000000000000000e+00,        +0.00000000000000000e+00,        +0.00000000000000000e+00,        +0.00000000000000000e+00,        +0.00000000000000000e+00,        +0.00000000000000000e+00,        +0.00000000000000000e+00,        +0.00000000000000000e+00,        +0.00000000000000000e+00,        +0.00000000000000000e+00,        +0.00000000000000000e+00,        +0.00000000000000000e+00,        +0.00000000000000000e+00,        +0.00000000000000000e+00,        +0.00000000000000000e+00,        +0.00000000000000000e+00,        +0.00000000000000000e+00,        +0.00000000000000000e+00,        +0.00000000000000000e+00,        +0.00000000000000000e+00,        +0.00000000000000000e+00,        +0.00000000000000000e+00,        +0.00000000000000000e+00,        +0.00000000000000000e+00,        +0.00000000000000000e+00,        +0.00000000000000000e+00,        +0.00000000000000000e+00,        +0.00000000000000000e+00,        +0.00000000000000000e+00,        +0.00000000000000000e+00,        +0.00000000000000000e+00,        +0.00000000000000000e+00,        +0.00000000000000000e+00,        +0.00000000000000000e+00,        +0.00000000000000000e+00,        +0.00000000000000000e+00,        +0.00000000000000000e+00,        +0.00000000000000000e+00,        +0.00000000000000000e+00,        +0.00000000000000000e+00,        +0.00000000000000000e+00,        +0.00000000000000000e+00,        +0.00000000000000000e+00,        +0.00000000000000000e+00,        +0.00000000000000000e+00,        +0.00000000000000000e+00,        +0.00000000000000000e+00,        +0.00000000000000000e+00,        +0.00000000000000000e+00,        +0.00000000000000000e+00,        +0.00000000000000000e+00,        +0.00000000000000000e+00,        +0.00000000000000000e+00,        +0.00000000000000000e+00,        +0.00000000000000000e+00,        +0.00000000000000000e+00,        +0.00000000000000000e+00,        +0.00000000000000000e+00,        +0.00000000000000000e+00,        +0.00000000000000000e+00,        +0.00000000000000000e+00,        +0.00000000000000000e+00,        +0.00000000000000000e+00,        +0.00000000000000000e+00,        +0.00000000000000000e+00,        +0.00000000000000000e+00,        +0.00000000000000000e+00,        +0.00000000000000000e+00,        +0.00000000000000000e+00,        +0.00000000000000000e+00,        +0.00000000000000000e+00,        +0.00000000000000000e+00,        +0.00000000000000000e+00,        +0.00000000000000000e+00,        +0.00000000000000000e+00,        +0.00000000000000000e+00,        +0.00000000000000000e+00,        +0.00000000000000000e+00,        +0.00000000000000000e+00,        +0.00000000000000000e+00,        +0.00000000000000000e+00,        +0.00000000000000000e+00,        +0.00000000000000000e+00,        +0.00000000000000000e+00,        +0.00000000000000000e+00,        +0.00000000000000000e+00,        +0.00000000000000000e+00,        +0.00000000000000000e+00,        +0.00000000000000000e+00,        +0.00000000000000000e+00,        +0.00000000000000000e+00,        +0.00000000000000000e+00,        +0.00000000000000000e+00
        +0.00000000000000000e+00,        +0.00000000000000000e+00,        +0.00000000000000000e+00,        +0.00000000000000000e+00,        +0.00000000000000000e+00,        +0.00000000000000000e+00,        +0.00000000000000000e+00,        +0.00000000000000000e+00,        +0.00000000000000000e+00,        +0.00000000000000000e+00,        +0.00000000000000000e+00,        +0.00000000000000000e+00,        +0.00000000000000000e+00,        +0.00000000000000000e+00,        +0.00000000000000000e+00,        +0.00000000000000000e+00,        +0.00000000000000000e+00,        +0.00000000000000000e+00,        +0.00000000000000000e+00,        +0.00000000000000000e+00,        +0.00000000000000000e+00,        +0.00000000000000000e+00,        +0.00000000000000000e+00,        +0.00000000000000000e+00,        +0.00000000000000000e+00,        +0.00000000000000000e+00,        +0.00000000000000000e+00,        +0.00000000000000000e+00,        +0.00000000000000000e+00,        +0.00000000000000000e+00,        +0.00000000000000000e+00,        +0.00000000000000000e+00,        +0.00000000000000000e+00,        +0.00000000000000000e+00,        +0.00000000000000000e+00,        +0.00000000000000000e+00,        +0.00000000000000000e+00,        +0.00000000000000000e+00,        +0.00000000000000000e+00,        +0.00000000000000000e+00,        +0.00000000000000000e+00,        +0.00000000000000000e+00,        +0.00000000000000000e+00,        +0.00000000000000000e+00,        +0.00000000000000000e+00,        +0.00000000000000000e+00,        +0.00000000000000000e+00,        +0.00000000000000000e+00,        +0.00000000000000000e+00,        +0.00000000000000000e+00,        +0.00000000000000000e+00,        +0.00000000000000000e+00,        +0.00000000000000000e+00,        +0.00000000000000000e+00,        +0.00000000000000000e+00,        +0.00000000000000000e+00,        +0.00000000000000000e+00,        +0.00000000000000000e+00,        +0.00000000000000000e+00,        +0.00000000000000000e+00,        +0.00000000000000000e+00,        +0.00000000000000000e+00,        +0.00000000000000000e+00,        +0.00000000000000000e+00,        +0.00000000000000000e+00,        +0.00000000000000000e+00,        +0.00000000000000000e+00,        +0.00000000000000000e+00,        +0.00000000000000000e+00,        +0.00000000000000000e+00,        +0.00000000000000000e+00,        +0.00000000000000000e+00,        +0.00000000000000000e+00,        +0.00000000000000000e+00,        +0.00000000000000000e+00,        +0.00000000000000000e+00,        +0.00000000000000000e+00,        +0.00000000000000000e+00,        +0.00000000000000000e+00,        +0.00000000000000000e+00,        +0.00000000000000000e+00,        +0.00000000000000000e+00,        +0.00000000000000000e+00,        +0.00000000000000000e+00,        +0.00000000000000000e+00,        +0.00000000000000000e+00,        +0.00000000000000000e+00,        +0.00000000000000000e+00,        +0.00000000000000000e+00,        +0.00000000000000000e+00,        +0.00000000000000000e+00,        +0.00000000000000000e+00,        +0.00000000000000000e+00,        +0.00000000000000000e+00,        +0.00000000000000000e+00,        +0.00000000000000000e+00,        +0.00000000000000000e+00,        +0.00000000000000000e+00,        +0.00000000000000000e+00,        +0.00000000000000000e+00,        +0.00000000000000000e+00,        +0.00000000000000000e+00,        +0.00000000000000000e+00,        +0.00000000000000000e+00,        +0.00000000000000000e+00,        +0.00000000000000000e+00,        +0.00000000000000000e+00,        +0.00000000000000000e+00
        +0.00000000000000000e+00,        +0.00000000000000000e+00,        +0.00000000000000000e+00,        +0.00000000000000000e+00,        +0.00000000000000000e+00,        +0.00000000000000000e+00,        +0.00000000000000000e+00,        +0.00000000000000000e+00,        +0.00000000000000000e+00,        +0.00000000000000000e+00,        +0.00000000000000000e+00,        +0.00000000000000000e+00,        +0.00000000000000000e+00,        +0.00000000000000000e+00,        +0.00000000000000000e+00,        +0.00000000000000000e+00,        +0.00000000000000000e+00,        +0.00000000000000000e+00,        +0.00000000000000000e+00,        +0.00000000000000000e+00,        +0.00000000000000000e+00,        +0.00000000000000000e+00,        +0.00000000000000000e+00,        +0.00000000000000000e+00,        +0.00000000000000000e+00,        +0.00000000000000000e+00,        +0.00000000000000000e+00,        +0.00000000000000000e+00,        +0.00000000000000000e+00,        +0.00000000000000000e+00,        +0.00000000000000000e+00,        +0.00000000000000000e+00,        +0.00000000000000000e+00,        +0.00000000000000000e+00,        +0.00000000000000000e+00,        +0.00000000000000000e+00,        +0.00000000000000000e+00,        +0.00000000000000000e+00,        +0.00000000000000000e+00,        +0.00000000000000000e+00,        +0.00000000000000000e+00,        +0.00000000000000000e+00,        +0.00000000000000000e+00,        +0.00000000000000000e+00,        +0.00000000000000000e+00,        +0.00000000000000000e+00,        +0.00000000000000000e+00,        +0.00000000000000000e+00,        +0.00000000000000000e+00,        +0.00000000000000000e+00,        +0.00000000000000000e+00,        +0.00000000000000000e+00,        +0.00000000000000000e+00,        +0.00000000000000000e+00,        +0.00000000000000000e+00,        +0.00000000000000000e+00,        +0.00000000000000000e+00,        +0.00000000000000000e+00,        +0.00000000000000000e+00,        +0.00000000000000000e+00,        +0.00000000000000000e+00,        +0.00000000000000000e+00,        +0.00000000000000000e+00,        +0.00000000000000000e+00,        +0.00000000000000000e+00,        +0.00000000000000000e+00,        +0.00000000000000000e+00,        +0.00000000000000000e+00,        +0.00000000000000000e+00,        +0.00000000000000000e+00,        +0.00000000000000000e+00,        +0.00000000000000000e+00,        +0.00000000000000000e+00,        +0.00000000000000000e+00,        +0.00000000000000000e+00,        +0.00000000000000000e+00,        +0.00000000000000000e+00,        +0.00000000000000000e+00,        +0.00000000000000000e+00,        +0.00000000000000000e+00,        +0.00000000000000000e+00,        +0.00000000000000000e+00,        +0.00000000000000000e+00,        +0.00000000000000000e+00,        +0.00000000000000000e+00,        +0.00000000000000000e+00,        +0.00000000000000000e+00,        +0.00000000000000000e+00,        +0.00000000000000000e+00,        +0.00000000000000000e+00,        +0.00000000000000000e+00,        +0.00000000000000000e+00,        +0.00000000000000000e+00,        +0.00000000000000000e+00,        +0.00000000000000000e+00,        +0.00000000000000000e+00,        +0.00000000000000000e+00,        +0.00000000000000000e+00,        +0.00000000000000000e+00,        +0.00000000000000000e+00,        +0.00000000000000000e+00,        +0.00000000000000000e+00,        +0.00000000000000000e+00,        +0.00000000000000000e+00,        +0.00000000000000000e+00,        +0.00000000000000000e+00,        +0.00000000000000000e+00,        +0.00000000000000000e+00
        +0.00000000000000000e+00,        +0.00000000000000000e+00,        +0.00000000000000000e+00,        +0.00000000000000000e+00,        +0.00000000000000000e+00,        +0.00000000000000000e+00,        +0.00000000000000000e+00,        +0.00000000000000000e+00,        +0.00000000000000000e+00,        +0.00000000000000000e+00,        +0.00000000000000000e+00,        +0.00000000000000000e+00,        +0.00000000000000000e+00,        +0.00000000000000000e+00,        +0.00000000000000000e+00,        +0.00000000000000000e+00,        +0.00000000000000000e+00,        +0.00000000000000000e+00,        +0.00000000000000000e+00,        +0.00000000000000000e+00,        +0.00000000000000000e+00,        +0.00000000000000000e+00,        +0.00000000000000000e+00,        +0.00000000000000000e+00,        +0.00000000000000000e+00,        +0.00000000000000000e+00,        +0.00000000000000000e+00,        +0.00000000000000000e+00,        +0.00000000000000000e+00,        +0.00000000000000000e+00,        +0.00000000000000000e+00,        +0.00000000000000000e+00,        +0.00000000000000000e+00,        +0.00000000000000000e+00,        +0.00000000000000000e+00,        +0.00000000000000000e+00,        +0.00000000000000000e+00,        +0.00000000000000000e+00,        +0.00000000000000000e+00,        +0.00000000000000000e+00,        +0.00000000000000000e+00,        +0.00000000000000000e+00,        +0.00000000000000000e+00,        +0.00000000000000000e+00,        +0.00000000000000000e+00,        +0.00000000000000000e+00,        +0.00000000000000000e+00,        +0.00000000000000000e+00,        +0.00000000000000000e+00,        +0.00000000000000000e+00,        +0.00000000000000000e+00,        +0.00000000000000000e+00,        +0.00000000000000000e+00,        +0.00000000000000000e+00,        +0.00000000000000000e+00,        +0.00000000000000000e+00,        +0.00000000000000000e+00,        +0.00000000000000000e+00,        +0.00000000000000000e+00,        +0.00000000000000000e+00,        +0.00000000000000000e+00,        +0.00000000000000000e+00,        +0.00000000000000000e+00,        +0.00000000000000000e+00,        +0.00000000000000000e+00,        +0.00000000000000000e+00,        +0.00000000000000000e+00,        +0.00000000000000000e+00,        +0.00000000000000000e+00,        +0.00000000000000000e+00,        +0.00000000000000000e+00,        +0.00000000000000000e+00,        +0.00000000000000000e+00,        +0.00000000000000000e+00,        +0.00000000000000000e+00,        +0.00000000000000000e+00,        +0.00000000000000000e+00,        +0.00000000000000000e+00,        +0.00000000000000000e+00,        +0.00000000000000000e+00,        +0.00000000000000000e+00,        +0.00000000000000000e+00,        +0.00000000000000000e+00,        +0.00000000000000000e+00,        +0.00000000000000000e+00,        +0.00000000000000000e+00,        +0.00000000000000000e+00,        +0.00000000000000000e+00,        +0.00000000000000000e+00,        +0.00000000000000000e+00,        +0.00000000000000000e+00,        +0.00000000000000000e+00,        +0.00000000000000000e+00,        +0.00000000000000000e+00,        +0.00000000000000000e+00,        +0.00000000000000000e+00,        +0.00000000000000000e+00,        +0.00000000000000000e+00,        +0.00000000000000000e+00,        +0.00000000000000000e+00,        +0.00000000000000000e+00,        +0.00000000000000000e+00,        +0.00000000000000000e+00,        +0.00000000000000000e+00,        +0.00000000000000000e+00,        +0.00000000000000000e+00,        +0.00000000000000000e+00,        +0.00000000000000000e+00
        +0.00000000000000000e+00,        +0.00000000000000000e+00,        +0.00000000000000000e+00,        +0.00000000000000000e+00,        +0.00000000000000000e+00,        +0.00000000000000000e+00,        +0.00000000000000000e+00,        +0.00000000000000000e+00,        +0.00000000000000000e+00,        +0.00000000000000000e+00,        +0.00000000000000000e+00,        +0.00000000000000000e+00,        +0.00000000000000000e+00,        +0.00000000000000000e+00,        +0.00000000000000000e+00,        +0.00000000000000000e+00,        +0.00000000000000000e+00,        +0.00000000000000000e+00,        +0.00000000000000000e+00,        +0.00000000000000000e+00,        +0.00000000000000000e+00,        +0.00000000000000000e+00,        +0.00000000000000000e+00,        +0.00000000000000000e+00,        +0.00000000000000000e+00,        +0.00000000000000000e+00,        +0.00000000000000000e+00,        +0.00000000000000000e+00,        +0.00000000000000000e+00,        +0.00000000000000000e+00,        +0.00000000000000000e+00,        +0.00000000000000000e+00,        +0.00000000000000000e+00,        +0.00000000000000000e+00,        +0.00000000000000000e+00,        +0.00000000000000000e+00,        +0.00000000000000000e+00,        +0.00000000000000000e+00,        +0.00000000000000000e+00,        +0.00000000000000000e+00,        +0.00000000000000000e+00,        +0.00000000000000000e+00,        +0.00000000000000000e+00,        +0.00000000000000000e+00,        +0.00000000000000000e+00,        +0.00000000000000000e+00,        +0.00000000000000000e+00,        +0.00000000000000000e+00,        +0.00000000000000000e+00,        +0.00000000000000000e+00,        +0.00000000000000000e+00,        +0.00000000000000000e+00,        +0.00000000000000000e+00,        +0.00000000000000000e+00,        +0.00000000000000000e+00,        +0.00000000000000000e+00,        +0.00000000000000000e+00,        +0.00000000000000000e+00,        +0.00000000000000000e+00,        +0.00000000000000000e+00,        +0.00000000000000000e+00,        +0.00000000000000000e+00,        +0.00000000000000000e+00,        +0.00000000000000000e+00,        +0.00000000000000000e+00,        +0.00000000000000000e+00,        +0.00000000000000000e+00,        +0.00000000000000000e+00,        +0.00000000000000000e+00,        +0.00000000000000000e+00,        +0.00000000000000000e+00,        +0.00000000000000000e+00,        +0.00000000000000000e+00,        +0.00000000000000000e+00,        +0.00000000000000000e+00,        +0.00000000000000000e+00,        +0.00000000000000000e+00,        +0.00000000000000000e+00,        +0.00000000000000000e+00,        +0.00000000000000000e+00,        +0.00000000000000000e+00,        +0.00000000000000000e+00,        +0.00000000000000000e+00,        +0.00000000000000000e+00,        +0.00000000000000000e+00,        +0.00000000000000000e+00,        +0.00000000000000000e+00,        +0.00000000000000000e+00,        +0.00000000000000000e+00,        +0.00000000000000000e+00,        +0.00000000000000000e+00,        +0.00000000000000000e+00,        +0.00000000000000000e+00,        +0.00000000000000000e+00,        +0.00000000000000000e+00,        +0.00000000000000000e+00,        +0.00000000000000000e+00,        +0.00000000000000000e+00,        +0.00000000000000000e+00,        +0.00000000000000000e+00,        +0.00000000000000000e+00,        +0.00000000000000000e+00,        +0.00000000000000000e+00,        +0.00000000000000000e+00,        +0.00000000000000000e+00,        +0.00000000000000000e+00,        +0.00000000000000000e+00,        +0.00000000000000000e+00
        +0.00000000000000000e+00,        +0.00000000000000000e+00,        +0.00000000000000000e+00,        +0.00000000000000000e+00,        +0.00000000000000000e+00,        +0.00000000000000000e+00,        +0.00000000000000000e+00,        +0.00000000000000000e+00,        +0.00000000000000000e+00,        +0.00000000000000000e+00,        +0.00000000000000000e+00,        +0.00000000000000000e+00,        +0.00000000000000000e+00,        +0.00000000000000000e+00,        +0.00000000000000000e+00,        +0.00000000000000000e+00,        +0.00000000000000000e+00,        +0.00000000000000000e+00,        +0.00000000000000000e+00,        +0.00000000000000000e+00,        +0.00000000000000000e+00,        +0.00000000000000000e+00,        +0.00000000000000000e+00,        +0.00000000000000000e+00,        +0.00000000000000000e+00,        +0.00000000000000000e+00,        +0.00000000000000000e+00,        +0.00000000000000000e+00,        +0.00000000000000000e+00,        +0.00000000000000000e+00,        +0.00000000000000000e+00,        +0.00000000000000000e+00,        +0.00000000000000000e+00,        +0.00000000000000000e+00,        +0.00000000000000000e+00,        +0.00000000000000000e+00,        +0.00000000000000000e+00,        +0.00000000000000000e+00,        +0.00000000000000000e+00,        +0.00000000000000000e+00,        +0.00000000000000000e+00,        +0.00000000000000000e+00,        +0.00000000000000000e+00,        +0.00000000000000000e+00,        +0.00000000000000000e+00,        +0.00000000000000000e+00,        +0.00000000000000000e+00,        +0.00000000000000000e+00,        +0.00000000000000000e+00,        +0.00000000000000000e+00,        +0.00000000000000000e+00,        +0.00000000000000000e+00,        +0.00000000000000000e+00,        +0.00000000000000000e+00,        +0.00000000000000000e+00,        +0.00000000000000000e+00,        +0.00000000000000000e+00,        +0.00000000000000000e+00,        +0.00000000000000000e+00,        +0.00000000000000000e+00,        +0.00000000000000000e+00,        +0.00000000000000000e+00,        +0.00000000000000000e+00,        +0.00000000000000000e+00,        +0.00000000000000000e+00,        +0.00000000000000000e+00,        +0.00000000000000000e+00,        +0.00000000000000000e+00,        +0.00000000000000000e+00,        +0.00000000000000000e+00,        +0.00000000000000000e+00,        +0.00000000000000000e+00,        +0.00000000000000000e+00,        +0.00000000000000000e+00,        +0.00000000000000000e+00,        +0.00000000000000000e+00,        +0.00000000000000000e+00,        +0.00000000000000000e+00,        +0.00000000000000000e+00,        +0.00000000000000000e+00,        +0.00000000000000000e+00,        +0.00000000000000000e+00,        +0.00000000000000000e+00,        +0.00000000000000000e+00,        +0.00000000000000000e+00,        +0.00000000000000000e+00,        +0.00000000000000000e+00,        +0.00000000000000000e+00,        +0.00000000000000000e+00,        +0.00000000000000000e+00,        +0.00000000000000000e+00,        +0.00000000000000000e+00,        +0.00000000000000000e+00,        +0.00000000000000000e+00,        +0.00000000000000000e+00,        +0.00000000000000000e+00,        +0.00000000000000000e+00,        +0.00000000000000000e+00,        +0.00000000000000000e+00,        +0.00000000000000000e+00,        +0.00000000000000000e+00,        +0.00000000000000000e+00,        +0.00000000000000000e+00,        +0.00000000000000000e+00,        +0.00000000000000000e+00,        +0.00000000000000000e+00,        +0.00000000000000000e+00,        +0.00000000000000000e+00
        +0.00000000000000000e+00,        +0.00000000000000000e+00,        +0.00000000000000000e+00,        +0.00000000000000000e+00,        +0.00000000000000000e+00,        +0.00000000000000000e+00,        +0.00000000000000000e+00,        +0.00000000000000000e+00,        +0.00000000000000000e+00,        +0.00000000000000000e+00,        +0.00000000000000000e+00,        +0.00000000000000000e+00,        +0.00000000000000000e+00,        +0.00000000000000000e+00,        +0.00000000000000000e+00,        +0.00000000000000000e+00,        +0.00000000000000000e+00,        +0.00000000000000000e+00,        +0.00000000000000000e+00,        +0.00000000000000000e+00,        +0.00000000000000000e+00,        +0.00000000000000000e+00,        +0.00000000000000000e+00,        +0.00000000000000000e+00,        +0.00000000000000000e+00,        +0.00000000000000000e+00,        +0.00000000000000000e+00,        +0.00000000000000000e+00,        +0.00000000000000000e+00,        +0.00000000000000000e+00,        +0.00000000000000000e+00,        +0.00000000000000000e+00,        +0.00000000000000000e+00,        +0.00000000000000000e+00,        +0.00000000000000000e+00,        +0.00000000000000000e+00,        +0.00000000000000000e+00,        +0.00000000000000000e+00,        +0.00000000000000000e+00,        +0.00000000000000000e+00,        +0.00000000000000000e+00,        +0.00000000000000000e+00,        +0.00000000000000000e+00,        +0.00000000000000000e+00,        +0.00000000000000000e+00,        +0.00000000000000000e+00,        +0.00000000000000000e+00,        +0.00000000000000000e+00,        +0.00000000000000000e+00,        +0.00000000000000000e+00,        +0.00000000000000000e+00,        +0.00000000000000000e+00,        +0.00000000000000000e+00,        +0.00000000000000000e+00,        +0.00000000000000000e+00,        +0.00000000000000000e+00,        +0.00000000000000000e+00,        +0.00000000000000000e+00,        +0.00000000000000000e+00,        +0.00000000000000000e+00,        +0.00000000000000000e+00,        +0.00000000000000000e+00,        +0.00000000000000000e+00,        +0.00000000000000000e+00,        +0.00000000000000000e+00,        +0.00000000000000000e+00,        +0.00000000000000000e+00,        +0.00000000000000000e+00,        +0.00000000000000000e+00,        +0.00000000000000000e+00,        +0.00000000000000000e+00,        +0.00000000000000000e+00,        +0.00000000000000000e+00,        +0.00000000000000000e+00,        +0.00000000000000000e+00,        +0.00000000000000000e+00,        +0.00000000000000000e+00,        +0.00000000000000000e+00,        +0.00000000000000000e+00,        +0.00000000000000000e+00,        +0.00000000000000000e+00,        +0.00000000000000000e+00,        +0.00000000000000000e+00,        +0.00000000000000000e+00,        +0.00000000000000000e+00,        +0.00000000000000000e+00,        +0.00000000000000000e+00,        +0.00000000000000000e+00,        +0.00000000000000000e+00,        +0.00000000000000000e+00,        +0.00000000000000000e+00,        +0.00000000000000000e+00,        +0.00000000000000000e+00,        +0.00000000000000000e+00,        +0.00000000000000000e+00,        +0.00000000000000000e+00,        +0.00000000000000000e+00,        +0.00000000000000000e+00,        +0.00000000000000000e+00,        +0.00000000000000000e+00,        +0.00000000000000000e+00,        +0.00000000000000000e+00,        +0.00000000000000000e+00,        +0.00000000000000000e+00,        +0.00000000000000000e+00,        +0.00000000000000000e+00,        +0.00000000000000000e+00,        +0.00000000000000000e+00
        +0.00000000000000000e+00,        +0.00000000000000000e+00,        +0.00000000000000000e+00,        +0.00000000000000000e+00,        +0.00000000000000000e+00,        +0.00000000000000000e+00,        +0.00000000000000000e+00,        +0.00000000000000000e+00,        +0.00000000000000000e+00,        +0.00000000000000000e+00,        +0.00000000000000000e+00,        +0.00000000000000000e+00,        +0.00000000000000000e+00,        +0.00000000000000000e+00,        +0.00000000000000000e+00,        +0.00000000000000000e+00,        +0.00000000000000000e+00,        +0.00000000000000000e+00,        +0.00000000000000000e+00,        +0.00000000000000000e+00,        +0.00000000000000000e+00,        +0.00000000000000000e+00,        +0.00000000000000000e+00,        +0.00000000000000000e+00,        +0.00000000000000000e+00,        +0.00000000000000000e+00,        +0.00000000000000000e+00,        +0.00000000000000000e+00,        +0.00000000000000000e+00,        +0.00000000000000000e+00,        +0.00000000000000000e+00,        +0.00000000000000000e+00,        +0.00000000000000000e+00,        +0.00000000000000000e+00,        +0.00000000000000000e+00,        +0.00000000000000000e+00,        +0.00000000000000000e+00,        +0.00000000000000000e+00,        +0.00000000000000000e+00,        +0.00000000000000000e+00,        +0.00000000000000000e+00,        +0.00000000000000000e+00,        +0.00000000000000000e+00,        +0.00000000000000000e+00,        +0.00000000000000000e+00,        +0.00000000000000000e+00,        +0.00000000000000000e+00,        +0.00000000000000000e+00,        +0.00000000000000000e+00,        +0.00000000000000000e+00,        +0.00000000000000000e+00,        +0.00000000000000000e+00,        +0.00000000000000000e+00,        +0.00000000000000000e+00,        +0.00000000000000000e+00,        +0.00000000000000000e+00,        +0.00000000000000000e+00,        +0.00000000000000000e+00,        +0.00000000000000000e+00,        +0.00000000000000000e+00,        +0.00000000000000000e+00,        +0.00000000000000000e+00,        +0.00000000000000000e+00,        +0.00000000000000000e+00,        +0.00000000000000000e+00,        +0.00000000000000000e+00,        +0.00000000000000000e+00,        +0.00000000000000000e+00,        +0.00000000000000000e+00,        +0.00000000000000000e+00,        +0.00000000000000000e+00,        +0.00000000000000000e+00,        +0.00000000000000000e+00,        +0.00000000000000000e+00,        +0.00000000000000000e+00,        +0.00000000000000000e+00,        +0.00000000000000000e+00,        +0.00000000000000000e+00,        +0.00000000000000000e+00,        +0.00000000000000000e+00,        +0.00000000000000000e+00,        +0.00000000000000000e+00,        +0.00000000000000000e+00,        +0.00000000000000000e+00,        +0.00000000000000000e+00,        +0.00000000000000000e+00,        +0.00000000000000000e+00,        +0.00000000000000000e+00,        +0.00000000000000000e+00,        +0.00000000000000000e+00,        +0.00000000000000000e+00,        +0.00000000000000000e+00,        +0.00000000000000000e+00,        +0.00000000000000000e+00,        +0.00000000000000000e+00,        +0.00000000000000000e+00,        +0.00000000000000000e+00,        +0.00000000000000000e+00,        +0.00000000000000000e+00,        +0.00000000000000000e+00,        +0.00000000000000000e+00,        +0.00000000000000000e+00,        +0.00000000000000000e+00,        +0.00000000000000000e+00,        +0.00000000000000000e+00,        +0.00000000000000000e+00,        +0.00000000000000000e+00,        +0.00000000000000000e+00
        +0.00000000000000000e+00,        +0.00000000000000000e+00,        +0.00000000000000000e+00,        +0.00000000000000000e+00,        +0.00000000000000000e+00,        +0.00000000000000000e+00,        +0.00000000000000000e+00,        +0.00000000000000000e+00,        +0.00000000000000000e+00,        +0.00000000000000000e+00,        +0.00000000000000000e+00,        +0.00000000000000000e+00,        +0.00000000000000000e+00,        +0.00000000000000000e+00,        +0.00000000000000000e+00,        +0.00000000000000000e+00,        +0.00000000000000000e+00,        +0.00000000000000000e+00,        +0.00000000000000000e+00,        +0.00000000000000000e+00,        +0.00000000000000000e+00,        +0.00000000000000000e+00,        +0.00000000000000000e+00,        +0.00000000000000000e+00,        +0.00000000000000000e+00,        +0.00000000000000000e+00,        +0.00000000000000000e+00,        +0.00000000000000000e+00,        +0.00000000000000000e+00,        +0.00000000000000000e+00,        +0.00000000000000000e+00,        +0.00000000000000000e+00,        +0.00000000000000000e+00,        +0.00000000000000000e+00,        +0.00000000000000000e+00,        +0.00000000000000000e+00,        +0.00000000000000000e+00,        +0.00000000000000000e+00,        +0.00000000000000000e+00,        +0.00000000000000000e+00,        +0.00000000000000000e+00,        +0.00000000000000000e+00,        +0.00000000000000000e+00,        +0.00000000000000000e+00,        +0.00000000000000000e+00,        +0.00000000000000000e+00,        +0.00000000000000000e+00,        +0.00000000000000000e+00,        +0.00000000000000000e+00,        +0.00000000000000000e+00,        +0.00000000000000000e+00,        +0.00000000000000000e+00,        +0.00000000000000000e+00,        +0.00000000000000000e+00,        +0.00000000000000000e+00,        +0.00000000000000000e+00,        +0.00000000000000000e+00,        +0.00000000000000000e+00,        +0.00000000000000000e+00,        +0.00000000000000000e+00,        +0.00000000000000000e+00,        +0.00000000000000000e+00,        +0.00000000000000000e+00,        +0.00000000000000000e+00,        +0.00000000000000000e+00,        +0.00000000000000000e+00,        +0.00000000000000000e+00,        +0.00000000000000000e+00,        +0.00000000000000000e+00,        +0.00000000000000000e+00,        +0.00000000000000000e+00,        +0.00000000000000000e+00,        +0.00000000000000000e+00,        +0.00000000000000000e+00,        +0.00000000000000000e+00,        +0.00000000000000000e+00,        +0.00000000000000000e+00,        +0.00000000000000000e+00,        +0.00000000000000000e+00,        +0.00000000000000000e+00,        +0.00000000000000000e+00,        +0.00000000000000000e+00,        +0.00000000000000000e+00,        +0.00000000000000000e+00,        +0.00000000000000000e+00,        +0.00000000000000000e+00,        +0.00000000000000000e+00,        +0.00000000000000000e+00,        +0.00000000000000000e+00,        +0.00000000000000000e+00,        +0.00000000000000000e+00,        +0.00000000000000000e+00,        +0.00000000000000000e+00,        +0.00000000000000000e+00,        +0.00000000000000000e+00,        +0.00000000000000000e+00,        +0.00000000000000000e+00,        +0.00000000000000000e+00,        +0.00000000000000000e+00,        +0.00000000000000000e+00,        +0.00000000000000000e+00,        +0.00000000000000000e+00,        +0.00000000000000000e+00,        +0.00000000000000000e+00,        +0.00000000000000000e+00,        +0.00000000000000000e+00,        +0.00000000000000000e+00,        +0.00000000000000000e+00
        +0.00000000000000000e+00,        +0.00000000000000000e+00,        +0.00000000000000000e+00,        +0.00000000000000000e+00,        +0.00000000000000000e+00,        +0.00000000000000000e+00,        +0.00000000000000000e+00,        +0.00000000000000000e+00,        +0.00000000000000000e+00,        +0.00000000000000000e+00,        +0.00000000000000000e+00,        +0.00000000000000000e+00,        +0.00000000000000000e+00,        +0.00000000000000000e+00,        +0.00000000000000000e+00,        +0.00000000000000000e+00,        +0.00000000000000000e+00,        +0.00000000000000000e+00,        +0.00000000000000000e+00,        +0.00000000000000000e+00,        +0.00000000000000000e+00,        +0.00000000000000000e+00,        +0.00000000000000000e+00,        +0.00000000000000000e+00,        +0.00000000000000000e+00,        +0.00000000000000000e+00,        +0.00000000000000000e+00,        +0.00000000000000000e+00,        +0.00000000000000000e+00,        +0.00000000000000000e+00,        +0.00000000000000000e+00,        +0.00000000000000000e+00,        +0.00000000000000000e+00,        +0.00000000000000000e+00,        +0.00000000000000000e+00,        +0.00000000000000000e+00,        +0.00000000000000000e+00,        +0.00000000000000000e+00,        +0.00000000000000000e+00,        +0.00000000000000000e+00,        +0.00000000000000000e+00,        +0.00000000000000000e+00,        +0.00000000000000000e+00,        +0.00000000000000000e+00,        +0.00000000000000000e+00,        +0.00000000000000000e+00,        +0.00000000000000000e+00,        +0.00000000000000000e+00,        +0.00000000000000000e+00,        +0.00000000000000000e+00,        +0.00000000000000000e+00,        +0.00000000000000000e+00,        +0.00000000000000000e+00,        +0.00000000000000000e+00,        +0.00000000000000000e+00,        +0.00000000000000000e+00,        +0.00000000000000000e+00,        +0.00000000000000000e+00,        +0.00000000000000000e+00,        +0.00000000000000000e+00,        +0.00000000000000000e+00,        +0.00000000000000000e+00,        +0.00000000000000000e+00,        +0.00000000000000000e+00,        +0.00000000000000000e+00,        +0.00000000000000000e+00,        +0.00000000000000000e+00,        +0.00000000000000000e+00,        +0.00000000000000000e+00,        +0.00000000000000000e+00,        +0.00000000000000000e+00,        +0.00000000000000000e+00,        +0.00000000000000000e+00,        +0.00000000000000000e+00,        +0.00000000000000000e+00,        +0.00000000000000000e+00,        +0.00000000000000000e+00,        +0.00000000000000000e+00,        +0.00000000000000000e+00,        +0.00000000000000000e+00,        +0.00000000000000000e+00,        +0.00000000000000000e+00,        +0.00000000000000000e+00,        +0.00000000000000000e+00,        +0.00000000000000000e+00,        +0.00000000000000000e+00,        +0.00000000000000000e+00,        +0.00000000000000000e+00,        +0.00000000000000000e+00,        +0.00000000000000000e+00,        +0.00000000000000000e+00,        +0.00000000000000000e+00,        +0.00000000000000000e+00,        +0.00000000000000000e+00,        +0.00000000000000000e+00,        +0.00000000000000000e+00,        +0.00000000000000000e+00,        +0.00000000000000000e+00,        +0.00000000000000000e+00,        +0.00000000000000000e+00,        +0.00000000000000000e+00,        +0.00000000000000000e+00,        +0.00000000000000000e+00,        +0.00000000000000000e+00,        +0.00000000000000000e+00,        +0.00000000000000000e+00,        +0.00000000000000000e+00,        +0.00000000000000000e+00
        +0.00000000000000000e+00,        +0.00000000000000000e+00,        +0.00000000000000000e+00,        +0.00000000000000000e+00,        +0.00000000000000000e+00,        +0.00000000000000000e+00,        +0.00000000000000000e+00,        +0.00000000000000000e+00,        +0.00000000000000000e+00,        +0.00000000000000000e+00,        +0.00000000000000000e+00,        +0.00000000000000000e+00,        +0.00000000000000000e+00,        +0.00000000000000000e+00,        +0.00000000000000000e+00,        +0.00000000000000000e+00,        +0.00000000000000000e+00,        +0.00000000000000000e+00,        +0.00000000000000000e+00,        +0.00000000000000000e+00,        +0.00000000000000000e+00,        +0.00000000000000000e+00,        +0.00000000000000000e+00,        +0.00000000000000000e+00,        +0.00000000000000000e+00,        +0.00000000000000000e+00,        +0.00000000000000000e+00,        +0.00000000000000000e+00,        +0.00000000000000000e+00,        +0.00000000000000000e+00,        +0.00000000000000000e+00,        +0.00000000000000000e+00,        +0.00000000000000000e+00,        +0.00000000000000000e+00,        +0.00000000000000000e+00,        +0.00000000000000000e+00,        +0.00000000000000000e+00,        +0.00000000000000000e+00,        +0.00000000000000000e+00,        +0.00000000000000000e+00,        +0.00000000000000000e+00,        +0.00000000000000000e+00,        +0.00000000000000000e+00,        +0.00000000000000000e+00,        +0.00000000000000000e+00,        +0.00000000000000000e+00,        +0.00000000000000000e+00,        +0.00000000000000000e+00,        +0.00000000000000000e+00,        +0.00000000000000000e+00,        +0.00000000000000000e+00,        +0.00000000000000000e+00,        +0.00000000000000000e+00,        +0.00000000000000000e+00,        +0.00000000000000000e+00,        +0.00000000000000000e+00,        +0.00000000000000000e+00,        +0.00000000000000000e+00,        +0.00000000000000000e+00,        +0.00000000000000000e+00,        +0.00000000000000000e+00,        +0.00000000000000000e+00,        +0.00000000000000000e+00,        +0.00000000000000000e+00,        +0.00000000000000000e+00,        +0.00000000000000000e+00,        +0.00000000000000000e+00,        +0.00000000000000000e+00,        +0.00000000000000000e+00,        +0.00000000000000000e+00,        +0.00000000000000000e+00,        +0.00000000000000000e+00,        +0.00000000000000000e+00,        +0.00000000000000000e+00,        +0.00000000000000000e+00,        +0.00000000000000000e+00,        +0.00000000000000000e+00,        +0.00000000000000000e+00,        +0.00000000000000000e+00,        +0.00000000000000000e+00,        +0.00000000000000000e+00,        +0.00000000000000000e+00,        +0.00000000000000000e+00,        +0.00000000000000000e+00,        +0.00000000000000000e+00,        +0.00000000000000000e+00,        +0.00000000000000000e+00,        +0.00000000000000000e+00,        +0.00000000000000000e+00,        +0.00000000000000000e+00,        +0.00000000000000000e+00,        +0.00000000000000000e+00,        +0.00000000000000000e+00,        +0.00000000000000000e+00,        +0.00000000000000000e+00,        +0.00000000000000000e+00,        +0.00000000000000000e+00,        +0.00000000000000000e+00,        +0.00000000000000000e+00,        +0.00000000000000000e+00,        +0.00000000000000000e+00,        +0.00000000000000000e+00,        +0.00000000000000000e+00,        +0.00000000000000000e+00,        +0.00000000000000000e+00,        +0.00000000000000000e+00,        +0.00000000000000000e+00,        +0.00000000000000000e+00
        +0.00000000000000000e+00,        +0.00000000000000000e+00,        +0.00000000000000000e+00,        +0.00000000000000000e+00,        +0.00000000000000000e+00,        +0.00000000000000000e+00,        +0.00000000000000000e+00,        +0.00000000000000000e+00,        +0.00000000000000000e+00,        +0.00000000000000000e+00,        +0.00000000000000000e+00,        +0.00000000000000000e+00,        +0.00000000000000000e+00,        +0.00000000000000000e+00,        +0.00000000000000000e+00,        +0.00000000000000000e+00,        +0.00000000000000000e+00,        +0.00000000000000000e+00,        +0.00000000000000000e+00,        +0.00000000000000000e+00,        +0.00000000000000000e+00,        +0.00000000000000000e+00,        +0.00000000000000000e+00,        +0.00000000000000000e+00,        +0.00000000000000000e+00,        +0.00000000000000000e+00,        +0.00000000000000000e+00,        +0.00000000000000000e+00,        +0.00000000000000000e+00,        +0.00000000000000000e+00,        +0.00000000000000000e+00,        +0.00000000000000000e+00,        +0.00000000000000000e+00,        +0.00000000000000000e+00,        +0.00000000000000000e+00,        +0.00000000000000000e+00,        +0.00000000000000000e+00,        +0.00000000000000000e+00,        +0.00000000000000000e+00,        +0.00000000000000000e+00,        +0.00000000000000000e+00,        +0.00000000000000000e+00,        +0.00000000000000000e+00,        +0.00000000000000000e+00,        +0.00000000000000000e+00,        +0.00000000000000000e+00,        +0.00000000000000000e+00,        +0.00000000000000000e+00,        +0.00000000000000000e+00,        +0.00000000000000000e+00,        +0.00000000000000000e+00,        +0.00000000000000000e+00,        +0.00000000000000000e+00,        +0.00000000000000000e+00,        +0.00000000000000000e+00,        +0.00000000000000000e+00,        +0.00000000000000000e+00,        +0.00000000000000000e+00,        +0.00000000000000000e+00,        +0.00000000000000000e+00,        +0.00000000000000000e+00,        +0.00000000000000000e+00,        +0.00000000000000000e+00,        +0.00000000000000000e+00,        +0.00000000000000000e+00,        +0.00000000000000000e+00,        +0.00000000000000000e+00,        +0.00000000000000000e+00,        +0.00000000000000000e+00,        +0.00000000000000000e+00,        +0.00000000000000000e+00,        +0.00000000000000000e+00,        +0.00000000000000000e+00,        +0.00000000000000000e+00,        +0.00000000000000000e+00,        +0.00000000000000000e+00,        +0.00000000000000000e+00,        +0.00000000000000000e+00,        +0.00000000000000000e+00,        +0.00000000000000000e+00,        +0.00000000000000000e+00,        +0.00000000000000000e+00,        +0.00000000000000000e+00,        +0.00000000000000000e+00,        +0.00000000000000000e+00,        +0.00000000000000000e+00,        +0.00000000000000000e+00,        +0.00000000000000000e+00,        +0.00000000000000000e+00,        +0.00000000000000000e+00,        +0.00000000000000000e+00,        +0.00000000000000000e+00,        +0.00000000000000000e+00,        +0.00000000000000000e+00,        +0.00000000000000000e+00,        +0.00000000000000000e+00,        +0.00000000000000000e+00,        +0.00000000000000000e+00,        +0.00000000000000000e+00,        +0.00000000000000000e+00,        +0.00000000000000000e+00,        +0.00000000000000000e+00,        +0.00000000000000000e+00,        +0.00000000000000000e+00,        +0.00000000000000000e+00,        +0.00000000000000000e+00,        +0.00000000000000000e+00,        +0.00000000000000000e+00
        +0.00000000000000000e+00,        +0.00000000000000000e+00,        +0.00000000000000000e+00,        +0.00000000000000000e+00,        +0.00000000000000000e+00,        +0.00000000000000000e+00,        +0.00000000000000000e+00,        +0.00000000000000000e+00,        +0.00000000000000000e+00,        +0.00000000000000000e+00,        +0.00000000000000000e+00,        +0.00000000000000000e+00,        +0.00000000000000000e+00,        +0.00000000000000000e+00,        +0.00000000000000000e+00,        +0.00000000000000000e+00,        +0.00000000000000000e+00,        +0.00000000000000000e+00,        +0.00000000000000000e+00,        +0.00000000000000000e+00,        +0.00000000000000000e+00,        +0.00000000000000000e+00,        +0.00000000000000000e+00,        +0.00000000000000000e+00,        +0.00000000000000000e+00,        +0.00000000000000000e+00,        +0.00000000000000000e+00,        +0.00000000000000000e+00,        +0.00000000000000000e+00,        +0.00000000000000000e+00,        +0.00000000000000000e+00,        +0.00000000000000000e+00,        +0.00000000000000000e+00,        +0.00000000000000000e+00,        +0.00000000000000000e+00,        +0.00000000000000000e+00,        +0.00000000000000000e+00,        +0.00000000000000000e+00,        +0.00000000000000000e+00,        +0.00000000000000000e+00,        +0.00000000000000000e+00,        +0.00000000000000000e+00,        +0.00000000000000000e+00,        +0.00000000000000000e+00,        +0.00000000000000000e+00,        +0.00000000000000000e+00,        +0.00000000000000000e+00,        +0.00000000000000000e+00,        +0.00000000000000000e+00,        +0.00000000000000000e+00,        +0.00000000000000000e+00,        +0.00000000000000000e+00,        +0.00000000000000000e+00,        +0.00000000000000000e+00,        +0.00000000000000000e+00,        +0.00000000000000000e+00,        +0.00000000000000000e+00,        +0.00000000000000000e+00,        +0.00000000000000000e+00,        +0.00000000000000000e+00,        +0.00000000000000000e+00,        +0.00000000000000000e+00,        +0.00000000000000000e+00,        +0.00000000000000000e+00,        +0.00000000000000000e+00,        +0.00000000000000000e+00,        +0.00000000000000000e+00,        +0.00000000000000000e+00,        +0.00000000000000000e+00,        +0.00000000000000000e+00,        +0.00000000000000000e+00,        +0.00000000000000000e+00,        +0.00000000000000000e+00,        +0.00000000000000000e+00,        +0.00000000000000000e+00,        +0.00000000000000000e+00,        +0.00000000000000000e+00,        +0.00000000000000000e+00,        +0.00000000000000000e+00,        +0.00000000000000000e+00,        +0.00000000000000000e+00,        +0.00000000000000000e+00,        +0.00000000000000000e+00,        +0.00000000000000000e+00,        +0.00000000000000000e+00,        +0.00000000000000000e+00,        +0.00000000000000000e+00,        +0.00000000000000000e+00,        +0.00000000000000000e+00,        +0.00000000000000000e+00,        +0.00000000000000000e+00,        +0.00000000000000000e+00,        +0.00000000000000000e+00,        +0.00000000000000000e+00,        +0.00000000000000000e+00,        +0.00000000000000000e+00,        +0.00000000000000000e+00,        +0.00000000000000000e+00,        +0.00000000000000000e+00,        +0.00000000000000000e+00,        +0.00000000000000000e+00,        +0.00000000000000000e+00,        +0.00000000000000000e+00,        +0.00000000000000000e+00,        +0.00000000000000000e+00,        +0.00000000000000000e+00,        +0.00000000000000000e+00,        +0.00000000000000000e+00
        +0.00000000000000000e+00,        +0.00000000000000000e+00,        +0.00000000000000000e+00,        +0.00000000000000000e+00,        +0.00000000000000000e+00,        +0.00000000000000000e+00,        +0.00000000000000000e+00,        +0.00000000000000000e+00,        +0.00000000000000000e+00,        +0.00000000000000000e+00,        +0.00000000000000000e+00,        +0.00000000000000000e+00,        +0.00000000000000000e+00,        +0.00000000000000000e+00,        +0.00000000000000000e+00,        +0.00000000000000000e+00,        +0.00000000000000000e+00,        +0.00000000000000000e+00,        +0.00000000000000000e+00,        +0.00000000000000000e+00,        +0.00000000000000000e+00,        +0.00000000000000000e+00,        +0.00000000000000000e+00,        +0.00000000000000000e+00,        +0.00000000000000000e+00,        +0.00000000000000000e+00,        +0.00000000000000000e+00,        +0.00000000000000000e+00,        +0.00000000000000000e+00,        +0.00000000000000000e+00,        +0.00000000000000000e+00,        +0.00000000000000000e+00,        +0.00000000000000000e+00,        +0.00000000000000000e+00,        +0.00000000000000000e+00,        +0.00000000000000000e+00,        +0.00000000000000000e+00,        +0.00000000000000000e+00,        +0.00000000000000000e+00,        +0.00000000000000000e+00,        +0.00000000000000000e+00,        +0.00000000000000000e+00,        +0.00000000000000000e+00,        +0.00000000000000000e+00,        +0.00000000000000000e+00,        +0.00000000000000000e+00,        +0.00000000000000000e+00,        +0.00000000000000000e+00,        +0.00000000000000000e+00,        +0.00000000000000000e+00,        +0.00000000000000000e+00,        +0.00000000000000000e+00,        +0.00000000000000000e+00,        +0.00000000000000000e+00,        +0.00000000000000000e+00,        +0.00000000000000000e+00,        +0.00000000000000000e+00,        +0.00000000000000000e+00,        +0.00000000000000000e+00,        +0.00000000000000000e+00,        +0.00000000000000000e+00,        +0.00000000000000000e+00,        +0.00000000000000000e+00,        +0.00000000000000000e+00,        +0.00000000000000000e+00,        +0.00000000000000000e+00,        +0.00000000000000000e+00,        +0.00000000000000000e+00,        +0.00000000000000000e+00,        +0.00000000000000000e+00,        +0.00000000000000000e+00,        +0.00000000000000000e+00,        +0.00000000000000000e+00,        +0.00000000000000000e+00,        +0.00000000000000000e+00,        +0.00000000000000000e+00,        +0.00000000000000000e+00,        +0.00000000000000000e+00,        +0.00000000000000000e+00,        +0.00000000000000000e+00,        +0.00000000000000000e+00,        +0.00000000000000000e+00,        +0.00000000000000000e+00,        +0.00000000000000000e+00,        +0.00000000000000000e+00,        +0.00000000000000000e+00,        +0.00000000000000000e+00,        +0.00000000000000000e+00,        +0.00000000000000000e+00,        +0.00000000000000000e+00,        +0.00000000000000000e+00,        +0.00000000000000000e+00,        +0.00000000000000000e+00,        +0.00000000000000000e+00,        +0.00000000000000000e+00,        +0.00000000000000000e+00,        +0.00000000000000000e+00,        +0.00000000000000000e+00,        +0.00000000000000000e+00,        +0.00000000000000000e+00,        +0.00000000000000000e+00,        +0.00000000000000000e+00,        +0.00000000000000000e+00,        +0.00000000000000000e+00,        +0.00000000000000000e+00,        +0.00000000000000000e+00,        +0.00000000000000000e+00,        +0.00000000000000000e+00
        +0.00000000000000000e+00,        +0.00000000000000000e+00,        +0.00000000000000000e+00,        +0.00000000000000000e+00,        +0.00000000000000000e+00,        +0.00000000000000000e+00,        +0.00000000000000000e+00,        +0.00000000000000000e+00,        +0.00000000000000000e+00,        +0.00000000000000000e+00,        +0.00000000000000000e+00,        +0.00000000000000000e+00,        +0.00000000000000000e+00,        +0.00000000000000000e+00,        +0.00000000000000000e+00,        +0.00000000000000000e+00,        +0.00000000000000000e+00,        +0.00000000000000000e+00,        +0.00000000000000000e+00,        +0.00000000000000000e+00,        +0.00000000000000000e+00,        +0.00000000000000000e+00,        +0.00000000000000000e+00,        +0.00000000000000000e+00,        +0.00000000000000000e+00,        +0.00000000000000000e+00,        +0.00000000000000000e+00,        +0.00000000000000000e+00,        +0.00000000000000000e+00,        +0.00000000000000000e+00,        +0.00000000000000000e+00,        +0.00000000000000000e+00,        +0.00000000000000000e+00,        +0.00000000000000000e+00,        +0.00000000000000000e+00,        +0.00000000000000000e+00,        +0.00000000000000000e+00,        +0.00000000000000000e+00,        +0.00000000000000000e+00,        +0.00000000000000000e+00,        +0.00000000000000000e+00,        +0.00000000000000000e+00,        +0.00000000000000000e+00,        +0.00000000000000000e+00,        +0.00000000000000000e+00,        +0.00000000000000000e+00,        +0.00000000000000000e+00,        +0.00000000000000000e+00,        +0.00000000000000000e+00,        +0.00000000000000000e+00,        +0.00000000000000000e+00,        +0.00000000000000000e+00,        +0.00000000000000000e+00,        +0.00000000000000000e+00,        +0.00000000000000000e+00,        +0.00000000000000000e+00,        +0.00000000000000000e+00,        +0.00000000000000000e+00,        +0.00000000000000000e+00,        +0.00000000000000000e+00,        +0.00000000000000000e+00,        +0.00000000000000000e+00,        +0.00000000000000000e+00,        +0.00000000000000000e+00,        +0.00000000000000000e+00,        +0.00000000000000000e+00,        +0.00000000000000000e+00,        +0.00000000000000000e+00,        +0.00000000000000000e+00,        +0.00000000000000000e+00,        +0.00000000000000000e+00,        +0.00000000000000000e+00,        +0.00000000000000000e+00,        +0.00000000000000000e+00,        +0.00000000000000000e+00,        +0.00000000000000000e+00,        +0.00000000000000000e+00,        +0.00000000000000000e+00,        +0.00000000000000000e+00,        +0.00000000000000000e+00,        +0.00000000000000000e+00,        +0.00000000000000000e+00,        +0.00000000000000000e+00,        +0.00000000000000000e+00,        +0.00000000000000000e+00,        +0.00000000000000000e+00,        +0.00000000000000000e+00,        +0.00000000000000000e+00,        +0.00000000000000000e+00,        +0.00000000000000000e+00,        +0.00000000000000000e+00,        +0.00000000000000000e+00,        +0.00000000000000000e+00,        +0.00000000000000000e+00,        +0.00000000000000000e+00,        +0.00000000000000000e+00,        +0.00000000000000000e+00,        +0.00000000000000000e+00,        +0.00000000000000000e+00,        +0.00000000000000000e+00,        +0.00000000000000000e+00,        +0.00000000000000000e+00,        +0.00000000000000000e+00,        +0.00000000000000000e+00,        +0.00000000000000000e+00,        +0.00000000000000000e+00,        +0.00000000000000000e+00,        +0.00000000000000000e+00
        +0.00000000000000000e+00,        +0.00000000000000000e+00,        +0.00000000000000000e+00,        +0.00000000000000000e+00,        +0.00000000000000000e+00,        +0.00000000000000000e+00,        +0.00000000000000000e+00,        +0.00000000000000000e+00,        +0.00000000000000000e+00,        +0.00000000000000000e+00,        +0.00000000000000000e+00,        +0.00000000000000000e+00,        +0.00000000000000000e+00,        +0.00000000000000000e+00,        +0.00000000000000000e+00,        +0.00000000000000000e+00,        +0.00000000000000000e+00,        +0.00000000000000000e+00,        +0.00000000000000000e+00,        +0.00000000000000000e+00,        +0.00000000000000000e+00,        +0.00000000000000000e+00,        +0.00000000000000000e+00,        +0.00000000000000000e+00,        +0.00000000000000000e+00,        +0.00000000000000000e+00,        +0.00000000000000000e+00,        +0.00000000000000000e+00,        +0.00000000000000000e+00,        +0.00000000000000000e+00,        +0.00000000000000000e+00,        +0.00000000000000000e+00,        +0.00000000000000000e+00,        +0.00000000000000000e+00,        +0.00000000000000000e+00,        +0.00000000000000000e+00,        +0.00000000000000000e+00,        +0.00000000000000000e+00,        +0.00000000000000000e+00,        +0.00000000000000000e+00,        +0.00000000000000000e+00,        +0.00000000000000000e+00,        +0.00000000000000000e+00,        +0.00000000000000000e+00,        +0.00000000000000000e+00,        +0.00000000000000000e+00,        +0.00000000000000000e+00,        +0.00000000000000000e+00,        +0.00000000000000000e+00,        +0.00000000000000000e+00,        +0.00000000000000000e+00,        +0.00000000000000000e+00,        +0.00000000000000000e+00,        +0.00000000000000000e+00,        +0.00000000000000000e+00,        +0.00000000000000000e+00,        +0.00000000000000000e+00,        +0.00000000000000000e+00,        +0.00000000000000000e+00,        +0.00000000000000000e+00,        +0.00000000000000000e+00,        +0.00000000000000000e+00,        +0.00000000000000000e+00,        +0.00000000000000000e+00,        +0.00000000000000000e+00,        +0.00000000000000000e+00,        +0.00000000000000000e+00,        +0.00000000000000000e+00,        +0.00000000000000000e+00,        +0.00000000000000000e+00,        +0.00000000000000000e+00,        +0.00000000000000000e+00,        +0.00000000000000000e+00,        +0.00000000000000000e+00,        +0.00000000000000000e+00,        +0.00000000000000000e+00,        +0.00000000000000000e+00,        +0.00000000000000000e+00,        +0.00000000000000000e+00,        +0.00000000000000000e+00,        +0.00000000000000000e+00,        +0.00000000000000000e+00,        +0.00000000000000000e+00,        +0.00000000000000000e+00,        +0.00000000000000000e+00,        +0.00000000000000000e+00,        +0.00000000000000000e+00,        +0.00000000000000000e+00,        +0.00000000000000000e+00,        +0.00000000000000000e+00,        +0.00000000000000000e+00,        +0.00000000000000000e+00,        +0.00000000000000000e+00,        +0.00000000000000000e+00,        +0.00000000000000000e+00,        +0.00000000000000000e+00,        +0.00000000000000000e+00,        +0.00000000000000000e+00,        +0.00000000000000000e+00,        +0.00000000000000000e+00,        +0.00000000000000000e+00,        +0.00000000000000000e+00,        +0.00000000000000000e+00,        +0.00000000000000000e+00,        +0.00000000000000000e+00,        +0.00000000000000000e+00,        +0.00000000000000000e+00,        +0.00000000000000000e+00
        +0.00000000000000000e+00,        +0.00000000000000000e+00,        +0.00000000000000000e+00,        +0.00000000000000000e+00,        +0.00000000000000000e+00,        +0.00000000000000000e+00,        +0.00000000000000000e+00,        +0.00000000000000000e+00,        +0.00000000000000000e+00,        +0.00000000000000000e+00,        +0.00000000000000000e+00,        +0.00000000000000000e+00,        +0.00000000000000000e+00,        +0.00000000000000000e+00,        +0.00000000000000000e+00,        +0.00000000000000000e+00,        +0.00000000000000000e+00,        +0.00000000000000000e+00,        +0.00000000000000000e+00,        +0.00000000000000000e+00,        +0.00000000000000000e+00,        +0.00000000000000000e+00,        +0.00000000000000000e+00,        +0.00000000000000000e+00,        +0.00000000000000000e+00,        +0.00000000000000000e+00,        +0.00000000000000000e+00,        +0.00000000000000000e+00,        +0.00000000000000000e+00,        +0.00000000000000000e+00,        +0.00000000000000000e+00,        +0.00000000000000000e+00,        +0.00000000000000000e+00,        +0.00000000000000000e+00,        +0.00000000000000000e+00,        +0.00000000000000000e+00,        +0.00000000000000000e+00,        +0.00000000000000000e+00,        +0.00000000000000000e+00,        +0.00000000000000000e+00,        +0.00000000000000000e+00,        +0.00000000000000000e+00,        +0.00000000000000000e+00,        +0.00000000000000000e+00,        +0.00000000000000000e+00,        +0.00000000000000000e+00,        +0.00000000000000000e+00,        +0.00000000000000000e+00,        +0.00000000000000000e+00,        +0.00000000000000000e+00,        +0.00000000000000000e+00,        +0.00000000000000000e+00,        +0.00000000000000000e+00,        +0.00000000000000000e+00,        +0.00000000000000000e+00,        +0.00000000000000000e+00,        +0.00000000000000000e+00,        +0.00000000000000000e+00,        +0.00000000000000000e+00,        +0.00000000000000000e+00,        +0.00000000000000000e+00,        +0.00000000000000000e+00,        +0.00000000000000000e+00,        +0.00000000000000000e+00,        +0.00000000000000000e+00,        +0.00000000000000000e+00,        +0.00000000000000000e+00,        +0.00000000000000000e+00,        +0.00000000000000000e+00,        +0.00000000000000000e+00,        +0.00000000000000000e+00,        +0.00000000000000000e+00,        +0.00000000000000000e+00,        +0.00000000000000000e+00,        +0.00000000000000000e+00,        +0.00000000000000000e+00,        +0.00000000000000000e+00,        +0.00000000000000000e+00,        +0.00000000000000000e+00,        +0.00000000000000000e+00,        +0.00000000000000000e+00,        +0.00000000000000000e+00,        +0.00000000000000000e+00,        +0.00000000000000000e+00,        +0.00000000000000000e+00,        +0.00000000000000000e+00,        +0.00000000000000000e+00,        +0.00000000000000000e+00,        +0.00000000000000000e+00,        +0.00000000000000000e+00,        +0.00000000000000000e+00,        +0.00000000000000000e+00,        +0.00000000000000000e+00,        +0.00000000000000000e+00,        +0.00000000000000000e+00,        +0.00000000000000000e+00,        +0.00000000000000000e+00,        +0.00000000000000000e+00,        +0.00000000000000000e+00,        +0.00000000000000000e+00,        +0.00000000000000000e+00,        +0.00000000000000000e+00,        +0.00000000000000000e+00,        +0.00000000000000000e+00,        +0.00000000000000000e+00,        +0.00000000000000000e+00,        +0.00000000000000000e+00,        +0.00000000000000000e+00
        +0.00000000000000000e+00,        +0.00000000000000000e+00,        +0.00000000000000000e+00,        +0.00000000000000000e+00,        +0.00000000000000000e+00,        +0.00000000000000000e+00,        +0.00000000000000000e+00,        +0.00000000000000000e+00,        +0.00000000000000000e+00,        +0.00000000000000000e+00,        +0.00000000000000000e+00,        +0.00000000000000000e+00,        +0.00000000000000000e+00,        +0.00000000000000000e+00,        +0.00000000000000000e+00,        +0.00000000000000000e+00,        +0.00000000000000000e+00,        +0.00000000000000000e+00,        +0.00000000000000000e+00,        +0.00000000000000000e+00,        +0.00000000000000000e+00,        +0.00000000000000000e+00,        +0.00000000000000000e+00,        +0.00000000000000000e+00,        +0.00000000000000000e+00,        +0.00000000000000000e+00,        +0.00000000000000000e+00,        +0.00000000000000000e+00,        +0.00000000000000000e+00,        +0.00000000000000000e+00,        +0.00000000000000000e+00,        +0.00000000000000000e+00,        +0.00000000000000000e+00,        +0.00000000000000000e+00,        +0.00000000000000000e+00,        +0.00000000000000000e+00,        +0.00000000000000000e+00,        +0.00000000000000000e+00,        +0.00000000000000000e+00,        +0.00000000000000000e+00,        +0.00000000000000000e+00,        +0.00000000000000000e+00,        +0.00000000000000000e+00,        +0.00000000000000000e+00,        +0.00000000000000000e+00,        +0.00000000000000000e+00,        +0.00000000000000000e+00,        +0.00000000000000000e+00,        +0.00000000000000000e+00,        +0.00000000000000000e+00,        +0.00000000000000000e+00,        +0.00000000000000000e+00,        +0.00000000000000000e+00,        +0.00000000000000000e+00,        +0.00000000000000000e+00,        +0.00000000000000000e+00,        +0.00000000000000000e+00,        +0.00000000000000000e+00,        +0.00000000000000000e+00,        +0.00000000000000000e+00,        +0.00000000000000000e+00,        +0.00000000000000000e+00,        +0.00000000000000000e+00,        +0.00000000000000000e+00,        +0.00000000000000000e+00,        +0.00000000000000000e+00,        +0.00000000000000000e+00,        +0.00000000000000000e+00,        +0.00000000000000000e+00,        +0.00000000000000000e+00,        +0.00000000000000000e+00,        +0.00000000000000000e+00,        +0.00000000000000000e+00,        +0.00000000000000000e+00,        +0.00000000000000000e+00,        +0.00000000000000000e+00,        +0.00000000000000000e+00,        +0.00000000000000000e+00,        +0.00000000000000000e+00,        +0.00000000000000000e+00,        +0.00000000000000000e+00,        +0.00000000000000000e+00,        +0.00000000000000000e+00,        +0.00000000000000000e+00,        +0.00000000000000000e+00,        +0.00000000000000000e+00,        +0.00000000000000000e+00,        +0.00000000000000000e+00,        +0.00000000000000000e+00,        +0.00000000000000000e+00,        +0.00000000000000000e+00,        +0.00000000000000000e+00,        +0.00000000000000000e+00,        +0.00000000000000000e+00,        +0.00000000000000000e+00,        +0.00000000000000000e+00,        +0.00000000000000000e+00,        +0.00000000000000000e+00,        +0.00000000000000000e+00,        +0.00000000000000000e+00,        +0.00000000000000000e+00,        +0.00000000000000000e+00,        +0.00000000000000000e+00,        +0.00000000000000000e+00,        +0.00000000000000000e+00,        +0.00000000000000000e+00,        +0.00000000000000000e+00,        +0.00000000000000000e+00
        +0.00000000000000000e+00,        +0.00000000000000000e+00,        +0.00000000000000000e+00,        +0.00000000000000000e+00,        +0.00000000000000000e+00,        +0.00000000000000000e+00,        +0.00000000000000000e+00,        +0.00000000000000000e+00,        +0.00000000000000000e+00,        +0.00000000000000000e+00,        +0.00000000000000000e+00,        +0.00000000000000000e+00,        +0.00000000000000000e+00,        +0.00000000000000000e+00,        +0.00000000000000000e+00,        +0.00000000000000000e+00,        +0.00000000000000000e+00,        +0.00000000000000000e+00,        +0.00000000000000000e+00,        +0.00000000000000000e+00,        +0.00000000000000000e+00,        +0.00000000000000000e+00,        +0.00000000000000000e+00,        +0.00000000000000000e+00,        +0.00000000000000000e+00,        +0.00000000000000000e+00,        +0.00000000000000000e+00,        +0.00000000000000000e+00,        +0.00000000000000000e+00,        +0.00000000000000000e+00,        +0.00000000000000000e+00,        +0.00000000000000000e+00,        +0.00000000000000000e+00,        +0.00000000000000000e+00,        +0.00000000000000000e+00,        +0.00000000000000000e+00,        +0.00000000000000000e+00,        +0.00000000000000000e+00,        +0.00000000000000000e+00,        +0.00000000000000000e+00,        +0.00000000000000000e+00,        +0.00000000000000000e+00,        +0.00000000000000000e+00,        +0.00000000000000000e+00,        +0.00000000000000000e+00,        +0.00000000000000000e+00,        +0.00000000000000000e+00,        +0.00000000000000000e+00,        +0.00000000000000000e+00,        +0.00000000000000000e+00,        +0.00000000000000000e+00,        +0.00000000000000000e+00,        +0.00000000000000000e+00,        +0.00000000000000000e+00,        +0.00000000000000000e+00,        +0.00000000000000000e+00,        +0.00000000000000000e+00,        +0.00000000000000000e+00,        +0.00000000000000000e+00,        +0.00000000000000000e+00,        +0.00000000000000000e+00,        +0.00000000000000000e+00,        +0.00000000000000000e+00,        +0.00000000000000000e+00,        +0.00000000000000000e+00,        +0.00000000000000000e+00,        +0.00000000000000000e+00,        +0.00000000000000000e+00,        +0.00000000000000000e+00,        +0.00000000000000000e+00,        +0.00000000000000000e+00,        +0.00000000000000000e+00,        +0.00000000000000000e+00,        +0.00000000000000000e+00,        +0.00000000000000000e+00,        +0.00000000000000000e+00,        +0.00000000000000000e+00,        +0.00000000000000000e+00,        +0.00000000000000000e+00,        +0.00000000000000000e+00,        +0.00000000000000000e+00,        +0.00000000000000000e+00,        +0.00000000000000000e+00,        +0.00000000000000000e+00,        +0.00000000000000000e+00,        +0.00000000000000000e+00,        +0.00000000000000000e+00,        +0.00000000000000000e+00,        +0.00000000000000000e+00,        +0.00000000000000000e+00,        +0.00000000000000000e+00,        +0.00000000000000000e+00,        +0.00000000000000000e+00,        +0.00000000000000000e+00,        +0.00000000000000000e+00,        +0.00000000000000000e+00,        +0.00000000000000000e+00,        +0.00000000000000000e+00,        +0.00000000000000000e+00,        +0.00000000000000000e+00,        +0.00000000000000000e+00,        +0.00000000000000000e+00,        +0.00000000000000000e+00,        +0.00000000000000000e+00,        +0.00000000000000000e+00,        +0.00000000000000000e+00,        +0.00000000000000000e+00,        +0.00000000000000000e+00
        +0.00000000000000000e+00,        +0.00000000000000000e+00,        +0.00000000000000000e+00,        +0.00000000000000000e+00,        +0.00000000000000000e+00,        +0.00000000000000000e+00,        +0.00000000000000000e+00,        +0.00000000000000000e+00,        +0.00000000000000000e+00,        +0.00000000000000000e+00,        +0.00000000000000000e+00,        +0.00000000000000000e+00,        +0.00000000000000000e+00,        +0.00000000000000000e+00,        +0.00000000000000000e+00,        +0.00000000000000000e+00,        +0.00000000000000000e+00,        +0.00000000000000000e+00,        +0.00000000000000000e+00,        +0.00000000000000000e+00,        +0.00000000000000000e+00,        +0.00000000000000000e+00,        +0.00000000000000000e+00,        +0.00000000000000000e+00,        +0.00000000000000000e+00,        +0.00000000000000000e+00,        +0.00000000000000000e+00,        +0.00000000000000000e+00,        +0.00000000000000000e+00,        +0.00000000000000000e+00,        +0.00000000000000000e+00,        +0.00000000000000000e+00,        +0.00000000000000000e+00,        +0.00000000000000000e+00,        +0.00000000000000000e+00,        +0.00000000000000000e+00,        +0.00000000000000000e+00,        +0.00000000000000000e+00,        +0.00000000000000000e+00,        +0.00000000000000000e+00,        +0.00000000000000000e+00,        +0.00000000000000000e+00,        +0.00000000000000000e+00,        +0.00000000000000000e+00,        +0.00000000000000000e+00,        +0.00000000000000000e+00,        +0.00000000000000000e+00,        +0.00000000000000000e+00,        +0.00000000000000000e+00,        +0.00000000000000000e+00,        +0.00000000000000000e+00,        +0.00000000000000000e+00,        +0.00000000000000000e+00,        +0.00000000000000000e+00,        +0.00000000000000000e+00,        +0.00000000000000000e+00,        +0.00000000000000000e+00,        +0.00000000000000000e+00,        +0.00000000000000000e+00,        +0.00000000000000000e+00,        +0.00000000000000000e+00,        +0.00000000000000000e+00,        +0.00000000000000000e+00,        +0.00000000000000000e+00,        +0.00000000000000000e+00,        +0.00000000000000000e+00,        +0.00000000000000000e+00,        +0.00000000000000000e+00,        +0.00000000000000000e+00,        +0.00000000000000000e+00,        +0.00000000000000000e+00,        +0.00000000000000000e+00,        +0.00000000000000000e+00,        +0.00000000000000000e+00,        +0.00000000000000000e+00,        +0.00000000000000000e+00,        +0.00000000000000000e+00,        +0.00000000000000000e+00,        +0.00000000000000000e+00,        +0.00000000000000000e+00,        +0.00000000000000000e+00,        +0.00000000000000000e+00,        +0.00000000000000000e+00,        +0.00000000000000000e+00,        +0.00000000000000000e+00,        +0.00000000000000000e+00,        +0.00000000000000000e+00,        +0.00000000000000000e+00,        +0.00000000000000000e+00,        +0.00000000000000000e+00,        +0.00000000000000000e+00,        +0.00000000000000000e+00,        +0.00000000000000000e+00,        +0.00000000000000000e+00,        +0.00000000000000000e+00,        +0.00000000000000000e+00,        +0.00000000000000000e+00,        +0.00000000000000000e+00,        +0.00000000000000000e+00,        +0.00000000000000000e+00,        +0.00000000000000000e+00,        +0.00000000000000000e+00,        +0.00000000000000000e+00,        +0.00000000000000000e+00,        +0.00000000000000000e+00,        +0.00000000000000000e+00,        +0.00000000000000000e+00,        +0.00000000000000000e+00
        +0.00000000000000000e+00,        +0.00000000000000000e+00,        +0.00000000000000000e+00,        +0.00000000000000000e+00,        +0.00000000000000000e+00,        +0.00000000000000000e+00,        +0.00000000000000000e+00,        +0.00000000000000000e+00,        +0.00000000000000000e+00,        +0.00000000000000000e+00,        +0.00000000000000000e+00,        +0.00000000000000000e+00,        +0.00000000000000000e+00,        +0.00000000000000000e+00,        +0.00000000000000000e+00,        +0.00000000000000000e+00,        +0.00000000000000000e+00,        +0.00000000000000000e+00,        +0.00000000000000000e+00,        +0.00000000000000000e+00,        +0.00000000000000000e+00,        +0.00000000000000000e+00,        +0.00000000000000000e+00,        +0.00000000000000000e+00,        +0.00000000000000000e+00,        +0.00000000000000000e+00,        +0.00000000000000000e+00,        +0.00000000000000000e+00,        +0.00000000000000000e+00,        +0.00000000000000000e+00,        +0.00000000000000000e+00,        +0.00000000000000000e+00,        +0.00000000000000000e+00,        +0.00000000000000000e+00,        +0.00000000000000000e+00,        +0.00000000000000000e+00,        +0.00000000000000000e+00,        +0.00000000000000000e+00,        +0.00000000000000000e+00,        +0.00000000000000000e+00,        +0.00000000000000000e+00,        +0.00000000000000000e+00,        +0.00000000000000000e+00,        +0.00000000000000000e+00,        +0.00000000000000000e+00,        +0.00000000000000000e+00,        +0.00000000000000000e+00,        +0.00000000000000000e+00,        +0.00000000000000000e+00,        +0.00000000000000000e+00,        +0.00000000000000000e+00,        +0.00000000000000000e+00,        +0.00000000000000000e+00,        +0.00000000000000000e+00,        +0.00000000000000000e+00,        +0.00000000000000000e+00,        +0.00000000000000000e+00,        +0.00000000000000000e+00,        +0.00000000000000000e+00,        +0.00000000000000000e+00,        +0.00000000000000000e+00,        +0.00000000000000000e+00,        +0.00000000000000000e+00,        +0.00000000000000000e+00,        +0.00000000000000000e+00,        +0.00000000000000000e+00,        +0.00000000000000000e+00,        +0.00000000000000000e+00,        +0.00000000000000000e+00,        +0.00000000000000000e+00,        +0.00000000000000000e+00,        +0.00000000000000000e+00,        +0.00000000000000000e+00,        +0.00000000000000000e+00,        +0.00000000000000000e+00,        +0.00000000000000000e+00,        +0.00000000000000000e+00,        +0.00000000000000000e+00,        +0.00000000000000000e+00,        +0.00000000000000000e+00,        +0.00000000000000000e+00,        +0.00000000000000000e+00,        +0.00000000000000000e+00,        +0.00000000000000000e+00,        +0.00000000000000000e+00,        +0.00000000000000000e+00,        +0.00000000000000000e+00,        +0.00000000000000000e+00,        +0.00000000000000000e+00,        +0.00000000000000000e+00,        +0.00000000000000000e+00,        +0.00000000000000000e+00,        +0.00000000000000000e+00,        +0.00000000000000000e+00,        +0.00000000000000000e+00,        +0.00000000000000000e+00,        +0.00000000000000000e+00,        +0.00000000000000000e+00,        +0.00000000000000000e+00,        +0.00000000000000000e+00,        +0.00000000000000000e+00,        +0.00000000000000000e+00,        +0.00000000000000000e+00,        +0.00000000000000000e+00,        +0.00000000000000000e+00,        +0.00000000000000000e+00,        +0.00000000000000000e+00,        +0.00000000000000000e+00
        +0.00000000000000000e+00,        +0.00000000000000000e+00,        +0.00000000000000000e+00,        +0.00000000000000000e+00,        +0.00000000000000000e+00,        +0.00000000000000000e+00,        +0.00000000000000000e+00,        +0.00000000000000000e+00,        +0.00000000000000000e+00,        +0.00000000000000000e+00,        +0.00000000000000000e+00,        +0.00000000000000000e+00,        +0.00000000000000000e+00,        +0.00000000000000000e+00,        +0.00000000000000000e+00,        +0.00000000000000000e+00,        +0.00000000000000000e+00,        +0.00000000000000000e+00,        +0.00000000000000000e+00,        +0.00000000000000000e+00,        +0.00000000000000000e+00,        +0.00000000000000000e+00,        +0.00000000000000000e+00,        +0.00000000000000000e+00,        +0.00000000000000000e+00,        +0.00000000000000000e+00,        +0.00000000000000000e+00,        +0.00000000000000000e+00,        +0.00000000000000000e+00,        +0.00000000000000000e+00,        +0.00000000000000000e+00,        +0.00000000000000000e+00,        +0.00000000000000000e+00,        +0.00000000000000000e+00,        +0.00000000000000000e+00,        +0.00000000000000000e+00,        +0.00000000000000000e+00,        +0.00000000000000000e+00,        +0.00000000000000000e+00,        +0.00000000000000000e+00,        +0.00000000000000000e+00,        +0.00000000000000000e+00,        +0.00000000000000000e+00,        +0.00000000000000000e+00,        +0.00000000000000000e+00,        +0.00000000000000000e+00,        +0.00000000000000000e+00,        +0.00000000000000000e+00,        +0.00000000000000000e+00,        +0.00000000000000000e+00,        +0.00000000000000000e+00,        +0.00000000000000000e+00,        +0.00000000000000000e+00,        +0.00000000000000000e+00,        +0.00000000000000000e+00,        +0.00000000000000000e+00,        +0.00000000000000000e+00,        +0.00000000000000000e+00,        +0.00000000000000000e+00,        +0.00000000000000000e+00,        +0.00000000000000000e+00,        +0.00000000000000000e+00,        +0.00000000000000000e+00,        +0.00000000000000000e+00,        +0.00000000000000000e+00,        +0.00000000000000000e+00,        +0.00000000000000000e+00,        +0.00000000000000000e+00,        +0.00000000000000000e+00,        +0.00000000000000000e+00,        +0.00000000000000000e+00,        +0.00000000000000000e+00,        +0.00000000000000000e+00,        +0.00000000000000000e+00,        +0.00000000000000000e+00,        +0.00000000000000000e+00,        +0.00000000000000000e+00,        +0.00000000000000000e+00,        +0.00000000000000000e+00,        +0.00000000000000000e+00,        +0.00000000000000000e+00,        +0.00000000000000000e+00,        +0.00000000000000000e+00,        +0.00000000000000000e+00,        +0.00000000000000000e+00,        +0.00000000000000000e+00,        +0.00000000000000000e+00,        +0.00000000000000000e+00,        +0.00000000000000000e+00,        +0.00000000000000000e+00,        +0.00000000000000000e+00,        +0.00000000000000000e+00,        +0.00000000000000000e+00,        +0.00000000000000000e+00,        +0.00000000000000000e+00,        +0.00000000000000000e+00,        +0.00000000000000000e+00,        +0.00000000000000000e+00,        +0.00000000000000000e+00,        +0.00000000000000000e+00,        +0.00000000000000000e+00,        +0.00000000000000000e+00,        +0.00000000000000000e+00,        +0.00000000000000000e+00,        +0.00000000000000000e+00,        +0.00000000000000000e+00,        +0.00000000000000000e+00,        +0.00000000000000000e+00
        +0.00000000000000000e+00,        +0.00000000000000000e+00,        +0.00000000000000000e+00,        +0.00000000000000000e+00,        +0.00000000000000000e+00,        +0.00000000000000000e+00,        +0.00000000000000000e+00,        +0.00000000000000000e+00,        +0.00000000000000000e+00,        +0.00000000000000000e+00,        +0.00000000000000000e+00,        +0.00000000000000000e+00,        +0.00000000000000000e+00,        +0.00000000000000000e+00,        +0.00000000000000000e+00,        +0.00000000000000000e+00,        +0.00000000000000000e+00,        +0.00000000000000000e+00,        +0.00000000000000000e+00,        +0.00000000000000000e+00,        +0.00000000000000000e+00,        +0.00000000000000000e+00,        +0.00000000000000000e+00,        +0.00000000000000000e+00,        +0.00000000000000000e+00,        +0.00000000000000000e+00,        +0.00000000000000000e+00,        +0.00000000000000000e+00,        +0.00000000000000000e+00,        +0.00000000000000000e+00,        +0.00000000000000000e+00,        +0.00000000000000000e+00,        +0.00000000000000000e+00,        +0.00000000000000000e+00,        +0.00000000000000000e+00,        +0.00000000000000000e+00,        +0.00000000000000000e+00,        +0.00000000000000000e+00,        +0.00000000000000000e+00,        +0.00000000000000000e+00,        +0.00000000000000000e+00,        +0.00000000000000000e+00,        +0.00000000000000000e+00,        +0.00000000000000000e+00,        +0.00000000000000000e+00,        +0.00000000000000000e+00,        +0.00000000000000000e+00,        +0.00000000000000000e+00,        +0.00000000000000000e+00,        +0.00000000000000000e+00,        +0.00000000000000000e+00,        +0.00000000000000000e+00,        +0.00000000000000000e+00,        +0.00000000000000000e+00,        +0.00000000000000000e+00,        +0.00000000000000000e+00,        +0.00000000000000000e+00,        +0.00000000000000000e+00,        +0.00000000000000000e+00,        +0.00000000000000000e+00,        +0.00000000000000000e+00,        +0.00000000000000000e+00,        +0.00000000000000000e+00,        +0.00000000000000000e+00,        +0.00000000000000000e+00,        +0.00000000000000000e+00,        +0.00000000000000000e+00,        +0.00000000000000000e+00,        +0.00000000000000000e+00,        +0.00000000000000000e+00,        +0.00000000000000000e+00,        +0.00000000000000000e+00,        +0.00000000000000000e+00,        +0.00000000000000000e+00,        +0.00000000000000000e+00,        +0.00000000000000000e+00,        +0.00000000000000000e+00,        +0.00000000000000000e+00,        +0.00000000000000000e+00,        +0.00000000000000000e+00,        +0.00000000000000000e+00,        +0.00000000000000000e+00,        +0.00000000000000000e+00,        +0.00000000000000000e+00,        +0.00000000000000000e+00,        +0.00000000000000000e+00,        +0.00000000000000000e+00,        +0.00000000000000000e+00,        +0.00000000000000000e+00,        +0.00000000000000000e+00,        +0.00000000000000000e+00,        +0.00000000000000000e+00,        +0.00000000000000000e+00,        +0.00000000000000000e+00,        +0.00000000000000000e+00,        +0.00000000000000000e+00,        +0.00000000000000000e+00,        +0.00000000000000000e+00,        +0.00000000000000000e+00,        +0.00000000000000000e+00,        +0.00000000000000000e+00,        +0.00000000000000000e+00,        +0.00000000000000000e+00,        +0.00000000000000000e+00,        +0.00000000000000000e+00,        +0.00000000000000000e+00,        +0.00000000000000000e+00,        +0.00000000000000000e+00
        +0.00000000000000000e+00,        +0.00000000000000000e+00,        +0.00000000000000000e+00,        +0.00000000000000000e+00,        +0.00000000000000000e+00,        +0.00000000000000000e+00,        +0.00000000000000000e+00,        +0.00000000000000000e+00,        +0.00000000000000000e+00,        +0.00000000000000000e+00,        +0.00000000000000000e+00,        +0.00000000000000000e+00,        +0.00000000000000000e+00,        +0.00000000000000000e+00,        +0.00000000000000000e+00,        +0.00000000000000000e+00,        +0.00000000000000000e+00,        +0.00000000000000000e+00,        +0.00000000000000000e+00,        +0.00000000000000000e+00,        +0.00000000000000000e+00,        +0.00000000000000000e+00,        +0.00000000000000000e+00,        +0.00000000000000000e+00,        +0.00000000000000000e+00,        +0.00000000000000000e+00,        +0.00000000000000000e+00,        +0.00000000000000000e+00,        +0.00000000000000000e+00,        +0.00000000000000000e+00,        +0.00000000000000000e+00,        +0.00000000000000000e+00,        +0.00000000000000000e+00,        +0.00000000000000000e+00,        +0.00000000000000000e+00,        +0.00000000000000000e+00,        +0.00000000000000000e+00,        +0.00000000000000000e+00,        +0.00000000000000000e+00,        +0.00000000000000000e+00,        +0.00000000000000000e+00,        +0.00000000000000000e+00,        +0.00000000000000000e+00,        +0.00000000000000000e+00,        +0.00000000000000000e+00,        +0.00000000000000000e+00,        +0.00000000000000000e+00,        +0.00000000000000000e+00,        +0.00000000000000000e+00,        +0.00000000000000000e+00,        +0.00000000000000000e+00,        +0.00000000000000000e+00,        +0.00000000000000000e+00,        +0.00000000000000000e+00,        +0.00000000000000000e+00,        +0.00000000000000000e+00,        +0.00000000000000000e+00,        +0.00000000000000000e+00,        +0.00000000000000000e+00,        +0.00000000000000000e+00,        +0.00000000000000000e+00,        +0.00000000000000000e+00,        +0.00000000000000000e+00,        +0.00000000000000000e+00,        +0.00000000000000000e+00,        +0.00000000000000000e+00,        +0.00000000000000000e+00,        +0.00000000000000000e+00,        +0.00000000000000000e+00,        +0.00000000000000000e+00,        +0.00000000000000000e+00,        +0.00000000000000000e+00,        +0.00000000000000000e+00,        +0.00000000000000000e+00,        +0.00000000000000000e+00,        +0.00000000000000000e+00,        +0.00000000000000000e+00,        +0.00000000000000000e+00,        +0.00000000000000000e+00,        +0.00000000000000000e+00,        +0.00000000000000000e+00,        +0.00000000000000000e+00,        +0.00000000000000000e+00,        +0.00000000000000000e+00,        +0.00000000000000000e+00,        +0.00000000000000000e+00,        +0.00000000000000000e+00,        +0.00000000000000000e+00,        +0.00000000000000000e+00,        +0.00000000000000000e+00,        +0.00000000000000000e+00,        +0.00000000000000000e+00,        +0.00000000000000000e+00,        +0.00000000000000000e+00,        +0.00000000000000000e+00,        +0.00000000000000000e+00,        +0.00000000000000000e+00,        +0.00000000000000000e+00,        +0.00000000000000000e+00,        +0.00000000000000000e+00,        +0.00000000000000000e+00,        +0.00000000000000000e+00,        +0.00000000000000000e+00,        +0.00000000000000000e+00,        +0.00000000000000000e+00,        +0.00000000000000000e+00,        +0.00000000000000000e+00,        +0.00000000000000000e+00
        +0.00000000000000000e+00,        +0.00000000000000000e+00,        +0.00000000000000000e+00,        +0.00000000000000000e+00,        +0.00000000000000000e+00,        +0.00000000000000000e+00,        +0.00000000000000000e+00,        +0.00000000000000000e+00,        +0.00000000000000000e+00,        +0.00000000000000000e+00,        +0.00000000000000000e+00,        +0.00000000000000000e+00,        +0.00000000000000000e+00,        +0.00000000000000000e+00,        +0.00000000000000000e+00,        +0.00000000000000000e+00,        +0.00000000000000000e+00,        +0.00000000000000000e+00,        +0.00000000000000000e+00,        +0.00000000000000000e+00,        +0.00000000000000000e+00,        +0.00000000000000000e+00,        +0.00000000000000000e+00,        +0.00000000000000000e+00,        +0.00000000000000000e+00,        +0.00000000000000000e+00,        +0.00000000000000000e+00,        +0.00000000000000000e+00,        +0.00000000000000000e+00,        +0.00000000000000000e+00,        +0.00000000000000000e+00,        +0.00000000000000000e+00,        +0.00000000000000000e+00,        +0.00000000000000000e+00,        +0.00000000000000000e+00,        +0.00000000000000000e+00,        +0.00000000000000000e+00,        +0.00000000000000000e+00,        +0.00000000000000000e+00,        +0.00000000000000000e+00,        +0.00000000000000000e+00,        +0.00000000000000000e+00,        +0.00000000000000000e+00,        +0.00000000000000000e+00,        +0.00000000000000000e+00,        +0.00000000000000000e+00,        +0.00000000000000000e+00,        +0.00000000000000000e+00,        +0.00000000000000000e+00,        +0.00000000000000000e+00,        +0.00000000000000000e+00,        +0.00000000000000000e+00,        +0.00000000000000000e+00,        +0.00000000000000000e+00,        +0.00000000000000000e+00,        +0.00000000000000000e+00,        +0.00000000000000000e+00,        +0.00000000000000000e+00,        +0.00000000000000000e+00,        +0.00000000000000000e+00,        +0.00000000000000000e+00,        +0.00000000000000000e+00,        +0.00000000000000000e+00,        +0.00000000000000000e+00,        +0.00000000000000000e+00,        +0.00000000000000000e+00,        +0.00000000000000000e+00,        +0.00000000000000000e+00,        +0.00000000000000000e+00,        +0.00000000000000000e+00,        +0.00000000000000000e+00,        +0.00000000000000000e+00,        +0.00000000000000000e+00,        +0.00000000000000000e+00,        +0.00000000000000000e+00,        +0.00000000000000000e+00,        +0.00000000000000000e+00,        +0.00000000000000000e+00,        +0.00000000000000000e+00,        +0.00000000000000000e+00,        +0.00000000000000000e+00,        +0.00000000000000000e+00,        +0.00000000000000000e+00,        +0.00000000000000000e+00,        +0.00000000000000000e+00,        +0.00000000000000000e+00,        +0.00000000000000000e+00,        +0.00000000000000000e+00,        +0.00000000000000000e+00,        +0.00000000000000000e+00,        +0.00000000000000000e+00,        +0.00000000000000000e+00,        +0.00000000000000000e+00,        +0.00000000000000000e+00,        +0.00000000000000000e+00,        +0.00000000000000000e+00,        +0.00000000000000000e+00,        +0.00000000000000000e+00,        +0.00000000000000000e+00,        +0.00000000000000000e+00,        +0.00000000000000000e+00,        +0.00000000000000000e+00,        +0.00000000000000000e+00,        +0.00000000000000000e+00,        +0.00000000000000000e+00,        +0.00000000000000000e+00,        +0.00000000000000000e+00,        +0.00000000000000000e+00
        +0.00000000000000000e+00,        +0.00000000000000000e+00,        +0.00000000000000000e+00,        +0.00000000000000000e+00,        +0.00000000000000000e+00,        +0.00000000000000000e+00,        +0.00000000000000000e+00,        +0.00000000000000000e+00,        +0.00000000000000000e+00,        +0.00000000000000000e+00,        +0.00000000000000000e+00,        +0.00000000000000000e+00,        +0.00000000000000000e+00,        +0.00000000000000000e+00,        +0.00000000000000000e+00,        +0.00000000000000000e+00,        +0.00000000000000000e+00,        +0.00000000000000000e+00,        +0.00000000000000000e+00,        +0.00000000000000000e+00,        +0.00000000000000000e+00,        +0.00000000000000000e+00,        +0.00000000000000000e+00,        +0.00000000000000000e+00,        +0.00000000000000000e+00,        +0.00000000000000000e+00,        +0.00000000000000000e+00,        +0.00000000000000000e+00,        +0.00000000000000000e+00,        +0.00000000000000000e+00,        +0.00000000000000000e+00,        +0.00000000000000000e+00,        +0.00000000000000000e+00,        +0.00000000000000000e+00,        +0.00000000000000000e+00,        +0.00000000000000000e+00,        +0.00000000000000000e+00,        +0.00000000000000000e+00,        +0.00000000000000000e+00,        +0.00000000000000000e+00,        +0.00000000000000000e+00,        +0.00000000000000000e+00,        +0.00000000000000000e+00,        +0.00000000000000000e+00,        +0.00000000000000000e+00,        +0.00000000000000000e+00,        +0.00000000000000000e+00,        +0.00000000000000000e+00,        +0.00000000000000000e+00,        +0.00000000000000000e+00,        +0.00000000000000000e+00,        +0.00000000000000000e+00,        +0.00000000000000000e+00,        +0.00000000000000000e+00,        +0.00000000000000000e+00,        +0.00000000000000000e+00,        +0.00000000000000000e+00,        +0.00000000000000000e+00,        +0.00000000000000000e+00,        +0.00000000000000000e+00,        +0.00000000000000000e+00,        +0.00000000000000000e+00,        +0.00000000000000000e+00,        +0.00000000000000000e+00,        +0.00000000000000000e+00,        +0.00000000000000000e+00,        +0.00000000000000000e+00,        +0.00000000000000000e+00,        +0.00000000000000000e+00,        +0.00000000000000000e+00,        +0.00000000000000000e+00,        +0.00000000000000000e+00,        +0.00000000000000000e+00,        +0.00000000000000000e+00,        +0.00000000000000000e+00,        +0.00000000000000000e+00,        +0.00000000000000000e+00,        +0.00000000000000000e+00,        +0.00000000000000000e+00,        +0.00000000000000000e+00,        +0.00000000000000000e+00,        +0.00000000000000000e+00,        +0.00000000000000000e+00,        +0.00000000000000000e+00,        +0.00000000000000000e+00,        +0.00000000000000000e+00,        +0.00000000000000000e+00,        +0.00000000000000000e+00,        +0.00000000000000000e+00,        +0.00000000000000000e+00,        +0.00000000000000000e+00,        +0.00000000000000000e+00,        +0.00000000000000000e+00,        +0.00000000000000000e+00,        +0.00000000000000000e+00,        +0.00000000000000000e+00,        +0.00000000000000000e+00,        +0.00000000000000000e+00,        +0.00000000000000000e+00,        +0.00000000000000000e+00,        +0.00000000000000000e+00,        +0.00000000000000000e+00,        +0.00000000000000000e+00,        +0.00000000000000000e+00,        +0.00000000000000000e+00,        +0.00000000000000000e+00,        +0.00000000000000000e+00,        +0.00000000000000000e+00
        +0.00000000000000000e+00,        +0.00000000000000000e+00,        +0.00000000000000000e+00,        +0.00000000000000000e+00,        +0.00000000000000000e+00,        +0.00000000000000000e+00,        +0.00000000000000000e+00,        +0.00000000000000000e+00,        +0.00000000000000000e+00,        +0.00000000000000000e+00,        +0.00000000000000000e+00,        +0.00000000000000000e+00,        +0.00000000000000000e+00,        +0.00000000000000000e+00,        +0.00000000000000000e+00,        +0.00000000000000000e+00,        +0.00000000000000000e+00,        +0.00000000000000000e+00,        +0.00000000000000000e+00,        +0.00000000000000000e+00,        +0.00000000000000000e+00,        +0.00000000000000000e+00,        +0.00000000000000000e+00,        +0.00000000000000000e+00,        +0.00000000000000000e+00,        +0.00000000000000000e+00,        +0.00000000000000000e+00,        +0.00000000000000000e+00,        +0.00000000000000000e+00,        +0.00000000000000000e+00,        +0.00000000000000000e+00,        +0.00000000000000000e+00,        +0.00000000000000000e+00,        +0.00000000000000000e+00,        +0.00000000000000000e+00,        +0.00000000000000000e+00,        +0.00000000000000000e+00,        +0.00000000000000000e+00,        +0.00000000000000000e+00,        +0.00000000000000000e+00,        +0.00000000000000000e+00,        +0.00000000000000000e+00,        +0.00000000000000000e+00,        +0.00000000000000000e+00,        +0.00000000000000000e+00,        +0.00000000000000000e+00,        +0.00000000000000000e+00,        +0.00000000000000000e+00,        +0.00000000000000000e+00,        +0.00000000000000000e+00,        +0.00000000000000000e+00,        +0.00000000000000000e+00,        +0.00000000000000000e+00,        +0.00000000000000000e+00,        +0.00000000000000000e+00,        +0.00000000000000000e+00,        +0.00000000000000000e+00,        +0.00000000000000000e+00,        +0.00000000000000000e+00,        +0.00000000000000000e+00,        +0.00000000000000000e+00,        +0.00000000000000000e+00,        +0.00000000000000000e+00,        +0.00000000000000000e+00,        +0.00000000000000000e+00,        +0.00000000000000000e+00,        +0.00000000000000000e+00,        +0.00000000000000000e+00,        +0.00000000000000000e+00,        +0.00000000000000000e+00,        +0.00000000000000000e+00,        +0.00000000000000000e+00,        +0.00000000000000000e+00,        +0.00000000000000000e+00,        +0.00000000000000000e+00,        +0.00000000000000000e+00,        +0.00000000000000000e+00,        +0.00000000000000000e+00,        +0.00000000000000000e+00,        +0.00000000000000000e+00,        +0.00000000000000000e+00,        +0.00000000000000000e+00,        +0.00000000000000000e+00,        +0.00000000000000000e+00,        +0.00000000000000000e+00,        +0.00000000000000000e+00,        +0.00000000000000000e+00,        +0.00000000000000000e+00,        +0.00000000000000000e+00,        +0.00000000000000000e+00,        +0.00000000000000000e+00,        +0.00000000000000000e+00,        +0.00000000000000000e+00,        +0.00000000000000000e+00,        +0.00000000000000000e+00,        +0.00000000000000000e+00,        +0.00000000000000000e+00,        +0.00000000000000000e+00,        +0.00000000000000000e+00,        +0.00000000000000000e+00,        +0.00000000000000000e+00,        +0.00000000000000000e+00,        +0.00000000000000000e+00,        +0.00000000000000000e+00,        +0.00000000000000000e+00,        +0.00000000000000000e+00,        +0.00000000000000000e+00,        +0.00000000000000000e+00
        +0.00000000000000000e+00,        +0.00000000000000000e+00,        +0.00000000000000000e+00,        +0.00000000000000000e+00,        +0.00000000000000000e+00,        +0.00000000000000000e+00,        +0.00000000000000000e+00,        +0.00000000000000000e+00,        +0.00000000000000000e+00,        +0.00000000000000000e+00,        +0.00000000000000000e+00,        +0.00000000000000000e+00,        +0.00000000000000000e+00,        +0.00000000000000000e+00,        +0.00000000000000000e+00,        +0.00000000000000000e+00,        +0.00000000000000000e+00,        +0.00000000000000000e+00,        +0.00000000000000000e+00,        +0.00000000000000000e+00,        +0.00000000000000000e+00,        +0.00000000000000000e+00,        +0.00000000000000000e+00,        +0.00000000000000000e+00,        +0.00000000000000000e+00,        +0.00000000000000000e+00,        +0.00000000000000000e+00,        +0.00000000000000000e+00,        +0.00000000000000000e+00,        +0.00000000000000000e+00,        +0.00000000000000000e+00,        +0.00000000000000000e+00,        +0.00000000000000000e+00,        +0.00000000000000000e+00,        +0.00000000000000000e+00,        +0.00000000000000000e+00,        +0.00000000000000000e+00,        +0.00000000000000000e+00,        +0.00000000000000000e+00,        +0.00000000000000000e+00,        +0.00000000000000000e+00,        +0.00000000000000000e+00,        +0.00000000000000000e+00,        +0.00000000000000000e+00,        +0.00000000000000000e+00,        +0.00000000000000000e+00,        +0.00000000000000000e+00,        +0.00000000000000000e+00,        +0.00000000000000000e+00,        +0.00000000000000000e+00,        +0.00000000000000000e+00,        +0.00000000000000000e+00,        +0.00000000000000000e+00,        +0.00000000000000000e+00,        +0.00000000000000000e+00,        +0.00000000000000000e+00,        +0.00000000000000000e+00,        +0.00000000000000000e+00,        +0.00000000000000000e+00,        +0.00000000000000000e+00,        +0.00000000000000000e+00,        +0.00000000000000000e+00,        +0.00000000000000000e+00,        +0.00000000000000000e+00,        +0.00000000000000000e+00,        +0.00000000000000000e+00,        +0.00000000000000000e+00,        +0.00000000000000000e+00,        +0.00000000000000000e+00,        +0.00000000000000000e+00,        +0.00000000000000000e+00,        +0.00000000000000000e+00,        +0.00000000000000000e+00,        +0.00000000000000000e+00,        +0.00000000000000000e+00,        +0.00000000000000000e+00,        +0.00000000000000000e+00,        +0.00000000000000000e+00,        +0.00000000000000000e+00,        +0.00000000000000000e+00,        +0.00000000000000000e+00,        +0.00000000000000000e+00,        +0.00000000000000000e+00,        +0.00000000000000000e+00,        +0.00000000000000000e+00,        +0.00000000000000000e+00,        +0.00000000000000000e+00,        +0.00000000000000000e+00,        +0.00000000000000000e+00,        +0.00000000000000000e+00,        +0.00000000000000000e+00,        +0.00000000000000000e+00,        +0.00000000000000000e+00,        +0.00000000000000000e+00,        +0.00000000000000000e+00,        +0.00000000000000000e+00,        +0.00000000000000000e+00,        +0.00000000000000000e+00,        +0.00000000000000000e+00,        +0.00000000000000000e+00,        +0.00000000000000000e+00,        +0.00000000000000000e+00,        +0.00000000000000000e+00,        +0.00000000000000000e+00,        +0.00000000000000000e+00,        +0.00000000000000000e+00,        +0.00000000000000000e+00,        +0.00000000000000000e+00
        +0.00000000000000000e+00,        +0.00000000000000000e+00,        +0.00000000000000000e+00,        +0.00000000000000000e+00,        +0.00000000000000000e+00,        +0.00000000000000000e+00,        +0.00000000000000000e+00,        +0.00000000000000000e+00,        +0.00000000000000000e+00,        +0.00000000000000000e+00,        +0.00000000000000000e+00,        +0.00000000000000000e+00,        +0.00000000000000000e+00,        +0.00000000000000000e+00,        +0.00000000000000000e+00,        +0.00000000000000000e+00,        +0.00000000000000000e+00,        +0.00000000000000000e+00,        +0.00000000000000000e+00,        +0.00000000000000000e+00,        +0.00000000000000000e+00,        +0.00000000000000000e+00,        +0.00000000000000000e+00,        +0.00000000000000000e+00,        +0.00000000000000000e+00,        +0.00000000000000000e+00,        +0.00000000000000000e+00,        +0.00000000000000000e+00,        +0.00000000000000000e+00,        +0.00000000000000000e+00,        +0.00000000000000000e+00,        +0.00000000000000000e+00,        +0.00000000000000000e+00,        +0.00000000000000000e+00,        +0.00000000000000000e+00,        +0.00000000000000000e+00,        +0.00000000000000000e+00,        +0.00000000000000000e+00,        +0.00000000000000000e+00,        +0.00000000000000000e+00,        +0.00000000000000000e+00,        +0.00000000000000000e+00,        +0.00000000000000000e+00,        +0.00000000000000000e+00,        +0.00000000000000000e+00,        +0.00000000000000000e+00,        +0.00000000000000000e+00,        +0.00000000000000000e+00,        +0.00000000000000000e+00,        +0.00000000000000000e+00,        +0.00000000000000000e+00,        +0.00000000000000000e+00,        +0.00000000000000000e+00,        +0.00000000000000000e+00,        +0.00000000000000000e+00,        +0.00000000000000000e+00,        +0.00000000000000000e+00,        +0.00000000000000000e+00,        +0.00000000000000000e+00,        +0.00000000000000000e+00,        +0.00000000000000000e+00,        +0.00000000000000000e+00,        +0.00000000000000000e+00,        +0.00000000000000000e+00,        +0.00000000000000000e+00,        +0.00000000000000000e+00,        +0.00000000000000000e+00,        +0.00000000000000000e+00,        +0.00000000000000000e+00,        +0.00000000000000000e+00,        +0.00000000000000000e+00,        +0.00000000000000000e+00,        +0.00000000000000000e+00,        +0.00000000000000000e+00,        +0.00000000000000000e+00,        +0.00000000000000000e+00,        +0.00000000000000000e+00,        +0.00000000000000000e+00,        +0.00000000000000000e+00,        +0.00000000000000000e+00,        +0.00000000000000000e+00,        +0.00000000000000000e+00,        +0.00000000000000000e+00,        +0.00000000000000000e+00,        +0.00000000000000000e+00,        +0.00000000000000000e+00,        +0.00000000000000000e+00,        +0.00000000000000000e+00,        +0.00000000000000000e+00,        +0.00000000000000000e+00,        +0.00000000000000000e+00,        +0.00000000000000000e+00,        +0.00000000000000000e+00,        +0.00000000000000000e+00,        +0.00000000000000000e+00,        +0.00000000000000000e+00,        +0.00000000000000000e+00,        +0.00000000000000000e+00,        +0.00000000000000000e+00,        +0.00000000000000000e+00,        +0.00000000000000000e+00,        +0.00000000000000000e+00,        +0.00000000000000000e+00,        +0.00000000000000000e+00,        +0.00000000000000000e+00,        +0.00000000000000000e+00,        +0.00000000000000000e+00,        +0.00000000000000000e+00
        +0.00000000000000000e+00,        +0.00000000000000000e+00,        +0.00000000000000000e+00,        +0.00000000000000000e+00,        +0.00000000000000000e+00,        +0.00000000000000000e+00,        +0.00000000000000000e+00,        +0.00000000000000000e+00,        +0.00000000000000000e+00,        +0.00000000000000000e+00,        +0.00000000000000000e+00,        +0.00000000000000000e+00,        +0.00000000000000000e+00,        +0.00000000000000000e+00,        +0.00000000000000000e+00,        +0.00000000000000000e+00,        +0.00000000000000000e+00,        +0.00000000000000000e+00,        +0.00000000000000000e+00,        +0.00000000000000000e+00,        +0.00000000000000000e+00,        +0.00000000000000000e+00,        +0.00000000000000000e+00,        +0.00000000000000000e+00,        +0.00000000000000000e+00,        +0.00000000000000000e+00,        +0.00000000000000000e+00,        +0.00000000000000000e+00,        +0.00000000000000000e+00,        +0.00000000000000000e+00,        +0.00000000000000000e+00,        +0.00000000000000000e+00,        +0.00000000000000000e+00,        +0.00000000000000000e+00,        +0.00000000000000000e+00,        +0.00000000000000000e+00,        +0.00000000000000000e+00,        +0.00000000000000000e+00,        +0.00000000000000000e+00,        +0.00000000000000000e+00,        +0.00000000000000000e+00,        +0.00000000000000000e+00,        +0.00000000000000000e+00,        +0.00000000000000000e+00,        +0.00000000000000000e+00,        +0.00000000000000000e+00,        +0.00000000000000000e+00,        +0.00000000000000000e+00,        +0.00000000000000000e+00,        +0.00000000000000000e+00,        +0.00000000000000000e+00,        +0.00000000000000000e+00,        +0.00000000000000000e+00,        +0.00000000000000000e+00,        +0.00000000000000000e+00,        +0.00000000000000000e+00,        +0.00000000000000000e+00,        +0.00000000000000000e+00,        +0.00000000000000000e+00,        +0.00000000000000000e+00,        +0.00000000000000000e+00,        +0.00000000000000000e+00,        +0.00000000000000000e+00,        +0.00000000000000000e+00,        +0.00000000000000000e+00,        +0.00000000000000000e+00,        +0.00000000000000000e+00,        +0.00000000000000000e+00,        +0.00000000000000000e+00,        +0.00000000000000000e+00,        +0.00000000000000000e+00,        +0.00000000000000000e+00,        +0.00000000000000000e+00,        +0.00000000000000000e+00,        +0.00000000000000000e+00,        +0.00000000000000000e+00,        +0.00000000000000000e+00,        +0.00000000000000000e+00,        +0.00000000000000000e+00,        +0.00000000000000000e+00,        +0.00000000000000000e+00,        +0.00000000000000000e+00,        +0.00000000000000000e+00,        +0.00000000000000000e+00,        +0.00000000000000000e+00,        +0.00000000000000000e+00,        +0.00000000000000000e+00,        +0.00000000000000000e+00,        +0.00000000000000000e+00,        +0.00000000000000000e+00,        +0.00000000000000000e+00,        +0.00000000000000000e+00,        +0.00000000000000000e+00,        +0.00000000000000000e+00,        +0.00000000000000000e+00,        +0.00000000000000000e+00,        +0.00000000000000000e+00,        +0.00000000000000000e+00,        +0.00000000000000000e+00,        +0.00000000000000000e+00,        +0.00000000000000000e+00,        +0.00000000000000000e+00,        +0.00000000000000000e+00,        +0.00000000000000000e+00,        +0.00000000000000000e+00,        +0.00000000000000000e+00,        +0.00000000000000000e+00,        +0.00000000000000000e+00
        +0.00000000000000000e+00,        +0.00000000000000000e+00,        +0.00000000000000000e+00,        +0.00000000000000000e+00,        +0.00000000000000000e+00,        +0.00000000000000000e+00,        +0.00000000000000000e+00,        +0.00000000000000000e+00,        +0.00000000000000000e+00,        +0.00000000000000000e+00,        +0.00000000000000000e+00,        +0.00000000000000000e+00,        +0.00000000000000000e+00,        +0.00000000000000000e+00,        +0.00000000000000000e+00,        +0.00000000000000000e+00,        +0.00000000000000000e+00,        +0.00000000000000000e+00,        +0.00000000000000000e+00,        +0.00000000000000000e+00,        +0.00000000000000000e+00,        +0.00000000000000000e+00,        +0.00000000000000000e+00,        +0.00000000000000000e+00,        +0.00000000000000000e+00,        +0.00000000000000000e+00,        +0.00000000000000000e+00,        +0.00000000000000000e+00,        +0.00000000000000000e+00,        +0.00000000000000000e+00,        +0.00000000000000000e+00,        +0.00000000000000000e+00,        +0.00000000000000000e+00,        +0.00000000000000000e+00,        +0.00000000000000000e+00,        +0.00000000000000000e+00,        +0.00000000000000000e+00,        +0.00000000000000000e+00,        +0.00000000000000000e+00,        +0.00000000000000000e+00,        +0.00000000000000000e+00,        +0.00000000000000000e+00,        +0.00000000000000000e+00,        +0.00000000000000000e+00,        +0.00000000000000000e+00,        +0.00000000000000000e+00,        +0.00000000000000000e+00,        +0.00000000000000000e+00,        +0.00000000000000000e+00,        +0.00000000000000000e+00,        +0.00000000000000000e+00,        +0.00000000000000000e+00,        +0.00000000000000000e+00,        +0.00000000000000000e+00,        +0.00000000000000000e+00,        +0.00000000000000000e+00,        +0.00000000000000000e+00,        +0.00000000000000000e+00,        +0.00000000000000000e+00,        +0.00000000000000000e+00,        +0.00000000000000000e+00,        +0.00000000000000000e+00,        +0.00000000000000000e+00,        +0.00000000000000000e+00,        +0.00000000000000000e+00,        +0.00000000000000000e+00,        +0.00000000000000000e+00,        +0.00000000000000000e+00,        +0.00000000000000000e+00,        +0.00000000000000000e+00,        +0.00000000000000000e+00,        +0.00000000000000000e+00,        +0.00000000000000000e+00,        +0.00000000000000000e+00,        +0.00000000000000000e+00,        +0.00000000000000000e+00,        +0.00000000000000000e+00,        +0.00000000000000000e+00,        +0.00000000000000000e+00,        +0.00000000000000000e+00,        +0.00000000000000000e+00,        +0.00000000000000000e+00,        +0.00000000000000000e+00,        +0.00000000000000000e+00,        +0.00000000000000000e+00,        +0.00000000000000000e+00,        +0.00000000000000000e+00,        +0.00000000000000000e+00,        +0.00000000000000000e+00,        +0.00000000000000000e+00,        +0.00000000000000000e+00,        +0.00000000000000000e+00,        +0.00000000000000000e+00,        +0.00000000000000000e+00,        +0.00000000000000000e+00,        +0.00000000000000000e+00,        +0.00000000000000000e+00,        +0.00000000000000000e+00,        +0.00000000000000000e+00,        +0.00000000000000000e+00,        +0.00000000000000000e+00,        +0.00000000000000000e+00,        +0.00000000000000000e+00,        +0.00000000000000000e+00,        +0.00000000000000000e+00,        +0.00000000000000000e+00,        +0.00000000000000000e+00,        +0.00000000000000000e+00
        +0.00000000000000000e+00,        +0.00000000000000000e+00,        +0.00000000000000000e+00,        +0.00000000000000000e+00,        +0.00000000000000000e+00,        +0.00000000000000000e+00,        +0.00000000000000000e+00,        +0.00000000000000000e+00,        +0.00000000000000000e+00,        +0.00000000000000000e+00,        +0.00000000000000000e+00,        +0.00000000000000000e+00,        +0.00000000000000000e+00,        +0.00000000000000000e+00,        +0.00000000000000000e+00,        +0.00000000000000000e+00,        +0.00000000000000000e+00,        +0.00000000000000000e+00,        +0.00000000000000000e+00,        +0.00000000000000000e+00,        +0.00000000000000000e+00,        +0.00000000000000000e+00,        +0.00000000000000000e+00,        +0.00000000000000000e+00,        +0.00000000000000000e+00,        +0.00000000000000000e+00,        +0.00000000000000000e+00,        +0.00000000000000000e+00,        +0.00000000000000000e+00,        +0.00000000000000000e+00,        +0.00000000000000000e+00,        +0.00000000000000000e+00,        +0.00000000000000000e+00,        +0.00000000000000000e+00,        +0.00000000000000000e+00,        +0.00000000000000000e+00,        +0.00000000000000000e+00,        +0.00000000000000000e+00,        +0.00000000000000000e+00,        +0.00000000000000000e+00,        +0.00000000000000000e+00,        +0.00000000000000000e+00,        +0.00000000000000000e+00,        +0.00000000000000000e+00,        +0.00000000000000000e+00,        +0.00000000000000000e+00,        +0.00000000000000000e+00,        +0.00000000000000000e+00,        +0.00000000000000000e+00,        +0.00000000000000000e+00,        +0.00000000000000000e+00,        +0.00000000000000000e+00,        +0.00000000000000000e+00,        +0.00000000000000000e+00,        +0.00000000000000000e+00,        +0.00000000000000000e+00,        +0.00000000000000000e+00,        +0.00000000000000000e+00,        +0.00000000000000000e+00,        +0.00000000000000000e+00,        +0.00000000000000000e+00,        +0.00000000000000000e+00,        +0.00000000000000000e+00,        +0.00000000000000000e+00,        +0.00000000000000000e+00,        +0.00000000000000000e+00,        +0.00000000000000000e+00,        +0.00000000000000000e+00,        +0.00000000000000000e+00,        +0.00000000000000000e+00,        +0.00000000000000000e+00,        +0.00000000000000000e+00,        +0.00000000000000000e+00,        +0.00000000000000000e+00,        +0.00000000000000000e+00,        +0.00000000000000000e+00,        +0.00000000000000000e+00,        +0.00000000000000000e+00,        +0.00000000000000000e+00,        +0.00000000000000000e+00,        +0.00000000000000000e+00,        +0.00000000000000000e+00,        +0.00000000000000000e+00,        +0.00000000000000000e+00,        +0.00000000000000000e+00,        +0.00000000000000000e+00,        +0.00000000000000000e+00,        +0.00000000000000000e+00,        +0.00000000000000000e+00,        +0.00000000000000000e+00,        +0.00000000000000000e+00,        +0.00000000000000000e+00,        +0.00000000000000000e+00,        +0.00000000000000000e+00,        +0.00000000000000000e+00,        +0.00000000000000000e+00,        +0.00000000000000000e+00,        +0.00000000000000000e+00,        +0.00000000000000000e+00,        +0.00000000000000000e+00,        +0.00000000000000000e+00,        +0.00000000000000000e+00,        +0.00000000000000000e+00,        +0.00000000000000000e+00,        +0.00000000000000000e+00,        +0.00000000000000000e+00,        +0.00000000000000000e+00,        +0.00000000000000000e+00
        +0.00000000000000000e+00,        +0.00000000000000000e+00,        +0.00000000000000000e+00,        +0.00000000000000000e+00,        +0.00000000000000000e+00,        +0.00000000000000000e+00,        +0.00000000000000000e+00,        +0.00000000000000000e+00,        +0.00000000000000000e+00,        +0.00000000000000000e+00,        +0.00000000000000000e+00,        +0.00000000000000000e+00,        +0.00000000000000000e+00,        +0.00000000000000000e+00,        +0.00000000000000000e+00,        +0.00000000000000000e+00,        +0.00000000000000000e+00,        +0.00000000000000000e+00,        +0.00000000000000000e+00,        +0.00000000000000000e+00,        +0.00000000000000000e+00,        +0.00000000000000000e+00,        +0.00000000000000000e+00,        +0.00000000000000000e+00,        +0.00000000000000000e+00,        +0.00000000000000000e+00,        +0.00000000000000000e+00,        +0.00000000000000000e+00,        +0.00000000000000000e+00,        +0.00000000000000000e+00,        +0.00000000000000000e+00,        +0.00000000000000000e+00,        +0.00000000000000000e+00,        +0.00000000000000000e+00,        +0.00000000000000000e+00,        +0.00000000000000000e+00,        +0.00000000000000000e+00,        +0.00000000000000000e+00,        +0.00000000000000000e+00,        +0.00000000000000000e+00,        +0.00000000000000000e+00,        +0.00000000000000000e+00,        +0.00000000000000000e+00,        +0.00000000000000000e+00,        +0.00000000000000000e+00,        +0.00000000000000000e+00,        +0.00000000000000000e+00,        +0.00000000000000000e+00,        +0.00000000000000000e+00,        +0.00000000000000000e+00,        +0.00000000000000000e+00,        +0.00000000000000000e+00,        +0.00000000000000000e+00,        +0.00000000000000000e+00,        +0.00000000000000000e+00,        +0.00000000000000000e+00,        +0.00000000000000000e+00,        +0.00000000000000000e+00,        +0.00000000000000000e+00,        +0.00000000000000000e+00,        +0.00000000000000000e+00,        +0.00000000000000000e+00,        +0.00000000000000000e+00,        +0.00000000000000000e+00,        +0.00000000000000000e+00,        +0.00000000000000000e+00,        +0.00000000000000000e+00,        +0.00000000000000000e+00,        +0.00000000000000000e+00,        +0.00000000000000000e+00,        +0.00000000000000000e+00,        +0.00000000000000000e+00,        +0.00000000000000000e+00,        +0.00000000000000000e+00,        +0.00000000000000000e+00,        +0.00000000000000000e+00,        +0.00000000000000000e+00,        +0.00000000000000000e+00,        +0.00000000000000000e+00,        +0.00000000000000000e+00,        +0.00000000000000000e+00,        +0.00000000000000000e+00,        +0.00000000000000000e+00,        +0.00000000000000000e+00,        +0.00000000000000000e+00,        +0.00000000000000000e+00,        +0.00000000000000000e+00,        +0.00000000000000000e+00,        +0.00000000000000000e+00,        +0.00000000000000000e+00,        +0.00000000000000000e+00,        +0.00000000000000000e+00,        +0.00000000000000000e+00,        +0.00000000000000000e+00,        +0.00000000000000000e+00,        +0.00000000000000000e+00,        +0.00000000000000000e+00,        +0.00000000000000000e+00,        +0.00000000000000000e+00,        +0.00000000000000000e+00,        +0.00000000000000000e+00,        +0.00000000000000000e+00,        +0.00000000000000000e+00,        +0.00000000000000000e+00,        +0.00000000000000000e+00,        +0.00000000000000000e+00,        +0.00000000000000000e+00,        +0.00000000000000000e+00
        +0.00000000000000000e+00,        +0.00000000000000000e+00,        +0.00000000000000000e+00,        +0.00000000000000000e+00,        +0.00000000000000000e+00,        +0.00000000000000000e+00,        +0.00000000000000000e+00,        +0.00000000000000000e+00,        +0.00000000000000000e+00,        +0.00000000000000000e+00,        +0.00000000000000000e+00,        +0.00000000000000000e+00,        +0.00000000000000000e+00,        +0.00000000000000000e+00,        +0.00000000000000000e+00,        +0.00000000000000000e+00,        +0.00000000000000000e+00,        +0.00000000000000000e+00,        +0.00000000000000000e+00,        +0.00000000000000000e+00,        +0.00000000000000000e+00,        +0.00000000000000000e+00,        +0.00000000000000000e+00,        +0.00000000000000000e+00,        +0.00000000000000000e+00,        +0.00000000000000000e+00,        +0.00000000000000000e+00,        +0.00000000000000000e+00,        +0.00000000000000000e+00,        +0.00000000000000000e+00,        +0.00000000000000000e+00,        +0.00000000000000000e+00,        +0.00000000000000000e+00,        +0.00000000000000000e+00,        +0.00000000000000000e+00,        +0.00000000000000000e+00,        +0.00000000000000000e+00,        +0.00000000000000000e+00,        +0.00000000000000000e+00,        +0.00000000000000000e+00,        +0.00000000000000000e+00,        +0.00000000000000000e+00,        +0.00000000000000000e+00,        +0.00000000000000000e+00,        +0.00000000000000000e+00,        +0.00000000000000000e+00,        +0.00000000000000000e+00,        +0.00000000000000000e+00,        +0.00000000000000000e+00,        +0.00000000000000000e+00,        +0.00000000000000000e+00,        +0.00000000000000000e+00,        +0.00000000000000000e+00,        +0.00000000000000000e+00,        +0.00000000000000000e+00,        +0.00000000000000000e+00,        +0.00000000000000000e+00,        +0.00000000000000000e+00,        +0.00000000000000000e+00,        +0.00000000000000000e+00,        +0.00000000000000000e+00,        +0.00000000000000000e+00,        +0.00000000000000000e+00,        +0.00000000000000000e+00,        +0.00000000000000000e+00,        +0.00000000000000000e+00,        +0.00000000000000000e+00,        +0.00000000000000000e+00,        +0.00000000000000000e+00,        +0.00000000000000000e+00,        +0.00000000000000000e+00,        +0.00000000000000000e+00,        +0.00000000000000000e+00,        +0.00000000000000000e+00,        +0.00000000000000000e+00,        +0.00000000000000000e+00,        +0.00000000000000000e+00,        +0.00000000000000000e+00,        +0.00000000000000000e+00,        +0.00000000000000000e+00,        +0.00000000000000000e+00,        +0.00000000000000000e+00,        +0.00000000000000000e+00,        +0.00000000000000000e+00,        +0.00000000000000000e+00,        +0.00000000000000000e+00,        +0.00000000000000000e+00,        +0.00000000000000000e+00,        +0.00000000000000000e+00,        +0.00000000000000000e+00,        +0.00000000000000000e+00,        +0.00000000000000000e+00,        +0.00000000000000000e+00,        +0.00000000000000000e+00,        +0.00000000000000000e+00,        +0.00000000000000000e+00,        +0.00000000000000000e+00,        +0.00000000000000000e+00,        +0.00000000000000000e+00,        +0.00000000000000000e+00,        +0.00000000000000000e+00,        +0.00000000000000000e+00,        +0.00000000000000000e+00,        +0.00000000000000000e+00,        +0.00000000000000000e+00,        +0.00000000000000000e+00,        +0.00000000000000000e+00,        +0.00000000000000000e+00
        +0.00000000000000000e+00,        +0.00000000000000000e+00,        +0.00000000000000000e+00,        +0.00000000000000000e+00,        +0.00000000000000000e+00,        +0.00000000000000000e+00,        +0.00000000000000000e+00,        +0.00000000000000000e+00,        +0.00000000000000000e+00,        +0.00000000000000000e+00,        +0.00000000000000000e+00,        +0.00000000000000000e+00,        +0.00000000000000000e+00,        +0.00000000000000000e+00,        +0.00000000000000000e+00,        +0.00000000000000000e+00,        +0.00000000000000000e+00,        +0.00000000000000000e+00,        +0.00000000000000000e+00,        +0.00000000000000000e+00,        +0.00000000000000000e+00,        +0.00000000000000000e+00,        +0.00000000000000000e+00,        +0.00000000000000000e+00,        +0.00000000000000000e+00,        +0.00000000000000000e+00,        +0.00000000000000000e+00,        +0.00000000000000000e+00,        +0.00000000000000000e+00,        +0.00000000000000000e+00,        +0.00000000000000000e+00,        +0.00000000000000000e+00,        +0.00000000000000000e+00,        +0.00000000000000000e+00,        +0.00000000000000000e+00,        +0.00000000000000000e+00,        +0.00000000000000000e+00,        +0.00000000000000000e+00,        +0.00000000000000000e+00,        +0.00000000000000000e+00,        +0.00000000000000000e+00,        +0.00000000000000000e+00,        +0.00000000000000000e+00,        +0.00000000000000000e+00,        +0.00000000000000000e+00,        +0.00000000000000000e+00,        +0.00000000000000000e+00,        +0.00000000000000000e+00,        +0.00000000000000000e+00,        +0.00000000000000000e+00,        +0.00000000000000000e+00,        +0.00000000000000000e+00,        +0.00000000000000000e+00,        +0.00000000000000000e+00,        +0.00000000000000000e+00,        +0.00000000000000000e+00,        +0.00000000000000000e+00,        +0.00000000000000000e+00,        +0.00000000000000000e+00,        +0.00000000000000000e+00,        +0.00000000000000000e+00,        +0.00000000000000000e+00,        +0.00000000000000000e+00,        +0.00000000000000000e+00,        +0.00000000000000000e+00,        +0.00000000000000000e+00,        +0.00000000000000000e+00,        +0.00000000000000000e+00,        +0.00000000000000000e+00,        +0.00000000000000000e+00,        +0.00000000000000000e+00,        +0.00000000000000000e+00,        +0.00000000000000000e+00,        +0.00000000000000000e+00,        +0.00000000000000000e+00,        +0.00000000000000000e+00,        +0.00000000000000000e+00,        +0.00000000000000000e+00,        +0.00000000000000000e+00,        +0.00000000000000000e+00,        +0.00000000000000000e+00,        +0.00000000000000000e+00,        +0.00000000000000000e+00,        +0.00000000000000000e+00,        +0.00000000000000000e+00,        +0.00000000000000000e+00,        +0.00000000000000000e+00,        +0.00000000000000000e+00,        +0.00000000000000000e+00,        +0.00000000000000000e+00,        +0.00000000000000000e+00,        +0.00000000000000000e+00,        +0.00000000000000000e+00,        +0.00000000000000000e+00,        +0.00000000000000000e+00,        +0.00000000000000000e+00,        +0.00000000000000000e+00,        +0.00000000000000000e+00,        +0.00000000000000000e+00,        +0.00000000000000000e+00,        +0.00000000000000000e+00,        +0.00000000000000000e+00,        +0.00000000000000000e+00,        +0.00000000000000000e+00,        +0.00000000000000000e+00,        +0.00000000000000000e+00,        +0.00000000000000000e+00,        +0.00000000000000000e+00
        +0.00000000000000000e+00,        +0.00000000000000000e+00,        +0.00000000000000000e+00,        +0.00000000000000000e+00,        +0.00000000000000000e+00,        +0.00000000000000000e+00,        +0.00000000000000000e+00,        +0.00000000000000000e+00,        +0.00000000000000000e+00,        +0.00000000000000000e+00,        +0.00000000000000000e+00,        +0.00000000000000000e+00,        +0.00000000000000000e+00,        +0.00000000000000000e+00,        +0.00000000000000000e+00,        +0.00000000000000000e+00,        +0.00000000000000000e+00,        +0.00000000000000000e+00,        +0.00000000000000000e+00,        +0.00000000000000000e+00,        +0.00000000000000000e+00,        +0.00000000000000000e+00,        +0.00000000000000000e+00,        +0.00000000000000000e+00,        +0.00000000000000000e+00,        +0.00000000000000000e+00,        +0.00000000000000000e+00,        +0.00000000000000000e+00,        +0.00000000000000000e+00,        +0.00000000000000000e+00,        +0.00000000000000000e+00,        +0.00000000000000000e+00,        +0.00000000000000000e+00,        +0.00000000000000000e+00,        +0.00000000000000000e+00,        +0.00000000000000000e+00,        +0.00000000000000000e+00,        +0.00000000000000000e+00,        +0.00000000000000000e+00,        +0.00000000000000000e+00,        +0.00000000000000000e+00,        +0.00000000000000000e+00,        +0.00000000000000000e+00,        +0.00000000000000000e+00,        +0.00000000000000000e+00,        +0.00000000000000000e+00,        +0.00000000000000000e+00,        +0.00000000000000000e+00,        +0.00000000000000000e+00,        +0.00000000000000000e+00,        +0.00000000000000000e+00,        +0.00000000000000000e+00,        +0.00000000000000000e+00,        +0.00000000000000000e+00,        +0.00000000000000000e+00,        +0.00000000000000000e+00,        +0.00000000000000000e+00,        +0.00000000000000000e+00,        +0.00000000000000000e+00,        +0.00000000000000000e+00,        +0.00000000000000000e+00,        +0.00000000000000000e+00,        +0.00000000000000000e+00,        +0.00000000000000000e+00,        +0.00000000000000000e+00,        +0.00000000000000000e+00,        +0.00000000000000000e+00,        +0.00000000000000000e+00,        +0.00000000000000000e+00,        +0.00000000000000000e+00,        +0.00000000000000000e+00,        +0.00000000000000000e+00,        +0.00000000000000000e+00,        +0.00000000000000000e+00,        +0.00000000000000000e+00,        +0.00000000000000000e+00,        +0.00000000000000000e+00,        +0.00000000000000000e+00,        +0.00000000000000000e+00,        +0.00000000000000000e+00,        +0.00000000000000000e+00,        +0.00000000000000000e+00,        +0.00000000000000000e+00,        +0.00000000000000000e+00,        +0.00000000000000000e+00,        +0.00000000000000000e+00,        +0.00000000000000000e+00,        +0.00000000000000000e+00,        +0.00000000000000000e+00,        +0.00000000000000000e+00,        +0.00000000000000000e+00,        +0.00000000000000000e+00,        +0.00000000000000000e+00,        +0.00000000000000000e+00,        +0.00000000000000000e+00,        +0.00000000000000000e+00,        +0.00000000000000000e+00,        +0.00000000000000000e+00,        +0.00000000000000000e+00,        +0.00000000000000000e+00,        +0.00000000000000000e+00,        +0.00000000000000000e+00,        +0.00000000000000000e+00,        +0.00000000000000000e+00,        +0.00000000000000000e+00,        +0.00000000000000000e+00,        +0.00000000000000000e+00,        +0.00000000000000000e+00
        +0.00000000000000000e+00,        +0.00000000000000000e+00,        +0.00000000000000000e+00,        +0.00000000000000000e+00,        +0.00000000000000000e+00,        +0.00000000000000000e+00,        +0.00000000000000000e+00,        +0.00000000000000000e+00,        +0.00000000000000000e+00,        +0.00000000000000000e+00,        +0.00000000000000000e+00,        +0.00000000000000000e+00,        +0.00000000000000000e+00,        +0.00000000000000000e+00,        +0.00000000000000000e+00,        +0.00000000000000000e+00,        +0.00000000000000000e+00,        +0.00000000000000000e+00,        +0.00000000000000000e+00,        +0.00000000000000000e+00,        +0.00000000000000000e+00,        +0.00000000000000000e+00,        +0.00000000000000000e+00,        +0.00000000000000000e+00,        +0.00000000000000000e+00,        +0.00000000000000000e+00,        +0.00000000000000000e+00,        +0.00000000000000000e+00,        +0.00000000000000000e+00,        +0.00000000000000000e+00,        +0.00000000000000000e+00,        +0.00000000000000000e+00,        +0.00000000000000000e+00,        +0.00000000000000000e+00,        +0.00000000000000000e+00,        +0.00000000000000000e+00,        +0.00000000000000000e+00,        +0.00000000000000000e+00,        +0.00000000000000000e+00,        +0.00000000000000000e+00,        +0.00000000000000000e+00,        +0.00000000000000000e+00,        +0.00000000000000000e+00,        +0.00000000000000000e+00,        +0.00000000000000000e+00,        +0.00000000000000000e+00,        +0.00000000000000000e+00,        +0.00000000000000000e+00,        +0.00000000000000000e+00,        +0.00000000000000000e+00,        +0.00000000000000000e+00,        +0.00000000000000000e+00,        +0.00000000000000000e+00,        +0.00000000000000000e+00,        +0.00000000000000000e+00,        +0.00000000000000000e+00,        +0.00000000000000000e+00,        +0.00000000000000000e+00,        +0.00000000000000000e+00,        +0.00000000000000000e+00,        +0.00000000000000000e+00,        +0.00000000000000000e+00,        +0.00000000000000000e+00,        +0.00000000000000000e+00,        +0.00000000000000000e+00,        +0.00000000000000000e+00,        +0.00000000000000000e+00,        +0.00000000000000000e+00,        +0.00000000000000000e+00,        +0.00000000000000000e+00,        +0.00000000000000000e+00,        +0.00000000000000000e+00,        +0.00000000000000000e+00,        +0.00000000000000000e+00,        +0.00000000000000000e+00,        +0.00000000000000000e+00,        +0.00000000000000000e+00,        +0.00000000000000000e+00,        +0.00000000000000000e+00,        +0.00000000000000000e+00,        +0.00000000000000000e+00,        +0.00000000000000000e+00,        +0.00000000000000000e+00,        +0.00000000000000000e+00,        +0.00000000000000000e+00,        +0.00000000000000000e+00,        +0.00000000000000000e+00,        +0.00000000000000000e+00,        +0.00000000000000000e+00,        +0.00000000000000000e+00,        +0.00000000000000000e+00,        +0.00000000000000000e+00,        +0.00000000000000000e+00,        +0.00000000000000000e+00,        +0.00000000000000000e+00,        +0.00000000000000000e+00,        +0.00000000000000000e+00,        +0.00000000000000000e+00,        +0.00000000000000000e+00,        +0.00000000000000000e+00,        +0.00000000000000000e+00,        +0.00000000000000000e+00,        +0.00000000000000000e+00,        +0.00000000000000000e+00,        +0.00000000000000000e+00,        +0.00000000000000000e+00,        +0.00000000000000000e+00,        +0.00000000000000000e+00
        +0.00000000000000000e+00,        +0.00000000000000000e+00,        +0.00000000000000000e+00,        +0.00000000000000000e+00,        +0.00000000000000000e+00,        +0.00000000000000000e+00,        +0.00000000000000000e+00,        +0.00000000000000000e+00,        +0.00000000000000000e+00,        +0.00000000000000000e+00,        +0.00000000000000000e+00,        +0.00000000000000000e+00,        +0.00000000000000000e+00,        +0.00000000000000000e+00,        +0.00000000000000000e+00,        +0.00000000000000000e+00,        +0.00000000000000000e+00,        +0.00000000000000000e+00,        +0.00000000000000000e+00,        +0.00000000000000000e+00,        +0.00000000000000000e+00,        +0.00000000000000000e+00,        +0.00000000000000000e+00,        +0.00000000000000000e+00,        +0.00000000000000000e+00,        +0.00000000000000000e+00,        +0.00000000000000000e+00,        +0.00000000000000000e+00,        +0.00000000000000000e+00,        +0.00000000000000000e+00,        +0.00000000000000000e+00,        +0.00000000000000000e+00,        +0.00000000000000000e+00,        +0.00000000000000000e+00,        +0.00000000000000000e+00,        +0.00000000000000000e+00,        +0.00000000000000000e+00,        +0.00000000000000000e+00,        +0.00000000000000000e+00,        +0.00000000000000000e+00,        +0.00000000000000000e+00,        +0.00000000000000000e+00,        +0.00000000000000000e+00,        +0.00000000000000000e+00,        +0.00000000000000000e+00,        +0.00000000000000000e+00,        +0.00000000000000000e+00,        +0.00000000000000000e+00,        +0.00000000000000000e+00,        +0.00000000000000000e+00,        +0.00000000000000000e+00,        +0.00000000000000000e+00,        +0.00000000000000000e+00,        +0.00000000000000000e+00,        +0.00000000000000000e+00,        +0.00000000000000000e+00,        +0.00000000000000000e+00,        +0.00000000000000000e+00,        +0.00000000000000000e+00,        +0.00000000000000000e+00,        +0.00000000000000000e+00,        +0.00000000000000000e+00,        +0.00000000000000000e+00,        +0.00000000000000000e+00,        +0.00000000000000000e+00,        +0.00000000000000000e+00,        +0.00000000000000000e+00,        +0.00000000000000000e+00,        +0.00000000000000000e+00,        +0.00000000000000000e+00,        +0.00000000000000000e+00,        +0.00000000000000000e+00,        +0.00000000000000000e+00,        +0.00000000000000000e+00,        +0.00000000000000000e+00,        +0.00000000000000000e+00,        +0.00000000000000000e+00,        +0.00000000000000000e+00,        +0.00000000000000000e+00,        +0.00000000000000000e+00,        +0.00000000000000000e+00,        +0.00000000000000000e+00,        +0.00000000000000000e+00,        +0.00000000000000000e+00,        +0.00000000000000000e+00,        +0.00000000000000000e+00,        +0.00000000000000000e+00,        +0.00000000000000000e+00,        +0.00000000000000000e+00,        +0.00000000000000000e+00,        +0.00000000000000000e+00,        +0.00000000000000000e+00,        +0.00000000000000000e+00,        +0.00000000000000000e+00,        +0.00000000000000000e+00,        +0.00000000000000000e+00,        +0.00000000000000000e+00,        +0.00000000000000000e+00,        +0.00000000000000000e+00,        +0.00000000000000000e+00,        +0.00000000000000000e+00,        +0.00000000000000000e+00,        +0.00000000000000000e+00,        +0.00000000000000000e+00,        +0.00000000000000000e+00,        +0.00000000000000000e+00,        +0.00000000000000000e+00,        +0.00000000000000000e+00
        +0.00000000000000000e+00,        +0.00000000000000000e+00,        +0.00000000000000000e+00,        +0.00000000000000000e+00,        +0.00000000000000000e+00,        +0.00000000000000000e+00,        +0.00000000000000000e+00,        +0.00000000000000000e+00,        +0.00000000000000000e+00,        +0.00000000000000000e+00,        +0.00000000000000000e+00,        +0.00000000000000000e+00,        +0.00000000000000000e+00,        +0.00000000000000000e+00,        +0.00000000000000000e+00,        +0.00000000000000000e+00,        +0.00000000000000000e+00,        +0.00000000000000000e+00,        +0.00000000000000000e+00,        +0.00000000000000000e+00,        +0.00000000000000000e+00,        +0.00000000000000000e+00,        +0.00000000000000000e+00,        +0.00000000000000000e+00,        +0.00000000000000000e+00,        +0.00000000000000000e+00,        +0.00000000000000000e+00,        +0.00000000000000000e+00,        +0.00000000000000000e+00,        +0.00000000000000000e+00,        +0.00000000000000000e+00,        +0.00000000000000000e+00,        +0.00000000000000000e+00,        +0.00000000000000000e+00,        +0.00000000000000000e+00,        +0.00000000000000000e+00,        +0.00000000000000000e+00,        +0.00000000000000000e+00,        +0.00000000000000000e+00,        +0.00000000000000000e+00,        +0.00000000000000000e+00,        +0.00000000000000000e+00,        +0.00000000000000000e+00,        +0.00000000000000000e+00,        +0.00000000000000000e+00,        +0.00000000000000000e+00,        +0.00000000000000000e+00,        +0.00000000000000000e+00,        +0.00000000000000000e+00,        +0.00000000000000000e+00,        +0.00000000000000000e+00,        +0.00000000000000000e+00,        +0.00000000000000000e+00,        +0.00000000000000000e+00,        +0.00000000000000000e+00,        +0.00000000000000000e+00,        +0.00000000000000000e+00,        +0.00000000000000000e+00,        +0.00000000000000000e+00,        +0.00000000000000000e+00,        +0.00000000000000000e+00,        +0.00000000000000000e+00,        +0.00000000000000000e+00,        +0.00000000000000000e+00,        +0.00000000000000000e+00,        +0.00000000000000000e+00,        +0.00000000000000000e+00,        +0.00000000000000000e+00,        +0.00000000000000000e+00,        +0.00000000000000000e+00,        +0.00000000000000000e+00,        +0.00000000000000000e+00,        +0.00000000000000000e+00,        +0.00000000000000000e+00,        +0.00000000000000000e+00,        +0.00000000000000000e+00,        +0.00000000000000000e+00,        +0.00000000000000000e+00,        +0.00000000000000000e+00,        +0.00000000000000000e+00,        +0.00000000000000000e+00,        +0.00000000000000000e+00,        +0.00000000000000000e+00,        +0.00000000000000000e+00,        +0.00000000000000000e+00,        +0.00000000000000000e+00,        +0.00000000000000000e+00,        +0.00000000000000000e+00,        +0.00000000000000000e+00,        +0.00000000000000000e+00,        +0.00000000000000000e+00,        +0.00000000000000000e+00,        +0.00000000000000000e+00,        +0.00000000000000000e+00,        +0.00000000000000000e+00,        +0.00000000000000000e+00,        +0.00000000000000000e+00,        +0.00000000000000000e+00,        +0.00000000000000000e+00,        +0.00000000000000000e+00,        +0.00000000000000000e+00,        +0.00000000000000000e+00,        +0.00000000000000000e+00,        +0.00000000000000000e+00,        +0.00000000000000000e+00,        +0.00000000000000000e+00,        +0.00000000000000000e+00,        +0.00000000000000000e+00
        +0.00000000000000000e+00,        +0.00000000000000000e+00,        +0.00000000000000000e+00,        +0.00000000000000000e+00,        +0.00000000000000000e+00,        +0.00000000000000000e+00,        +0.00000000000000000e+00,        +0.00000000000000000e+00,        +0.00000000000000000e+00,        +0.00000000000000000e+00,        +0.00000000000000000e+00,        +0.00000000000000000e+00,        +0.00000000000000000e+00,        +0.00000000000000000e+00,        +0.00000000000000000e+00,        +0.00000000000000000e+00,        +0.00000000000000000e+00,        +0.00000000000000000e+00,        +0.00000000000000000e+00,        +0.00000000000000000e+00,        +0.00000000000000000e+00,        +0.00000000000000000e+00,        +0.00000000000000000e+00,        +0.00000000000000000e+00,        +0.00000000000000000e+00,        +0.00000000000000000e+00,        +0.00000000000000000e+00,        +0.00000000000000000e+00,        +0.00000000000000000e+00,        +0.00000000000000000e+00,        +0.00000000000000000e+00,        +0.00000000000000000e+00,        +0.00000000000000000e+00,        +0.00000000000000000e+00,        +0.00000000000000000e+00,        +0.00000000000000000e+00,        +0.00000000000000000e+00,        +0.00000000000000000e+00,        +0.00000000000000000e+00,        +0.00000000000000000e+00,        +0.00000000000000000e+00,        +0.00000000000000000e+00,        +0.00000000000000000e+00,        +0.00000000000000000e+00,        +0.00000000000000000e+00,        +0.00000000000000000e+00,        +0.00000000000000000e+00,        +0.00000000000000000e+00,        +0.00000000000000000e+00,        +0.00000000000000000e+00,        +0.00000000000000000e+00,        +0.00000000000000000e+00,        +0.00000000000000000e+00,        +0.00000000000000000e+00,        +0.00000000000000000e+00,        +0.00000000000000000e+00,        +0.00000000000000000e+00,        +0.00000000000000000e+00,        +0.00000000000000000e+00,        +0.00000000000000000e+00,        +0.00000000000000000e+00,        +0.00000000000000000e+00,        +0.00000000000000000e+00,        +0.00000000000000000e+00,        +0.00000000000000000e+00,        +0.00000000000000000e+00,        +0.00000000000000000e+00,        +0.00000000000000000e+00,        +0.00000000000000000e+00,        +0.00000000000000000e+00,        +0.00000000000000000e+00,        +0.00000000000000000e+00,        +0.00000000000000000e+00,        +0.00000000000000000e+00,        +0.00000000000000000e+00,        +0.00000000000000000e+00,        +0.00000000000000000e+00,        +0.00000000000000000e+00,        +0.00000000000000000e+00,        +0.00000000000000000e+00,        +0.00000000000000000e+00,        +0.00000000000000000e+00,        +0.00000000000000000e+00,        +0.00000000000000000e+00,        +0.00000000000000000e+00,        +0.00000000000000000e+00,        +0.00000000000000000e+00,        +0.00000000000000000e+00,        +0.00000000000000000e+00,        +0.00000000000000000e+00,        +0.00000000000000000e+00,        +0.00000000000000000e+00,        +0.00000000000000000e+00,        +0.00000000000000000e+00,        +0.00000000000000000e+00,        +0.00000000000000000e+00,        +0.00000000000000000e+00,        +0.00000000000000000e+00,        +0.00000000000000000e+00,        +0.00000000000000000e+00,        +0.00000000000000000e+00,        +0.00000000000000000e+00,        +0.00000000000000000e+00,        +0.00000000000000000e+00,        +0.00000000000000000e+00,        +0.00000000000000000e+00,        +0.00000000000000000e+00,        +0.00000000000000000e+00
        +0.00000000000000000e+00,        +0.00000000000000000e+00,        +0.00000000000000000e+00,        +0.00000000000000000e+00,        +0.00000000000000000e+00,        +0.00000000000000000e+00,        +0.00000000000000000e+00,        +0.00000000000000000e+00,        +0.00000000000000000e+00,        +0.00000000000000000e+00,        +0.00000000000000000e+00,        +0.00000000000000000e+00,        +0.00000000000000000e+00,        +0.00000000000000000e+00,        +0.00000000000000000e+00,        +0.00000000000000000e+00,        +0.00000000000000000e+00,        +0.00000000000000000e+00,        +0.00000000000000000e+00,        +0.00000000000000000e+00,        +0.00000000000000000e+00,        +0.00000000000000000e+00,        +0.00000000000000000e+00,        +0.00000000000000000e+00,        +0.00000000000000000e+00,        +0.00000000000000000e+00,        +0.00000000000000000e+00,        +0.00000000000000000e+00,        +0.00000000000000000e+00,        +0.00000000000000000e+00,        +0.00000000000000000e+00,        +0.00000000000000000e+00,        +0.00000000000000000e+00,        +0.00000000000000000e+00,        +0.00000000000000000e+00,        +0.00000000000000000e+00,        +0.00000000000000000e+00,        +0.00000000000000000e+00,        +0.00000000000000000e+00,        +0.00000000000000000e+00,        +0.00000000000000000e+00,        +0.00000000000000000e+00,        +0.00000000000000000e+00,        +0.00000000000000000e+00,        +0.00000000000000000e+00,        +0.00000000000000000e+00,        +0.00000000000000000e+00,        +0.00000000000000000e+00,        +0.00000000000000000e+00,        +0.00000000000000000e+00,        +0.00000000000000000e+00,        +0.00000000000000000e+00,        +0.00000000000000000e+00,        +0.00000000000000000e+00,        +0.00000000000000000e+00,        +0.00000000000000000e+00,        +0.00000000000000000e+00,        +0.00000000000000000e+00,        +0.00000000000000000e+00,        +0.00000000000000000e+00,        +0.00000000000000000e+00,        +0.00000000000000000e+00,        +0.00000000000000000e+00,        +0.00000000000000000e+00,        +0.00000000000000000e+00,        +0.00000000000000000e+00,        +0.00000000000000000e+00,        +0.00000000000000000e+00,        +0.00000000000000000e+00,        +0.00000000000000000e+00,        +0.00000000000000000e+00,        +0.00000000000000000e+00,        +0.00000000000000000e+00,        +0.00000000000000000e+00,        +0.00000000000000000e+00,        +0.00000000000000000e+00,        +0.00000000000000000e+00,        +0.00000000000000000e+00,        +0.00000000000000000e+00,        +0.00000000000000000e+00,        +0.00000000000000000e+00,        +0.00000000000000000e+00,        +0.00000000000000000e+00,        +0.00000000000000000e+00,        +0.00000000000000000e+00,        +0.00000000000000000e+00,        +0.00000000000000000e+00,        +0.00000000000000000e+00,        +0.00000000000000000e+00,        +0.00000000000000000e+00,        +0.00000000000000000e+00,        +0.00000000000000000e+00,        +0.00000000000000000e+00,        +0.00000000000000000e+00,        +0.00000000000000000e+00,        +0.00000000000000000e+00,        +0.00000000000000000e+00,        +0.00000000000000000e+00,        +0.00000000000000000e+00,        +0.00000000000000000e+00,        +0.00000000000000000e+00,        +0.00000000000000000e+00,        +0.00000000000000000e+00,        +0.00000000000000000e+00,        +0.00000000000000000e+00,        +0.00000000000000000e+00,        +0.00000000000000000e+00,        +0.00000000000000000e+00
        +0.00000000000000000e+00,        +0.00000000000000000e+00,        +0.00000000000000000e+00,        +0.00000000000000000e+00,        +0.00000000000000000e+00,        +0.00000000000000000e+00,        +0.00000000000000000e+00,        +0.00000000000000000e+00,        +0.00000000000000000e+00,        +0.00000000000000000e+00,        +0.00000000000000000e+00,        +0.00000000000000000e+00,        +0.00000000000000000e+00,        +0.00000000000000000e+00,        +0.00000000000000000e+00,        +0.00000000000000000e+00,        +0.00000000000000000e+00,        +0.00000000000000000e+00,        +0.00000000000000000e+00,        +0.00000000000000000e+00,        +0.00000000000000000e+00,        +0.00000000000000000e+00,        +0.00000000000000000e+00,        +0.00000000000000000e+00,        +0.00000000000000000e+00,        +0.00000000000000000e+00,        +0.00000000000000000e+00,        +0.00000000000000000e+00,        +0.00000000000000000e+00,        +0.00000000000000000e+00,        +0.00000000000000000e+00,        +0.00000000000000000e+00,        +0.00000000000000000e+00,        +0.00000000000000000e+00,        +0.00000000000000000e+00,        +0.00000000000000000e+00,        +0.00000000000000000e+00,        +0.00000000000000000e+00,        +0.00000000000000000e+00,        +0.00000000000000000e+00,        +0.00000000000000000e+00,        +0.00000000000000000e+00,        +0.00000000000000000e+00,        +0.00000000000000000e+00,        +0.00000000000000000e+00,        +0.00000000000000000e+00,        +0.00000000000000000e+00,        +0.00000000000000000e+00,        +0.00000000000000000e+00,        +0.00000000000000000e+00,        +0.00000000000000000e+00,        +0.00000000000000000e+00,        +0.00000000000000000e+00,        +0.00000000000000000e+00,        +0.00000000000000000e+00,        +0.00000000000000000e+00,        +0.00000000000000000e+00,        +0.00000000000000000e+00,        +0.00000000000000000e+00,        +0.00000000000000000e+00,        +0.00000000000000000e+00,        +0.00000000000000000e+00,        +0.00000000000000000e+00,        +0.00000000000000000e+00,        +0.00000000000000000e+00,        +0.00000000000000000e+00,        +0.00000000000000000e+00,        +0.00000000000000000e+00,        +0.00000000000000000e+00,        +0.00000000000000000e+00,        +0.00000000000000000e+00,        +0.00000000000000000e+00,        +0.00000000000000000e+00,        +0.00000000000000000e+00,        +0.00000000000000000e+00,        +0.00000000000000000e+00,        +0.00000000000000000e+00,        +0.00000000000000000e+00,        +0.00000000000000000e+00,        +0.00000000000000000e+00,        +0.00000000000000000e+00,        +0.00000000000000000e+00,        +0.00000000000000000e+00,        +0.00000000000000000e+00,        +0.00000000000000000e+00,        +0.00000000000000000e+00,        +0.00000000000000000e+00,        +0.00000000000000000e+00,        +0.00000000000000000e+00,        +0.00000000000000000e+00,        +0.00000000000000000e+00,        +0.00000000000000000e+00,        +0.00000000000000000e+00,        +0.00000000000000000e+00,        +0.00000000000000000e+00,        +0.00000000000000000e+00,        +0.00000000000000000e+00,        +0.00000000000000000e+00,        +0.00000000000000000e+00,        +0.00000000000000000e+00,        +0.00000000000000000e+00,        +0.00000000000000000e+00,        +0.00000000000000000e+00,        +0.00000000000000000e+00,        +0.00000000000000000e+00,        +0.00000000000000000e+00,        +0.00000000000000000e+00,        +0.00000000000000000e+00
        +0.00000000000000000e+00,        +0.00000000000000000e+00,        +0.00000000000000000e+00,        +0.00000000000000000e+00,        +0.00000000000000000e+00,        +0.00000000000000000e+00,        +0.00000000000000000e+00,        +0.00000000000000000e+00,        +0.00000000000000000e+00,        +0.00000000000000000e+00,        +0.00000000000000000e+00,        +0.00000000000000000e+00,        +0.00000000000000000e+00,        +0.00000000000000000e+00,        +0.00000000000000000e+00,        +0.00000000000000000e+00,        +0.00000000000000000e+00,        +0.00000000000000000e+00,        +0.00000000000000000e+00,        +0.00000000000000000e+00,        +0.00000000000000000e+00,        +0.00000000000000000e+00,        +0.00000000000000000e+00,        +0.00000000000000000e+00,        +0.00000000000000000e+00,        +0.00000000000000000e+00,        +0.00000000000000000e+00,        +0.00000000000000000e+00,        +0.00000000000000000e+00,        +0.00000000000000000e+00,        +0.00000000000000000e+00,        +0.00000000000000000e+00,        +0.00000000000000000e+00,        +0.00000000000000000e+00,        +0.00000000000000000e+00,        +0.00000000000000000e+00,        +0.00000000000000000e+00,        +0.00000000000000000e+00,        +0.00000000000000000e+00,        +0.00000000000000000e+00,        +0.00000000000000000e+00,        +0.00000000000000000e+00,        +0.00000000000000000e+00,        +0.00000000000000000e+00,        +0.00000000000000000e+00,        +0.00000000000000000e+00,        +0.00000000000000000e+00,        +0.00000000000000000e+00,        +0.00000000000000000e+00,        +0.00000000000000000e+00,        +0.00000000000000000e+00,        +0.00000000000000000e+00,        +0.00000000000000000e+00,        +0.00000000000000000e+00,        +0.00000000000000000e+00,        +0.00000000000000000e+00,        +0.00000000000000000e+00,        +0.00000000000000000e+00,        +0.00000000000000000e+00,        +0.00000000000000000e+00,        +0.00000000000000000e+00,        +0.00000000000000000e+00,        +0.00000000000000000e+00,        +0.00000000000000000e+00,        +0.00000000000000000e+00,        +0.00000000000000000e+00,        +0.00000000000000000e+00,        +0.00000000000000000e+00,        +0.00000000000000000e+00,        +0.00000000000000000e+00,        +0.00000000000000000e+00,        +0.00000000000000000e+00,        +0.00000000000000000e+00,        +0.00000000000000000e+00,        +0.00000000000000000e+00,        +0.00000000000000000e+00,        +0.00000000000000000e+00,        +0.00000000000000000e+00,        +0.00000000000000000e+00,        +0.00000000000000000e+00,        +0.00000000000000000e+00,        +0.00000000000000000e+00,        +0.00000000000000000e+00,        +0.00000000000000000e+00,        +0.00000000000000000e+00,        +0.00000000000000000e+00,        +0.00000000000000000e+00,        +0.00000000000000000e+00,        +0.00000000000000000e+00,        +0.00000000000000000e+00,        +0.00000000000000000e+00,        +0.00000000000000000e+00,        +0.00000000000000000e+00,        +0.00000000000000000e+00,        +0.00000000000000000e+00,        +0.00000000000000000e+00,        +0.00000000000000000e+00,        +0.00000000000000000e+00,        +0.00000000000000000e+00,        +0.00000000000000000e+00,        +0.00000000000000000e+00,        +0.00000000000000000e+00,        +0.00000000000000000e+00,        +0.00000000000000000e+00,        +0.00000000000000000e+00,        +0.00000000000000000e+00,        +0.00000000000000000e+00,        +0.00000000000000000e+00
        +0.00000000000000000e+00,        +0.00000000000000000e+00,        +0.00000000000000000e+00,        +0.00000000000000000e+00,        +0.00000000000000000e+00,        +0.00000000000000000e+00,        +0.00000000000000000e+00,        +0.00000000000000000e+00,        +0.00000000000000000e+00,        +0.00000000000000000e+00,        +0.00000000000000000e+00,        +0.00000000000000000e+00,        +0.00000000000000000e+00,        +0.00000000000000000e+00,        +0.00000000000000000e+00,        +0.00000000000000000e+00,        +0.00000000000000000e+00,        +0.00000000000000000e+00,        +0.00000000000000000e+00,        +0.00000000000000000e+00,        +0.00000000000000000e+00,        +0.00000000000000000e+00,        +0.00000000000000000e+00,        +0.00000000000000000e+00,        +0.00000000000000000e+00,        +0.00000000000000000e+00,        +0.00000000000000000e+00,        +0.00000000000000000e+00,        +0.00000000000000000e+00,        +0.00000000000000000e+00,        +0.00000000000000000e+00,        +0.00000000000000000e+00,        +0.00000000000000000e+00,        +0.00000000000000000e+00,        +0.00000000000000000e+00,        +0.00000000000000000e+00,        +0.00000000000000000e+00,        +0.00000000000000000e+00,        +0.00000000000000000e+00,        +0.00000000000000000e+00,        +0.00000000000000000e+00,        +0.00000000000000000e+00,        +0.00000000000000000e+00,        +0.00000000000000000e+00,        +0.00000000000000000e+00,        +0.00000000000000000e+00,        +0.00000000000000000e+00,        +0.00000000000000000e+00,        +0.00000000000000000e+00,        +0.00000000000000000e+00,        +0.00000000000000000e+00,        +0.00000000000000000e+00,        +0.00000000000000000e+00,        +0.00000000000000000e+00,        +0.00000000000000000e+00,        +0.00000000000000000e+00,        +0.00000000000000000e+00,        +0.00000000000000000e+00,        +0.00000000000000000e+00,        +0.00000000000000000e+00,        +0.00000000000000000e+00,        +0.00000000000000000e+00,        +0.00000000000000000e+00,        +0.00000000000000000e+00,        +0.00000000000000000e+00,        +0.00000000000000000e+00,        +0.00000000000000000e+00,        +0.00000000000000000e+00,        +0.00000000000000000e+00,        +0.00000000000000000e+00,        +0.00000000000000000e+00,        +0.00000000000000000e+00,        +0.00000000000000000e+00,        +0.00000000000000000e+00,        +0.00000000000000000e+00,        +0.00000000000000000e+00,        +0.00000000000000000e+00,        +0.00000000000000000e+00,        +0.00000000000000000e+00,        +0.00000000000000000e+00,        +0.00000000000000000e+00,        +0.00000000000000000e+00,        +0.00000000000000000e+00,        +0.00000000000000000e+00,        +0.00000000000000000e+00,        +0.00000000000000000e+00,        +0.00000000000000000e+00,        +0.00000000000000000e+00,        +0.00000000000000000e+00,        +0.00000000000000000e+00,        +0.00000000000000000e+00,        +0.00000000000000000e+00,        +0.00000000000000000e+00,        +0.00000000000000000e+00,        +0.00000000000000000e+00,        +0.00000000000000000e+00,        +0.00000000000000000e+00,        +0.00000000000000000e+00,        +0.00000000000000000e+00,        +0.00000000000000000e+00,        +0.00000000000000000e+00,        +0.00000000000000000e+00,        +0.00000000000000000e+00,        +0.00000000000000000e+00,        +0.00000000000000000e+00,        +0.00000000000000000e+00,        +0.00000000000000000e+00,        +0.00000000000000000e+00
        +0.00000000000000000e+00,        +0.00000000000000000e+00,        +0.00000000000000000e+00,        +0.00000000000000000e+00,        +0.00000000000000000e+00,        +0.00000000000000000e+00,        +0.00000000000000000e+00,        +0.00000000000000000e+00,        +0.00000000000000000e+00,        +0.00000000000000000e+00,        +0.00000000000000000e+00,        +0.00000000000000000e+00,        +0.00000000000000000e+00,        +0.00000000000000000e+00,        +0.00000000000000000e+00,        +0.00000000000000000e+00,        +0.00000000000000000e+00,        +0.00000000000000000e+00,        +0.00000000000000000e+00,        +0.00000000000000000e+00,        +0.00000000000000000e+00,        +0.00000000000000000e+00,        +0.00000000000000000e+00,        +0.00000000000000000e+00,        +0.00000000000000000e+00,        +0.00000000000000000e+00,        +0.00000000000000000e+00,        +0.00000000000000000e+00,        +0.00000000000000000e+00,        +0.00000000000000000e+00,        +0.00000000000000000e+00,        +0.00000000000000000e+00,        +0.00000000000000000e+00,        +0.00000000000000000e+00,        +0.00000000000000000e+00,        +0.00000000000000000e+00,        +0.00000000000000000e+00,        +0.00000000000000000e+00,        +0.00000000000000000e+00,        +0.00000000000000000e+00,        +0.00000000000000000e+00,        +0.00000000000000000e+00,        +0.00000000000000000e+00,        +0.00000000000000000e+00,        +0.00000000000000000e+00,        +0.00000000000000000e+00,        +0.00000000000000000e+00,        +0.00000000000000000e+00,        +0.00000000000000000e+00,        +0.00000000000000000e+00,        +0.00000000000000000e+00,        +0.00000000000000000e+00,        +0.00000000000000000e+00,        +0.00000000000000000e+00,        +0.00000000000000000e+00,        +0.00000000000000000e+00,        +0.00000000000000000e+00,        +0.00000000000000000e+00,        +0.00000000000000000e+00,        +0.00000000000000000e+00,        +0.00000000000000000e+00,        +0.00000000000000000e+00,        +0.00000000000000000e+00,        +0.00000000000000000e+00,        +0.00000000000000000e+00,        +0.00000000000000000e+00,        +0.00000000000000000e+00,        +0.00000000000000000e+00,        +0.00000000000000000e+00,        +0.00000000000000000e+00,        +0.00000000000000000e+00,        +0.00000000000000000e+00,        +0.00000000000000000e+00,        +0.00000000000000000e+00,        +0.00000000000000000e+00,        +0.00000000000000000e+00,        +0.00000000000000000e+00,        +0.00000000000000000e+00,        +0.00000000000000000e+00,        +0.00000000000000000e+00,        +0.00000000000000000e+00,        +0.00000000000000000e+00,        +0.00000000000000000e+00,        +0.00000000000000000e+00,        +0.00000000000000000e+00,        +0.00000000000000000e+00,        +0.00000000000000000e+00,        +0.00000000000000000e+00,        +0.00000000000000000e+00,        +0.00000000000000000e+00,        +0.00000000000000000e+00,        +0.00000000000000000e+00,        +0.00000000000000000e+00,        +0.00000000000000000e+00,        +0.00000000000000000e+00,        +0.00000000000000000e+00,        +0.00000000000000000e+00,        +0.00000000000000000e+00,        +0.00000000000000000e+00,        +0.00000000000000000e+00,        +0.00000000000000000e+00,        +0.00000000000000000e+00,        +0.00000000000000000e+00,        +0.00000000000000000e+00,        +0.00000000000000000e+00,        +0.00000000000000000e+00,        +0.00000000000000000e+00,        +0.00000000000000000e+00
        +0.00000000000000000e+00,        +0.00000000000000000e+00,        +0.00000000000000000e+00,        +0.00000000000000000e+00,        +0.00000000000000000e+00,        +0.00000000000000000e+00,        +0.00000000000000000e+00,        +0.00000000000000000e+00,        +0.00000000000000000e+00,        +0.00000000000000000e+00,        +0.00000000000000000e+00,        +0.00000000000000000e+00,        +0.00000000000000000e+00,        +0.00000000000000000e+00,        +0.00000000000000000e+00,        +0.00000000000000000e+00,        +0.00000000000000000e+00,        +0.00000000000000000e+00,        +0.00000000000000000e+00,        +0.00000000000000000e+00,        +0.00000000000000000e+00,        +0.00000000000000000e+00,        +0.00000000000000000e+00,        +0.00000000000000000e+00,        +0.00000000000000000e+00,        +0.00000000000000000e+00,        +0.00000000000000000e+00,        +0.00000000000000000e+00,        +0.00000000000000000e+00,        +0.00000000000000000e+00,        +0.00000000000000000e+00,        +0.00000000000000000e+00,        +0.00000000000000000e+00,        +0.00000000000000000e+00,        +0.00000000000000000e+00,        +0.00000000000000000e+00,        +0.00000000000000000e+00,        +0.00000000000000000e+00,        +0.00000000000000000e+00,        +0.00000000000000000e+00,        +0.00000000000000000e+00,        +0.00000000000000000e+00,        +0.00000000000000000e+00,        +0.00000000000000000e+00,        +0.00000000000000000e+00,        +0.00000000000000000e+00,        +0.00000000000000000e+00,        +0.00000000000000000e+00,        +0.00000000000000000e+00,        +0.00000000000000000e+00,        +0.00000000000000000e+00,        +0.00000000000000000e+00,        +0.00000000000000000e+00,        +0.00000000000000000e+00,        +0.00000000000000000e+00,        +0.00000000000000000e+00,        +0.00000000000000000e+00,        +0.00000000000000000e+00,        +0.00000000000000000e+00,        +0.00000000000000000e+00,        +0.00000000000000000e+00,        +0.00000000000000000e+00,        +0.00000000000000000e+00,        +0.00000000000000000e+00,        +0.00000000000000000e+00,        +0.00000000000000000e+00,        +0.00000000000000000e+00,        +0.00000000000000000e+00,        +0.00000000000000000e+00,        +0.00000000000000000e+00,        +0.00000000000000000e+00,        +0.00000000000000000e+00,        +0.00000000000000000e+00,        +0.00000000000000000e+00,        +0.00000000000000000e+00,        +0.00000000000000000e+00,        +0.00000000000000000e+00,        +0.00000000000000000e+00,        +0.00000000000000000e+00,        +0.00000000000000000e+00,        +0.00000000000000000e+00,        +0.00000000000000000e+00,        +0.00000000000000000e+00,        +0.00000000000000000e+00,        +0.00000000000000000e+00,        +0.00000000000000000e+00,        +0.00000000000000000e+00,        +0.00000000000000000e+00,        +0.00000000000000000e+00,        +0.00000000000000000e+00,        +0.00000000000000000e+00,        +0.00000000000000000e+00,        +0.00000000000000000e+00,        +0.00000000000000000e+00,        +0.00000000000000000e+00,        +0.00000000000000000e+00,        +0.00000000000000000e+00,        +0.00000000000000000e+00,        +0.00000000000000000e+00,        +0.00000000000000000e+00,        +0.00000000000000000e+00,        +0.00000000000000000e+00,        +0.00000000000000000e+00,        +0.00000000000000000e+00,        +0.00000000000000000e+00,        +0.00000000000000000e+00,        +0.00000000000000000e+00,        +0.00000000000000000e+00
        +0.00000000000000000e+00,        +0.00000000000000000e+00,        +0.00000000000000000e+00,        +0.00000000000000000e+00,        +0.00000000000000000e+00,        +0.00000000000000000e+00,        +0.00000000000000000e+00,        +0.00000000000000000e+00,        +0.00000000000000000e+00,        +0.00000000000000000e+00,        +0.00000000000000000e+00,        +0.00000000000000000e+00,        +0.00000000000000000e+00,        +0.00000000000000000e+00,        +0.00000000000000000e+00,        +0.00000000000000000e+00,        +0.00000000000000000e+00,        +0.00000000000000000e+00,        +0.00000000000000000e+00,        +0.00000000000000000e+00,        +0.00000000000000000e+00,        +0.00000000000000000e+00,        +0.00000000000000000e+00,        +0.00000000000000000e+00,        +0.00000000000000000e+00,        +0.00000000000000000e+00,        +0.00000000000000000e+00,        +0.00000000000000000e+00,        +0.00000000000000000e+00,        +0.00000000000000000e+00,        +0.00000000000000000e+00,        +0.00000000000000000e+00,        +0.00000000000000000e+00,        +0.00000000000000000e+00,        +0.00000000000000000e+00,        +0.00000000000000000e+00,        +0.00000000000000000e+00,        +0.00000000000000000e+00,        +0.00000000000000000e+00,        +0.00000000000000000e+00,        +0.00000000000000000e+00,        +0.00000000000000000e+00,        +0.00000000000000000e+00,        +0.00000000000000000e+00,        +0.00000000000000000e+00,        +0.00000000000000000e+00,        +0.00000000000000000e+00,        +0.00000000000000000e+00,        +0.00000000000000000e+00,        +0.00000000000000000e+00,        +0.00000000000000000e+00,        +0.00000000000000000e+00,        +0.00000000000000000e+00,        +0.00000000000000000e+00,        +0.00000000000000000e+00,        +0.00000000000000000e+00,        +0.00000000000000000e+00,        +0.00000000000000000e+00,        +0.00000000000000000e+00,        +0.00000000000000000e+00,        +0.00000000000000000e+00,        +0.00000000000000000e+00,        +0.00000000000000000e+00,        +0.00000000000000000e+00,        +0.00000000000000000e+00,        +0.00000000000000000e+00,        +0.00000000000000000e+00,        +0.00000000000000000e+00,        +0.00000000000000000e+00,        +0.00000000000000000e+00,        +0.00000000000000000e+00,        +0.00000000000000000e+00,        +0.00000000000000000e+00,        +0.00000000000000000e+00,        +0.00000000000000000e+00,        +0.00000000000000000e+00,        +0.00000000000000000e+00,        +0.00000000000000000e+00,        +0.00000000000000000e+00,        +0.00000000000000000e+00,        +0.00000000000000000e+00,        +0.00000000000000000e+00,        +0.00000000000000000e+00,        +0.00000000000000000e+00,        +0.00000000000000000e+00,        +0.00000000000000000e+00,        +0.00000000000000000e+00,        +0.00000000000000000e+00,        +0.00000000000000000e+00,        +0.00000000000000000e+00,        +0.00000000000000000e+00,        +0.00000000000000000e+00,        +0.00000000000000000e+00,        +0.00000000000000000e+00,        +0.00000000000000000e+00,        +0.00000000000000000e+00,        +0.00000000000000000e+00,        +0.00000000000000000e+00,        +0.00000000000000000e+00,        +0.00000000000000000e+00,        +0.00000000000000000e+00,        +0.00000000000000000e+00,        +0.00000000000000000e+00,        +0.00000000000000000e+00,        +0.00000000000000000e+00,        +0.00000000000000000e+00,        +0.00000000000000000e+00,        +0.00000000000000000e+00
        +0.00000000000000000e+00,        +0.00000000000000000e+00,        +0.00000000000000000e+00,        +0.00000000000000000e+00,        +0.00000000000000000e+00,        +0.00000000000000000e+00,        +0.00000000000000000e+00,        +0.00000000000000000e+00,        +0.00000000000000000e+00,        +0.00000000000000000e+00,        +0.00000000000000000e+00,        +0.00000000000000000e+00,        +0.00000000000000000e+00,        +0.00000000000000000e+00,        +0.00000000000000000e+00,        +0.00000000000000000e+00,        +0.00000000000000000e+00,        +0.00000000000000000e+00,        +0.00000000000000000e+00,        +0.00000000000000000e+00,        +0.00000000000000000e+00,        +0.00000000000000000e+00,        +0.00000000000000000e+00,        +0.00000000000000000e+00,        +0.00000000000000000e+00,        +0.00000000000000000e+00,        +0.00000000000000000e+00,        +0.00000000000000000e+00,        +0.00000000000000000e+00,        +0.00000000000000000e+00,        +0.00000000000000000e+00,        +0.00000000000000000e+00,        +0.00000000000000000e+00,        +0.00000000000000000e+00,        +0.00000000000000000e+00,        +0.00000000000000000e+00,        +0.00000000000000000e+00,        +0.00000000000000000e+00,        +0.00000000000000000e+00,        +0.00000000000000000e+00,        +0.00000000000000000e+00,        +0.00000000000000000e+00,        +0.00000000000000000e+00,        +0.00000000000000000e+00,        +0.00000000000000000e+00,        +0.00000000000000000e+00,        +0.00000000000000000e+00,        +0.00000000000000000e+00,        +0.00000000000000000e+00,        +0.00000000000000000e+00,        +0.00000000000000000e+00,        +0.00000000000000000e+00,        +0.00000000000000000e+00,        +0.00000000000000000e+00,        +0.00000000000000000e+00,        +0.00000000000000000e+00,        +0.00000000000000000e+00,        +0.00000000000000000e+00,        +0.00000000000000000e+00,        +0.00000000000000000e+00,        +0.00000000000000000e+00,        +0.00000000000000000e+00,        +0.00000000000000000e+00,        +0.00000000000000000e+00,        +0.00000000000000000e+00,        +0.00000000000000000e+00,        +0.00000000000000000e+00,        +0.00000000000000000e+00,        +0.00000000000000000e+00,        +0.00000000000000000e+00,        +0.00000000000000000e+00,        +0.00000000000000000e+00,        +0.00000000000000000e+00,        +0.00000000000000000e+00,        +0.00000000000000000e+00,        +0.00000000000000000e+00,        +0.00000000000000000e+00,        +0.00000000000000000e+00,        +0.00000000000000000e+00,        +0.00000000000000000e+00,        +0.00000000000000000e+00,        +0.00000000000000000e+00,        +0.00000000000000000e+00,        +0.00000000000000000e+00,        +0.00000000000000000e+00,        +0.00000000000000000e+00,        +0.00000000000000000e+00,        +0.00000000000000000e+00,        +0.00000000000000000e+00,        +0.00000000000000000e+00,        +0.00000000000000000e+00,        +0.00000000000000000e+00,        +0.00000000000000000e+00,        +0.00000000000000000e+00,        +0.00000000000000000e+00,        +0.00000000000000000e+00,        +0.00000000000000000e+00,        +0.00000000000000000e+00,        +0.00000000000000000e+00,        +0.00000000000000000e+00,        +0.00000000000000000e+00,        +0.00000000000000000e+00,        +0.00000000000000000e+00,        +0.00000000000000000e+00,        +0.00000000000000000e+00,        +0.00000000000000000e+00,        +0.00000000000000000e+00,        +0.00000000000000000e+00
        +0.00000000000000000e+00,        +0.00000000000000000e+00,        +0.00000000000000000e+00,        +0.00000000000000000e+00,        +0.00000000000000000e+00,        +0.00000000000000000e+00,        +0.00000000000000000e+00,        +0.00000000000000000e+00,        +0.00000000000000000e+00,        +0.00000000000000000e+00,        +0.00000000000000000e+00,        +0.00000000000000000e+00,        +0.00000000000000000e+00,        +0.00000000000000000e+00,        +0.00000000000000000e+00,        +0.00000000000000000e+00,        +0.00000000000000000e+00,        +0.00000000000000000e+00,        +0.00000000000000000e+00,        +0.00000000000000000e+00,        +0.00000000000000000e+00,        +0.00000000000000000e+00,        +0.00000000000000000e+00,        +0.00000000000000000e+00,        +0.00000000000000000e+00,        +0.00000000000000000e+00,        +0.00000000000000000e+00,        +0.00000000000000000e+00,        +0.00000000000000000e+00,        +0.00000000000000000e+00,        +0.00000000000000000e+00,        +0.00000000000000000e+00,        +0.00000000000000000e+00,        +0.00000000000000000e+00,        +0.00000000000000000e+00,        +0.00000000000000000e+00,        +0.00000000000000000e+00,        +0.00000000000000000e+00,        +0.00000000000000000e+00,        +0.00000000000000000e+00,        +0.00000000000000000e+00,        +0.00000000000000000e+00,        +0.00000000000000000e+00,        +0.00000000000000000e+00,        +0.00000000000000000e+00,        +0.00000000000000000e+00,        +0.00000000000000000e+00,        +0.00000000000000000e+00,        +0.00000000000000000e+00,        +0.00000000000000000e+00,        +0.00000000000000000e+00,        +0.00000000000000000e+00,        +0.00000000000000000e+00,        +0.00000000000000000e+00,        +0.00000000000000000e+00,        +0.00000000000000000e+00,        +0.00000000000000000e+00,        +0.00000000000000000e+00,        +0.00000000000000000e+00,        +0.00000000000000000e+00,        +0.00000000000000000e+00,        +0.00000000000000000e+00,        +0.00000000000000000e+00,        +0.00000000000000000e+00,        +0.00000000000000000e+00,        +0.00000000000000000e+00,        +0.00000000000000000e+00,        +0.00000000000000000e+00,        +0.00000000000000000e+00,        +0.00000000000000000e+00,        +0.00000000000000000e+00,        +0.00000000000000000e+00,        +0.00000000000000000e+00,        +0.00000000000000000e+00,        +0.00000000000000000e+00,        +0.00000000000000000e+00,        +0.00000000000000000e+00,        +0.00000000000000000e+00,        +0.00000000000000000e+00,        +0.00000000000000000e+00,        +0.00000000000000000e+00,        +0.00000000000000000e+00,        +0.00000000000000000e+00,        +0.00000000000000000e+00,        +0.00000000000000000e+00,        +0.00000000000000000e+00,        +0.00000000000000000e+00,        +0.00000000000000000e+00,        +0.00000000000000000e+00,        +0.00000000000000000e+00,        +0.00000000000000000e+00,        +0.00000000000000000e+00,        +0.00000000000000000e+00,        +0.00000000000000000e+00,        +0.00000000000000000e+00,        +0.00000000000000000e+00,        +0.00000000000000000e+00,        +0.00000000000000000e+00,        +0.00000000000000000e+00,        +0.00000000000000000e+00,        +0.00000000000000000e+00,        +0.00000000000000000e+00,        +0.00000000000000000e+00,        +0.00000000000000000e+00,        +0.00000000000000000e+00,        +0.00000000000000000e+00,        +0.00000000000000000e+00,        +0.00000000000000000e+00
        +0.00000000000000000e+00,        +0.00000000000000000e+00,        +0.00000000000000000e+00,        +0.00000000000000000e+00,        +0.00000000000000000e+00,        +0.00000000000000000e+00,        +0.00000000000000000e+00,        +0.00000000000000000e+00,        +0.00000000000000000e+00,        +0.00000000000000000e+00,        +0.00000000000000000e+00,        +0.00000000000000000e+00,        +0.00000000000000000e+00,        +0.00000000000000000e+00,        +0.00000000000000000e+00,        +0.00000000000000000e+00,        +0.00000000000000000e+00,        +0.00000000000000000e+00,        +0.00000000000000000e+00,        +0.00000000000000000e+00,        +0.00000000000000000e+00,        +0.00000000000000000e+00,        +0.00000000000000000e+00,        +0.00000000000000000e+00,        +0.00000000000000000e+00,        +0.00000000000000000e+00,        +0.00000000000000000e+00,        +0.00000000000000000e+00,        +0.00000000000000000e+00,        +0.00000000000000000e+00,        +0.00000000000000000e+00,        +0.00000000000000000e+00,        +0.00000000000000000e+00,        +0.00000000000000000e+00,        +0.00000000000000000e+00,        +0.00000000000000000e+00,        +0.00000000000000000e+00,        +0.00000000000000000e+00,        +0.00000000000000000e+00,        +0.00000000000000000e+00,        +0.00000000000000000e+00,        +0.00000000000000000e+00,        +0.00000000000000000e+00,        +0.00000000000000000e+00,        +0.00000000000000000e+00,        +0.00000000000000000e+00,        +0.00000000000000000e+00,        +0.00000000000000000e+00,        +0.00000000000000000e+00,        +0.00000000000000000e+00,        +0.00000000000000000e+00,        +0.00000000000000000e+00,        +0.00000000000000000e+00,        +0.00000000000000000e+00,        +0.00000000000000000e+00,        +0.00000000000000000e+00,        +0.00000000000000000e+00,        +0.00000000000000000e+00,        +0.00000000000000000e+00,        +0.00000000000000000e+00,        +0.00000000000000000e+00,        +0.00000000000000000e+00,        +0.00000000000000000e+00,        +0.00000000000000000e+00,        +0.00000000000000000e+00,        +0.00000000000000000e+00,        +0.00000000000000000e+00,        +0.00000000000000000e+00,        +0.00000000000000000e+00,        +0.00000000000000000e+00,        +0.00000000000000000e+00,        +0.00000000000000000e+00,        +0.00000000000000000e+00,        +0.00000000000000000e+00,        +0.00000000000000000e+00,        +0.00000000000000000e+00,        +0.00000000000000000e+00,        +0.00000000000000000e+00,        +0.00000000000000000e+00,        +0.00000000000000000e+00,        +0.00000000000000000e+00,        +0.00000000000000000e+00,        +0.00000000000000000e+00,        +0.00000000000000000e+00,        +0.00000000000000000e+00,        +0.00000000000000000e+00,        +0.00000000000000000e+00,        +0.00000000000000000e+00,        +0.00000000000000000e+00,        +0.00000000000000000e+00,        +0.00000000000000000e+00,        +0.00000000000000000e+00,        +0.00000000000000000e+00,        +0.00000000000000000e+00,        +0.00000000000000000e+00,        +0.00000000000000000e+00,        +0.00000000000000000e+00,        +0.00000000000000000e+00,        +0.00000000000000000e+00,        +0.00000000000000000e+00,        +0.00000000000000000e+00,        +0.00000000000000000e+00,        +0.00000000000000000e+00,        +0.00000000000000000e+00,        +0.00000000000000000e+00,        +0.00000000000000000e+00,        +0.00000000000000000e+00,        +0.00000000000000000e+00
        +0.00000000000000000e+00,        +0.00000000000000000e+00,        +0.00000000000000000e+00,        +0.00000000000000000e+00,        +0.00000000000000000e+00,        +0.00000000000000000e+00,        +0.00000000000000000e+00,        +0.00000000000000000e+00,        +0.00000000000000000e+00,        +0.00000000000000000e+00,        +0.00000000000000000e+00,        +0.00000000000000000e+00,        +0.00000000000000000e+00,        +0.00000000000000000e+00,        +0.00000000000000000e+00,        +0.00000000000000000e+00,        +0.00000000000000000e+00,        +0.00000000000000000e+00,        +0.00000000000000000e+00,        +0.00000000000000000e+00,        +0.00000000000000000e+00,        +0.00000000000000000e+00,        +0.00000000000000000e+00,        +0.00000000000000000e+00,        +0.00000000000000000e+00,        +0.00000000000000000e+00,        +0.00000000000000000e+00,        +0.00000000000000000e+00,        +0.00000000000000000e+00,        +0.00000000000000000e+00,        +0.00000000000000000e+00,        +0.00000000000000000e+00,        +0.00000000000000000e+00,        +0.00000000000000000e+00,        +0.00000000000000000e+00,        +0.00000000000000000e+00,        +0.00000000000000000e+00,        +0.00000000000000000e+00,        +0.00000000000000000e+00,        +0.00000000000000000e+00,        +0.00000000000000000e+00,        +0.00000000000000000e+00,        +0.00000000000000000e+00,        +0.00000000000000000e+00,        +0.00000000000000000e+00,        +0.00000000000000000e+00,        +0.00000000000000000e+00,        +0.00000000000000000e+00,        +0.00000000000000000e+00,        +0.00000000000000000e+00,        +0.00000000000000000e+00,        +0.00000000000000000e+00,        +0.00000000000000000e+00,        +0.00000000000000000e+00,        +0.00000000000000000e+00,        +0.00000000000000000e+00,        +0.00000000000000000e+00,        +0.00000000000000000e+00,        +0.00000000000000000e+00,        +0.00000000000000000e+00,        +0.00000000000000000e+00,        +0.00000000000000000e+00,        +0.00000000000000000e+00,        +0.00000000000000000e+00,        +0.00000000000000000e+00,        +0.00000000000000000e+00,        +0.00000000000000000e+00,        +0.00000000000000000e+00,        +0.00000000000000000e+00,        +0.00000000000000000e+00,        +0.00000000000000000e+00,        +0.00000000000000000e+00,        +0.00000000000000000e+00,        +0.00000000000000000e+00,        +0.00000000000000000e+00,        +0.00000000000000000e+00,        +0.00000000000000000e+00,        +0.00000000000000000e+00,        +0.00000000000000000e+00,        +0.00000000000000000e+00,        +0.00000000000000000e+00,        +0.00000000000000000e+00,        +0.00000000000000000e+00,        +0.00000000000000000e+00,        +0.00000000000000000e+00,        +0.00000000000000000e+00,        +0.00000000000000000e+00,        +0.00000000000000000e+00,        +0.00000000000000000e+00,        +0.00000000000000000e+00,        +0.00000000000000000e+00,        +0.00000000000000000e+00,        +0.00000000000000000e+00,        +0.00000000000000000e+00,        +0.00000000000000000e+00,        +0.00000000000000000e+00,        +0.00000000000000000e+00,        +0.00000000000000000e+00,        +0.00000000000000000e+00,        +0.00000000000000000e+00,        +0.00000000000000000e+00,        +0.00000000000000000e+00,        +0.00000000000000000e+00,        +0.00000000000000000e+00,        +0.00000000000000000e+00,        +0.00000000000000000e+00,        +0.00000000000000000e+00,        +0.00000000000000000e+00
        +0.00000000000000000e+00,        +0.00000000000000000e+00,        +0.00000000000000000e+00,        +0.00000000000000000e+00,        +0.00000000000000000e+00,        +0.00000000000000000e+00,        +0.00000000000000000e+00,        +0.00000000000000000e+00,        +0.00000000000000000e+00,        +0.00000000000000000e+00,        +0.00000000000000000e+00,        +0.00000000000000000e+00,        +0.00000000000000000e+00,        +0.00000000000000000e+00,        +0.00000000000000000e+00,        +0.00000000000000000e+00,        +0.00000000000000000e+00,        +0.00000000000000000e+00,        +0.00000000000000000e+00,        +0.00000000000000000e+00,        +0.00000000000000000e+00,        +0.00000000000000000e+00,        +0.00000000000000000e+00,        +0.00000000000000000e+00,        +0.00000000000000000e+00,        +0.00000000000000000e+00,        +0.00000000000000000e+00,        +0.00000000000000000e+00,        +0.00000000000000000e+00,        +0.00000000000000000e+00,        +0.00000000000000000e+00,        +0.00000000000000000e+00,        +0.00000000000000000e+00,        +0.00000000000000000e+00,        +0.00000000000000000e+00,        +0.00000000000000000e+00,        +0.00000000000000000e+00,        +0.00000000000000000e+00,        +0.00000000000000000e+00,        +0.00000000000000000e+00,        +0.00000000000000000e+00,        +0.00000000000000000e+00,        +0.00000000000000000e+00,        +0.00000000000000000e+00,        +0.00000000000000000e+00,        +0.00000000000000000e+00,        +0.00000000000000000e+00,        +0.00000000000000000e+00,        +0.00000000000000000e+00,        +0.00000000000000000e+00,        +0.00000000000000000e+00,        +0.00000000000000000e+00,        +0.00000000000000000e+00,        +0.00000000000000000e+00,        +0.00000000000000000e+00,        +0.00000000000000000e+00,        +0.00000000000000000e+00,        +0.00000000000000000e+00,        +0.00000000000000000e+00,        +0.00000000000000000e+00,        +0.00000000000000000e+00,        +0.00000000000000000e+00,        +0.00000000000000000e+00,        +0.00000000000000000e+00,        +0.00000000000000000e+00,        +0.00000000000000000e+00,        +0.00000000000000000e+00,        +0.00000000000000000e+00,        +0.00000000000000000e+00,        +0.00000000000000000e+00,        +0.00000000000000000e+00,        +0.00000000000000000e+00,        +0.00000000000000000e+00,        +0.00000000000000000e+00,        +0.00000000000000000e+00,        +0.00000000000000000e+00,        +0.00000000000000000e+00,        +0.00000000000000000e+00,        +0.00000000000000000e+00,        +0.00000000000000000e+00,        +0.00000000000000000e+00,        +0.00000000000000000e+00,        +0.00000000000000000e+00,        +0.00000000000000000e+00,        +0.00000000000000000e+00,        +0.00000000000000000e+00,        +0.00000000000000000e+00,        +0.00000000000000000e+00,        +0.00000000000000000e+00,        +0.00000000000000000e+00,        +0.00000000000000000e+00,        +0.00000000000000000e+00,        +0.00000000000000000e+00,        +0.00000000000000000e+00,        +0.00000000000000000e+00,        +0.00000000000000000e+00,        +0.00000000000000000e+00,        +0.00000000000000000e+00,        +0.00000000000000000e+00,        +0.00000000000000000e+00,        +0.00000000000000000e+00,        +0.00000000000000000e+00,        +0.00000000000000000e+00,        +0.00000000000000000e+00,        +0.00000000000000000e+00,        +0.00000000000000000e+00,        +0.00000000000000000e+00,        +0.00000000000000000e+00
        +0.00000000000000000e+00,        +0.00000000000000000e+00,        +0.00000000000000000e+00,        +0.00000000000000000e+00,        +0.00000000000000000e+00,        +0.00000000000000000e+00,        +0.00000000000000000e+00,        +0.00000000000000000e+00,        +0.00000000000000000e+00,        +0.00000000000000000e+00,        +0.00000000000000000e+00,        +0.00000000000000000e+00,        +0.00000000000000000e+00,        +0.00000000000000000e+00,        +0.00000000000000000e+00,        +0.00000000000000000e+00,        +0.00000000000000000e+00,        +0.00000000000000000e+00,        +0.00000000000000000e+00,        +0.00000000000000000e+00,        +0.00000000000000000e+00,        +0.00000000000000000e+00,        +0.00000000000000000e+00,        +0.00000000000000000e+00,        +0.00000000000000000e+00,        +0.00000000000000000e+00,        +0.00000000000000000e+00,        +0.00000000000000000e+00,        +0.00000000000000000e+00,        +0.00000000000000000e+00,        +0.00000000000000000e+00,        +0.00000000000000000e+00,        +0.00000000000000000e+00,        +0.00000000000000000e+00,        +0.00000000000000000e+00,        +0.00000000000000000e+00,        +0.00000000000000000e+00,        +0.00000000000000000e+00,        +0.00000000000000000e+00,        +0.00000000000000000e+00,        +0.00000000000000000e+00,        +0.00000000000000000e+00,        +0.00000000000000000e+00,        +0.00000000000000000e+00,        +0.00000000000000000e+00,        +0.00000000000000000e+00,        +0.00000000000000000e+00,        +0.00000000000000000e+00,        +0.00000000000000000e+00,        +0.00000000000000000e+00,        +0.00000000000000000e+00,        +0.00000000000000000e+00,        +0.00000000000000000e+00,        +0.00000000000000000e+00,        +0.00000000000000000e+00,        +0.00000000000000000e+00,        +0.00000000000000000e+00,        +0.00000000000000000e+00,        +0.00000000000000000e+00,        +0.00000000000000000e+00,        +0.00000000000000000e+00,        +0.00000000000000000e+00,        +0.00000000000000000e+00,        +0.00000000000000000e+00,        +0.00000000000000000e+00,        +0.00000000000000000e+00,        +0.00000000000000000e+00,        +0.00000000000000000e+00,        +0.00000000000000000e+00,        +0.00000000000000000e+00,        +0.00000000000000000e+00,        +0.00000000000000000e+00,        +0.00000000000000000e+00,        +0.00000000000000000e+00,        +0.00000000000000000e+00,        +0.00000000000000000e+00,        +0.00000000000000000e+00,        +0.00000000000000000e+00,        +0.00000000000000000e+00,        +0.00000000000000000e+00,        +0.00000000000000000e+00,        +0.00000000000000000e+00,        +0.00000000000000000e+00,        +0.00000000000000000e+00,        +0.00000000000000000e+00,        +0.00000000000000000e+00,        +0.00000000000000000e+00,        +0.00000000000000000e+00,        +0.00000000000000000e+00,        +0.00000000000000000e+00,        +0.00000000000000000e+00,        +0.00000000000000000e+00,        +0.00000000000000000e+00,        +0.00000000000000000e+00,        +0.00000000000000000e+00,        +0.00000000000000000e+00,        +0.00000000000000000e+00,        +0.00000000000000000e+00,        +0.00000000000000000e+00,        +0.00000000000000000e+00,        +0.00000000000000000e+00,        +0.00000000000000000e+00,        +0.00000000000000000e+00,        +0.00000000000000000e+00,        +0.00000000000000000e+00,        +0.00000000000000000e+00,        +0.00000000000000000e+00,        +0.00000000000000000e+00
