                       port_1_re,                       port_2_re,                 sample_e1_s0_re,                 sample_e1_s0_im,                 sample_e1_s1_re,                 sample_e1_s1_im,                 sample_e1_s2_re,                 sample_e1_s2_im,                 sample_e1_s3_re,                 sample_e1_s3_im,                 sample_e1_s4_re,                 sample_e1_s4_im,                 sample_e1_s5_re,                 sample_e1_s5_im,                 sample_e2_s0_re,                 sample_e2_s0_im,                 sample_e2_s1_re,                 sample_e2_s1_im,                 sample_e2_s2_re,                 sample_e2_s2_im,                 sample_e2_s3_re,                 sample_e2_s3_im,                   farfield_p0d0,                   farfield_p0d1,                   farfield_p0d2,                   farfield_p0d3,                   farfield_p0d4,                   farfield_p0d5,                   farfield_p0d6,                   farfield_p0d7,                   farfield_p0d8,                   farfield_p0d9,                  farfield_p0d10,                  farfield_p0d11,                  farfield_p0d12,                  farfield_p0d13,                surfsigma_2_p0d0,                surfsigma_2_p0d1,                surfsigma_2_p0d2,                surfsigma_2_p0d3,                surfsigma_2_p0d4,                surfsigma_2_p0d5,                surfsigma_2_p0d6,                surfsigma_2_p0d7,                surfsigma_2_p0d8,                surfsigma_2_p0d9,               surfsigma_2_p0d10,               surfsigma_2_p0d11,                surfsigma_2_p1d0,                surfsigma_2_p1d1,                surfsigma_2_p1d2,                surfsigma_2_p1d3,                surfsigma_2_p1d4,                surfsigma_2_p1d5,                surfsigma_2_p1d6,                surfsigma_2_p1d7,                surfsigma_2_p1d8,                surfsigma_2_p1d9,               surfsigma_2_p1d10,               surfsigma_2_p1d11,                surfsigma_2_p2d0,                surfsigma_2_p2d1,                surfsigma_2_p2d2,                surfsigma_2_p2d3,                surfsigma_2_p2d4,                surfsigma_2_p2d5,                surfsigma_2_p2d6,                surfsigma_2_p2d7,                surfsigma_2_p2d8,                surfsigma_2_p2d9,               surfsigma_2_p2d10,               surfsigma_2_p2d11,                surfsigma_3_p0d0,                surfsigma_3_p0d1,                surfsigma_3_p0d2,                surfsigma_3_p0d3,                surfsigma_3_p0d4,                surfsigma_3_p0d5,                surfsigma_3_p0d6,                surfsigma_3_p0d7,                surfsigma_3_p0d8,                surfsigma_3_p0d9,               surfsigma_3_p0d10,               surfsigma_3_p0d11,                surfsigma_3_p1d0,                surfsigma_3_p1d1,                surfsigma_3_p1d2,                surfsigma_3_p1d3,                surfsigma_3_p1d4,                surfsigma_3_p1d5,                surfsigma_3_p1d6,                surfsigma_3_p1d7,                surfsigma_3_p1d8,                surfsigma_3_p1d9,               surfsigma_3_p1d10,               surfsigma_3_p1d11,                surfsigma_3_p2d0,                surfsigma_3_p2d1,                surfsigma_3_p2d2,                surfsigma_3_p2d3,                surfsigma_3_p2d4,                surfsigma_3_p2d5,                surfsigma_3_p2d6,                surfsigma_3_p2d7,                surfsigma_3_p2d8,                surfsigma_3_p2d9,               surfsigma_3_p2d10,               surfsigma_3_p2d11
        +1.21173040798869830e-40,        +0.00000000000000000e+00,        +1.07569227718761287e-31,        -1.58490715510605859e-30,        +1.63226839747429978e-30,        -7.09924713114828518e-31,        +8.45696029094954915e-32,        -1.99663266495142417e-30,        -1.83746972749613337e-29,        +4.57585838559528766e-29,        -9.92273854416294315e-29,        +2.12832001197901412e-29,        +1.13796959043268411e-28,        -1.11901047127296930e-28,        -6.46806967643779711e-29,        +1.40867117141773064e-28,        -3.42419913397757002e-29,        -1.48777715659086340e-28,        +5.94961406645577687e-30,        -2.89889437362009178e-28,        -1.33820930069022598e-28,        -2.13117602591055884e-28,        +0.00000000000000000e+00,        +0.00000000000000000e+00,        +0.00000000000000000e+00,        +0.00000000000000000e+00,        +0.00000000000000000e+00,        +0.00000000000000000e+00,        +0.00000000000000000e+00,        +0.00000000000000000e+00,        +0.00000000000000000e+00,        +0.00000000000000000e+00,        +0.00000000000000000e+00,        +0.00000000000000000e+00,        +0.00000000000000000e+00,        +0.00000000000000000e+00,        +0.00000000000000000e+00,        +0.00000000000000000e+00,        +0.00000000000000000e+00,        +0.00000000000000000e+00,        +0.00000000000000000e+00,        +0.00000000000000000e+00,        +0.00000000000000000e+00,        +0.00000000000000000e+00,        +0.00000000000000000e+00,        +0.00000000000000000e+00,        +0.00000000000000000e+00,        +0.00000000000000000e+00,        +0.00000000000000000e+00,        +0.00000000000000000e+00,        +0.00000000000000000e+00,        +0.00000000000000000e+00,        +0.00000000000000000e+00,        +0.00000000000000000e+00,        +0.00000000000000000e+00,        +0.00000000000000000e+00,        +0.00000000000000000e+00,        +0.00000000000000000e+00,        +0.00000000000000000e+00,        +0.00000000000000000e+00,        +0.00000000000000000e+00,        +0.00000000000000000e+00,        +0.00000000000000000e+00,        +0.00000000000000000e+00,        +0.00000000000000000e+00,        +0.00000000000000000e+00,        +0.00000000000000000e+00,        +0.00000000000000000e+00,        +0.00000000000000000e+00,        +0.00000000000000000e+00,        +0.00000000000000000e+00,        +0.00000000000000000e+00,        +0.00000000000000000e+00,        +0.00000000000000000e+00,        +0.00000000000000000e+00,        +0.00000000000000000e+00,        +0.00000000000000000e+00,        +0.00000000000000000e+00,        +0.00000000000000000e+00,        +0.00000000000000000e+00,        +0.00000000000000000e+00,        +0.00000000000000000e+00,        +0.00000000000000000e+00,        +0.00000000000000000e+00,        +0.00000000000000000e+00,        +0.00000000000000000e+00,        +0.00000000000000000e+00,        +0.00000000000000000e+00,        +0.00000000000000000e+00,        +0.00000000000000000e+00,        +0.00000000000000000e+00,        +0.00000000000000000e+00,        +0.00000000000000000e+00,        +0.00000000000000000e+00,        +0.00000000000000000e+00,        +0.00000000000000000e+00,        +0.00000000000000000e+00,        +0.00000000000000000e+00,        +0.00000000000000000e+00,        +0.00000000000000000e+00,        +0.00000000000000000e+00,        +0.00000000000000000e+00,        +0.00000000000000000e+00,        +0.00000000000000000e+00,        +0.00000000000000000e+00,        +0.00000000000000000e+00,        +0.00000000000000000e+00,        +0.00000000000000000e+00
        +0.00000000000000000e+00,        +1.23737263421431801e-40,        +3.09017538645514159e-31,        +1.51745886895568398e-30,        -3.17444796803384503e-30,        +3.73322224840171514e-31,        +6.08268210609666235e-30,        -3.82810917859912468e-30,        +2.70275424046908148e-29,        -4.66742157891935328e-29,        +1.03422987198022080e-28,        -2.41206147605448247e-29,        -1.33206910832270580e-28,        +1.23130040068875094e-28,        -7.77126669616470348e-29,        -5.65094495525904860e-29,        -2.34855725043313253e-29,        -4.02706407335390620e-30,        -2.89097744415117775e-28,        +1.93321309019352831e-29,        +2.76212442424853427e-29,        +1.03305344684120398e-28,        +0.00000000000000000e+00,        +0.00000000000000000e+00,        +0.00000000000000000e+00,        +0.00000000000000000e+00,        +0.00000000000000000e+00,        +0.00000000000000000e+00,        +0.00000000000000000e+00,        +0.00000000000000000e+00,        +0.00000000000000000e+00,        +0.00000000000000000e+00,        +0.00000000000000000e+00,        +0.00000000000000000e+00,        +0.00000000000000000e+00,        +0.00000000000000000e+00,        +0.00000000000000000e+00,        +0.00000000000000000e+00,        +0.00000000000000000e+00,        +0.00000000000000000e+00,        +0.00000000000000000e+00,        +0.00000000000000000e+00,        +0.00000000000000000e+00,        +0.00000000000000000e+00,        +0.00000000000000000e+00,        +0.00000000000000000e+00,        +0.00000000000000000e+00,        +0.00000000000000000e+00,        +0.00000000000000000e+00,        +0.00000000000000000e+00,        +0.00000000000000000e+00,        +0.00000000000000000e+00,        +0.00000000000000000e+00,        +0.00000000000000000e+00,        +0.00000000000000000e+00,        +0.00000000000000000e+00,        +0.00000000000000000e+00,        +0.00000000000000000e+00,        +0.00000000000000000e+00,        +0.00000000000000000e+00,        +0.00000000000000000e+00,        +0.00000000000000000e+00,        +0.00000000000000000e+00,        +0.00000000000000000e+00,        +0.00000000000000000e+00,        +0.00000000000000000e+00,        +0.00000000000000000e+00,        +0.00000000000000000e+00,        +0.00000000000000000e+00,        +0.00000000000000000e+00,        +0.00000000000000000e+00,        +0.00000000000000000e+00,        +0.00000000000000000e+00,        +0.00000000000000000e+00,        +0.00000000000000000e+00,        +0.00000000000000000e+00,        +0.00000000000000000e+00,        +0.00000000000000000e+00,        +0.00000000000000000e+00,        +0.00000000000000000e+00,        +0.00000000000000000e+00,        +0.00000000000000000e+00,        +0.00000000000000000e+00,        +0.00000000000000000e+00,        +0.00000000000000000e+00,        +0.00000000000000000e+00,        +0.00000000000000000e+00,        +0.00000000000000000e+00,        +0.00000000000000000e+00,        +0.00000000000000000e+00,        +0.00000000000000000e+00,        +0.00000000000000000e+00,        +0.00000000000000000e+00,        +0.00000000000000000e+00,        +0.00000000000000000e+00,        +0.00000000000000000e+00,        +0.00000000000000000e+00,        +0.00000000000000000e+00,        +0.00000000000000000e+00,        +0.00000000000000000e+00,        +0.00000000000000000e+00,        +0.00000000000000000e+00,        +0.00000000000000000e+00,        +0.00000000000000000e+00,        +0.00000000000000000e+00,        +0.00000000000000000e+00,        +0.00000000000000000e+00,        +0.00000000000000000e+00
        +1.07569227718761287e-31,        +3.09017538645514203e-31,        +5.71325869869372315e-18,        +1.91010360258042824e-17,        -1.96036086370184084e-17,        +6.94643879469632216e-18,        -8.66029995332350243e-18,        -8.09056355152906134e-17,        +3.81182217060738936e-16,        -4.33856512809295549e-16,        +1.03104053205330356e-15,        -3.94935680038736032e-16,        -1.11116088706006128e-15,        +1.32230287864242135e-15,        -1.80207695479885156e-15,        -1.13569029106737093e-16,        -4.44777890848285587e-16,        +6.86903031660800131e-16,        -2.62146228932963526e-15,        -1.75410861308366849e-16,        -1.35326808455505780e-16,        +7.56501571836010726e-16,        +0.00000000000000000e+00,        +0.00000000000000000e+00,        +0.00000000000000000e+00,        +0.00000000000000000e+00,        +0.00000000000000000e+00,        +0.00000000000000000e+00,        +0.00000000000000000e+00,        +0.00000000000000000e+00,        +0.00000000000000000e+00,        +0.00000000000000000e+00,        +0.00000000000000000e+00,        +0.00000000000000000e+00,        +0.00000000000000000e+00,        +0.00000000000000000e+00,        +0.00000000000000000e+00,        +0.00000000000000000e+00,        +0.00000000000000000e+00,        +0.00000000000000000e+00,        +0.00000000000000000e+00,        +0.00000000000000000e+00,        +0.00000000000000000e+00,        +0.00000000000000000e+00,        +0.00000000000000000e+00,        +0.00000000000000000e+00,        +0.00000000000000000e+00,        +0.00000000000000000e+00,        +0.00000000000000000e+00,        +0.00000000000000000e+00,        +0.00000000000000000e+00,        +0.00000000000000000e+00,        +0.00000000000000000e+00,        +0.00000000000000000e+00,        +0.00000000000000000e+00,        +0.00000000000000000e+00,        +0.00000000000000000e+00,        +0.00000000000000000e+00,        +0.00000000000000000e+00,        +0.00000000000000000e+00,        +0.00000000000000000e+00,        +0.00000000000000000e+00,        +0.00000000000000000e+00,        +0.00000000000000000e+00,        +0.00000000000000000e+00,        +0.00000000000000000e+00,        +0.00000000000000000e+00,        +0.00000000000000000e+00,        +0.00000000000000000e+00,        +0.00000000000000000e+00,        +0.00000000000000000e+00,        +0.00000000000000000e+00,        +0.00000000000000000e+00,        +0.00000000000000000e+00,        +0.00000000000000000e+00,        +0.00000000000000000e+00,        +0.00000000000000000e+00,        +0.00000000000000000e+00,        +0.00000000000000000e+00,        +0.00000000000000000e+00,        +0.00000000000000000e+00,        +0.00000000000000000e+00,        +0.00000000000000000e+00,        +0.00000000000000000e+00,        +0.00000000000000000e+00,        +0.00000000000000000e+00,        +0.00000000000000000e+00,        +0.00000000000000000e+00,        +0.00000000000000000e+00,        +0.00000000000000000e+00,        +0.00000000000000000e+00,        +0.00000000000000000e+00,        +0.00000000000000000e+00,        +0.00000000000000000e+00,        +0.00000000000000000e+00,        +0.00000000000000000e+00,        +0.00000000000000000e+00,        +0.00000000000000000e+00,        +0.00000000000000000e+00,        +0.00000000000000000e+00,        +0.00000000000000000e+00,        +0.00000000000000000e+00,        +0.00000000000000000e+00,        +0.00000000000000000e+00,        +0.00000000000000000e+00,        +0.00000000000000000e+00,        +0.00000000000000000e+00,        +0.00000000000000000e+00
        -1.58490715510605859e-30,        +1.51745886895568398e-30,        +1.91010360258043286e-17,        +1.22533934068067260e-16,        -1.14972414342032868e-16,        +2.02337346937148130e-17,        -4.57346197753075461e-17,        -6.00008184035303964e-16,        +2.38293518704482736e-15,        -2.65200531115546580e-15,        +6.56178232943175458e-15,        -2.56059927647167915e-15,        -7.18966323735836631e-15,        +8.57437237939464717e-15,        -4.66027661561498007e-15,        -3.29695018907889408e-15,        -1.25574234236136710e-15,        +9.57826162914384538e-15,        -7.14458567151328567e-15,        +7.44569297118474440e-15,        +4.52879121677639934e-15,        +8.35597469537524527e-15,        +0.00000000000000000e+00,        +0.00000000000000000e+00,        +0.00000000000000000e+00,        +0.00000000000000000e+00,        +0.00000000000000000e+00,        +0.00000000000000000e+00,        +0.00000000000000000e+00,        +0.00000000000000000e+00,        +0.00000000000000000e+00,        +0.00000000000000000e+00,        +0.00000000000000000e+00,        +0.00000000000000000e+00,        +0.00000000000000000e+00,        +0.00000000000000000e+00,        +0.00000000000000000e+00,        +0.00000000000000000e+00,        +0.00000000000000000e+00,        +0.00000000000000000e+00,        +0.00000000000000000e+00,        +0.00000000000000000e+00,        +0.00000000000000000e+00,        +0.00000000000000000e+00,        +0.00000000000000000e+00,        +0.00000000000000000e+00,        +0.00000000000000000e+00,        +0.00000000000000000e+00,        +0.00000000000000000e+00,        +0.00000000000000000e+00,        +0.00000000000000000e+00,        +0.00000000000000000e+00,        +0.00000000000000000e+00,        +0.00000000000000000e+00,        +0.00000000000000000e+00,        +0.00000000000000000e+00,        +0.00000000000000000e+00,        +0.00000000000000000e+00,        +0.00000000000000000e+00,        +0.00000000000000000e+00,        +0.00000000000000000e+00,        +0.00000000000000000e+00,        +0.00000000000000000e+00,        +0.00000000000000000e+00,        +0.00000000000000000e+00,        +0.00000000000000000e+00,        +0.00000000000000000e+00,        +0.00000000000000000e+00,        +0.00000000000000000e+00,        +0.00000000000000000e+00,        +0.00000000000000000e+00,        +0.00000000000000000e+00,        +0.00000000000000000e+00,        +0.00000000000000000e+00,        +0.00000000000000000e+00,        +0.00000000000000000e+00,        +0.00000000000000000e+00,        +0.00000000000000000e+00,        +0.00000000000000000e+00,        +0.00000000000000000e+00,        +0.00000000000000000e+00,        +0.00000000000000000e+00,        +0.00000000000000000e+00,        +0.00000000000000000e+00,        +0.00000000000000000e+00,        +0.00000000000000000e+00,        +0.00000000000000000e+00,        +0.00000000000000000e+00,        +0.00000000000000000e+00,        +0.00000000000000000e+00,        +0.00000000000000000e+00,        +0.00000000000000000e+00,        +0.00000000000000000e+00,        +0.00000000000000000e+00,        +0.00000000000000000e+00,        +0.00000000000000000e+00,        +0.00000000000000000e+00,        +0.00000000000000000e+00,        +0.00000000000000000e+00,        +0.00000000000000000e+00,        +0.00000000000000000e+00,        +0.00000000000000000e+00,        +0.00000000000000000e+00,        +0.00000000000000000e+00,        +0.00000000000000000e+00,        +0.00000000000000000e+00,        +0.00000000000000000e+00,        +0.00000000000000000e+00
        +1.63226839747429978e-30,        -3.17444796803384503e-30,        -1.96036086370184084e-17,        -1.14972414342032868e-16,        +2.29885310282473322e-16,        +2.91248855179446365e-17,        -4.57660097109697566e-16,        +8.02664985763094638e-16,        -2.50641133556829322e-15,        +2.42314736826092618e-15,        -6.73699505082726553e-15,        +2.64912021471575597e-15,        +7.75444596653495643e-15,        -8.78304484581285800e-15,        +4.73844170521802639e-15,        +3.17993356799981096e-15,        +1.16081298686803256e-15,        -8.50538525200044635e-15,        +8.97489896982030709e-15,        -6.36275900287767333e-15,        -4.51378416722478240e-15,        -7.46450607661741196e-15,        +0.00000000000000000e+00,        +0.00000000000000000e+00,        +0.00000000000000000e+00,        +0.00000000000000000e+00,        +0.00000000000000000e+00,        +0.00000000000000000e+00,        +0.00000000000000000e+00,        +0.00000000000000000e+00,        +0.00000000000000000e+00,        +0.00000000000000000e+00,        +0.00000000000000000e+00,        +0.00000000000000000e+00,        +0.00000000000000000e+00,        +0.00000000000000000e+00,        +0.00000000000000000e+00,        +0.00000000000000000e+00,        +0.00000000000000000e+00,        +0.00000000000000000e+00,        +0.00000000000000000e+00,        +0.00000000000000000e+00,        +0.00000000000000000e+00,        +0.00000000000000000e+00,        +0.00000000000000000e+00,        +0.00000000000000000e+00,        +0.00000000000000000e+00,        +0.00000000000000000e+00,        +0.00000000000000000e+00,        +0.00000000000000000e+00,        +0.00000000000000000e+00,        +0.00000000000000000e+00,        +0.00000000000000000e+00,        +0.00000000000000000e+00,        +0.00000000000000000e+00,        +0.00000000000000000e+00,        +0.00000000000000000e+00,        +0.00000000000000000e+00,        +0.00000000000000000e+00,        +0.00000000000000000e+00,        +0.00000000000000000e+00,        +0.00000000000000000e+00,        +0.00000000000000000e+00,        +0.00000000000000000e+00,        +0.00000000000000000e+00,        +0.00000000000000000e+00,        +0.00000000000000000e+00,        +0.00000000000000000e+00,        +0.00000000000000000e+00,        +0.00000000000000000e+00,        +0.00000000000000000e+00,        +0.00000000000000000e+00,        +0.00000000000000000e+00,        +0.00000000000000000e+00,        +0.00000000000000000e+00,        +0.00000000000000000e+00,        +0.00000000000000000e+00,        +0.00000000000000000e+00,        +0.00000000000000000e+00,        +0.00000000000000000e+00,        +0.00000000000000000e+00,        +0.00000000000000000e+00,        +0.00000000000000000e+00,        +0.00000000000000000e+00,        +0.00000000000000000e+00,        +0.00000000000000000e+00,        +0.00000000000000000e+00,        +0.00000000000000000e+00,        +0.00000000000000000e+00,        +0.00000000000000000e+00,        +0.00000000000000000e+00,        +0.00000000000000000e+00,        +0.00000000000000000e+00,        +0.00000000000000000e+00,        +0.00000000000000000e+00,        +0.00000000000000000e+00,        +0.00000000000000000e+00,        +0.00000000000000000e+00,        +0.00000000000000000e+00,        +0.00000000000000000e+00,        +0.00000000000000000e+00,        +0.00000000000000000e+00,        +0.00000000000000000e+00,        +0.00000000000000000e+00,        +0.00000000000000000e+00,        +0.00000000000000000e+00,        +0.00000000000000000e+00,        +0.00000000000000000e+00
        -7.09924713114828518e-31,        +3.73322224840171557e-31,        +6.94643879469632216e-18,        +2.02337346937148130e-17,        +2.91248855179446057e-17,        +4.02475041141669629e-17,        -2.25295193494289269e-16,        +1.34398084130575023e-16,        +1.80916786149520889e-16,        -6.38228732128285537e-16,        +9.87416907469747129e-16,        -2.02059129248195326e-16,        -8.77317620271631000e-16,        +1.06997118803252262e-15,        -2.24068524909795708e-15,        -3.49816749405766883e-16,        -4.24756596472686850e-16,        -1.65068265500168239e-16,        -3.27003846988723121e-15,        -1.59551297764156299e-16,        -8.76505408536001320e-16,        +1.17464749610474322e-15,        +0.00000000000000000e+00,        +0.00000000000000000e+00,        +0.00000000000000000e+00,        +0.00000000000000000e+00,        +0.00000000000000000e+00,        +0.00000000000000000e+00,        +0.00000000000000000e+00,        +0.00000000000000000e+00,        +0.00000000000000000e+00,        +0.00000000000000000e+00,        +0.00000000000000000e+00,        +0.00000000000000000e+00,        +0.00000000000000000e+00,        +0.00000000000000000e+00,        +0.00000000000000000e+00,        +0.00000000000000000e+00,        +0.00000000000000000e+00,        +0.00000000000000000e+00,        +0.00000000000000000e+00,        +0.00000000000000000e+00,        +0.00000000000000000e+00,        +0.00000000000000000e+00,        +0.00000000000000000e+00,        +0.00000000000000000e+00,        +0.00000000000000000e+00,        +0.00000000000000000e+00,        +0.00000000000000000e+00,        +0.00000000000000000e+00,        +0.00000000000000000e+00,        +0.00000000000000000e+00,        +0.00000000000000000e+00,        +0.00000000000000000e+00,        +0.00000000000000000e+00,        +0.00000000000000000e+00,        +0.00000000000000000e+00,        +0.00000000000000000e+00,        +0.00000000000000000e+00,        +0.00000000000000000e+00,        +0.00000000000000000e+00,        +0.00000000000000000e+00,        +0.00000000000000000e+00,        +0.00000000000000000e+00,        +0.00000000000000000e+00,        +0.00000000000000000e+00,        +0.00000000000000000e+00,        +0.00000000000000000e+00,        +0.00000000000000000e+00,        +0.00000000000000000e+00,        +0.00000000000000000e+00,        +0.00000000000000000e+00,        +0.00000000000000000e+00,        +0.00000000000000000e+00,        +0.00000000000000000e+00,        +0.00000000000000000e+00,        +0.00000000000000000e+00,        +0.00000000000000000e+00,        +0.00000000000000000e+00,        +0.00000000000000000e+00,        +0.00000000000000000e+00,        +0.00000000000000000e+00,        +0.00000000000000000e+00,        +0.00000000000000000e+00,        +0.00000000000000000e+00,        +0.00000000000000000e+00,        +0.00000000000000000e+00,        +0.00000000000000000e+00,        +0.00000000000000000e+00,        +0.00000000000000000e+00,        +0.00000000000000000e+00,        +0.00000000000000000e+00,        +0.00000000000000000e+00,        +0.00000000000000000e+00,        +0.00000000000000000e+00,        +0.00000000000000000e+00,        +0.00000000000000000e+00,        +0.00000000000000000e+00,        +0.00000000000000000e+00,        +0.00000000000000000e+00,        +0.00000000000000000e+00,        +0.00000000000000000e+00,        +0.00000000000000000e+00,        +0.00000000000000000e+00,        +0.00000000000000000e+00,        +0.00000000000000000e+00,        +0.00000000000000000e+00,        +0.00000000000000000e+00
        +8.45696029094954915e-32,        +6.08268210609666305e-30,        -8.66029995332350243e-18,        -4.57346197753075461e-17,        -4.57660097109697566e-16,        -2.25295193494289269e-16,        +2.12403798516596141e-15,        -8.73400490042865778e-16,        +3.32928819931472968e-16,        +1.37892822006751331e-15,        -3.50501844597178916e-16,        +5.76448657451196257e-17,        -1.69900976607618082e-15,        -9.44484682742045019e-17,        +3.37571648960419160e-15,        +7.58297921464791141e-16,        +1.74699689074477537e-16,        -3.81682201741371084e-15,        -5.07281449832650226e-15,        -4.85118507653385636e-15,        +1.09186248462040931e-15,        -5.00985435162072730e-15,        +0.00000000000000000e+00,        +0.00000000000000000e+00,        +0.00000000000000000e+00,        +0.00000000000000000e+00,        +0.00000000000000000e+00,        +0.00000000000000000e+00,        +0.00000000000000000e+00,        +0.00000000000000000e+00,        +0.00000000000000000e+00,        +0.00000000000000000e+00,        +0.00000000000000000e+00,        +0.00000000000000000e+00,        +0.00000000000000000e+00,        +0.00000000000000000e+00,        +0.00000000000000000e+00,        +0.00000000000000000e+00,        +0.00000000000000000e+00,        +0.00000000000000000e+00,        +0.00000000000000000e+00,        +0.00000000000000000e+00,        +0.00000000000000000e+00,        +0.00000000000000000e+00,        +0.00000000000000000e+00,        +0.00000000000000000e+00,        +0.00000000000000000e+00,        +0.00000000000000000e+00,        +0.00000000000000000e+00,        +0.00000000000000000e+00,        +0.00000000000000000e+00,        +0.00000000000000000e+00,        +0.00000000000000000e+00,        +0.00000000000000000e+00,        +0.00000000000000000e+00,        +0.00000000000000000e+00,        +0.00000000000000000e+00,        +0.00000000000000000e+00,        +0.00000000000000000e+00,        +0.00000000000000000e+00,        +0.00000000000000000e+00,        +0.00000000000000000e+00,        +0.00000000000000000e+00,        +0.00000000000000000e+00,        +0.00000000000000000e+00,        +0.00000000000000000e+00,        +0.00000000000000000e+00,        +0.00000000000000000e+00,        +0.00000000000000000e+00,        +0.00000000000000000e+00,        +0.00000000000000000e+00,        +0.00000000000000000e+00,        +0.00000000000000000e+00,        +0.00000000000000000e+00,        +0.00000000000000000e+00,        +0.00000000000000000e+00,        +0.00000000000000000e+00,        +0.00000000000000000e+00,        +0.00000000000000000e+00,        +0.00000000000000000e+00,        +0.00000000000000000e+00,        +0.00000000000000000e+00,        +0.00000000000000000e+00,        +0.00000000000000000e+00,        +0.00000000000000000e+00,        +0.00000000000000000e+00,        +0.00000000000000000e+00,        +0.00000000000000000e+00,        +0.00000000000000000e+00,        +0.00000000000000000e+00,        +0.00000000000000000e+00,        +0.00000000000000000e+00,        +0.00000000000000000e+00,        +0.00000000000000000e+00,        +0.00000000000000000e+00,        +0.00000000000000000e+00,        +0.00000000000000000e+00,        +0.00000000000000000e+00,        +0.00000000000000000e+00,        +0.00000000000000000e+00,        +0.00000000000000000e+00,        +0.00000000000000000e+00,        +0.00000000000000000e+00,        +0.00000000000000000e+00,        +0.00000000000000000e+00,        +0.00000000000000000e+00,        +0.00000000000000000e+00,        +0.00000000000000000e+00
        -1.99663266495142417e-30,        -3.82810917859912468e-30,        -8.09056355152906134e-17,        -6.00008184035303964e-16,        +8.02664985763094638e-16,        +1.34398084130575023e-16,        -8.73400490042866961e-16,        +5.07871240830027494e-15,        -1.37883211672514648e-14,        +1.10067135184759115e-14,        -3.20369081231812328e-14,        +1.48007542637690076e-14,        +3.59640855255438764e-14,        -4.42488461651722078e-14,        +1.76840055354183227e-14,        +1.42067525552123822e-14,        +5.86772549207009843e-15,        -6.01124550284046238e-14,        +1.95134969837389816e-14,        -4.17244188800286616e-14,        -3.05534093227775900e-14,        -4.01790377466509480e-14,        +0.00000000000000000e+00,        +0.00000000000000000e+00,        +0.00000000000000000e+00,        +0.00000000000000000e+00,        +0.00000000000000000e+00,        +0.00000000000000000e+00,        +0.00000000000000000e+00,        +0.00000000000000000e+00,        +0.00000000000000000e+00,        +0.00000000000000000e+00,        +0.00000000000000000e+00,        +0.00000000000000000e+00,        +0.00000000000000000e+00,        +0.00000000000000000e+00,        +0.00000000000000000e+00,        +0.00000000000000000e+00,        +0.00000000000000000e+00,        +0.00000000000000000e+00,        +0.00000000000000000e+00,        +0.00000000000000000e+00,        +0.00000000000000000e+00,        +0.00000000000000000e+00,        +0.00000000000000000e+00,        +0.00000000000000000e+00,        +0.00000000000000000e+00,        +0.00000000000000000e+00,        +0.00000000000000000e+00,        +0.00000000000000000e+00,        +0.00000000000000000e+00,        +0.00000000000000000e+00,        +0.00000000000000000e+00,        +0.00000000000000000e+00,        +0.00000000000000000e+00,        +0.00000000000000000e+00,        +0.00000000000000000e+00,        +0.00000000000000000e+00,        +0.00000000000000000e+00,        +0.00000000000000000e+00,        +0.00000000000000000e+00,        +0.00000000000000000e+00,        +0.00000000000000000e+00,        +0.00000000000000000e+00,        +0.00000000000000000e+00,        +0.00000000000000000e+00,        +0.00000000000000000e+00,        +0.00000000000000000e+00,        +0.00000000000000000e+00,        +0.00000000000000000e+00,        +0.00000000000000000e+00,        +0.00000000000000000e+00,        +0.00000000000000000e+00,        +0.00000000000000000e+00,        +0.00000000000000000e+00,        +0.00000000000000000e+00,        +0.00000000000000000e+00,        +0.00000000000000000e+00,        +0.00000000000000000e+00,        +0.00000000000000000e+00,        +0.00000000000000000e+00,        +0.00000000000000000e+00,        +0.00000000000000000e+00,        +0.00000000000000000e+00,        +0.00000000000000000e+00,        +0.00000000000000000e+00,        +0.00000000000000000e+00,        +0.00000000000000000e+00,        +0.00000000000000000e+00,        +0.00000000000000000e+00,        +0.00000000000000000e+00,        +0.00000000000000000e+00,        +0.00000000000000000e+00,        +0.00000000000000000e+00,        +0.00000000000000000e+00,        +0.00000000000000000e+00,        +0.00000000000000000e+00,        +0.00000000000000000e+00,        +0.00000000000000000e+00,        +0.00000000000000000e+00,        +0.00000000000000000e+00,        +0.00000000000000000e+00,        +0.00000000000000000e+00,        +0.00000000000000000e+00,        +0.00000000000000000e+00,        +0.00000000000000000e+00,        +0.00000000000000000e+00,        +0.00000000000000000e+00
        -1.83746972749613337e-29,        +2.70275424046908148e-29,        +3.81182217060738936e-16,        +2.38293518704482736e-15,        -2.50641133556829322e-15,        +1.80916786149520889e-16,        +3.32928819931472968e-16,        -1.37883211672514648e-14,        +4.88256726383577825e-14,        -4.99358304563949020e-14,        +1.27632892911606114e-13,        -5.16943171575546171e-14,        -1.41868406483985958e-13,        +1.69617481421127582e-13,        -9.34066858331252160e-14,        -5.71264998250543463e-14,        -2.88916519030068724e-14,        +1.90446203698452871e-13,        -1.45871829190030666e-13,        +1.30308198735913027e-13,        +8.69063320549725073e-14,        +1.53092251480264791e-13,        +0.00000000000000000e+00,        +0.00000000000000000e+00,        +0.00000000000000000e+00,        +0.00000000000000000e+00,        +0.00000000000000000e+00,        +0.00000000000000000e+00,        +0.00000000000000000e+00,        +0.00000000000000000e+00,        +0.00000000000000000e+00,        +0.00000000000000000e+00,        +0.00000000000000000e+00,        +0.00000000000000000e+00,        +0.00000000000000000e+00,        +0.00000000000000000e+00,        +0.00000000000000000e+00,        +0.00000000000000000e+00,        +0.00000000000000000e+00,        +0.00000000000000000e+00,        +0.00000000000000000e+00,        +0.00000000000000000e+00,        +0.00000000000000000e+00,        +0.00000000000000000e+00,        +0.00000000000000000e+00,        +0.00000000000000000e+00,        +0.00000000000000000e+00,        +0.00000000000000000e+00,        +0.00000000000000000e+00,        +0.00000000000000000e+00,        +0.00000000000000000e+00,        +0.00000000000000000e+00,        +0.00000000000000000e+00,        +0.00000000000000000e+00,        +0.00000000000000000e+00,        +0.00000000000000000e+00,        +0.00000000000000000e+00,        +0.00000000000000000e+00,        +0.00000000000000000e+00,        +0.00000000000000000e+00,        +0.00000000000000000e+00,        +0.00000000000000000e+00,        +0.00000000000000000e+00,        +0.00000000000000000e+00,        +0.00000000000000000e+00,        +0.00000000000000000e+00,        +0.00000000000000000e+00,        +0.00000000000000000e+00,        +0.00000000000000000e+00,        +0.00000000000000000e+00,        +0.00000000000000000e+00,        +0.00000000000000000e+00,        +0.00000000000000000e+00,        +0.00000000000000000e+00,        +0.00000000000000000e+00,        +0.00000000000000000e+00,        +0.00000000000000000e+00,        +0.00000000000000000e+00,        +0.00000000000000000e+00,        +0.00000000000000000e+00,        +0.00000000000000000e+00,        +0.00000000000000000e+00,        +0.00000000000000000e+00,        +0.00000000000000000e+00,        +0.00000000000000000e+00,        +0.00000000000000000e+00,        +0.00000000000000000e+00,        +0.00000000000000000e+00,        +0.00000000000000000e+00,        +0.00000000000000000e+00,        +0.00000000000000000e+00,        +0.00000000000000000e+00,        +0.00000000000000000e+00,        +0.00000000000000000e+00,        +0.00000000000000000e+00,        +0.00000000000000000e+00,        +0.00000000000000000e+00,        +0.00000000000000000e+00,        +0.00000000000000000e+00,        +0.00000000000000000e+00,        +0.00000000000000000e+00,        +0.00000000000000000e+00,        +0.00000000000000000e+00,        +0.00000000000000000e+00,        +0.00000000000000000e+00,        +0.00000000000000000e+00,        +0.00000000000000000e+00,        +0.00000000000000000e+00
        +4.57585838559528766e-29,        -4.66742157891935384e-29,        -4.33856512809295549e-16,        -2.65200531115546580e-15,        +2.42314736826092618e-15,        -6.38228732128285537e-16,        +1.37892822006751331e-15,        +1.10067135184759115e-14,        -4.99358304563950408e-14,        +6.04146825689149180e-14,        -1.44710223798630525e-13,        +5.31405781279611887e-14,        +1.59706477819160818e-13,        -1.86625175508477071e-13,        +1.08442823533452994e-13,        +7.14236108092488640e-14,        +3.11304227327222014e-14,        -1.84776604922395394e-13,        +1.96175243124401732e-13,        -1.39877555818861725e-13,        -8.33123355281239638e-14,        -1.76208787879423032e-13,        +0.00000000000000000e+00,        +0.00000000000000000e+00,        +0.00000000000000000e+00,        +0.00000000000000000e+00,        +0.00000000000000000e+00,        +0.00000000000000000e+00,        +0.00000000000000000e+00,        +0.00000000000000000e+00,        +0.00000000000000000e+00,        +0.00000000000000000e+00,        +0.00000000000000000e+00,        +0.00000000000000000e+00,        +0.00000000000000000e+00,        +0.00000000000000000e+00,        +0.00000000000000000e+00,        +0.00000000000000000e+00,        +0.00000000000000000e+00,        +0.00000000000000000e+00,        +0.00000000000000000e+00,        +0.00000000000000000e+00,        +0.00000000000000000e+00,        +0.00000000000000000e+00,        +0.00000000000000000e+00,        +0.00000000000000000e+00,        +0.00000000000000000e+00,        +0.00000000000000000e+00,        +0.00000000000000000e+00,        +0.00000000000000000e+00,        +0.00000000000000000e+00,        +0.00000000000000000e+00,        +0.00000000000000000e+00,        +0.00000000000000000e+00,        +0.00000000000000000e+00,        +0.00000000000000000e+00,        +0.00000000000000000e+00,        +0.00000000000000000e+00,        +0.00000000000000000e+00,        +0.00000000000000000e+00,        +0.00000000000000000e+00,        +0.00000000000000000e+00,        +0.00000000000000000e+00,        +0.00000000000000000e+00,        +0.00000000000000000e+00,        +0.00000000000000000e+00,        +0.00000000000000000e+00,        +0.00000000000000000e+00,        +0.00000000000000000e+00,        +0.00000000000000000e+00,        +0.00000000000000000e+00,        +0.00000000000000000e+00,        +0.00000000000000000e+00,        +0.00000000000000000e+00,        +0.00000000000000000e+00,        +0.00000000000000000e+00,        +0.00000000000000000e+00,        +0.00000000000000000e+00,        +0.00000000000000000e+00,        +0.00000000000000000e+00,        +0.00000000000000000e+00,        +0.00000000000000000e+00,        +0.00000000000000000e+00,        +0.00000000000000000e+00,        +0.00000000000000000e+00,        +0.00000000000000000e+00,        +0.00000000000000000e+00,        +0.00000000000000000e+00,        +0.00000000000000000e+00,        +0.00000000000000000e+00,        +0.00000000000000000e+00,        +0.00000000000000000e+00,        +0.00000000000000000e+00,        +0.00000000000000000e+00,        +0.00000000000000000e+00,        +0.00000000000000000e+00,        +0.00000000000000000e+00,        +0.00000000000000000e+00,        +0.00000000000000000e+00,        +0.00000000000000000e+00,        +0.00000000000000000e+00,        +0.00000000000000000e+00,        +0.00000000000000000e+00,        +0.00000000000000000e+00,        +0.00000000000000000e+00,        +0.00000000000000000e+00,        +0.00000000000000000e+00,        +0.00000000000000000e+00
        -9.92273854416294315e-29,        +1.03422987198022080e-28,        +1.03104053205330356e-15,        +6.56178232943175458e-15,        -6.73699505082726553e-15,        +9.87416907469747129e-16,        -3.50501844597178916e-16,        -3.20369081231812328e-14,        +1.27632892911606114e-13,        -1.44710223798630525e-13,        +3.61761878456733897e-13,        -1.39124095750718022e-13,        -3.94811818416030322e-13,        +4.68356304977285111e-13,        -2.52378807830475678e-13,        -1.82513957891420936e-13,        -6.49164720883351362e-14,        +5.02039001828978808e-13,        -4.13685464576230338e-13,        +3.95961849459569058e-13,        +2.36910844216012756e-13,        +4.53580830841718106e-13,        +0.00000000000000000e+00,        +0.00000000000000000e+00,        +0.00000000000000000e+00,        +0.00000000000000000e+00,        +0.00000000000000000e+00,        +0.00000000000000000e+00,        +0.00000000000000000e+00,        +0.00000000000000000e+00,        +0.00000000000000000e+00,        +0.00000000000000000e+00,        +0.00000000000000000e+00,        +0.00000000000000000e+00,        +0.00000000000000000e+00,        +0.00000000000000000e+00,        +0.00000000000000000e+00,        +0.00000000000000000e+00,        +0.00000000000000000e+00,        +0.00000000000000000e+00,        +0.00000000000000000e+00,        +0.00000000000000000e+00,        +0.00000000000000000e+00,        +0.00000000000000000e+00,        +0.00000000000000000e+00,        +0.00000000000000000e+00,        +0.00000000000000000e+00,        +0.00000000000000000e+00,        +0.00000000000000000e+00,        +0.00000000000000000e+00,        +0.00000000000000000e+00,        +0.00000000000000000e+00,        +0.00000000000000000e+00,        +0.00000000000000000e+00,        +0.00000000000000000e+00,        +0.00000000000000000e+00,        +0.00000000000000000e+00,        +0.00000000000000000e+00,        +0.00000000000000000e+00,        +0.00000000000000000e+00,        +0.00000000000000000e+00,        +0.00000000000000000e+00,        +0.00000000000000000e+00,        +0.00000000000000000e+00,        +0.00000000000000000e+00,        +0.00000000000000000e+00,        +0.00000000000000000e+00,        +0.00000000000000000e+00,        +0.00000000000000000e+00,        +0.00000000000000000e+00,        +0.00000000000000000e+00,        +0.00000000000000000e+00,        +0.00000000000000000e+00,        +0.00000000000000000e+00,        +0.00000000000000000e+00,        +0.00000000000000000e+00,        +0.00000000000000000e+00,        +0.00000000000000000e+00,        +0.00000000000000000e+00,        +0.00000000000000000e+00,        +0.00000000000000000e+00,        +0.00000000000000000e+00,        +0.00000000000000000e+00,        +0.00000000000000000e+00,        +0.00000000000000000e+00,        +0.00000000000000000e+00,        +0.00000000000000000e+00,        +0.00000000000000000e+00,        +0.00000000000000000e+00,        +0.00000000000000000e+00,        +0.00000000000000000e+00,        +0.00000000000000000e+00,        +0.00000000000000000e+00,        +0.00000000000000000e+00,        +0.00000000000000000e+00,        +0.00000000000000000e+00,        +0.00000000000000000e+00,        +0.00000000000000000e+00,        +0.00000000000000000e+00,        +0.00000000000000000e+00,        +0.00000000000000000e+00,        +0.00000000000000000e+00,        +0.00000000000000000e+00,        +0.00000000000000000e+00,        +0.00000000000000000e+00,        +0.00000000000000000e+00,        +0.00000000000000000e+00,        +0.00000000000000000e+00
        +2.12832001197901412e-29,        -2.41206147605448275e-29,        -3.94935680038736032e-16,        -2.56059927647167915e-15,        +2.64912021471575597e-15,        -2.02059129248195326e-16,        +5.76448657451196257e-17,        +1.48007542637690076e-14,        -5.16943171575546171e-14,        +5.31405781279611887e-14,        -1.39124095750717971e-13,        +5.82332644475511098e-14,        +1.48022116714246636e-13,        -1.81961751925206875e-13,        +9.64347245623209112e-14,        +7.08890330567881326e-14,        +1.92570296130210136e-14,        -2.22215294112278573e-13,        +1.10946929649916361e-13,        -1.81589421152994520e-13,        -1.05896478016359055e-13,        -1.85088863285696471e-13,        +0.00000000000000000e+00,        +0.00000000000000000e+00,        +0.00000000000000000e+00,        +0.00000000000000000e+00,        +0.00000000000000000e+00,        +0.00000000000000000e+00,        +0.00000000000000000e+00,        +0.00000000000000000e+00,        +0.00000000000000000e+00,        +0.00000000000000000e+00,        +0.00000000000000000e+00,        +0.00000000000000000e+00,        +0.00000000000000000e+00,        +0.00000000000000000e+00,        +0.00000000000000000e+00,        +0.00000000000000000e+00,        +0.00000000000000000e+00,        +0.00000000000000000e+00,        +0.00000000000000000e+00,        +0.00000000000000000e+00,        +0.00000000000000000e+00,        +0.00000000000000000e+00,        +0.00000000000000000e+00,        +0.00000000000000000e+00,        +0.00000000000000000e+00,        +0.00000000000000000e+00,        +0.00000000000000000e+00,        +0.00000000000000000e+00,        +0.00000000000000000e+00,        +0.00000000000000000e+00,        +0.00000000000000000e+00,        +0.00000000000000000e+00,        +0.00000000000000000e+00,        +0.00000000000000000e+00,        +0.00000000000000000e+00,        +0.00000000000000000e+00,        +0.00000000000000000e+00,        +0.00000000000000000e+00,        +0.00000000000000000e+00,        +0.00000000000000000e+00,        +0.00000000000000000e+00,        +0.00000000000000000e+00,        +0.00000000000000000e+00,        +0.00000000000000000e+00,        +0.00000000000000000e+00,        +0.00000000000000000e+00,        +0.00000000000000000e+00,        +0.00000000000000000e+00,        +0.00000000000000000e+00,        +0.00000000000000000e+00,        +0.00000000000000000e+00,        +0.00000000000000000e+00,        +0.00000000000000000e+00,        +0.00000000000000000e+00,        +0.00000000000000000e+00,        +0.00000000000000000e+00,        +0.00000000000000000e+00,        +0.00000000000000000e+00,        +0.00000000000000000e+00,        +0.00000000000000000e+00,        +0.00000000000000000e+00,        +0.00000000000000000e+00,        +0.00000000000000000e+00,        +0.00000000000000000e+00,        +0.00000000000000000e+00,        +0.00000000000000000e+00,        +0.00000000000000000e+00,        +0.00000000000000000e+00,        +0.00000000000000000e+00,        +0.00000000000000000e+00,        +0.00000000000000000e+00,        +0.00000000000000000e+00,        +0.00000000000000000e+00,        +0.00000000000000000e+00,        +0.00000000000000000e+00,        +0.00000000000000000e+00,        +0.00000000000000000e+00,        +0.00000000000000000e+00,        +0.00000000000000000e+00,        +0.00000000000000000e+00,        +0.00000000000000000e+00,        +0.00000000000000000e+00,        +0.00000000000000000e+00,        +0.00000000000000000e+00,        +0.00000000000000000e+00,        +0.00000000000000000e+00
        +1.13796959043268411e-28,        -1.33206910832270580e-28,        -1.11116088706006128e-15,        -7.18966323735836631e-15,        +7.75444596653495643e-15,        -8.77317620271631000e-16,        -1.69900976607618082e-15,        +3.59640855255438764e-14,        -1.41868406483985958e-13,        +1.59706477819160818e-13,        -3.94811818416030322e-13,        +1.48022116714246636e-13,        +4.46945488707944964e-13,        -5.17369893512349642e-13,        +2.66428916338807782e-13,        +1.88744484464835127e-13,        +9.01237291157022820e-14,        -5.26649873747331000e-13,        +5.30798011839707805e-13,        -3.70103337301409976e-13,        -2.51149803844359692e-13,        -4.62951675929392064e-13,        +0.00000000000000000e+00,        +0.00000000000000000e+00,        +0.00000000000000000e+00,        +0.00000000000000000e+00,        +0.00000000000000000e+00,        +0.00000000000000000e+00,        +0.00000000000000000e+00,        +0.00000000000000000e+00,        +0.00000000000000000e+00,        +0.00000000000000000e+00,        +0.00000000000000000e+00,        +0.00000000000000000e+00,        +0.00000000000000000e+00,        +0.00000000000000000e+00,        +0.00000000000000000e+00,        +0.00000000000000000e+00,        +0.00000000000000000e+00,        +0.00000000000000000e+00,        +0.00000000000000000e+00,        +0.00000000000000000e+00,        +0.00000000000000000e+00,        +0.00000000000000000e+00,        +0.00000000000000000e+00,        +0.00000000000000000e+00,        +0.00000000000000000e+00,        +0.00000000000000000e+00,        +0.00000000000000000e+00,        +0.00000000000000000e+00,        +0.00000000000000000e+00,        +0.00000000000000000e+00,        +0.00000000000000000e+00,        +0.00000000000000000e+00,        +0.00000000000000000e+00,        +0.00000000000000000e+00,        +0.00000000000000000e+00,        +0.00000000000000000e+00,        +0.00000000000000000e+00,        +0.00000000000000000e+00,        +0.00000000000000000e+00,        +0.00000000000000000e+00,        +0.00000000000000000e+00,        +0.00000000000000000e+00,        +0.00000000000000000e+00,        +0.00000000000000000e+00,        +0.00000000000000000e+00,        +0.00000000000000000e+00,        +0.00000000000000000e+00,        +0.00000000000000000e+00,        +0.00000000000000000e+00,        +0.00000000000000000e+00,        +0.00000000000000000e+00,        +0.00000000000000000e+00,        +0.00000000000000000e+00,        +0.00000000000000000e+00,        +0.00000000000000000e+00,        +0.00000000000000000e+00,        +0.00000000000000000e+00,        +0.00000000000000000e+00,        +0.00000000000000000e+00,        +0.00000000000000000e+00,        +0.00000000000000000e+00,        +0.00000000000000000e+00,        +0.00000000000000000e+00,        +0.00000000000000000e+00,        +0.00000000000000000e+00,        +0.00000000000000000e+00,        +0.00000000000000000e+00,        +0.00000000000000000e+00,        +0.00000000000000000e+00,        +0.00000000000000000e+00,        +0.00000000000000000e+00,        +0.00000000000000000e+00,        +0.00000000000000000e+00,        +0.00000000000000000e+00,        +0.00000000000000000e+00,        +0.00000000000000000e+00,        +0.00000000000000000e+00,        +0.00000000000000000e+00,        +0.00000000000000000e+00,        +0.00000000000000000e+00,        +0.00000000000000000e+00,        +0.00000000000000000e+00,        +0.00000000000000000e+00,        +0.00000000000000000e+00,        +0.00000000000000000e+00,        +0.00000000000000000e+00
        -1.11901047127296930e-28,        +1.23130040068875094e-28,        +1.32230287864242135e-15,        +8.57437237939464717e-15,        -8.78304484581285800e-15,        +1.06997118803252262e-15,        -9.44484682742045019e-17,        -4.42488461651722078e-14,        +1.69617481421127582e-13,        -1.86625175508477071e-13,        +4.68356304977285111e-13,        -1.81961751925206875e-13,        -5.17369893512349945e-13,        +6.13526083712606421e-13,        -3.19490779315658162e-13,        -2.27806710049241950e-13,        -9.47203058494373081e-14,        +6.67792447568088621e-13,        -5.43801529898313411e-13,        +4.94453626062134592e-13,        +3.13073048064008506e-13,        +5.74732878408902342e-13,        +0.00000000000000000e+00,        +0.00000000000000000e+00,        +0.00000000000000000e+00,        +0.00000000000000000e+00,        +0.00000000000000000e+00,        +0.00000000000000000e+00,        +0.00000000000000000e+00,        +0.00000000000000000e+00,        +0.00000000000000000e+00,        +0.00000000000000000e+00,        +0.00000000000000000e+00,        +0.00000000000000000e+00,        +0.00000000000000000e+00,        +0.00000000000000000e+00,        +0.00000000000000000e+00,        +0.00000000000000000e+00,        +0.00000000000000000e+00,        +0.00000000000000000e+00,        +0.00000000000000000e+00,        +0.00000000000000000e+00,        +0.00000000000000000e+00,        +0.00000000000000000e+00,        +0.00000000000000000e+00,        +0.00000000000000000e+00,        +0.00000000000000000e+00,        +0.00000000000000000e+00,        +0.00000000000000000e+00,        +0.00000000000000000e+00,        +0.00000000000000000e+00,        +0.00000000000000000e+00,        +0.00000000000000000e+00,        +0.00000000000000000e+00,        +0.00000000000000000e+00,        +0.00000000000000000e+00,        +0.00000000000000000e+00,        +0.00000000000000000e+00,        +0.00000000000000000e+00,        +0.00000000000000000e+00,        +0.00000000000000000e+00,        +0.00000000000000000e+00,        +0.00000000000000000e+00,        +0.00000000000000000e+00,        +0.00000000000000000e+00,        +0.00000000000000000e+00,        +0.00000000000000000e+00,        +0.00000000000000000e+00,        +0.00000000000000000e+00,        +0.00000000000000000e+00,        +0.00000000000000000e+00,        +0.00000000000000000e+00,        +0.00000000000000000e+00,        +0.00000000000000000e+00,        +0.00000000000000000e+00,        +0.00000000000000000e+00,        +0.00000000000000000e+00,        +0.00000000000000000e+00,        +0.00000000000000000e+00,        +0.00000000000000000e+00,        +0.00000000000000000e+00,        +0.00000000000000000e+00,        +0.00000000000000000e+00,        +0.00000000000000000e+00,        +0.00000000000000000e+00,        +0.00000000000000000e+00,        +0.00000000000000000e+00,        +0.00000000000000000e+00,        +0.00000000000000000e+00,        +0.00000000000000000e+00,        +0.00000000000000000e+00,        +0.00000000000000000e+00,        +0.00000000000000000e+00,        +0.00000000000000000e+00,        +0.00000000000000000e+00,        +0.00000000000000000e+00,        +0.00000000000000000e+00,        +0.00000000000000000e+00,        +0.00000000000000000e+00,        +0.00000000000000000e+00,        +0.00000000000000000e+00,        +0.00000000000000000e+00,        +0.00000000000000000e+00,        +0.00000000000000000e+00,        +0.00000000000000000e+00,        +0.00000000000000000e+00,        +0.00000000000000000e+00,        +0.00000000000000000e+00
        -6.46806967643779711e-29,        -7.77126669616470460e-29,        -1.80207695479885156e-15,        -4.66027661561498007e-15,        +4.73844170521802639e-15,        -2.24068524909795708e-15,        +3.37571648960419160e-15,        +1.76840055354183227e-14,        -9.34066858331252160e-14,        +1.08442823533452994e-13,        -2.52378807830475678e-13,        +9.64347245623209112e-14,        +2.66428916338807782e-13,        -3.19490779315658162e-13,        +5.64447490968122483e-13,        -1.36950207607569417e-14,        +1.31955688856533881e-13,        -8.26459245101599779e-14,        +7.89943332082709625e-13,        +1.75624861349301641e-13,        +1.25149104651482797e-13,        -1.32840209869319870e-13,        +0.00000000000000000e+00,        +0.00000000000000000e+00,        +0.00000000000000000e+00,        +0.00000000000000000e+00,        +0.00000000000000000e+00,        +0.00000000000000000e+00,        +0.00000000000000000e+00,        +0.00000000000000000e+00,        +0.00000000000000000e+00,        +0.00000000000000000e+00,        +0.00000000000000000e+00,        +0.00000000000000000e+00,        +0.00000000000000000e+00,        +0.00000000000000000e+00,        +0.00000000000000000e+00,        +0.00000000000000000e+00,        +0.00000000000000000e+00,        +0.00000000000000000e+00,        +0.00000000000000000e+00,        +0.00000000000000000e+00,        +0.00000000000000000e+00,        +0.00000000000000000e+00,        +0.00000000000000000e+00,        +0.00000000000000000e+00,        +0.00000000000000000e+00,        +0.00000000000000000e+00,        +0.00000000000000000e+00,        +0.00000000000000000e+00,        +0.00000000000000000e+00,        +0.00000000000000000e+00,        +0.00000000000000000e+00,        +0.00000000000000000e+00,        +0.00000000000000000e+00,        +0.00000000000000000e+00,        +0.00000000000000000e+00,        +0.00000000000000000e+00,        +0.00000000000000000e+00,        +0.00000000000000000e+00,        +0.00000000000000000e+00,        +0.00000000000000000e+00,        +0.00000000000000000e+00,        +0.00000000000000000e+00,        +0.00000000000000000e+00,        +0.00000000000000000e+00,        +0.00000000000000000e+00,        +0.00000000000000000e+00,        +0.00000000000000000e+00,        +0.00000000000000000e+00,        +0.00000000000000000e+00,        +0.00000000000000000e+00,        +0.00000000000000000e+00,        +0.00000000000000000e+00,        +0.00000000000000000e+00,        +0.00000000000000000e+00,        +0.00000000000000000e+00,        +0.00000000000000000e+00,        +0.00000000000000000e+00,        +0.00000000000000000e+00,        +0.00000000000000000e+00,        +0.00000000000000000e+00,        +0.00000000000000000e+00,        +0.00000000000000000e+00,        +0.00000000000000000e+00,        +0.00000000000000000e+00,        +0.00000000000000000e+00,        +0.00000000000000000e+00,        +0.00000000000000000e+00,        +0.00000000000000000e+00,        +0.00000000000000000e+00,        +0.00000000000000000e+00,        +0.00000000000000000e+00,        +0.00000000000000000e+00,        +0.00000000000000000e+00,        +0.00000000000000000e+00,        +0.00000000000000000e+00,        +0.00000000000000000e+00,        +0.00000000000000000e+00,        +0.00000000000000000e+00,        +0.00000000000000000e+00,        +0.00000000000000000e+00,        +0.00000000000000000e+00,        +0.00000000000000000e+00,        +0.00000000000000000e+00,        +0.00000000000000000e+00,        +0.00000000000000000e+00,        +0.00000000000000000e+00
        +1.40867117141773064e-28,        -5.65094495525904860e-29,        -1.13569029106737093e-16,        -3.29695018907889408e-15,        +3.17993356799981096e-15,        -3.49816749405766883e-16,        +7.58297921464791141e-16,        +1.42067525552123822e-14,        -5.71264998250543463e-14,        +7.14236108092488640e-14,        -1.82513957891420936e-13,        +7.08890330567881326e-14,        +1.88744484464835127e-13,        -2.27806710049241950e-13,        -1.36950207607571736e-14,        +1.82536470159140573e-13,        -3.75434451868372073e-14,        -3.69543572413173027e-13,        -9.08042227225507964e-14,        -4.96681060642383744e-13,        -2.56466582245241370e-13,        -3.65546458917323368e-13,        +0.00000000000000000e+00,        +0.00000000000000000e+00,        +0.00000000000000000e+00,        +0.00000000000000000e+00,        +0.00000000000000000e+00,        +0.00000000000000000e+00,        +0.00000000000000000e+00,        +0.00000000000000000e+00,        +0.00000000000000000e+00,        +0.00000000000000000e+00,        +0.00000000000000000e+00,        +0.00000000000000000e+00,        +0.00000000000000000e+00,        +0.00000000000000000e+00,        +0.00000000000000000e+00,        +0.00000000000000000e+00,        +0.00000000000000000e+00,        +0.00000000000000000e+00,        +0.00000000000000000e+00,        +0.00000000000000000e+00,        +0.00000000000000000e+00,        +0.00000000000000000e+00,        +0.00000000000000000e+00,        +0.00000000000000000e+00,        +0.00000000000000000e+00,        +0.00000000000000000e+00,        +0.00000000000000000e+00,        +0.00000000000000000e+00,        +0.00000000000000000e+00,        +0.00000000000000000e+00,        +0.00000000000000000e+00,        +0.00000000000000000e+00,        +0.00000000000000000e+00,        +0.00000000000000000e+00,        +0.00000000000000000e+00,        +0.00000000000000000e+00,        +0.00000000000000000e+00,        +0.00000000000000000e+00,        +0.00000000000000000e+00,        +0.00000000000000000e+00,        +0.00000000000000000e+00,        +0.00000000000000000e+00,        +0.00000000000000000e+00,        +0.00000000000000000e+00,        +0.00000000000000000e+00,        +0.00000000000000000e+00,        +0.00000000000000000e+00,        +0.00000000000000000e+00,        +0.00000000000000000e+00,        +0.00000000000000000e+00,        +0.00000000000000000e+00,        +0.00000000000000000e+00,        +0.00000000000000000e+00,        +0.00000000000000000e+00,        +0.00000000000000000e+00,        +0.00000000000000000e+00,        +0.00000000000000000e+00,        +0.00000000000000000e+00,        +0.00000000000000000e+00,        +0.00000000000000000e+00,        +0.00000000000000000e+00,        +0.00000000000000000e+00,        +0.00000000000000000e+00,        +0.00000000000000000e+00,        +0.00000000000000000e+00,        +0.00000000000000000e+00,        +0.00000000000000000e+00,        +0.00000000000000000e+00,        +0.00000000000000000e+00,        +0.00000000000000000e+00,        +0.00000000000000000e+00,        +0.00000000000000000e+00,        +0.00000000000000000e+00,        +0.00000000000000000e+00,        +0.00000000000000000e+00,        +0.00000000000000000e+00,        +0.00000000000000000e+00,        +0.00000000000000000e+00,        +0.00000000000000000e+00,        +0.00000000000000000e+00,        +0.00000000000000000e+00,        +0.00000000000000000e+00,        +0.00000000000000000e+00,        +0.00000000000000000e+00,        +0.00000000000000000e+00,        +0.00000000000000000e+00
        -3.42419913397757002e-29,        -2.34855725043313281e-29,        -4.44777890848285587e-16,        -1.25574234236136710e-15,        +1.16081298686803256e-15,        -4.24756596472686850e-16,        +1.74699689074477537e-16,        +5.86772549207009843e-15,        -2.88916519030068724e-14,        +3.11304227327222014e-14,        -6.49164720883351362e-14,        +1.92570296130210136e-14,        +9.01237291157022820e-14,        -9.47203058494373081e-14,        +1.31955688856533881e-13,        -3.75434451868372073e-14,        +8.16004712014176693e-14,        +1.04621289210084944e-14,        +3.59554327221475920e-13,        +1.92020171997529281e-13,        +6.66470234854853078e-14,        +3.80255688814968534e-14,        +0.00000000000000000e+00,        +0.00000000000000000e+00,        +0.00000000000000000e+00,        +0.00000000000000000e+00,        +0.00000000000000000e+00,        +0.00000000000000000e+00,        +0.00000000000000000e+00,        +0.00000000000000000e+00,        +0.00000000000000000e+00,        +0.00000000000000000e+00,        +0.00000000000000000e+00,        +0.00000000000000000e+00,        +0.00000000000000000e+00,        +0.00000000000000000e+00,        +0.00000000000000000e+00,        +0.00000000000000000e+00,        +0.00000000000000000e+00,        +0.00000000000000000e+00,        +0.00000000000000000e+00,        +0.00000000000000000e+00,        +0.00000000000000000e+00,        +0.00000000000000000e+00,        +0.00000000000000000e+00,        +0.00000000000000000e+00,        +0.00000000000000000e+00,        +0.00000000000000000e+00,        +0.00000000000000000e+00,        +0.00000000000000000e+00,        +0.00000000000000000e+00,        +0.00000000000000000e+00,        +0.00000000000000000e+00,        +0.00000000000000000e+00,        +0.00000000000000000e+00,        +0.00000000000000000e+00,        +0.00000000000000000e+00,        +0.00000000000000000e+00,        +0.00000000000000000e+00,        +0.00000000000000000e+00,        +0.00000000000000000e+00,        +0.00000000000000000e+00,        +0.00000000000000000e+00,        +0.00000000000000000e+00,        +0.00000000000000000e+00,        +0.00000000000000000e+00,        +0.00000000000000000e+00,        +0.00000000000000000e+00,        +0.00000000000000000e+00,        +0.00000000000000000e+00,        +0.00000000000000000e+00,        +0.00000000000000000e+00,        +0.00000000000000000e+00,        +0.00000000000000000e+00,        +0.00000000000000000e+00,        +0.00000000000000000e+00,        +0.00000000000000000e+00,        +0.00000000000000000e+00,        +0.00000000000000000e+00,        +0.00000000000000000e+00,        +0.00000000000000000e+00,        +0.00000000000000000e+00,        +0.00000000000000000e+00,        +0.00000000000000000e+00,        +0.00000000000000000e+00,        +0.00000000000000000e+00,        +0.00000000000000000e+00,        +0.00000000000000000e+00,        +0.00000000000000000e+00,        +0.00000000000000000e+00,        +0.00000000000000000e+00,        +0.00000000000000000e+00,        +0.00000000000000000e+00,        +0.00000000000000000e+00,        +0.00000000000000000e+00,        +0.00000000000000000e+00,        +0.00000000000000000e+00,        +0.00000000000000000e+00,        +0.00000000000000000e+00,        +0.00000000000000000e+00,        +0.00000000000000000e+00,        +0.00000000000000000e+00,        +0.00000000000000000e+00,        +0.00000000000000000e+00,        +0.00000000000000000e+00,        +0.00000000000000000e+00,        +0.00000000000000000e+00,        +0.00000000000000000e+00
        -1.48777715659086340e-28,        -4.02706407335390620e-30,        +6.86903031660800131e-16,        +9.57826162914384538e-15,        -8.50538525200044635e-15,        -1.65068265500168239e-16,        -3.81682201741371084e-15,        -6.01124550284046238e-14,        +1.90446203698452871e-13,        -1.84776604922395394e-13,        +5.02039001828978808e-13,        -2.22215294112278573e-13,        -5.26649873747331000e-13,        +6.67792447568088621e-13,        -8.26459245101599779e-14,        -3.69543572413173027e-13,        +1.04621289210085433e-14,        +1.10468058463734361e-12,        +1.28100310423503813e-13,        +1.10241093324183726e-12,        +6.44066899886122038e-13,        +8.55070651903602580e-13,        +0.00000000000000000e+00,        +0.00000000000000000e+00,        +0.00000000000000000e+00,        +0.00000000000000000e+00,        +0.00000000000000000e+00,        +0.00000000000000000e+00,        +0.00000000000000000e+00,        +0.00000000000000000e+00,        +0.00000000000000000e+00,        +0.00000000000000000e+00,        +0.00000000000000000e+00,        +0.00000000000000000e+00,        +0.00000000000000000e+00,        +0.00000000000000000e+00,        +0.00000000000000000e+00,        +0.00000000000000000e+00,        +0.00000000000000000e+00,        +0.00000000000000000e+00,        +0.00000000000000000e+00,        +0.00000000000000000e+00,        +0.00000000000000000e+00,        +0.00000000000000000e+00,        +0.00000000000000000e+00,        +0.00000000000000000e+00,        +0.00000000000000000e+00,        +0.00000000000000000e+00,        +0.00000000000000000e+00,        +0.00000000000000000e+00,        +0.00000000000000000e+00,        +0.00000000000000000e+00,        +0.00000000000000000e+00,        +0.00000000000000000e+00,        +0.00000000000000000e+00,        +0.00000000000000000e+00,        +0.00000000000000000e+00,        +0.00000000000000000e+00,        +0.00000000000000000e+00,        +0.00000000000000000e+00,        +0.00000000000000000e+00,        +0.00000000000000000e+00,        +0.00000000000000000e+00,        +0.00000000000000000e+00,        +0.00000000000000000e+00,        +0.00000000000000000e+00,        +0.00000000000000000e+00,        +0.00000000000000000e+00,        +0.00000000000000000e+00,        +0.00000000000000000e+00,        +0.00000000000000000e+00,        +0.00000000000000000e+00,        +0.00000000000000000e+00,        +0.00000000000000000e+00,        +0.00000000000000000e+00,        +0.00000000000000000e+00,        +0.00000000000000000e+00,        +0.00000000000000000e+00,        +0.00000000000000000e+00,        +0.00000000000000000e+00,        +0.00000000000000000e+00,        +0.00000000000000000e+00,        +0.00000000000000000e+00,        +0.00000000000000000e+00,        +0.00000000000000000e+00,        +0.00000000000000000e+00,        +0.00000000000000000e+00,        +0.00000000000000000e+00,        +0.00000000000000000e+00,        +0.00000000000000000e+00,        +0.00000000000000000e+00,        +0.00000000000000000e+00,        +0.00000000000000000e+00,        +0.00000000000000000e+00,        +0.00000000000000000e+00,        +0.00000000000000000e+00,        +0.00000000000000000e+00,        +0.00000000000000000e+00,        +0.00000000000000000e+00,        +0.00000000000000000e+00,        +0.00000000000000000e+00,        +0.00000000000000000e+00,        +0.00000000000000000e+00,        +0.00000000000000000e+00,        +0.00000000000000000e+00,        +0.00000000000000000e+00,        +0.00000000000000000e+00,        +0.00000000000000000e+00
        +5.94961406645577687e-30,        -2.89097744415117775e-28,        -2.62146228932963526e-15,        -7.14458567151328567e-15,        +8.97489896982030709e-15,        -3.27003846988723121e-15,        -5.07281449832650226e-15,        +1.95134969837389816e-14,        -1.45871829190030666e-13,        +1.96175243124401732e-13,        -4.13685464576230338e-13,        +1.10946929649916361e-13,        +5.30798011839707805e-13,        -5.43801529898313411e-13,        +7.89943332082709625e-13,        -9.08042227225507964e-14,        +3.59554327221475920e-13,        +1.28100310423503813e-13,        +1.97988370601962309e-12,        +8.21909852653669311e-13,        +3.44919929811491787e-13,        +3.88859147933448751e-14,        +0.00000000000000000e+00,        +0.00000000000000000e+00,        +0.00000000000000000e+00,        +0.00000000000000000e+00,        +0.00000000000000000e+00,        +0.00000000000000000e+00,        +0.00000000000000000e+00,        +0.00000000000000000e+00,        +0.00000000000000000e+00,        +0.00000000000000000e+00,        +0.00000000000000000e+00,        +0.00000000000000000e+00,        +0.00000000000000000e+00,        +0.00000000000000000e+00,        +0.00000000000000000e+00,        +0.00000000000000000e+00,        +0.00000000000000000e+00,        +0.00000000000000000e+00,        +0.00000000000000000e+00,        +0.00000000000000000e+00,        +0.00000000000000000e+00,        +0.00000000000000000e+00,        +0.00000000000000000e+00,        +0.00000000000000000e+00,        +0.00000000000000000e+00,        +0.00000000000000000e+00,        +0.00000000000000000e+00,        +0.00000000000000000e+00,        +0.00000000000000000e+00,        +0.00000000000000000e+00,        +0.00000000000000000e+00,        +0.00000000000000000e+00,        +0.00000000000000000e+00,        +0.00000000000000000e+00,        +0.00000000000000000e+00,        +0.00000000000000000e+00,        +0.00000000000000000e+00,        +0.00000000000000000e+00,        +0.00000000000000000e+00,        +0.00000000000000000e+00,        +0.00000000000000000e+00,        +0.00000000000000000e+00,        +0.00000000000000000e+00,        +0.00000000000000000e+00,        +0.00000000000000000e+00,        +0.00000000000000000e+00,        +0.00000000000000000e+00,        +0.00000000000000000e+00,        +0.00000000000000000e+00,        +0.00000000000000000e+00,        +0.00000000000000000e+00,        +0.00000000000000000e+00,        +0.00000000000000000e+00,        +0.00000000000000000e+00,        +0.00000000000000000e+00,        +0.00000000000000000e+00,        +0.00000000000000000e+00,        +0.00000000000000000e+00,        +0.00000000000000000e+00,        +0.00000000000000000e+00,        +0.00000000000000000e+00,        +0.00000000000000000e+00,        +0.00000000000000000e+00,        +0.00000000000000000e+00,        +0.00000000000000000e+00,        +0.00000000000000000e+00,        +0.00000000000000000e+00,        +0.00000000000000000e+00,        +0.00000000000000000e+00,        +0.00000000000000000e+00,        +0.00000000000000000e+00,        +0.00000000000000000e+00,        +0.00000000000000000e+00,        +0.00000000000000000e+00,        +0.00000000000000000e+00,        +0.00000000000000000e+00,        +0.00000000000000000e+00,        +0.00000000000000000e+00,        +0.00000000000000000e+00,        +0.00000000000000000e+00,        +0.00000000000000000e+00,        +0.00000000000000000e+00,        +0.00000000000000000e+00,        +0.00000000000000000e+00,        +0.00000000000000000e+00,        +0.00000000000000000e+00
        -2.89889437362009178e-28,        +1.93321309019352859e-29,        -1.75410861308366849e-16,        +7.44569297118474440e-15,        -6.36275900287767333e-15,        -1.59551297764156299e-16,        -4.85118507653385636e-15,        -4.17244188800286616e-14,        +1.30308198735913027e-13,        -1.39877555818861725e-13,        +3.95961849459569058e-13,        -1.81589421152994520e-13,        -3.70103337301409976e-13,        +4.94453626062134592e-13,        +1.75624861349301641e-13,        -4.96681060642383744e-13,        +1.92020171997529281e-13,        +1.10241093324183726e-12,        +8.21909852653666585e-13,        +1.58244755976396360e-12,        +7.93496694850443455e-13,        +1.01327965626815728e-12,        +0.00000000000000000e+00,        +0.00000000000000000e+00,        +0.00000000000000000e+00,        +0.00000000000000000e+00,        +0.00000000000000000e+00,        +0.00000000000000000e+00,        +0.00000000000000000e+00,        +0.00000000000000000e+00,        +0.00000000000000000e+00,        +0.00000000000000000e+00,        +0.00000000000000000e+00,        +0.00000000000000000e+00,        +0.00000000000000000e+00,        +0.00000000000000000e+00,        +0.00000000000000000e+00,        +0.00000000000000000e+00,        +0.00000000000000000e+00,        +0.00000000000000000e+00,        +0.00000000000000000e+00,        +0.00000000000000000e+00,        +0.00000000000000000e+00,        +0.00000000000000000e+00,        +0.00000000000000000e+00,        +0.00000000000000000e+00,        +0.00000000000000000e+00,        +0.00000000000000000e+00,        +0.00000000000000000e+00,        +0.00000000000000000e+00,        +0.00000000000000000e+00,        +0.00000000000000000e+00,        +0.00000000000000000e+00,        +0.00000000000000000e+00,        +0.00000000000000000e+00,        +0.00000000000000000e+00,        +0.00000000000000000e+00,        +0.00000000000000000e+00,        +0.00000000000000000e+00,        +0.00000000000000000e+00,        +0.00000000000000000e+00,        +0.00000000000000000e+00,        +0.00000000000000000e+00,        +0.00000000000000000e+00,        +0.00000000000000000e+00,        +0.00000000000000000e+00,        +0.00000000000000000e+00,        +0.00000000000000000e+00,        +0.00000000000000000e+00,        +0.00000000000000000e+00,        +0.00000000000000000e+00,        +0.00000000000000000e+00,        +0.00000000000000000e+00,        +0.00000000000000000e+00,        +0.00000000000000000e+00,        +0.00000000000000000e+00,        +0.00000000000000000e+00,        +0.00000000000000000e+00,        +0.00000000000000000e+00,        +0.00000000000000000e+00,        +0.00000000000000000e+00,        +0.00000000000000000e+00,        +0.00000000000000000e+00,        +0.00000000000000000e+00,        +0.00000000000000000e+00,        +0.00000000000000000e+00,        +0.00000000000000000e+00,        +0.00000000000000000e+00,        +0.00000000000000000e+00,        +0.00000000000000000e+00,        +0.00000000000000000e+00,        +0.00000000000000000e+00,        +0.00000000000000000e+00,        +0.00000000000000000e+00,        +0.00000000000000000e+00,        +0.00000000000000000e+00,        +0.00000000000000000e+00,        +0.00000000000000000e+00,        +0.00000000000000000e+00,        +0.00000000000000000e+00,        +0.00000000000000000e+00,        +0.00000000000000000e+00,        +0.00000000000000000e+00,        +0.00000000000000000e+00,        +0.00000000000000000e+00,        +0.00000000000000000e+00,        +0.00000000000000000e+00,        +0.00000000000000000e+00
        -1.33820930069022598e-28,        +2.76212442424853427e-29,        -1.35326808455505780e-16,        +4.52879121677639934e-15,        -4.51378416722478240e-15,        -8.76505408536001320e-16,        +1.09186248462040931e-15,        -3.05534093227775900e-14,        +8.69063320549725073e-14,        -8.33123355281239638e-14,        +2.36910844216012756e-13,        -1.05896478016359055e-13,        -2.51149803844359692e-13,        +3.13073048064008506e-13,        +1.25149104651482797e-13,        -2.56466582245241370e-13,        +6.66470234854853078e-14,        +6.44066899886122038e-13,        +3.44919929811491787e-13,        +7.93496694850443455e-13,        +4.68205688466598629e-13,        +5.19096986663786294e-13,        +0.00000000000000000e+00,        +0.00000000000000000e+00,        +0.00000000000000000e+00,        +0.00000000000000000e+00,        +0.00000000000000000e+00,        +0.00000000000000000e+00,        +0.00000000000000000e+00,        +0.00000000000000000e+00,        +0.00000000000000000e+00,        +0.00000000000000000e+00,        +0.00000000000000000e+00,        +0.00000000000000000e+00,        +0.00000000000000000e+00,        +0.00000000000000000e+00,        +0.00000000000000000e+00,        +0.00000000000000000e+00,        +0.00000000000000000e+00,        +0.00000000000000000e+00,        +0.00000000000000000e+00,        +0.00000000000000000e+00,        +0.00000000000000000e+00,        +0.00000000000000000e+00,        +0.00000000000000000e+00,        +0.00000000000000000e+00,        +0.00000000000000000e+00,        +0.00000000000000000e+00,        +0.00000000000000000e+00,        +0.00000000000000000e+00,        +0.00000000000000000e+00,        +0.00000000000000000e+00,        +0.00000000000000000e+00,        +0.00000000000000000e+00,        +0.00000000000000000e+00,        +0.00000000000000000e+00,        +0.00000000000000000e+00,        +0.00000000000000000e+00,        +0.00000000000000000e+00,        +0.00000000000000000e+00,        +0.00000000000000000e+00,        +0.00000000000000000e+00,        +0.00000000000000000e+00,        +0.00000000000000000e+00,        +0.00000000000000000e+00,        +0.00000000000000000e+00,        +0.00000000000000000e+00,        +0.00000000000000000e+00,        +0.00000000000000000e+00,        +0.00000000000000000e+00,        +0.00000000000000000e+00,        +0.00000000000000000e+00,        +0.00000000000000000e+00,        +0.00000000000000000e+00,        +0.00000000000000000e+00,        +0.00000000000000000e+00,        +0.00000000000000000e+00,        +0.00000000000000000e+00,        +0.00000000000000000e+00,        +0.00000000000000000e+00,        +0.00000000000000000e+00,        +0.00000000000000000e+00,        +0.00000000000000000e+00,        +0.00000000000000000e+00,        +0.00000000000000000e+00,        +0.00000000000000000e+00,        +0.00000000000000000e+00,        +0.00000000000000000e+00,        +0.00000000000000000e+00,        +0.00000000000000000e+00,        +0.00000000000000000e+00,        +0.00000000000000000e+00,        +0.00000000000000000e+00,        +0.00000000000000000e+00,        +0.00000000000000000e+00,        +0.00000000000000000e+00,        +0.00000000000000000e+00,        +0.00000000000000000e+00,        +0.00000000000000000e+00,        +0.00000000000000000e+00,        +0.00000000000000000e+00,        +0.00000000000000000e+00,        +0.00000000000000000e+00,        +0.00000000000000000e+00,        +0.00000000000000000e+00,        +0.00000000000000000e+00,        +0.00000000000000000e+00,        +0.00000000000000000e+00
        -2.13117602591055884e-28,        +1.03305344684120398e-28,        +7.56501571836010726e-16,        +8.35597469537524527e-15,        -7.46450607661741196e-15,        +1.17464749610474322e-15,        -5.00985435162072730e-15,        -4.01790377466509480e-14,        +1.53092251480264791e-13,        -1.76208787879423032e-13,        +4.53580830841718106e-13,        -1.85088863285696471e-13,        -4.62951675929392064e-13,        +5.74732878408902342e-13,        -1.32840209869319870e-13,        -3.65546458917323368e-13,        +3.80255688814968534e-14,        +8.55070651903602580e-13,        +3.88859147933448751e-14,        +1.01327965626815728e-12,        +5.19096986663786698e-13,        +8.13121865517273194e-13,        +0.00000000000000000e+00,        +0.00000000000000000e+00,        +0.00000000000000000e+00,        +0.00000000000000000e+00,        +0.00000000000000000e+00,        +0.00000000000000000e+00,        +0.00000000000000000e+00,        +0.00000000000000000e+00,        +0.00000000000000000e+00,        +0.00000000000000000e+00,        +0.00000000000000000e+00,        +0.00000000000000000e+00,        +0.00000000000000000e+00,        +0.00000000000000000e+00,        +0.00000000000000000e+00,        +0.00000000000000000e+00,        +0.00000000000000000e+00,        +0.00000000000000000e+00,        +0.00000000000000000e+00,        +0.00000000000000000e+00,        +0.00000000000000000e+00,        +0.00000000000000000e+00,        +0.00000000000000000e+00,        +0.00000000000000000e+00,        +0.00000000000000000e+00,        +0.00000000000000000e+00,        +0.00000000000000000e+00,        +0.00000000000000000e+00,        +0.00000000000000000e+00,        +0.00000000000000000e+00,        +0.00000000000000000e+00,        +0.00000000000000000e+00,        +0.00000000000000000e+00,        +0.00000000000000000e+00,        +0.00000000000000000e+00,        +0.00000000000000000e+00,        +0.00000000000000000e+00,        +0.00000000000000000e+00,        +0.00000000000000000e+00,        +0.00000000000000000e+00,        +0.00000000000000000e+00,        +0.00000000000000000e+00,        +0.00000000000000000e+00,        +0.00000000000000000e+00,        +0.00000000000000000e+00,        +0.00000000000000000e+00,        +0.00000000000000000e+00,        +0.00000000000000000e+00,        +0.00000000000000000e+00,        +0.00000000000000000e+00,        +0.00000000000000000e+00,        +0.00000000000000000e+00,        +0.00000000000000000e+00,        +0.00000000000000000e+00,        +0.00000000000000000e+00,        +0.00000000000000000e+00,        +0.00000000000000000e+00,        +0.00000000000000000e+00,        +0.00000000000000000e+00,        +0.00000000000000000e+00,        +0.00000000000000000e+00,        +0.00000000000000000e+00,        +0.00000000000000000e+00,        +0.00000000000000000e+00,        +0.00000000000000000e+00,        +0.00000000000000000e+00,        +0.00000000000000000e+00,        +0.00000000000000000e+00,        +0.00000000000000000e+00,        +0.00000000000000000e+00,        +0.00000000000000000e+00,        +0.00000000000000000e+00,        +0.00000000000000000e+00,        +0.00000000000000000e+00,        +0.00000000000000000e+00,        +0.00000000000000000e+00,        +0.00000000000000000e+00,        +0.00000000000000000e+00,        +0.00000000000000000e+00,        +0.00000000000000000e+00,        +0.00000000000000000e+00,        +0.00000000000000000e+00,        +0.00000000000000000e+00,        +0.00000000000000000e+00,        +0.00000000000000000e+00,        +0.00000000000000000e+00
        +0.00000000000000000e+00,        +0.00000000000000000e+00,        +0.00000000000000000e+00,        +0.00000000000000000e+00,        +0.00000000000000000e+00,        +0.00000000000000000e+00,        +0.00000000000000000e+00,        +0.00000000000000000e+00,        +0.00000000000000000e+00,        +0.00000000000000000e+00,        +0.00000000000000000e+00,        +0.00000000000000000e+00,        +0.00000000000000000e+00,        +0.00000000000000000e+00,        +0.00000000000000000e+00,        +0.00000000000000000e+00,        +0.00000000000000000e+00,        +0.00000000000000000e+00,        +0.00000000000000000e+00,        +0.00000000000000000e+00,        +0.00000000000000000e+00,        +0.00000000000000000e+00,        +0.00000000000000000e+00,        +0.00000000000000000e+00,        +0.00000000000000000e+00,        +0.00000000000000000e+00,        +0.00000000000000000e+00,        +0.00000000000000000e+00,        +0.00000000000000000e+00,        +0.00000000000000000e+00,        +0.00000000000000000e+00,        +0.00000000000000000e+00,        +0.00000000000000000e+00,        +0.00000000000000000e+00,        +0.00000000000000000e+00,        +0.00000000000000000e+00,        +0.00000000000000000e+00,        +0.00000000000000000e+00,        +0.00000000000000000e+00,        +0.00000000000000000e+00,        +0.00000000000000000e+00,        +0.00000000000000000e+00,        +0.00000000000000000e+00,        +0.00000000000000000e+00,        +0.00000000000000000e+00,        +0.00000000000000000e+00,        +0.00000000000000000e+00,        +0.00000000000000000e+00,        +0.00000000000000000e+00,        +0.00000000000000000e+00,        +0.00000000000000000e+00,        +0.00000000000000000e+00,        +0.00000000000000000e+00,        +0.00000000000000000e+00,        +0.00000000000000000e+00,        +0.00000000000000000e+00,        +0.00000000000000000e+00,        +0.00000000000000000e+00,        +0.00000000000000000e+00,        +0.00000000000000000e+00,        +0.00000000000000000e+00,        +0.00000000000000000e+00,        +0.00000000000000000e+00,        +0.00000000000000000e+00,        +0.00000000000000000e+00,        +0.00000000000000000e+00,        +0.00000000000000000e+00,        +0.00000000000000000e+00,        +0.00000000000000000e+00,        +0.00000000000000000e+00,        +0.00000000000000000e+00,        +0.00000000000000000e+00,        +0.00000000000000000e+00,        +0.00000000000000000e+00,        +0.00000000000000000e+00,        +0.00000000000000000e+00,        +0.00000000000000000e+00,        +0.00000000000000000e+00,        +0.00000000000000000e+00,        +0.00000000000000000e+00,        +0.00000000000000000e+00,        +0.00000000000000000e+00,        +0.00000000000000000e+00,        +0.00000000000000000e+00,        +0.00000000000000000e+00,        +0.00000000000000000e+00,        +0.00000000000000000e+00,        +0.00000000000000000e+00,        +0.00000000000000000e+00,        +0.00000000000000000e+00,        +0.00000000000000000e+00,        +0.00000000000000000e+00,        +0.00000000000000000e+00,        +0.00000000000000000e+00,        +0.00000000000000000e+00,        +0.00000000000000000e+00,        +0.00000000000000000e+00,        +0.00000000000000000e+00,        +0.00000000000000000e+00,        +0.00000000000000000e+00,        +0.00000000000000000e+00,        +0.00000000000000000e+00,        +0.00000000000000000e+00,        +0.00000000000000000e+00,        +0.00000000000000000e+00,        +0.00000000000000000e+00,        +0.00000000000000000e+00,        +0.00000000000000000e+00
        +0.00000000000000000e+00,        +0.00000000000000000e+00,        +0.00000000000000000e+00,        +0.00000000000000000e+00,        +0.00000000000000000e+00,        +0.00000000000000000e+00,        +0.00000000000000000e+00,        +0.00000000000000000e+00,        +0.00000000000000000e+00,        +0.00000000000000000e+00,        +0.00000000000000000e+00,        +0.00000000000000000e+00,        +0.00000000000000000e+00,        +0.00000000000000000e+00,        +0.00000000000000000e+00,        +0.00000000000000000e+00,        +0.00000000000000000e+00,        +0.00000000000000000e+00,        +0.00000000000000000e+00,        +0.00000000000000000e+00,        +0.00000000000000000e+00,        +0.00000000000000000e+00,        +0.00000000000000000e+00,        +0.00000000000000000e+00,        +0.00000000000000000e+00,        +0.00000000000000000e+00,        +0.00000000000000000e+00,        +0.00000000000000000e+00,        +0.00000000000000000e+00,        +0.00000000000000000e+00,        +0.00000000000000000e+00,        +0.00000000000000000e+00,        +0.00000000000000000e+00,        +0.00000000000000000e+00,        +0.00000000000000000e+00,        +0.00000000000000000e+00,        +0.00000000000000000e+00,        +0.00000000000000000e+00,        +0.00000000000000000e+00,        +0.00000000000000000e+00,        +0.00000000000000000e+00,        +0.00000000000000000e+00,        +0.00000000000000000e+00,        +0.00000000000000000e+00,        +0.00000000000000000e+00,        +0.00000000000000000e+00,        +0.00000000000000000e+00,        +0.00000000000000000e+00,        +0.00000000000000000e+00,        +0.00000000000000000e+00,        +0.00000000000000000e+00,        +0.00000000000000000e+00,        +0.00000000000000000e+00,        +0.00000000000000000e+00,        +0.00000000000000000e+00,        +0.00000000000000000e+00,        +0.00000000000000000e+00,        +0.00000000000000000e+00,        +0.00000000000000000e+00,        +0.00000000000000000e+00,        +0.00000000000000000e+00,        +0.00000000000000000e+00,        +0.00000000000000000e+00,        +0.00000000000000000e+00,        +0.00000000000000000e+00,        +0.00000000000000000e+00,        +0.00000000000000000e+00,        +0.00000000000000000e+00,        +0.00000000000000000e+00,        +0.00000000000000000e+00,        +0.00000000000000000e+00,        +0.00000000000000000e+00,        +0.00000000000000000e+00,        +0.00000000000000000e+00,        +0.00000000000000000e+00,        +0.00000000000000000e+00,        +0.00000000000000000e+00,        +0.00000000000000000e+00,        +0.00000000000000000e+00,        +0.00000000000000000e+00,        +0.00000000000000000e+00,        +0.00000000000000000e+00,        +0.00000000000000000e+00,        +0.00000000000000000e+00,        +0.00000000000000000e+00,        +0.00000000000000000e+00,        +0.00000000000000000e+00,        +0.00000000000000000e+00,        +0.00000000000000000e+00,        +0.00000000000000000e+00,        +0.00000000000000000e+00,        +0.00000000000000000e+00,        +0.00000000000000000e+00,        +0.00000000000000000e+00,        +0.00000000000000000e+00,        +0.00000000000000000e+00,        +0.00000000000000000e+00,        +0.00000000000000000e+00,        +0.00000000000000000e+00,        +0.00000000000000000e+00,        +0.00000000000000000e+00,        +0.00000000000000000e+00,        +0.00000000000000000e+00,        +0.00000000000000000e+00,        +0.00000000000000000e+00,        +0.00000000000000000e+00,        +0.00000000000000000e+00,        +0.00000000000000000e+00
        +0.00000000000000000e+00,        +0.00000000000000000e+00,        +0.00000000000000000e+00,        +0.00000000000000000e+00,        +0.00000000000000000e+00,        +0.00000000000000000e+00,        +0.00000000000000000e+00,        +0.00000000000000000e+00,        +0.00000000000000000e+00,        +0.00000000000000000e+00,        +0.00000000000000000e+00,        +0.00000000000000000e+00,        +0.00000000000000000e+00,        +0.00000000000000000e+00,        +0.00000000000000000e+00,        +0.00000000000000000e+00,        +0.00000000000000000e+00,        +0.00000000000000000e+00,        +0.00000000000000000e+00,        +0.00000000000000000e+00,        +0.00000000000000000e+00,        +0.00000000000000000e+00,        +0.00000000000000000e+00,        +0.00000000000000000e+00,        +0.00000000000000000e+00,        +0.00000000000000000e+00,        +0.00000000000000000e+00,        +0.00000000000000000e+00,        +0.00000000000000000e+00,        +0.00000000000000000e+00,        +0.00000000000000000e+00,        +0.00000000000000000e+00,        +0.00000000000000000e+00,        +0.00000000000000000e+00,        +0.00000000000000000e+00,        +0.00000000000000000e+00,        +0.00000000000000000e+00,        +0.00000000000000000e+00,        +0.00000000000000000e+00,        +0.00000000000000000e+00,        +0.00000000000000000e+00,        +0.00000000000000000e+00,        +0.00000000000000000e+00,        +0.00000000000000000e+00,        +0.00000000000000000e+00,        +0.00000000000000000e+00,        +0.00000000000000000e+00,        +0.00000000000000000e+00,        +0.00000000000000000e+00,        +0.00000000000000000e+00,        +0.00000000000000000e+00,        +0.00000000000000000e+00,        +0.00000000000000000e+00,        +0.00000000000000000e+00,        +0.00000000000000000e+00,        +0.00000000000000000e+00,        +0.00000000000000000e+00,        +0.00000000000000000e+00,        +0.00000000000000000e+00,        +0.00000000000000000e+00,        +0.00000000000000000e+00,        +0.00000000000000000e+00,        +0.00000000000000000e+00,        +0.00000000000000000e+00,        +0.00000000000000000e+00,        +0.00000000000000000e+00,        +0.00000000000000000e+00,        +0.00000000000000000e+00,        +0.00000000000000000e+00,        +0.00000000000000000e+00,        +0.00000000000000000e+00,        +0.00000000000000000e+00,        +0.00000000000000000e+00,        +0.00000000000000000e+00,        +0.00000000000000000e+00,        +0.00000000000000000e+00,        +0.00000000000000000e+00,        +0.00000000000000000e+00,        +0.00000000000000000e+00,        +0.00000000000000000e+00,        +0.00000000000000000e+00,        +0.00000000000000000e+00,        +0.00000000000000000e+00,        +0.00000000000000000e+00,        +0.00000000000000000e+00,        +0.00000000000000000e+00,        +0.00000000000000000e+00,        +0.00000000000000000e+00,        +0.00000000000000000e+00,        +0.00000000000000000e+00,        +0.00000000000000000e+00,        +0.00000000000000000e+00,        +0.00000000000000000e+00,        +0.00000000000000000e+00,        +0.00000000000000000e+00,        +0.00000000000000000e+00,        +0.00000000000000000e+00,        +0.00000000000000000e+00,        +0.00000000000000000e+00,        +0.00000000000000000e+00,        +0.00000000000000000e+00,        +0.00000000000000000e+00,        +0.00000000000000000e+00,        +0.00000000000000000e+00,        +0.00000000000000000e+00,        +0.00000000000000000e+00,        +0.00000000000000000e+00,        +0.00000000000000000e+00
        +0.00000000000000000e+00,        +0.00000000000000000e+00,        +0.00000000000000000e+00,        +0.00000000000000000e+00,        +0.00000000000000000e+00,        +0.00000000000000000e+00,        +0.00000000000000000e+00,        +0.00000000000000000e+00,        +0.00000000000000000e+00,        +0.00000000000000000e+00,        +0.00000000000000000e+00,        +0.00000000000000000e+00,        +0.00000000000000000e+00,        +0.00000000000000000e+00,        +0.00000000000000000e+00,        +0.00000000000000000e+00,        +0.00000000000000000e+00,        +0.00000000000000000e+00,        +0.00000000000000000e+00,        +0.00000000000000000e+00,        +0.00000000000000000e+00,        +0.00000000000000000e+00,        +0.00000000000000000e+00,        +0.00000000000000000e+00,        +0.00000000000000000e+00,        +0.00000000000000000e+00,        +0.00000000000000000e+00,        +0.00000000000000000e+00,        +0.00000000000000000e+00,        +0.00000000000000000e+00,        +0.00000000000000000e+00,        +0.00000000000000000e+00,        +0.00000000000000000e+00,        +0.00000000000000000e+00,        +0.00000000000000000e+00,        +0.00000000000000000e+00,        +0.00000000000000000e+00,        +0.00000000000000000e+00,        +0.00000000000000000e+00,        +0.00000000000000000e+00,        +0.00000000000000000e+00,        +0.00000000000000000e+00,        +0.00000000000000000e+00,        +0.00000000000000000e+00,        +0.00000000000000000e+00,        +0.00000000000000000e+00,        +0.00000000000000000e+00,        +0.00000000000000000e+00,        +0.00000000000000000e+00,        +0.00000000000000000e+00,        +0.00000000000000000e+00,        +0.00000000000000000e+00,        +0.00000000000000000e+00,        +0.00000000000000000e+00,        +0.00000000000000000e+00,        +0.00000000000000000e+00,        +0.00000000000000000e+00,        +0.00000000000000000e+00,        +0.00000000000000000e+00,        +0.00000000000000000e+00,        +0.00000000000000000e+00,        +0.00000000000000000e+00,        +0.00000000000000000e+00,        +0.00000000000000000e+00,        +0.00000000000000000e+00,        +0.00000000000000000e+00,        +0.00000000000000000e+00,        +0.00000000000000000e+00,        +0.00000000000000000e+00,        +0.00000000000000000e+00,        +0.00000000000000000e+00,        +0.00000000000000000e+00,        +0.00000000000000000e+00,        +0.00000000000000000e+00,        +0.00000000000000000e+00,        +0.00000000000000000e+00,        +0.00000000000000000e+00,        +0.00000000000000000e+00,        +0.00000000000000000e+00,        +0.00000000000000000e+00,        +0.00000000000000000e+00,        +0.00000000000000000e+00,        +0.00000000000000000e+00,        +0.00000000000000000e+00,        +0.00000000000000000e+00,        +0.00000000000000000e+00,        +0.00000000000000000e+00,        +0.00000000000000000e+00,        +0.00000000000000000e+00,        +0.00000000000000000e+00,        +0.00000000000000000e+00,        +0.00000000000000000e+00,        +0.00000000000000000e+00,        +0.00000000000000000e+00,        +0.00000000000000000e+00,        +0.00000000000000000e+00,        +0.00000000000000000e+00,        +0.00000000000000000e+00,        +0.00000000000000000e+00,        +0.00000000000000000e+00,        +0.00000000000000000e+00,        +0.00000000000000000e+00,        +0.00000000000000000e+00,        +0.00000000000000000e+00,        +0.00000000000000000e+00,        +0.00000000000000000e+00,        +0.00000000000000000e+00,        +0.00000000000000000e+00
        +0.00000000000000000e+00,        +0.00000000000000000e+00,        +0.00000000000000000e+00,        +0.00000000000000000e+00,        +0.00000000000000000e+00,        +0.00000000000000000e+00,        +0.00000000000000000e+00,        +0.00000000000000000e+00,        +0.00000000000000000e+00,        +0.00000000000000000e+00,        +0.00000000000000000e+00,        +0.00000000000000000e+00,        +0.00000000000000000e+00,        +0.00000000000000000e+00,        +0.00000000000000000e+00,        +0.00000000000000000e+00,        +0.00000000000000000e+00,        +0.00000000000000000e+00,        +0.00000000000000000e+00,        +0.00000000000000000e+00,        +0.00000000000000000e+00,        +0.00000000000000000e+00,        +0.00000000000000000e+00,        +0.00000000000000000e+00,        +0.00000000000000000e+00,        +0.00000000000000000e+00,        +0.00000000000000000e+00,        +0.00000000000000000e+00,        +0.00000000000000000e+00,        +0.00000000000000000e+00,        +0.00000000000000000e+00,        +0.00000000000000000e+00,        +0.00000000000000000e+00,        +0.00000000000000000e+00,        +0.00000000000000000e+00,        +0.00000000000000000e+00,        +0.00000000000000000e+00,        +0.00000000000000000e+00,        +0.00000000000000000e+00,        +0.00000000000000000e+00,        +0.00000000000000000e+00,        +0.00000000000000000e+00,        +0.00000000000000000e+00,        +0.00000000000000000e+00,        +0.00000000000000000e+00,        +0.00000000000000000e+00,        +0.00000000000000000e+00,        +0.00000000000000000e+00,        +0.00000000000000000e+00,        +0.00000000000000000e+00,        +0.00000000000000000e+00,        +0.00000000000000000e+00,        +0.00000000000000000e+00,        +0.00000000000000000e+00,        +0.00000000000000000e+00,        +0.00000000000000000e+00,        +0.00000000000000000e+00,        +0.00000000000000000e+00,        +0.00000000000000000e+00,        +0.00000000000000000e+00,        +0.00000000000000000e+00,        +0.00000000000000000e+00,        +0.00000000000000000e+00,        +0.00000000000000000e+00,        +0.00000000000000000e+00,        +0.00000000000000000e+00,        +0.00000000000000000e+00,        +0.00000000000000000e+00,        +0.00000000000000000e+00,        +0.00000000000000000e+00,        +0.00000000000000000e+00,        +0.00000000000000000e+00,        +0.00000000000000000e+00,        +0.00000000000000000e+00,        +0.00000000000000000e+00,        +0.00000000000000000e+00,        +0.00000000000000000e+00,        +0.00000000000000000e+00,        +0.00000000000000000e+00,        +0.00000000000000000e+00,        +0.00000000000000000e+00,        +0.00000000000000000e+00,        +0.00000000000000000e+00,        +0.00000000000000000e+00,        +0.00000000000000000e+00,        +0.00000000000000000e+00,        +0.00000000000000000e+00,        +0.00000000000000000e+00,        +0.00000000000000000e+00,        +0.00000000000000000e+00,        +0.00000000000000000e+00,        +0.00000000000000000e+00,        +0.00000000000000000e+00,        +0.00000000000000000e+00,        +0.00000000000000000e+00,        +0.00000000000000000e+00,        +0.00000000000000000e+00,        +0.00000000000000000e+00,        +0.00000000000000000e+00,        +0.00000000000000000e+00,        +0.00000000000000000e+00,        +0.00000000000000000e+00,        +0.00000000000000000e+00,        +0.00000000000000000e+00,        +0.00000000000000000e+00,        +0.00000000000000000e+00,        +0.00000000000000000e+00,        +0.00000000000000000e+00
        +0.00000000000000000e+00,        +0.00000000000000000e+00,        +0.00000000000000000e+00,        +0.00000000000000000e+00,        +0.00000000000000000e+00,        +0.00000000000000000e+00,        +0.00000000000000000e+00,        +0.00000000000000000e+00,        +0.00000000000000000e+00,        +0.00000000000000000e+00,        +0.00000000000000000e+00,        +0.00000000000000000e+00,        +0.00000000000000000e+00,        +0.00000000000000000e+00,        +0.00000000000000000e+00,        +0.00000000000000000e+00,        +0.00000000000000000e+00,        +0.00000000000000000e+00,        +0.00000000000000000e+00,        +0.00000000000000000e+00,        +0.00000000000000000e+00,        +0.00000000000000000e+00,        +0.00000000000000000e+00,        +0.00000000000000000e+00,        +0.00000000000000000e+00,        +0.00000000000000000e+00,        +0.00000000000000000e+00,        +0.00000000000000000e+00,        +0.00000000000000000e+00,        +0.00000000000000000e+00,        +0.00000000000000000e+00,        +0.00000000000000000e+00,        +0.00000000000000000e+00,        +0.00000000000000000e+00,        +0.00000000000000000e+00,        +0.00000000000000000e+00,        +0.00000000000000000e+00,        +0.00000000000000000e+00,        +0.00000000000000000e+00,        +0.00000000000000000e+00,        +0.00000000000000000e+00,        +0.00000000000000000e+00,        +0.00000000000000000e+00,        +0.00000000000000000e+00,        +0.00000000000000000e+00,        +0.00000000000000000e+00,        +0.00000000000000000e+00,        +0.00000000000000000e+00,        +0.00000000000000000e+00,        +0.00000000000000000e+00,        +0.00000000000000000e+00,        +0.00000000000000000e+00,        +0.00000000000000000e+00,        +0.00000000000000000e+00,        +0.00000000000000000e+00,        +0.00000000000000000e+00,        +0.00000000000000000e+00,        +0.00000000000000000e+00,        +0.00000000000000000e+00,        +0.00000000000000000e+00,        +0.00000000000000000e+00,        +0.00000000000000000e+00,        +0.00000000000000000e+00,        +0.00000000000000000e+00,        +0.00000000000000000e+00,        +0.00000000000000000e+00,        +0.00000000000000000e+00,        +0.00000000000000000e+00,        +0.00000000000000000e+00,        +0.00000000000000000e+00,        +0.00000000000000000e+00,        +0.00000000000000000e+00,        +0.00000000000000000e+00,        +0.00000000000000000e+00,        +0.00000000000000000e+00,        +0.00000000000000000e+00,        +0.00000000000000000e+00,        +0.00000000000000000e+00,        +0.00000000000000000e+00,        +0.00000000000000000e+00,        +0.00000000000000000e+00,        +0.00000000000000000e+00,        +0.00000000000000000e+00,        +0.00000000000000000e+00,        +0.00000000000000000e+00,        +0.00000000000000000e+00,        +0.00000000000000000e+00,        +0.00000000000000000e+00,        +0.00000000000000000e+00,        +0.00000000000000000e+00,        +0.00000000000000000e+00,        +0.00000000000000000e+00,        +0.00000000000000000e+00,        +0.00000000000000000e+00,        +0.00000000000000000e+00,        +0.00000000000000000e+00,        +0.00000000000000000e+00,        +0.00000000000000000e+00,        +0.00000000000000000e+00,        +0.00000000000000000e+00,        +0.00000000000000000e+00,        +0.00000000000000000e+00,        +0.00000000000000000e+00,        +0.00000000000000000e+00,        +0.00000000000000000e+00,        +0.00000000000000000e+00,        +0.00000000000000000e+00,        +0.00000000000000000e+00
        +0.00000000000000000e+00,        +0.00000000000000000e+00,        +0.00000000000000000e+00,        +0.00000000000000000e+00,        +0.00000000000000000e+00,        +0.00000000000000000e+00,        +0.00000000000000000e+00,        +0.00000000000000000e+00,        +0.00000000000000000e+00,        +0.00000000000000000e+00,        +0.00000000000000000e+00,        +0.00000000000000000e+00,        +0.00000000000000000e+00,        +0.00000000000000000e+00,        +0.00000000000000000e+00,        +0.00000000000000000e+00,        +0.00000000000000000e+00,        +0.00000000000000000e+00,        +0.00000000000000000e+00,        +0.00000000000000000e+00,        +0.00000000000000000e+00,        +0.00000000000000000e+00,        +0.00000000000000000e+00,        +0.00000000000000000e+00,        +0.00000000000000000e+00,        +0.00000000000000000e+00,        +0.00000000000000000e+00,        +0.00000000000000000e+00,        +0.00000000000000000e+00,        +0.00000000000000000e+00,        +0.00000000000000000e+00,        +0.00000000000000000e+00,        +0.00000000000000000e+00,        +0.00000000000000000e+00,        +0.00000000000000000e+00,        +0.00000000000000000e+00,        +0.00000000000000000e+00,        +0.00000000000000000e+00,        +0.00000000000000000e+00,        +0.00000000000000000e+00,        +0.00000000000000000e+00,        +0.00000000000000000e+00,        +0.00000000000000000e+00,        +0.00000000000000000e+00,        +0.00000000000000000e+00,        +0.00000000000000000e+00,        +0.00000000000000000e+00,        +0.00000000000000000e+00,        +0.00000000000000000e+00,        +0.00000000000000000e+00,        +0.00000000000000000e+00,        +0.00000000000000000e+00,        +0.00000000000000000e+00,        +0.00000000000000000e+00,        +0.00000000000000000e+00,        +0.00000000000000000e+00,        +0.00000000000000000e+00,        +0.00000000000000000e+00,        +0.00000000000000000e+00,        +0.00000000000000000e+00,        +0.00000000000000000e+00,        +0.00000000000000000e+00,        +0.00000000000000000e+00,        +0.00000000000000000e+00,        +0.00000000000000000e+00,        +0.00000000000000000e+00,        +0.00000000000000000e+00,        +0.00000000000000000e+00,        +0.00000000000000000e+00,        +0.00000000000000000e+00,        +0.00000000000000000e+00,        +0.00000000000000000e+00,        +0.00000000000000000e+00,        +0.00000000000000000e+00,        +0.00000000000000000e+00,        +0.00000000000000000e+00,        +0.00000000000000000e+00,        +0.00000000000000000e+00,        +0.00000000000000000e+00,        +0.00000000000000000e+00,        +0.00000000000000000e+00,        +0.00000000000000000e+00,        +0.00000000000000000e+00,        +0.00000000000000000e+00,        +0.00000000000000000e+00,        +0.00000000000000000e+00,        +0.00000000000000000e+00,        +0.00000000000000000e+00,        +0.00000000000000000e+00,        +0.00000000000000000e+00,        +0.00000000000000000e+00,        +0.00000000000000000e+00,        +0.00000000000000000e+00,        +0.00000000000000000e+00,        +0.00000000000000000e+00,        +0.00000000000000000e+00,        +0.00000000000000000e+00,        +0.00000000000000000e+00,        +0.00000000000000000e+00,        +0.00000000000000000e+00,        +0.00000000000000000e+00,        +0.00000000000000000e+00,        +0.00000000000000000e+00,        +0.00000000000000000e+00,        +0.00000000000000000e+00,        +0.00000000000000000e+00,        +0.00000000000000000e+00,        +0.00000000000000000e+00
        +0.00000000000000000e+00,        +0.00000000000000000e+00,        +0.00000000000000000e+00,        +0.00000000000000000e+00,        +0.00000000000000000e+00,        +0.00000000000000000e+00,        +0.00000000000000000e+00,        +0.00000000000000000e+00,        +0.00000000000000000e+00,        +0.00000000000000000e+00,        +0.00000000000000000e+00,        +0.00000000000000000e+00,        +0.00000000000000000e+00,        +0.00000000000000000e+00,        +0.00000000000000000e+00,        +0.00000000000000000e+00,        +0.00000000000000000e+00,        +0.00000000000000000e+00,        +0.00000000000000000e+00,        +0.00000000000000000e+00,        +0.00000000000000000e+00,        +0.00000000000000000e+00,        +0.00000000000000000e+00,        +0.00000000000000000e+00,        +0.00000000000000000e+00,        +0.00000000000000000e+00,        +0.00000000000000000e+00,        +0.00000000000000000e+00,        +0.00000000000000000e+00,        +0.00000000000000000e+00,        +0.00000000000000000e+00,        +0.00000000000000000e+00,        +0.00000000000000000e+00,        +0.00000000000000000e+00,        +0.00000000000000000e+00,        +0.00000000000000000e+00,        +0.00000000000000000e+00,        +0.00000000000000000e+00,        +0.00000000000000000e+00,        +0.00000000000000000e+00,        +0.00000000000000000e+00,        +0.00000000000000000e+00,        +0.00000000000000000e+00,        +0.00000000000000000e+00,        +0.00000000000000000e+00,        +0.00000000000000000e+00,        +0.00000000000000000e+00,        +0.00000000000000000e+00,        +0.00000000000000000e+00,        +0.00000000000000000e+00,        +0.00000000000000000e+00,        +0.00000000000000000e+00,        +0.00000000000000000e+00,        +0.00000000000000000e+00,        +0.00000000000000000e+00,        +0.00000000000000000e+00,        +0.00000000000000000e+00,        +0.00000000000000000e+00,        +0.00000000000000000e+00,        +0.00000000000000000e+00,        +0.00000000000000000e+00,        +0.00000000000000000e+00,        +0.00000000000000000e+00,        +0.00000000000000000e+00,        +0.00000000000000000e+00,        +0.00000000000000000e+00,        +0.00000000000000000e+00,        +0.00000000000000000e+00,        +0.00000000000000000e+00,        +0.00000000000000000e+00,        +0.00000000000000000e+00,        +0.00000000000000000e+00,        +0.00000000000000000e+00,        +0.00000000000000000e+00,        +0.00000000000000000e+00,        +0.00000000000000000e+00,        +0.00000000000000000e+00,        +0.00000000000000000e+00,        +0.00000000000000000e+00,        +0.00000000000000000e+00,        +0.00000000000000000e+00,        +0.00000000000000000e+00,        +0.00000000000000000e+00,        +0.00000000000000000e+00,        +0.00000000000000000e+00,        +0.00000000000000000e+00,        +0.00000000000000000e+00,        +0.00000000000000000e+00,        +0.00000000000000000e+00,        +0.00000000000000000e+00,        +0.00000000000000000e+00,        +0.00000000000000000e+00,        +0.00000000000000000e+00,        +0.00000000000000000e+00,        +0.00000000000000000e+00,        +0.00000000000000000e+00,        +0.00000000000000000e+00,        +0.00000000000000000e+00,        +0.00000000000000000e+00,        +0.00000000000000000e+00,        +0.00000000000000000e+00,        +0.00000000000000000e+00,        +0.00000000000000000e+00,        +0.00000000000000000e+00,        +0.00000000000000000e+00,        +0.00000000000000000e+00,        +0.00000000000000000e+00,        +0.00000000000000000e+00
        +0.00000000000000000e+00,        +0.00000000000000000e+00,        +0.00000000000000000e+00,        +0.00000000000000000e+00,        +0.00000000000000000e+00,        +0.00000000000000000e+00,        +0.00000000000000000e+00,        +0.00000000000000000e+00,        +0.00000000000000000e+00,        +0.00000000000000000e+00,        +0.00000000000000000e+00,        +0.00000000000000000e+00,        +0.00000000000000000e+00,        +0.00000000000000000e+00,        +0.00000000000000000e+00,        +0.00000000000000000e+00,        +0.00000000000000000e+00,        +0.00000000000000000e+00,        +0.00000000000000000e+00,        +0.00000000000000000e+00,        +0.00000000000000000e+00,        +0.00000000000000000e+00,        +0.00000000000000000e+00,        +0.00000000000000000e+00,        +0.00000000000000000e+00,        +0.00000000000000000e+00,        +0.00000000000000000e+00,        +0.00000000000000000e+00,        +0.00000000000000000e+00,        +0.00000000000000000e+00,        +0.00000000000000000e+00,        +0.00000000000000000e+00,        +0.00000000000000000e+00,        +0.00000000000000000e+00,        +0.00000000000000000e+00,        +0.00000000000000000e+00,        +0.00000000000000000e+00,        +0.00000000000000000e+00,        +0.00000000000000000e+00,        +0.00000000000000000e+00,        +0.00000000000000000e+00,        +0.00000000000000000e+00,        +0.00000000000000000e+00,        +0.00000000000000000e+00,        +0.00000000000000000e+00,        +0.00000000000000000e+00,        +0.00000000000000000e+00,        +0.00000000000000000e+00,        +0.00000000000000000e+00,        +0.00000000000000000e+00,        +0.00000000000000000e+00,        +0.00000000000000000e+00,        +0.00000000000000000e+00,        +0.00000000000000000e+00,        +0.00000000000000000e+00,        +0.00000000000000000e+00,        +0.00000000000000000e+00,        +0.00000000000000000e+00,        +0.00000000000000000e+00,        +0.00000000000000000e+00,        +0.00000000000000000e+00,        +0.00000000000000000e+00,        +0.00000000000000000e+00,        +0.00000000000000000e+00,        +0.00000000000000000e+00,        +0.00000000000000000e+00,        +0.00000000000000000e+00,        +0.00000000000000000e+00,        +0.00000000000000000e+00,        +0.00000000000000000e+00,        +0.00000000000000000e+00,        +0.00000000000000000e+00,        +0.00000000000000000e+00,        +0.00000000000000000e+00,        +0.00000000000000000e+00,        +0.00000000000000000e+00,        +0.00000000000000000e+00,        +0.00000000000000000e+00,        +0.00000000000000000e+00,        +0.00000000000000000e+00,        +0.00000000000000000e+00,        +0.00000000000000000e+00,        +0.00000000000000000e+00,        +0.00000000000000000e+00,        +0.00000000000000000e+00,        +0.00000000000000000e+00,        +0.00000000000000000e+00,        +0.00000000000000000e+00,        +0.00000000000000000e+00,        +0.00000000000000000e+00,        +0.00000000000000000e+00,        +0.00000000000000000e+00,        +0.00000000000000000e+00,        +0.00000000000000000e+00,        +0.00000000000000000e+00,        +0.00000000000000000e+00,        +0.00000000000000000e+00,        +0.00000000000000000e+00,        +0.00000000000000000e+00,        +0.00000000000000000e+00,        +0.00000000000000000e+00,        +0.00000000000000000e+00,        +0.00000000000000000e+00,        +0.00000000000000000e+00,        +0.00000000000000000e+00,        +0.00000000000000000e+00,        +0.00000000000000000e+00,        +0.00000000000000000e+00
        +0.00000000000000000e+00,        +0.00000000000000000e+00,        +0.00000000000000000e+00,        +0.00000000000000000e+00,        +0.00000000000000000e+00,        +0.00000000000000000e+00,        +0.00000000000000000e+00,        +0.00000000000000000e+00,        +0.00000000000000000e+00,        +0.00000000000000000e+00,        +0.00000000000000000e+00,        +0.00000000000000000e+00,        +0.00000000000000000e+00,        +0.00000000000000000e+00,        +0.00000000000000000e+00,        +0.00000000000000000e+00,        +0.00000000000000000e+00,        +0.00000000000000000e+00,        +0.00000000000000000e+00,        +0.00000000000000000e+00,        +0.00000000000000000e+00,        +0.00000000000000000e+00,        +0.00000000000000000e+00,        +0.00000000000000000e+00,        +0.00000000000000000e+00,        +0.00000000000000000e+00,        +0.00000000000000000e+00,        +0.00000000000000000e+00,        +0.00000000000000000e+00,        +0.00000000000000000e+00,        +0.00000000000000000e+00,        +0.00000000000000000e+00,        +0.00000000000000000e+00,        +0.00000000000000000e+00,        +0.00000000000000000e+00,        +0.00000000000000000e+00,        +0.00000000000000000e+00,        +0.00000000000000000e+00,        +0.00000000000000000e+00,        +0.00000000000000000e+00,        +0.00000000000000000e+00,        +0.00000000000000000e+00,        +0.00000000000000000e+00,        +0.00000000000000000e+00,        +0.00000000000000000e+00,        +0.00000000000000000e+00,        +0.00000000000000000e+00,        +0.00000000000000000e+00,        +0.00000000000000000e+00,        +0.00000000000000000e+00,        +0.00000000000000000e+00,        +0.00000000000000000e+00,        +0.00000000000000000e+00,        +0.00000000000000000e+00,        +0.00000000000000000e+00,        +0.00000000000000000e+00,        +0.00000000000000000e+00,        +0.00000000000000000e+00,        +0.00000000000000000e+00,        +0.00000000000000000e+00,        +0.00000000000000000e+00,        +0.00000000000000000e+00,        +0.00000000000000000e+00,        +0.00000000000000000e+00,        +0.00000000000000000e+00,        +0.00000000000000000e+00,        +0.00000000000000000e+00,        +0.00000000000000000e+00,        +0.00000000000000000e+00,        +0.00000000000000000e+00,        +0.00000000000000000e+00,        +0.00000000000000000e+00,        +0.00000000000000000e+00,        +0.00000000000000000e+00,        +0.00000000000000000e+00,        +0.00000000000000000e+00,        +0.00000000000000000e+00,        +0.00000000000000000e+00,        +0.00000000000000000e+00,        +0.00000000000000000e+00,        +0.00000000000000000e+00,        +0.00000000000000000e+00,        +0.00000000000000000e+00,        +0.00000000000000000e+00,        +0.00000000000000000e+00,        +0.00000000000000000e+00,        +0.00000000000000000e+00,        +0.00000000000000000e+00,        +0.00000000000000000e+00,        +0.00000000000000000e+00,        +0.00000000000000000e+00,        +0.00000000000000000e+00,        +0.00000000000000000e+00,        +0.00000000000000000e+00,        +0.00000000000000000e+00,        +0.00000000000000000e+00,        +0.00000000000000000e+00,        +0.00000000000000000e+00,        +0.00000000000000000e+00,        +0.00000000000000000e+00,        +0.00000000000000000e+00,        +0.00000000000000000e+00,        +0.00000000000000000e+00,        +0.00000000000000000e+00,        +0.00000000000000000e+00,        +0.00000000000000000e+00,        +0.00000000000000000e+00,        +0.00000000000000000e+00
        +0.00000000000000000e+00,        +0.00000000000000000e+00,        +0.00000000000000000e+00,        +0.00000000000000000e+00,        +0.00000000000000000e+00,        +0.00000000000000000e+00,        +0.00000000000000000e+00,        +0.00000000000000000e+00,        +0.00000000000000000e+00,        +0.00000000000000000e+00,        +0.00000000000000000e+00,        +0.00000000000000000e+00,        +0.00000000000000000e+00,        +0.00000000000000000e+00,        +0.00000000000000000e+00,        +0.00000000000000000e+00,        +0.00000000000000000e+00,        +0.00000000000000000e+00,        +0.00000000000000000e+00,        +0.00000000000000000e+00,        +0.00000000000000000e+00,        +0.00000000000000000e+00,        +0.00000000000000000e+00,        +0.00000000000000000e+00,        +0.00000000000000000e+00,        +0.00000000000000000e+00,        +0.00000000000000000e+00,        +0.00000000000000000e+00,        +0.00000000000000000e+00,        +0.00000000000000000e+00,        +0.00000000000000000e+00,        +0.00000000000000000e+00,        +0.00000000000000000e+00,        +0.00000000000000000e+00,        +0.00000000000000000e+00,        +0.00000000000000000e+00,        +0.00000000000000000e+00,        +0.00000000000000000e+00,        +0.00000000000000000e+00,        +0.00000000000000000e+00,        +0.00000000000000000e+00,        +0.00000000000000000e+00,        +0.00000000000000000e+00,        +0.00000000000000000e+00,        +0.00000000000000000e+00,        +0.00000000000000000e+00,        +0.00000000000000000e+00,        +0.00000000000000000e+00,        +0.00000000000000000e+00,        +0.00000000000000000e+00,        +0.00000000000000000e+00,        +0.00000000000000000e+00,        +0.00000000000000000e+00,        +0.00000000000000000e+00,        +0.00000000000000000e+00,        +0.00000000000000000e+00,        +0.00000000000000000e+00,        +0.00000000000000000e+00,        +0.00000000000000000e+00,        +0.00000000000000000e+00,        +0.00000000000000000e+00,        +0.00000000000000000e+00,        +0.00000000000000000e+00,        +0.00000000000000000e+00,        +0.00000000000000000e+00,        +0.00000000000000000e+00,        +0.00000000000000000e+00,        +0.00000000000000000e+00,        +0.00000000000000000e+00,        +0.00000000000000000e+00,        +0.00000000000000000e+00,        +0.00000000000000000e+00,        +0.00000000000000000e+00,        +0.00000000000000000e+00,        +0.00000000000000000e+00,        +0.00000000000000000e+00,        +0.00000000000000000e+00,        +0.00000000000000000e+00,        +0.00000000000000000e+00,        +0.00000000000000000e+00,        +0.00000000000000000e+00,        +0.00000000000000000e+00,        +0.00000000000000000e+00,        +0.00000000000000000e+00,        +0.00000000000000000e+00,        +0.00000000000000000e+00,        +0.00000000000000000e+00,        +0.00000000000000000e+00,        +0.00000000000000000e+00,        +0.00000000000000000e+00,        +0.00000000000000000e+00,        +0.00000000000000000e+00,        +0.00000000000000000e+00,        +0.00000000000000000e+00,        +0.00000000000000000e+00,        +0.00000000000000000e+00,        +0.00000000000000000e+00,        +0.00000000000000000e+00,        +0.00000000000000000e+00,        +0.00000000000000000e+00,        +0.00000000000000000e+00,        +0.00000000000000000e+00,        +0.00000000000000000e+00,        +0.00000000000000000e+00,        +0.00000000000000000e+00,        +0.00000000000000000e+00,        +0.00000000000000000e+00,        +0.00000000000000000e+00
        +0.00000000000000000e+00,        +0.00000000000000000e+00,        +0.00000000000000000e+00,        +0.00000000000000000e+00,        +0.00000000000000000e+00,        +0.00000000000000000e+00,        +0.00000000000000000e+00,        +0.00000000000000000e+00,        +0.00000000000000000e+00,        +0.00000000000000000e+00,        +0.00000000000000000e+00,        +0.00000000000000000e+00,        +0.00000000000000000e+00,        +0.00000000000000000e+00,        +0.00000000000000000e+00,        +0.00000000000000000e+00,        +0.00000000000000000e+00,        +0.00000000000000000e+00,        +0.00000000000000000e+00,        +0.00000000000000000e+00,        +0.00000000000000000e+00,        +0.00000000000000000e+00,        +0.00000000000000000e+00,        +0.00000000000000000e+00,        +0.00000000000000000e+00,        +0.00000000000000000e+00,        +0.00000000000000000e+00,        +0.00000000000000000e+00,        +0.00000000000000000e+00,        +0.00000000000000000e+00,        +0.00000000000000000e+00,        +0.00000000000000000e+00,        +0.00000000000000000e+00,        +0.00000000000000000e+00,        +0.00000000000000000e+00,        +0.00000000000000000e+00,        +0.00000000000000000e+00,        +0.00000000000000000e+00,        +0.00000000000000000e+00,        +0.00000000000000000e+00,        +0.00000000000000000e+00,        +0.00000000000000000e+00,        +0.00000000000000000e+00,        +0.00000000000000000e+00,        +0.00000000000000000e+00,        +0.00000000000000000e+00,        +0.00000000000000000e+00,        +0.00000000000000000e+00,        +0.00000000000000000e+00,        +0.00000000000000000e+00,        +0.00000000000000000e+00,        +0.00000000000000000e+00,        +0.00000000000000000e+00,        +0.00000000000000000e+00,        +0.00000000000000000e+00,        +0.00000000000000000e+00,        +0.00000000000000000e+00,        +0.00000000000000000e+00,        +0.00000000000000000e+00,        +0.00000000000000000e+00,        +0.00000000000000000e+00,        +0.00000000000000000e+00,        +0.00000000000000000e+00,        +0.00000000000000000e+00,        +0.00000000000000000e+00,        +0.00000000000000000e+00,        +0.00000000000000000e+00,        +0.00000000000000000e+00,        +0.00000000000000000e+00,        +0.00000000000000000e+00,        +0.00000000000000000e+00,        +0.00000000000000000e+00,        +0.00000000000000000e+00,        +0.00000000000000000e+00,        +0.00000000000000000e+00,        +0.00000000000000000e+00,        +0.00000000000000000e+00,        +0.00000000000000000e+00,        +0.00000000000000000e+00,        +0.00000000000000000e+00,        +0.00000000000000000e+00,        +0.00000000000000000e+00,        +0.00000000000000000e+00,        +0.00000000000000000e+00,        +0.00000000000000000e+00,        +0.00000000000000000e+00,        +0.00000000000000000e+00,        +0.00000000000000000e+00,        +0.00000000000000000e+00,        +0.00000000000000000e+00,        +0.00000000000000000e+00,        +0.00000000000000000e+00,        +0.00000000000000000e+00,        +0.00000000000000000e+00,        +0.00000000000000000e+00,        +0.00000000000000000e+00,        +0.00000000000000000e+00,        +0.00000000000000000e+00,        +0.00000000000000000e+00,        +0.00000000000000000e+00,        +0.00000000000000000e+00,        +0.00000000000000000e+00,        +0.00000000000000000e+00,        +0.00000000000000000e+00,        +0.00000000000000000e+00,        +0.00000000000000000e+00,        +0.00000000000000000e+00,        +0.00000000000000000e+00
        +0.00000000000000000e+00,        +0.00000000000000000e+00,        +0.00000000000000000e+00,        +0.00000000000000000e+00,        +0.00000000000000000e+00,        +0.00000000000000000e+00,        +0.00000000000000000e+00,        +0.00000000000000000e+00,        +0.00000000000000000e+00,        +0.00000000000000000e+00,        +0.00000000000000000e+00,        +0.00000000000000000e+00,        +0.00000000000000000e+00,        +0.00000000000000000e+00,        +0.00000000000000000e+00,        +0.00000000000000000e+00,        +0.00000000000000000e+00,        +0.00000000000000000e+00,        +0.00000000000000000e+00,        +0.00000000000000000e+00,        +0.00000000000000000e+00,        +0.00000000000000000e+00,        +0.00000000000000000e+00,        +0.00000000000000000e+00,        +0.00000000000000000e+00,        +0.00000000000000000e+00,        +0.00000000000000000e+00,        +0.00000000000000000e+00,        +0.00000000000000000e+00,        +0.00000000000000000e+00,        +0.00000000000000000e+00,        +0.00000000000000000e+00,        +0.00000000000000000e+00,        +0.00000000000000000e+00,        +0.00000000000000000e+00,        +0.00000000000000000e+00,        +0.00000000000000000e+00,        +0.00000000000000000e+00,        +0.00000000000000000e+00,        +0.00000000000000000e+00,        +0.00000000000000000e+00,        +0.00000000000000000e+00,        +0.00000000000000000e+00,        +0.00000000000000000e+00,        +0.00000000000000000e+00,        +0.00000000000000000e+00,        +0.00000000000000000e+00,        +0.00000000000000000e+00,        +0.00000000000000000e+00,        +0.00000000000000000e+00,        +0.00000000000000000e+00,        +0.00000000000000000e+00,        +0.00000000000000000e+00,        +0.00000000000000000e+00,        +0.00000000000000000e+00,        +0.00000000000000000e+00,        +0.00000000000000000e+00,        +0.00000000000000000e+00,        +0.00000000000000000e+00,        +0.00000000000000000e+00,        +0.00000000000000000e+00,        +0.00000000000000000e+00,        +0.00000000000000000e+00,        +0.00000000000000000e+00,        +0.00000000000000000e+00,        +0.00000000000000000e+00,        +0.00000000000000000e+00,        +0.00000000000000000e+00,        +0.00000000000000000e+00,        +0.00000000000000000e+00,        +0.00000000000000000e+00,        +0.00000000000000000e+00,        +0.00000000000000000e+00,        +0.00000000000000000e+00,        +0.00000000000000000e+00,        +0.00000000000000000e+00,        +0.00000000000000000e+00,        +0.00000000000000000e+00,        +0.00000000000000000e+00,        +0.00000000000000000e+00,        +0.00000000000000000e+00,        +0.00000000000000000e+00,        +0.00000000000000000e+00,        +0.00000000000000000e+00,        +0.00000000000000000e+00,        +0.00000000000000000e+00,        +0.00000000000000000e+00,        +0.00000000000000000e+00,        +0.00000000000000000e+00,        +0.00000000000000000e+00,        +0.00000000000000000e+00,        +0.00000000000000000e+00,        +0.00000000000000000e+00,        +0.00000000000000000e+00,        +0.00000000000000000e+00,        +0.00000000000000000e+00,        +0.00000000000000000e+00,        +0.00000000000000000e+00,        +0.00000000000000000e+00,        +0.00000000000000000e+00,        +0.00000000000000000e+00,        +0.00000000000000000e+00,        +0.00000000000000000e+00,        +0.00000000000000000e+00,        +0.00000000000000000e+00,        +0.00000000000000000e+00,        +0.00000000000000000e+00,        +0.00000000000000000e+00
        +0.00000000000000000e+00,        +0.00000000000000000e+00,        +0.00000000000000000e+00,        +0.00000000000000000e+00,        +0.00000000000000000e+00,        +0.00000000000000000e+00,        +0.00000000000000000e+00,        +0.00000000000000000e+00,        +0.00000000000000000e+00,        +0.00000000000000000e+00,        +0.00000000000000000e+00,        +0.00000000000000000e+00,        +0.00000000000000000e+00,        +0.00000000000000000e+00,        +0.00000000000000000e+00,        +0.00000000000000000e+00,        +0.00000000000000000e+00,        +0.00000000000000000e+00,        +0.00000000000000000e+00,        +0.00000000000000000e+00,        +0.00000000000000000e+00,        +0.00000000000000000e+00,        +0.00000000000000000e+00,        +0.00000000000000000e+00,        +0.00000000000000000e+00,        +0.00000000000000000e+00,        +0.00000000000000000e+00,        +0.00000000000000000e+00,        +0.00000000000000000e+00,        +0.00000000000000000e+00,        +0.00000000000000000e+00,        +0.00000000000000000e+00,        +0.00000000000000000e+00,        +0.00000000000000000e+00,        +0.00000000000000000e+00,        +0.00000000000000000e+00,        +0.00000000000000000e+00,        +0.00000000000000000e+00,        +0.00000000000000000e+00,        +0.00000000000000000e+00,        +0.00000000000000000e+00,        +0.00000000000000000e+00,        +0.00000000000000000e+00,        +0.00000000000000000e+00,        +0.00000000000000000e+00,        +0.00000000000000000e+00,        +0.00000000000000000e+00,        +0.00000000000000000e+00,        +0.00000000000000000e+00,        +0.00000000000000000e+00,        +0.00000000000000000e+00,        +0.00000000000000000e+00,        +0.00000000000000000e+00,        +0.00000000000000000e+00,        +0.00000000000000000e+00,        +0.00000000000000000e+00,        +0.00000000000000000e+00,        +0.00000000000000000e+00,        +0.00000000000000000e+00,        +0.00000000000000000e+00,        +0.00000000000000000e+00,        +0.00000000000000000e+00,        +0.00000000000000000e+00,        +0.00000000000000000e+00,        +0.00000000000000000e+00,        +0.00000000000000000e+00,        +0.00000000000000000e+00,        +0.00000000000000000e+00,        +0.00000000000000000e+00,        +0.00000000000000000e+00,        +0.00000000000000000e+00,        +0.00000000000000000e+00,        +0.00000000000000000e+00,        +0.00000000000000000e+00,        +0.00000000000000000e+00,        +0.00000000000000000e+00,        +0.00000000000000000e+00,        +0.00000000000000000e+00,        +0.00000000000000000e+00,        +0.00000000000000000e+00,        +0.00000000000000000e+00,        +0.00000000000000000e+00,        +0.00000000000000000e+00,        +0.00000000000000000e+00,        +0.00000000000000000e+00,        +0.00000000000000000e+00,        +0.00000000000000000e+00,        +0.00000000000000000e+00,        +0.00000000000000000e+00,        +0.00000000000000000e+00,        +0.00000000000000000e+00,        +0.00000000000000000e+00,        +0.00000000000000000e+00,        +0.00000000000000000e+00,        +0.00000000000000000e+00,        +0.00000000000000000e+00,        +0.00000000000000000e+00,        +0.00000000000000000e+00,        +0.00000000000000000e+00,        +0.00000000000000000e+00,        +0.00000000000000000e+00,        +0.00000000000000000e+00,        +0.00000000000000000e+00,        +0.00000000000000000e+00,        +0.00000000000000000e+00,        +0.00000000000000000e+00,        +0.00000000000000000e+00,        +0.00000000000000000e+00
        +0.00000000000000000e+00,        +0.00000000000000000e+00,        +0.00000000000000000e+00,        +0.00000000000000000e+00,        +0.00000000000000000e+00,        +0.00000000000000000e+00,        +0.00000000000000000e+00,        +0.00000000000000000e+00,        +0.00000000000000000e+00,        +0.00000000000000000e+00,        +0.00000000000000000e+00,        +0.00000000000000000e+00,        +0.00000000000000000e+00,        +0.00000000000000000e+00,        +0.00000000000000000e+00,        +0.00000000000000000e+00,        +0.00000000000000000e+00,        +0.00000000000000000e+00,        +0.00000000000000000e+00,        +0.00000000000000000e+00,        +0.00000000000000000e+00,        +0.00000000000000000e+00,        +0.00000000000000000e+00,        +0.00000000000000000e+00,        +0.00000000000000000e+00,        +0.00000000000000000e+00,        +0.00000000000000000e+00,        +0.00000000000000000e+00,        +0.00000000000000000e+00,        +0.00000000000000000e+00,        +0.00000000000000000e+00,        +0.00000000000000000e+00,        +0.00000000000000000e+00,        +0.00000000000000000e+00,        +0.00000000000000000e+00,        +0.00000000000000000e+00,        +0.00000000000000000e+00,        +0.00000000000000000e+00,        +0.00000000000000000e+00,        +0.00000000000000000e+00,        +0.00000000000000000e+00,        +0.00000000000000000e+00,        +0.00000000000000000e+00,        +0.00000000000000000e+00,        +0.00000000000000000e+00,        +0.00000000000000000e+00,        +0.00000000000000000e+00,        +0.00000000000000000e+00,        +0.00000000000000000e+00,        +0.00000000000000000e+00,        +0.00000000000000000e+00,        +0.00000000000000000e+00,        +0.00000000000000000e+00,        +0.00000000000000000e+00,        +0.00000000000000000e+00,        +0.00000000000000000e+00,        +0.00000000000000000e+00,        +0.00000000000000000e+00,        +0.00000000000000000e+00,        +0.00000000000000000e+00,        +0.00000000000000000e+00,        +0.00000000000000000e+00,        +0.00000000000000000e+00,        +0.00000000000000000e+00,        +0.00000000000000000e+00,        +0.00000000000000000e+00,        +0.00000000000000000e+00,        +0.00000000000000000e+00,        +0.00000000000000000e+00,        +0.00000000000000000e+00,        +0.00000000000000000e+00,        +0.00000000000000000e+00,        +0.00000000000000000e+00,        +0.00000000000000000e+00,        +0.00000000000000000e+00,        +0.00000000000000000e+00,        +0.00000000000000000e+00,        +0.00000000000000000e+00,        +0.00000000000000000e+00,        +0.00000000000000000e+00,        +0.00000000000000000e+00,        +0.00000000000000000e+00,        +0.00000000000000000e+00,        +0.00000000000000000e+00,        +0.00000000000000000e+00,        +0.00000000000000000e+00,        +0.00000000000000000e+00,        +0.00000000000000000e+00,        +0.00000000000000000e+00,        +0.00000000000000000e+00,        +0.00000000000000000e+00,        +0.00000000000000000e+00,        +0.00000000000000000e+00,        +0.00000000000000000e+00,        +0.00000000000000000e+00,        +0.00000000000000000e+00,        +0.00000000000000000e+00,        +0.00000000000000000e+00,        +0.00000000000000000e+00,        +0.00000000000000000e+00,        +0.00000000000000000e+00,        +0.00000000000000000e+00,        +0.00000000000000000e+00,        +0.00000000000000000e+00,        +0.00000000000000000e+00,        +0.00000000000000000e+00,        +0.00000000000000000e+00,        +0.00000000000000000e+00
        +0.00000000000000000e+00,        +0.00000000000000000e+00,        +0.00000000000000000e+00,        +0.00000000000000000e+00,        +0.00000000000000000e+00,        +0.00000000000000000e+00,        +0.00000000000000000e+00,        +0.00000000000000000e+00,        +0.00000000000000000e+00,        +0.00000000000000000e+00,        +0.00000000000000000e+00,        +0.00000000000000000e+00,        +0.00000000000000000e+00,        +0.00000000000000000e+00,        +0.00000000000000000e+00,        +0.00000000000000000e+00,        +0.00000000000000000e+00,        +0.00000000000000000e+00,        +0.00000000000000000e+00,        +0.00000000000000000e+00,        +0.00000000000000000e+00,        +0.00000000000000000e+00,        +0.00000000000000000e+00,        +0.00000000000000000e+00,        +0.00000000000000000e+00,        +0.00000000000000000e+00,        +0.00000000000000000e+00,        +0.00000000000000000e+00,        +0.00000000000000000e+00,        +0.00000000000000000e+00,        +0.00000000000000000e+00,        +0.00000000000000000e+00,        +0.00000000000000000e+00,        +0.00000000000000000e+00,        +0.00000000000000000e+00,        +0.00000000000000000e+00,        +0.00000000000000000e+00,        +0.00000000000000000e+00,        +0.00000000000000000e+00,        +0.00000000000000000e+00,        +0.00000000000000000e+00,        +0.00000000000000000e+00,        +0.00000000000000000e+00,        +0.00000000000000000e+00,        +0.00000000000000000e+00,        +0.00000000000000000e+00,        +0.00000000000000000e+00,        +0.00000000000000000e+00,        +0.00000000000000000e+00,        +0.00000000000000000e+00,        +0.00000000000000000e+00,        +0.00000000000000000e+00,        +0.00000000000000000e+00,        +0.00000000000000000e+00,        +0.00000000000000000e+00,        +0.00000000000000000e+00,        +0.00000000000000000e+00,        +0.00000000000000000e+00,        +0.00000000000000000e+00,        +0.00000000000000000e+00,        +0.00000000000000000e+00,        +0.00000000000000000e+00,        +0.00000000000000000e+00,        +0.00000000000000000e+00,        +0.00000000000000000e+00,        +0.00000000000000000e+00,        +0.00000000000000000e+00,        +0.00000000000000000e+00,        +0.00000000000000000e+00,        +0.00000000000000000e+00,        +0.00000000000000000e+00,        +0.00000000000000000e+00,        +0.00000000000000000e+00,        +0.00000000000000000e+00,        +0.00000000000000000e+00,        +0.00000000000000000e+00,        +0.00000000000000000e+00,        +0.00000000000000000e+00,        +0.00000000000000000e+00,        +0.00000000000000000e+00,        +0.00000000000000000e+00,        +0.00000000000000000e+00,        +0.00000000000000000e+00,        +0.00000000000000000e+00,        +0.00000000000000000e+00,        +0.00000000000000000e+00,        +0.00000000000000000e+00,        +0.00000000000000000e+00,        +0.00000000000000000e+00,        +0.00000000000000000e+00,        +0.00000000000000000e+00,        +0.00000000000000000e+00,        +0.00000000000000000e+00,        +0.00000000000000000e+00,        +0.00000000000000000e+00,        +0.00000000000000000e+00,        +0.00000000000000000e+00,        +0.00000000000000000e+00,        +0.00000000000000000e+00,        +0.00000000000000000e+00,        +0.00000000000000000e+00,        +0.00000000000000000e+00,        +0.00000000000000000e+00,        +0.00000000000000000e+00,        +0.00000000000000000e+00,        +0.00000000000000000e+00,        +0.00000000000000000e+00,        +0.00000000000000000e+00
        +0.00000000000000000e+00,        +0.00000000000000000e+00,        +0.00000000000000000e+00,        +0.00000000000000000e+00,        +0.00000000000000000e+00,        +0.00000000000000000e+00,        +0.00000000000000000e+00,        +0.00000000000000000e+00,        +0.00000000000000000e+00,        +0.00000000000000000e+00,        +0.00000000000000000e+00,        +0.00000000000000000e+00,        +0.00000000000000000e+00,        +0.00000000000000000e+00,        +0.00000000000000000e+00,        +0.00000000000000000e+00,        +0.00000000000000000e+00,        +0.00000000000000000e+00,        +0.00000000000000000e+00,        +0.00000000000000000e+00,        +0.00000000000000000e+00,        +0.00000000000000000e+00,        +0.00000000000000000e+00,        +0.00000000000000000e+00,        +0.00000000000000000e+00,        +0.00000000000000000e+00,        +0.00000000000000000e+00,        +0.00000000000000000e+00,        +0.00000000000000000e+00,        +0.00000000000000000e+00,        +0.00000000000000000e+00,        +0.00000000000000000e+00,        +0.00000000000000000e+00,        +0.00000000000000000e+00,        +0.00000000000000000e+00,        +0.00000000000000000e+00,        +0.00000000000000000e+00,        +0.00000000000000000e+00,        +0.00000000000000000e+00,        +0.00000000000000000e+00,        +0.00000000000000000e+00,        +0.00000000000000000e+00,        +0.00000000000000000e+00,        +0.00000000000000000e+00,        +0.00000000000000000e+00,        +0.00000000000000000e+00,        +0.00000000000000000e+00,        +0.00000000000000000e+00,        +0.00000000000000000e+00,        +0.00000000000000000e+00,        +0.00000000000000000e+00,        +0.00000000000000000e+00,        +0.00000000000000000e+00,        +0.00000000000000000e+00,        +0.00000000000000000e+00,        +0.00000000000000000e+00,        +0.00000000000000000e+00,        +0.00000000000000000e+00,        +0.00000000000000000e+00,        +0.00000000000000000e+00,        +0.00000000000000000e+00,        +0.00000000000000000e+00,        +0.00000000000000000e+00,        +0.00000000000000000e+00,        +0.00000000000000000e+00,        +0.00000000000000000e+00,        +0.00000000000000000e+00,        +0.00000000000000000e+00,        +0.00000000000000000e+00,        +0.00000000000000000e+00,        +0.00000000000000000e+00,        +0.00000000000000000e+00,        +0.00000000000000000e+00,        +0.00000000000000000e+00,        +0.00000000000000000e+00,        +0.00000000000000000e+00,        +0.00000000000000000e+00,        +0.00000000000000000e+00,        +0.00000000000000000e+00,        +0.00000000000000000e+00,        +0.00000000000000000e+00,        +0.00000000000000000e+00,        +0.00000000000000000e+00,        +0.00000000000000000e+00,        +0.00000000000000000e+00,        +0.00000000000000000e+00,        +0.00000000000000000e+00,        +0.00000000000000000e+00,        +0.00000000000000000e+00,        +0.00000000000000000e+00,        +0.00000000000000000e+00,        +0.00000000000000000e+00,        +0.00000000000000000e+00,        +0.00000000000000000e+00,        +0.00000000000000000e+00,        +0.00000000000000000e+00,        +0.00000000000000000e+00,        +0.00000000000000000e+00,        +0.00000000000000000e+00,        +0.00000000000000000e+00,        +0.00000000000000000e+00,        +0.00000000000000000e+00,        +0.00000000000000000e+00,        +0.00000000000000000e+00,        +0.00000000000000000e+00,        +0.00000000000000000e+00,        +0.00000000000000000e+00,        +0.00000000000000000e+00
        +0.00000000000000000e+00,        +0.00000000000000000e+00,        +0.00000000000000000e+00,        +0.00000000000000000e+00,        +0.00000000000000000e+00,        +0.00000000000000000e+00,        +0.00000000000000000e+00,        +0.00000000000000000e+00,        +0.00000000000000000e+00,        +0.00000000000000000e+00,        +0.00000000000000000e+00,        +0.00000000000000000e+00,        +0.00000000000000000e+00,        +0.00000000000000000e+00,        +0.00000000000000000e+00,        +0.00000000000000000e+00,        +0.00000000000000000e+00,        +0.00000000000000000e+00,        +0.00000000000000000e+00,        +0.00000000000000000e+00,        +0.00000000000000000e+00,        +0.00000000000000000e+00,        +0.00000000000000000e+00,        +0.00000000000000000e+00,        +0.00000000000000000e+00,        +0.00000000000000000e+00,        +0.00000000000000000e+00,        +0.00000000000000000e+00,        +0.00000000000000000e+00,        +0.00000000000000000e+00,        +0.00000000000000000e+00,        +0.00000000000000000e+00,        +0.00000000000000000e+00,        +0.00000000000000000e+00,        +0.00000000000000000e+00,        +0.00000000000000000e+00,        +0.00000000000000000e+00,        +0.00000000000000000e+00,        +0.00000000000000000e+00,        +0.00000000000000000e+00,        +0.00000000000000000e+00,        +0.00000000000000000e+00,        +0.00000000000000000e+00,        +0.00000000000000000e+00,        +0.00000000000000000e+00,        +0.00000000000000000e+00,        +0.00000000000000000e+00,        +0.00000000000000000e+00,        +0.00000000000000000e+00,        +0.00000000000000000e+00,        +0.00000000000000000e+00,        +0.00000000000000000e+00,        +0.00000000000000000e+00,        +0.00000000000000000e+00,        +0.00000000000000000e+00,        +0.00000000000000000e+00,        +0.00000000000000000e+00,        +0.00000000000000000e+00,        +0.00000000000000000e+00,        +0.00000000000000000e+00,        +0.00000000000000000e+00,        +0.00000000000000000e+00,        +0.00000000000000000e+00,        +0.00000000000000000e+00,        +0.00000000000000000e+00,        +0.00000000000000000e+00,        +0.00000000000000000e+00,        +0.00000000000000000e+00,        +0.00000000000000000e+00,        +0.00000000000000000e+00,        +0.00000000000000000e+00,        +0.00000000000000000e+00,        +0.00000000000000000e+00,        +0.00000000000000000e+00,        +0.00000000000000000e+00,        +0.00000000000000000e+00,        +0.00000000000000000e+00,        +0.00000000000000000e+00,        +0.00000000000000000e+00,        +0.00000000000000000e+00,        +0.00000000000000000e+00,        +0.00000000000000000e+00,        +0.00000000000000000e+00,        +0.00000000000000000e+00,        +0.00000000000000000e+00,        +0.00000000000000000e+00,        +0.00000000000000000e+00,        +0.00000000000000000e+00,        +0.00000000000000000e+00,        +0.00000000000000000e+00,        +0.00000000000000000e+00,        +0.00000000000000000e+00,        +0.00000000000000000e+00,        +0.00000000000000000e+00,        +0.00000000000000000e+00,        +0.00000000000000000e+00,        +0.00000000000000000e+00,        +0.00000000000000000e+00,        +0.00000000000000000e+00,        +0.00000000000000000e+00,        +0.00000000000000000e+00,        +0.00000000000000000e+00,        +0.00000000000000000e+00,        +0.00000000000000000e+00,        +0.00000000000000000e+00,        +0.00000000000000000e+00,        +0.00000000000000000e+00,        +0.00000000000000000e+00
        +0.00000000000000000e+00,        +0.00000000000000000e+00,        +0.00000000000000000e+00,        +0.00000000000000000e+00,        +0.00000000000000000e+00,        +0.00000000000000000e+00,        +0.00000000000000000e+00,        +0.00000000000000000e+00,        +0.00000000000000000e+00,        +0.00000000000000000e+00,        +0.00000000000000000e+00,        +0.00000000000000000e+00,        +0.00000000000000000e+00,        +0.00000000000000000e+00,        +0.00000000000000000e+00,        +0.00000000000000000e+00,        +0.00000000000000000e+00,        +0.00000000000000000e+00,        +0.00000000000000000e+00,        +0.00000000000000000e+00,        +0.00000000000000000e+00,        +0.00000000000000000e+00,        +0.00000000000000000e+00,        +0.00000000000000000e+00,        +0.00000000000000000e+00,        +0.00000000000000000e+00,        +0.00000000000000000e+00,        +0.00000000000000000e+00,        +0.00000000000000000e+00,        +0.00000000000000000e+00,        +0.00000000000000000e+00,        +0.00000000000000000e+00,        +0.00000000000000000e+00,        +0.00000000000000000e+00,        +0.00000000000000000e+00,        +0.00000000000000000e+00,        +0.00000000000000000e+00,        +0.00000000000000000e+00,        +0.00000000000000000e+00,        +0.00000000000000000e+00,        +0.00000000000000000e+00,        +0.00000000000000000e+00,        +0.00000000000000000e+00,        +0.00000000000000000e+00,        +0.00000000000000000e+00,        +0.00000000000000000e+00,        +0.00000000000000000e+00,        +0.00000000000000000e+00,        +0.00000000000000000e+00,        +0.00000000000000000e+00,        +0.00000000000000000e+00,        +0.00000000000000000e+00,        +0.00000000000000000e+00,        +0.00000000000000000e+00,        +0.00000000000000000e+00,        +0.00000000000000000e+00,        +0.00000000000000000e+00,        +0.00000000000000000e+00,        +0.00000000000000000e+00,        +0.00000000000000000e+00,        +0.00000000000000000e+00,        +0.00000000000000000e+00,        +0.00000000000000000e+00,        +0.00000000000000000e+00,        +0.00000000000000000e+00,        +0.00000000000000000e+00,        +0.00000000000000000e+00,        +0.00000000000000000e+00,        +0.00000000000000000e+00,        +0.00000000000000000e+00,        +0.00000000000000000e+00,        +0.00000000000000000e+00,        +0.00000000000000000e+00,        +0.00000000000000000e+00,        +0.00000000000000000e+00,        +0.00000000000000000e+00,        +0.00000000000000000e+00,        +0.00000000000000000e+00,        +0.00000000000000000e+00,        +0.00000000000000000e+00,        +0.00000000000000000e+00,        +0.00000000000000000e+00,        +0.00000000000000000e+00,        +0.00000000000000000e+00,        +0.00000000000000000e+00,        +0.00000000000000000e+00,        +0.00000000000000000e+00,        +0.00000000000000000e+00,        +0.00000000000000000e+00,        +0.00000000000000000e+00,        +0.00000000000000000e+00,        +0.00000000000000000e+00,        +0.00000000000000000e+00,        +0.00000000000000000e+00,        +0.00000000000000000e+00,        +0.00000000000000000e+00,        +0.00000000000000000e+00,        +0.00000000000000000e+00,        +0.00000000000000000e+00,        +0.00000000000000000e+00,        +0.00000000000000000e+00,        +0.00000000000000000e+00,        +0.00000000000000000e+00,        +0.00000000000000000e+00,        +0.00000000000000000e+00,        +0.00000000000000000e+00,        +0.00000000000000000e+00,        +0.00000000000000000e+00
        +0.00000000000000000e+00,        +0.00000000000000000e+00,        +0.00000000000000000e+00,        +0.00000000000000000e+00,        +0.00000000000000000e+00,        +0.00000000000000000e+00,        +0.00000000000000000e+00,        +0.00000000000000000e+00,        +0.00000000000000000e+00,        +0.00000000000000000e+00,        +0.00000000000000000e+00,        +0.00000000000000000e+00,        +0.00000000000000000e+00,        +0.00000000000000000e+00,        +0.00000000000000000e+00,        +0.00000000000000000e+00,        +0.00000000000000000e+00,        +0.00000000000000000e+00,        +0.00000000000000000e+00,        +0.00000000000000000e+00,        +0.00000000000000000e+00,        +0.00000000000000000e+00,        +0.00000000000000000e+00,        +0.00000000000000000e+00,        +0.00000000000000000e+00,        +0.00000000000000000e+00,        +0.00000000000000000e+00,        +0.00000000000000000e+00,        +0.00000000000000000e+00,        +0.00000000000000000e+00,        +0.00000000000000000e+00,        +0.00000000000000000e+00,        +0.00000000000000000e+00,        +0.00000000000000000e+00,        +0.00000000000000000e+00,        +0.00000000000000000e+00,        +0.00000000000000000e+00,        +0.00000000000000000e+00,        +0.00000000000000000e+00,        +0.00000000000000000e+00,        +0.00000000000000000e+00,        +0.00000000000000000e+00,        +0.00000000000000000e+00,        +0.00000000000000000e+00,        +0.00000000000000000e+00,        +0.00000000000000000e+00,        +0.00000000000000000e+00,        +0.00000000000000000e+00,        +0.00000000000000000e+00,        +0.00000000000000000e+00,        +0.00000000000000000e+00,        +0.00000000000000000e+00,        +0.00000000000000000e+00,        +0.00000000000000000e+00,        +0.00000000000000000e+00,        +0.00000000000000000e+00,        +0.00000000000000000e+00,        +0.00000000000000000e+00,        +0.00000000000000000e+00,        +0.00000000000000000e+00,        +0.00000000000000000e+00,        +0.00000000000000000e+00,        +0.00000000000000000e+00,        +0.00000000000000000e+00,        +0.00000000000000000e+00,        +0.00000000000000000e+00,        +0.00000000000000000e+00,        +0.00000000000000000e+00,        +0.00000000000000000e+00,        +0.00000000000000000e+00,        +0.00000000000000000e+00,        +0.00000000000000000e+00,        +0.00000000000000000e+00,        +0.00000000000000000e+00,        +0.00000000000000000e+00,        +0.00000000000000000e+00,        +0.00000000000000000e+00,        +0.00000000000000000e+00,        +0.00000000000000000e+00,        +0.00000000000000000e+00,        +0.00000000000000000e+00,        +0.00000000000000000e+00,        +0.00000000000000000e+00,        +0.00000000000000000e+00,        +0.00000000000000000e+00,        +0.00000000000000000e+00,        +0.00000000000000000e+00,        +0.00000000000000000e+00,        +0.00000000000000000e+00,        +0.00000000000000000e+00,        +0.00000000000000000e+00,        +0.00000000000000000e+00,        +0.00000000000000000e+00,        +0.00000000000000000e+00,        +0.00000000000000000e+00,        +0.00000000000000000e+00,        +0.00000000000000000e+00,        +0.00000000000000000e+00,        +0.00000000000000000e+00,        +0.00000000000000000e+00,        +0.00000000000000000e+00,        +0.00000000000000000e+00,        +0.00000000000000000e+00,        +0.00000000000000000e+00,        +0.00000000000000000e+00,        +0.00000000000000000e+00,        +0.00000000000000000e+00,        +0.00000000000000000e+00
        +0.00000000000000000e+00,        +0.00000000000000000e+00,        +0.00000000000000000e+00,        +0.00000000000000000e+00,        +0.00000000000000000e+00,        +0.00000000000000000e+00,        +0.00000000000000000e+00,        +0.00000000000000000e+00,        +0.00000000000000000e+00,        +0.00000000000000000e+00,        +0.00000000000000000e+00,        +0.00000000000000000e+00,        +0.00000000000000000e+00,        +0.00000000000000000e+00,        +0.00000000000000000e+00,        +0.00000000000000000e+00,        +0.00000000000000000e+00,        +0.00000000000000000e+00,        +0.00000000000000000e+00,        +0.00000000000000000e+00,        +0.00000000000000000e+00,        +0.00000000000000000e+00,        +0.00000000000000000e+00,        +0.00000000000000000e+00,        +0.00000000000000000e+00,        +0.00000000000000000e+00,        +0.00000000000000000e+00,        +0.00000000000000000e+00,        +0.00000000000000000e+00,        +0.00000000000000000e+00,        +0.00000000000000000e+00,        +0.00000000000000000e+00,        +0.00000000000000000e+00,        +0.00000000000000000e+00,        +0.00000000000000000e+00,        +0.00000000000000000e+00,        +0.00000000000000000e+00,        +0.00000000000000000e+00,        +0.00000000000000000e+00,        +0.00000000000000000e+00,        +0.00000000000000000e+00,        +0.00000000000000000e+00,        +0.00000000000000000e+00,        +0.00000000000000000e+00,        +0.00000000000000000e+00,        +0.00000000000000000e+00,        +0.00000000000000000e+00,        +0.00000000000000000e+00,        +0.00000000000000000e+00,        +0.00000000000000000e+00,        +0.00000000000000000e+00,        +0.00000000000000000e+00,        +0.00000000000000000e+00,        +0.00000000000000000e+00,        +0.00000000000000000e+00,        +0.00000000000000000e+00,        +0.00000000000000000e+00,        +0.00000000000000000e+00,        +0.00000000000000000e+00,        +0.00000000000000000e+00,        +0.00000000000000000e+00,        +0.00000000000000000e+00,        +0.00000000000000000e+00,        +0.00000000000000000e+00,        +0.00000000000000000e+00,        +0.00000000000000000e+00,        +0.00000000000000000e+00,        +0.00000000000000000e+00,        +0.00000000000000000e+00,        +0.00000000000000000e+00,        +0.00000000000000000e+00,        +0.00000000000000000e+00,        +0.00000000000000000e+00,        +0.00000000000000000e+00,        +0.00000000000000000e+00,        +0.00000000000000000e+00,        +0.00000000000000000e+00,        +0.00000000000000000e+00,        +0.00000000000000000e+00,        +0.00000000000000000e+00,        +0.00000000000000000e+00,        +0.00000000000000000e+00,        +0.00000000000000000e+00,        +0.00000000000000000e+00,        +0.00000000000000000e+00,        +0.00000000000000000e+00,        +0.00000000000000000e+00,        +0.00000000000000000e+00,        +0.00000000000000000e+00,        +0.00000000000000000e+00,        +0.00000000000000000e+00,        +0.00000000000000000e+00,        +0.00000000000000000e+00,        +0.00000000000000000e+00,        +0.00000000000000000e+00,        +0.00000000000000000e+00,        +0.00000000000000000e+00,        +0.00000000000000000e+00,        +0.00000000000000000e+00,        +0.00000000000000000e+00,        +0.00000000000000000e+00,        +0.00000000000000000e+00,        +0.00000000000000000e+00,        +0.00000000000000000e+00,        +0.00000000000000000e+00,        +0.00000000000000000e+00,        +0.00000000000000000e+00,        +0.00000000000000000e+00
        +0.00000000000000000e+00,        +0.00000000000000000e+00,        +0.00000000000000000e+00,        +0.00000000000000000e+00,        +0.00000000000000000e+00,        +0.00000000000000000e+00,        +0.00000000000000000e+00,        +0.00000000000000000e+00,        +0.00000000000000000e+00,        +0.00000000000000000e+00,        +0.00000000000000000e+00,        +0.00000000000000000e+00,        +0.00000000000000000e+00,        +0.00000000000000000e+00,        +0.00000000000000000e+00,        +0.00000000000000000e+00,        +0.00000000000000000e+00,        +0.00000000000000000e+00,        +0.00000000000000000e+00,        +0.00000000000000000e+00,        +0.00000000000000000e+00,        +0.00000000000000000e+00,        +0.00000000000000000e+00,        +0.00000000000000000e+00,        +0.00000000000000000e+00,        +0.00000000000000000e+00,        +0.00000000000000000e+00,        +0.00000000000000000e+00,        +0.00000000000000000e+00,        +0.00000000000000000e+00,        +0.00000000000000000e+00,        +0.00000000000000000e+00,        +0.00000000000000000e+00,        +0.00000000000000000e+00,        +0.00000000000000000e+00,        +0.00000000000000000e+00,        +0.00000000000000000e+00,        +0.00000000000000000e+00,        +0.00000000000000000e+00,        +0.00000000000000000e+00,        +0.00000000000000000e+00,        +0.00000000000000000e+00,        +0.00000000000000000e+00,        +0.00000000000000000e+00,        +0.00000000000000000e+00,        +0.00000000000000000e+00,        +0.00000000000000000e+00,        +0.00000000000000000e+00,        +0.00000000000000000e+00,        +0.00000000000000000e+00,        +0.00000000000000000e+00,        +0.00000000000000000e+00,        +0.00000000000000000e+00,        +0.00000000000000000e+00,        +0.00000000000000000e+00,        +0.00000000000000000e+00,        +0.00000000000000000e+00,        +0.00000000000000000e+00,        +0.00000000000000000e+00,        +0.00000000000000000e+00,        +0.00000000000000000e+00,        +0.00000000000000000e+00,        +0.00000000000000000e+00,        +0.00000000000000000e+00,        +0.00000000000000000e+00,        +0.00000000000000000e+00,        +0.00000000000000000e+00,        +0.00000000000000000e+00,        +0.00000000000000000e+00,        +0.00000000000000000e+00,        +0.00000000000000000e+00,        +0.00000000000000000e+00,        +0.00000000000000000e+00,        +0.00000000000000000e+00,        +0.00000000000000000e+00,        +0.00000000000000000e+00,        +0.00000000000000000e+00,        +0.00000000000000000e+00,        +0.00000000000000000e+00,        +0.00000000000000000e+00,        +0.00000000000000000e+00,        +0.00000000000000000e+00,        +0.00000000000000000e+00,        +0.00000000000000000e+00,        +0.00000000000000000e+00,        +0.00000000000000000e+00,        +0.00000000000000000e+00,        +0.00000000000000000e+00,        +0.00000000000000000e+00,        +0.00000000000000000e+00,        +0.00000000000000000e+00,        +0.00000000000000000e+00,        +0.00000000000000000e+00,        +0.00000000000000000e+00,        +0.00000000000000000e+00,        +0.00000000000000000e+00,        +0.00000000000000000e+00,        +0.00000000000000000e+00,        +0.00000000000000000e+00,        +0.00000000000000000e+00,        +0.00000000000000000e+00,        +0.00000000000000000e+00,        +0.00000000000000000e+00,        +0.00000000000000000e+00,        +0.00000000000000000e+00,        +0.00000000000000000e+00,        +0.00000000000000000e+00,        +0.00000000000000000e+00
        +0.00000000000000000e+00,        +0.00000000000000000e+00,        +0.00000000000000000e+00,        +0.00000000000000000e+00,        +0.00000000000000000e+00,        +0.00000000000000000e+00,        +0.00000000000000000e+00,        +0.00000000000000000e+00,        +0.00000000000000000e+00,        +0.00000000000000000e+00,        +0.00000000000000000e+00,        +0.00000000000000000e+00,        +0.00000000000000000e+00,        +0.00000000000000000e+00,        +0.00000000000000000e+00,        +0.00000000000000000e+00,        +0.00000000000000000e+00,        +0.00000000000000000e+00,        +0.00000000000000000e+00,        +0.00000000000000000e+00,        +0.00000000000000000e+00,        +0.00000000000000000e+00,        +0.00000000000000000e+00,        +0.00000000000000000e+00,        +0.00000000000000000e+00,        +0.00000000000000000e+00,        +0.00000000000000000e+00,        +0.00000000000000000e+00,        +0.00000000000000000e+00,        +0.00000000000000000e+00,        +0.00000000000000000e+00,        +0.00000000000000000e+00,        +0.00000000000000000e+00,        +0.00000000000000000e+00,        +0.00000000000000000e+00,        +0.00000000000000000e+00,        +0.00000000000000000e+00,        +0.00000000000000000e+00,        +0.00000000000000000e+00,        +0.00000000000000000e+00,        +0.00000000000000000e+00,        +0.00000000000000000e+00,        +0.00000000000000000e+00,        +0.00000000000000000e+00,        +0.00000000000000000e+00,        +0.00000000000000000e+00,        +0.00000000000000000e+00,        +0.00000000000000000e+00,        +0.00000000000000000e+00,        +0.00000000000000000e+00,        +0.00000000000000000e+00,        +0.00000000000000000e+00,        +0.00000000000000000e+00,        +0.00000000000000000e+00,        +0.00000000000000000e+00,        +0.00000000000000000e+00,        +0.00000000000000000e+00,        +0.00000000000000000e+00,        +0.00000000000000000e+00,        +0.00000000000000000e+00,        +0.00000000000000000e+00,        +0.00000000000000000e+00,        +0.00000000000000000e+00,        +0.00000000000000000e+00,        +0.00000000000000000e+00,        +0.00000000000000000e+00,        +0.00000000000000000e+00,        +0.00000000000000000e+00,        +0.00000000000000000e+00,        +0.00000000000000000e+00,        +0.00000000000000000e+00,        +0.00000000000000000e+00,        +0.00000000000000000e+00,        +0.00000000000000000e+00,        +0.00000000000000000e+00,        +0.00000000000000000e+00,        +0.00000000000000000e+00,        +0.00000000000000000e+00,        +0.00000000000000000e+00,        +0.00000000000000000e+00,        +0.00000000000000000e+00,        +0.00000000000000000e+00,        +0.00000000000000000e+00,        +0.00000000000000000e+00,        +0.00000000000000000e+00,        +0.00000000000000000e+00,        +0.00000000000000000e+00,        +0.00000000000000000e+00,        +0.00000000000000000e+00,        +0.00000000000000000e+00,        +0.00000000000000000e+00,        +0.00000000000000000e+00,        +0.00000000000000000e+00,        +0.00000000000000000e+00,        +0.00000000000000000e+00,        +0.00000000000000000e+00,        +0.00000000000000000e+00,        +0.00000000000000000e+00,        +0.00000000000000000e+00,        +0.00000000000000000e+00,        +0.00000000000000000e+00,        +0.00000000000000000e+00,        +0.00000000000000000e+00,        +0.00000000000000000e+00,        +0.00000000000000000e+00,        +0.00000000000000000e+00,        +0.00000000000000000e+00,        +0.00000000000000000e+00
        +0.00000000000000000e+00,        +0.00000000000000000e+00,        +0.00000000000000000e+00,        +0.00000000000000000e+00,        +0.00000000000000000e+00,        +0.00000000000000000e+00,        +0.00000000000000000e+00,        +0.00000000000000000e+00,        +0.00000000000000000e+00,        +0.00000000000000000e+00,        +0.00000000000000000e+00,        +0.00000000000000000e+00,        +0.00000000000000000e+00,        +0.00000000000000000e+00,        +0.00000000000000000e+00,        +0.00000000000000000e+00,        +0.00000000000000000e+00,        +0.00000000000000000e+00,        +0.00000000000000000e+00,        +0.00000000000000000e+00,        +0.00000000000000000e+00,        +0.00000000000000000e+00,        +0.00000000000000000e+00,        +0.00000000000000000e+00,        +0.00000000000000000e+00,        +0.00000000000000000e+00,        +0.00000000000000000e+00,        +0.00000000000000000e+00,        +0.00000000000000000e+00,        +0.00000000000000000e+00,        +0.00000000000000000e+00,        +0.00000000000000000e+00,        +0.00000000000000000e+00,        +0.00000000000000000e+00,        +0.00000000000000000e+00,        +0.00000000000000000e+00,        +0.00000000000000000e+00,        +0.00000000000000000e+00,        +0.00000000000000000e+00,        +0.00000000000000000e+00,        +0.00000000000000000e+00,        +0.00000000000000000e+00,        +0.00000000000000000e+00,        +0.00000000000000000e+00,        +0.00000000000000000e+00,        +0.00000000000000000e+00,        +0.00000000000000000e+00,        +0.00000000000000000e+00,        +0.00000000000000000e+00,        +0.00000000000000000e+00,        +0.00000000000000000e+00,        +0.00000000000000000e+00,        +0.00000000000000000e+00,        +0.00000000000000000e+00,        +0.00000000000000000e+00,        +0.00000000000000000e+00,        +0.00000000000000000e+00,        +0.00000000000000000e+00,        +0.00000000000000000e+00,        +0.00000000000000000e+00,        +0.00000000000000000e+00,        +0.00000000000000000e+00,        +0.00000000000000000e+00,        +0.00000000000000000e+00,        +0.00000000000000000e+00,        +0.00000000000000000e+00,        +0.00000000000000000e+00,        +0.00000000000000000e+00,        +0.00000000000000000e+00,        +0.00000000000000000e+00,        +0.00000000000000000e+00,        +0.00000000000000000e+00,        +0.00000000000000000e+00,        +0.00000000000000000e+00,        +0.00000000000000000e+00,        +0.00000000000000000e+00,        +0.00000000000000000e+00,        +0.00000000000000000e+00,        +0.00000000000000000e+00,        +0.00000000000000000e+00,        +0.00000000000000000e+00,        +0.00000000000000000e+00,        +0.00000000000000000e+00,        +0.00000000000000000e+00,        +0.00000000000000000e+00,        +0.00000000000000000e+00,        +0.00000000000000000e+00,        +0.00000000000000000e+00,        +0.00000000000000000e+00,        +0.00000000000000000e+00,        +0.00000000000000000e+00,        +0.00000000000000000e+00,        +0.00000000000000000e+00,        +0.00000000000000000e+00,        +0.00000000000000000e+00,        +0.00000000000000000e+00,        +0.00000000000000000e+00,        +0.00000000000000000e+00,        +0.00000000000000000e+00,        +0.00000000000000000e+00,        +0.00000000000000000e+00,        +0.00000000000000000e+00,        +0.00000000000000000e+00,        +0.00000000000000000e+00,        +0.00000000000000000e+00,        +0.00000000000000000e+00,        +0.00000000000000000e+00,        +0.00000000000000000e+00
        +0.00000000000000000e+00,        +0.00000000000000000e+00,        +0.00000000000000000e+00,        +0.00000000000000000e+00,        +0.00000000000000000e+00,        +0.00000000000000000e+00,        +0.00000000000000000e+00,        +0.00000000000000000e+00,        +0.00000000000000000e+00,        +0.00000000000000000e+00,        +0.00000000000000000e+00,        +0.00000000000000000e+00,        +0.00000000000000000e+00,        +0.00000000000000000e+00,        +0.00000000000000000e+00,        +0.00000000000000000e+00,        +0.00000000000000000e+00,        +0.00000000000000000e+00,        +0.00000000000000000e+00,        +0.00000000000000000e+00,        +0.00000000000000000e+00,        +0.00000000000000000e+00,        +0.00000000000000000e+00,        +0.00000000000000000e+00,        +0.00000000000000000e+00,        +0.00000000000000000e+00,        +0.00000000000000000e+00,        +0.00000000000000000e+00,        +0.00000000000000000e+00,        +0.00000000000000000e+00,        +0.00000000000000000e+00,        +0.00000000000000000e+00,        +0.00000000000000000e+00,        +0.00000000000000000e+00,        +0.00000000000000000e+00,        +0.00000000000000000e+00,        +0.00000000000000000e+00,        +0.00000000000000000e+00,        +0.00000000000000000e+00,        +0.00000000000000000e+00,        +0.00000000000000000e+00,        +0.00000000000000000e+00,        +0.00000000000000000e+00,        +0.00000000000000000e+00,        +0.00000000000000000e+00,        +0.00000000000000000e+00,        +0.00000000000000000e+00,        +0.00000000000000000e+00,        +0.00000000000000000e+00,        +0.00000000000000000e+00,        +0.00000000000000000e+00,        +0.00000000000000000e+00,        +0.00000000000000000e+00,        +0.00000000000000000e+00,        +0.00000000000000000e+00,        +0.00000000000000000e+00,        +0.00000000000000000e+00,        +0.00000000000000000e+00,        +0.00000000000000000e+00,        +0.00000000000000000e+00,        +0.00000000000000000e+00,        +0.00000000000000000e+00,        +0.00000000000000000e+00,        +0.00000000000000000e+00,        +0.00000000000000000e+00,        +0.00000000000000000e+00,        +0.00000000000000000e+00,        +0.00000000000000000e+00,        +0.00000000000000000e+00,        +0.00000000000000000e+00,        +0.00000000000000000e+00,        +0.00000000000000000e+00,        +0.00000000000000000e+00,        +0.00000000000000000e+00,        +0.00000000000000000e+00,        +0.00000000000000000e+00,        +0.00000000000000000e+00,        +0.00000000000000000e+00,        +0.00000000000000000e+00,        +0.00000000000000000e+00,        +0.00000000000000000e+00,        +0.00000000000000000e+00,        +0.00000000000000000e+00,        +0.00000000000000000e+00,        +0.00000000000000000e+00,        +0.00000000000000000e+00,        +0.00000000000000000e+00,        +0.00000000000000000e+00,        +0.00000000000000000e+00,        +0.00000000000000000e+00,        +0.00000000000000000e+00,        +0.00000000000000000e+00,        +0.00000000000000000e+00,        +0.00000000000000000e+00,        +0.00000000000000000e+00,        +0.00000000000000000e+00,        +0.00000000000000000e+00,        +0.00000000000000000e+00,        +0.00000000000000000e+00,        +0.00000000000000000e+00,        +0.00000000000000000e+00,        +0.00000000000000000e+00,        +0.00000000000000000e+00,        +0.00000000000000000e+00,        +0.00000000000000000e+00,        +0.00000000000000000e+00,        +0.00000000000000000e+00,        +0.00000000000000000e+00
        +0.00000000000000000e+00,        +0.00000000000000000e+00,        +0.00000000000000000e+00,        +0.00000000000000000e+00,        +0.00000000000000000e+00,        +0.00000000000000000e+00,        +0.00000000000000000e+00,        +0.00000000000000000e+00,        +0.00000000000000000e+00,        +0.00000000000000000e+00,        +0.00000000000000000e+00,        +0.00000000000000000e+00,        +0.00000000000000000e+00,        +0.00000000000000000e+00,        +0.00000000000000000e+00,        +0.00000000000000000e+00,        +0.00000000000000000e+00,        +0.00000000000000000e+00,        +0.00000000000000000e+00,        +0.00000000000000000e+00,        +0.00000000000000000e+00,        +0.00000000000000000e+00,        +0.00000000000000000e+00,        +0.00000000000000000e+00,        +0.00000000000000000e+00,        +0.00000000000000000e+00,        +0.00000000000000000e+00,        +0.00000000000000000e+00,        +0.00000000000000000e+00,        +0.00000000000000000e+00,        +0.00000000000000000e+00,        +0.00000000000000000e+00,        +0.00000000000000000e+00,        +0.00000000000000000e+00,        +0.00000000000000000e+00,        +0.00000000000000000e+00,        +0.00000000000000000e+00,        +0.00000000000000000e+00,        +0.00000000000000000e+00,        +0.00000000000000000e+00,        +0.00000000000000000e+00,        +0.00000000000000000e+00,        +0.00000000000000000e+00,        +0.00000000000000000e+00,        +0.00000000000000000e+00,        +0.00000000000000000e+00,        +0.00000000000000000e+00,        +0.00000000000000000e+00,        +0.00000000000000000e+00,        +0.00000000000000000e+00,        +0.00000000000000000e+00,        +0.00000000000000000e+00,        +0.00000000000000000e+00,        +0.00000000000000000e+00,        +0.00000000000000000e+00,        +0.00000000000000000e+00,        +0.00000000000000000e+00,        +0.00000000000000000e+00,        +0.00000000000000000e+00,        +0.00000000000000000e+00,        +0.00000000000000000e+00,        +0.00000000000000000e+00,        +0.00000000000000000e+00,        +0.00000000000000000e+00,        +0.00000000000000000e+00,        +0.00000000000000000e+00,        +0.00000000000000000e+00,        +0.00000000000000000e+00,        +0.00000000000000000e+00,        +0.00000000000000000e+00,        +0.00000000000000000e+00,        +0.00000000000000000e+00,        +0.00000000000000000e+00,        +0.00000000000000000e+00,        +0.00000000000000000e+00,        +0.00000000000000000e+00,        +0.00000000000000000e+00,        +0.00000000000000000e+00,        +0.00000000000000000e+00,        +0.00000000000000000e+00,        +0.00000000000000000e+00,        +0.00000000000000000e+00,        +0.00000000000000000e+00,        +0.00000000000000000e+00,        +0.00000000000000000e+00,        +0.00000000000000000e+00,        +0.00000000000000000e+00,        +0.00000000000000000e+00,        +0.00000000000000000e+00,        +0.00000000000000000e+00,        +0.00000000000000000e+00,        +0.00000000000000000e+00,        +0.00000000000000000e+00,        +0.00000000000000000e+00,        +0.00000000000000000e+00,        +0.00000000000000000e+00,        +0.00000000000000000e+00,        +0.00000000000000000e+00,        +0.00000000000000000e+00,        +0.00000000000000000e+00,        +0.00000000000000000e+00,        +0.00000000000000000e+00,        +0.00000000000000000e+00,        +0.00000000000000000e+00,        +0.00000000000000000e+00,        +0.00000000000000000e+00,        +0.00000000000000000e+00,        +0.00000000000000000e+00
        +0.00000000000000000e+00,        +0.00000000000000000e+00,        +0.00000000000000000e+00,        +0.00000000000000000e+00,        +0.00000000000000000e+00,        +0.00000000000000000e+00,        +0.00000000000000000e+00,        +0.00000000000000000e+00,        +0.00000000000000000e+00,        +0.00000000000000000e+00,        +0.00000000000000000e+00,        +0.00000000000000000e+00,        +0.00000000000000000e+00,        +0.00000000000000000e+00,        +0.00000000000000000e+00,        +0.00000000000000000e+00,        +0.00000000000000000e+00,        +0.00000000000000000e+00,        +0.00000000000000000e+00,        +0.00000000000000000e+00,        +0.00000000000000000e+00,        +0.00000000000000000e+00,        +0.00000000000000000e+00,        +0.00000000000000000e+00,        +0.00000000000000000e+00,        +0.00000000000000000e+00,        +0.00000000000000000e+00,        +0.00000000000000000e+00,        +0.00000000000000000e+00,        +0.00000000000000000e+00,        +0.00000000000000000e+00,        +0.00000000000000000e+00,        +0.00000000000000000e+00,        +0.00000000000000000e+00,        +0.00000000000000000e+00,        +0.00000000000000000e+00,        +0.00000000000000000e+00,        +0.00000000000000000e+00,        +0.00000000000000000e+00,        +0.00000000000000000e+00,        +0.00000000000000000e+00,        +0.00000000000000000e+00,        +0.00000000000000000e+00,        +0.00000000000000000e+00,        +0.00000000000000000e+00,        +0.00000000000000000e+00,        +0.00000000000000000e+00,        +0.00000000000000000e+00,        +0.00000000000000000e+00,        +0.00000000000000000e+00,        +0.00000000000000000e+00,        +0.00000000000000000e+00,        +0.00000000000000000e+00,        +0.00000000000000000e+00,        +0.00000000000000000e+00,        +0.00000000000000000e+00,        +0.00000000000000000e+00,        +0.00000000000000000e+00,        +0.00000000000000000e+00,        +0.00000000000000000e+00,        +0.00000000000000000e+00,        +0.00000000000000000e+00,        +0.00000000000000000e+00,        +0.00000000000000000e+00,        +0.00000000000000000e+00,        +0.00000000000000000e+00,        +0.00000000000000000e+00,        +0.00000000000000000e+00,        +0.00000000000000000e+00,        +0.00000000000000000e+00,        +0.00000000000000000e+00,        +0.00000000000000000e+00,        +0.00000000000000000e+00,        +0.00000000000000000e+00,        +0.00000000000000000e+00,        +0.00000000000000000e+00,        +0.00000000000000000e+00,        +0.00000000000000000e+00,        +0.00000000000000000e+00,        +0.00000000000000000e+00,        +0.00000000000000000e+00,        +0.00000000000000000e+00,        +0.00000000000000000e+00,        +0.00000000000000000e+00,        +0.00000000000000000e+00,        +0.00000000000000000e+00,        +0.00000000000000000e+00,        +0.00000000000000000e+00,        +0.00000000000000000e+00,        +0.00000000000000000e+00,        +0.00000000000000000e+00,        +0.00000000000000000e+00,        +0.00000000000000000e+00,        +0.00000000000000000e+00,        +0.00000000000000000e+00,        +0.00000000000000000e+00,        +0.00000000000000000e+00,        +0.00000000000000000e+00,        +0.00000000000000000e+00,        +0.00000000000000000e+00,        +0.00000000000000000e+00,        +0.00000000000000000e+00,        +0.00000000000000000e+00,        +0.00000000000000000e+00,        +0.00000000000000000e+00,        +0.00000000000000000e+00,        +0.00000000000000000e+00,        +0.00000000000000000e+00
        +0.00000000000000000e+00,        +0.00000000000000000e+00,        +0.00000000000000000e+00,        +0.00000000000000000e+00,        +0.00000000000000000e+00,        +0.00000000000000000e+00,        +0.00000000000000000e+00,        +0.00000000000000000e+00,        +0.00000000000000000e+00,        +0.00000000000000000e+00,        +0.00000000000000000e+00,        +0.00000000000000000e+00,        +0.00000000000000000e+00,        +0.00000000000000000e+00,        +0.00000000000000000e+00,        +0.00000000000000000e+00,        +0.00000000000000000e+00,        +0.00000000000000000e+00,        +0.00000000000000000e+00,        +0.00000000000000000e+00,        +0.00000000000000000e+00,        +0.00000000000000000e+00,        +0.00000000000000000e+00,        +0.00000000000000000e+00,        +0.00000000000000000e+00,        +0.00000000000000000e+00,        +0.00000000000000000e+00,        +0.00000000000000000e+00,        +0.00000000000000000e+00,        +0.00000000000000000e+00,        +0.00000000000000000e+00,        +0.00000000000000000e+00,        +0.00000000000000000e+00,        +0.00000000000000000e+00,        +0.00000000000000000e+00,        +0.00000000000000000e+00,        +0.00000000000000000e+00,        +0.00000000000000000e+00,        +0.00000000000000000e+00,        +0.00000000000000000e+00,        +0.00000000000000000e+00,        +0.00000000000000000e+00,        +0.00000000000000000e+00,        +0.00000000000000000e+00,        +0.00000000000000000e+00,        +0.00000000000000000e+00,        +0.00000000000000000e+00,        +0.00000000000000000e+00,        +0.00000000000000000e+00,        +0.00000000000000000e+00,        +0.00000000000000000e+00,        +0.00000000000000000e+00,        +0.00000000000000000e+00,        +0.00000000000000000e+00,        +0.00000000000000000e+00,        +0.00000000000000000e+00,        +0.00000000000000000e+00,        +0.00000000000000000e+00,        +0.00000000000000000e+00,        +0.00000000000000000e+00,        +0.00000000000000000e+00,        +0.00000000000000000e+00,        +0.00000000000000000e+00,        +0.00000000000000000e+00,        +0.00000000000000000e+00,        +0.00000000000000000e+00,        +0.00000000000000000e+00,        +0.00000000000000000e+00,        +0.00000000000000000e+00,        +0.00000000000000000e+00,        +0.00000000000000000e+00,        +0.00000000000000000e+00,        +0.00000000000000000e+00,        +0.00000000000000000e+00,        +0.00000000000000000e+00,        +0.00000000000000000e+00,        +0.00000000000000000e+00,        +0.00000000000000000e+00,        +0.00000000000000000e+00,        +0.00000000000000000e+00,        +0.00000000000000000e+00,        +0.00000000000000000e+00,        +0.00000000000000000e+00,        +0.00000000000000000e+00,        +0.00000000000000000e+00,        +0.00000000000000000e+00,        +0.00000000000000000e+00,        +0.00000000000000000e+00,        +0.00000000000000000e+00,        +0.00000000000000000e+00,        +0.00000000000000000e+00,        +0.00000000000000000e+00,        +0.00000000000000000e+00,        +0.00000000000000000e+00,        +0.00000000000000000e+00,        +0.00000000000000000e+00,        +0.00000000000000000e+00,        +0.00000000000000000e+00,        +0.00000000000000000e+00,        +0.00000000000000000e+00,        +0.00000000000000000e+00,        +0.00000000000000000e+00,        +0.00000000000000000e+00,        +0.00000000000000000e+00,        +0.00000000000000000e+00,        +0.00000000000000000e+00,        +0.00000000000000000e+00,        +0.00000000000000000e+00
        +0.00000000000000000e+00,        +0.00000000000000000e+00,        +0.00000000000000000e+00,        +0.00000000000000000e+00,        +0.00000000000000000e+00,        +0.00000000000000000e+00,        +0.00000000000000000e+00,        +0.00000000000000000e+00,        +0.00000000000000000e+00,        +0.00000000000000000e+00,        +0.00000000000000000e+00,        +0.00000000000000000e+00,        +0.00000000000000000e+00,        +0.00000000000000000e+00,        +0.00000000000000000e+00,        +0.00000000000000000e+00,        +0.00000000000000000e+00,        +0.00000000000000000e+00,        +0.00000000000000000e+00,        +0.00000000000000000e+00,        +0.00000000000000000e+00,        +0.00000000000000000e+00,        +0.00000000000000000e+00,        +0.00000000000000000e+00,        +0.00000000000000000e+00,        +0.00000000000000000e+00,        +0.00000000000000000e+00,        +0.00000000000000000e+00,        +0.00000000000000000e+00,        +0.00000000000000000e+00,        +0.00000000000000000e+00,        +0.00000000000000000e+00,        +0.00000000000000000e+00,        +0.00000000000000000e+00,        +0.00000000000000000e+00,        +0.00000000000000000e+00,        +0.00000000000000000e+00,        +0.00000000000000000e+00,        +0.00000000000000000e+00,        +0.00000000000000000e+00,        +0.00000000000000000e+00,        +0.00000000000000000e+00,        +0.00000000000000000e+00,        +0.00000000000000000e+00,        +0.00000000000000000e+00,        +0.00000000000000000e+00,        +0.00000000000000000e+00,        +0.00000000000000000e+00,        +0.00000000000000000e+00,        +0.00000000000000000e+00,        +0.00000000000000000e+00,        +0.00000000000000000e+00,        +0.00000000000000000e+00,        +0.00000000000000000e+00,        +0.00000000000000000e+00,        +0.00000000000000000e+00,        +0.00000000000000000e+00,        +0.00000000000000000e+00,        +0.00000000000000000e+00,        +0.00000000000000000e+00,        +0.00000000000000000e+00,        +0.00000000000000000e+00,        +0.00000000000000000e+00,        +0.00000000000000000e+00,        +0.00000000000000000e+00,        +0.00000000000000000e+00,        +0.00000000000000000e+00,        +0.00000000000000000e+00,        +0.00000000000000000e+00,        +0.00000000000000000e+00,        +0.00000000000000000e+00,        +0.00000000000000000e+00,        +0.00000000000000000e+00,        +0.00000000000000000e+00,        +0.00000000000000000e+00,        +0.00000000000000000e+00,        +0.00000000000000000e+00,        +0.00000000000000000e+00,        +0.00000000000000000e+00,        +0.00000000000000000e+00,        +0.00000000000000000e+00,        +0.00000000000000000e+00,        +0.00000000000000000e+00,        +0.00000000000000000e+00,        +0.00000000000000000e+00,        +0.00000000000000000e+00,        +0.00000000000000000e+00,        +0.00000000000000000e+00,        +0.00000000000000000e+00,        +0.00000000000000000e+00,        +0.00000000000000000e+00,        +0.00000000000000000e+00,        +0.00000000000000000e+00,        +0.00000000000000000e+00,        +0.00000000000000000e+00,        +0.00000000000000000e+00,        +0.00000000000000000e+00,        +0.00000000000000000e+00,        +0.00000000000000000e+00,        +0.00000000000000000e+00,        +0.00000000000000000e+00,        +0.00000000000000000e+00,        +0.00000000000000000e+00,        +0.00000000000000000e+00,        +0.00000000000000000e+00,        +0.00000000000000000e+00,        +0.00000000000000000e+00,        +0.00000000000000000e+00
        +0.00000000000000000e+00,        +0.00000000000000000e+00,        +0.00000000000000000e+00,        +0.00000000000000000e+00,        +0.00000000000000000e+00,        +0.00000000000000000e+00,        +0.00000000000000000e+00,        +0.00000000000000000e+00,        +0.00000000000000000e+00,        +0.00000000000000000e+00,        +0.00000000000000000e+00,        +0.00000000000000000e+00,        +0.00000000000000000e+00,        +0.00000000000000000e+00,        +0.00000000000000000e+00,        +0.00000000000000000e+00,        +0.00000000000000000e+00,        +0.00000000000000000e+00,        +0.00000000000000000e+00,        +0.00000000000000000e+00,        +0.00000000000000000e+00,        +0.00000000000000000e+00,        +0.00000000000000000e+00,        +0.00000000000000000e+00,        +0.00000000000000000e+00,        +0.00000000000000000e+00,        +0.00000000000000000e+00,        +0.00000000000000000e+00,        +0.00000000000000000e+00,        +0.00000000000000000e+00,        +0.00000000000000000e+00,        +0.00000000000000000e+00,        +0.00000000000000000e+00,        +0.00000000000000000e+00,        +0.00000000000000000e+00,        +0.00000000000000000e+00,        +0.00000000000000000e+00,        +0.00000000000000000e+00,        +0.00000000000000000e+00,        +0.00000000000000000e+00,        +0.00000000000000000e+00,        +0.00000000000000000e+00,        +0.00000000000000000e+00,        +0.00000000000000000e+00,        +0.00000000000000000e+00,        +0.00000000000000000e+00,        +0.00000000000000000e+00,        +0.00000000000000000e+00,        +0.00000000000000000e+00,        +0.00000000000000000e+00,        +0.00000000000000000e+00,        +0.00000000000000000e+00,        +0.00000000000000000e+00,        +0.00000000000000000e+00,        +0.00000000000000000e+00,        +0.00000000000000000e+00,        +0.00000000000000000e+00,        +0.00000000000000000e+00,        +0.00000000000000000e+00,        +0.00000000000000000e+00,        +0.00000000000000000e+00,        +0.00000000000000000e+00,        +0.00000000000000000e+00,        +0.00000000000000000e+00,        +0.00000000000000000e+00,        +0.00000000000000000e+00,        +0.00000000000000000e+00,        +0.00000000000000000e+00,        +0.00000000000000000e+00,        +0.00000000000000000e+00,        +0.00000000000000000e+00,        +0.00000000000000000e+00,        +0.00000000000000000e+00,        +0.00000000000000000e+00,        +0.00000000000000000e+00,        +0.00000000000000000e+00,        +0.00000000000000000e+00,        +0.00000000000000000e+00,        +0.00000000000000000e+00,        +0.00000000000000000e+00,        +0.00000000000000000e+00,        +0.00000000000000000e+00,        +0.00000000000000000e+00,        +0.00000000000000000e+00,        +0.00000000000000000e+00,        +0.00000000000000000e+00,        +0.00000000000000000e+00,        +0.00000000000000000e+00,        +0.00000000000000000e+00,        +0.00000000000000000e+00,        +0.00000000000000000e+00,        +0.00000000000000000e+00,        +0.00000000000000000e+00,        +0.00000000000000000e+00,        +0.00000000000000000e+00,        +0.00000000000000000e+00,        +0.00000000000000000e+00,        +0.00000000000000000e+00,        +0.00000000000000000e+00,        +0.00000000000000000e+00,        +0.00000000000000000e+00,        +0.00000000000000000e+00,        +0.00000000000000000e+00,        +0.00000000000000000e+00,        +0.00000000000000000e+00,        +0.00000000000000000e+00,        +0.00000000000000000e+00,        +0.00000000000000000e+00
        +0.00000000000000000e+00,        +0.00000000000000000e+00,        +0.00000000000000000e+00,        +0.00000000000000000e+00,        +0.00000000000000000e+00,        +0.00000000000000000e+00,        +0.00000000000000000e+00,        +0.00000000000000000e+00,        +0.00000000000000000e+00,        +0.00000000000000000e+00,        +0.00000000000000000e+00,        +0.00000000000000000e+00,        +0.00000000000000000e+00,        +0.00000000000000000e+00,        +0.00000000000000000e+00,        +0.00000000000000000e+00,        +0.00000000000000000e+00,        +0.00000000000000000e+00,        +0.00000000000000000e+00,        +0.00000000000000000e+00,        +0.00000000000000000e+00,        +0.00000000000000000e+00,        +0.00000000000000000e+00,        +0.00000000000000000e+00,        +0.00000000000000000e+00,        +0.00000000000000000e+00,        +0.00000000000000000e+00,        +0.00000000000000000e+00,        +0.00000000000000000e+00,        +0.00000000000000000e+00,        +0.00000000000000000e+00,        +0.00000000000000000e+00,        +0.00000000000000000e+00,        +0.00000000000000000e+00,        +0.00000000000000000e+00,        +0.00000000000000000e+00,        +0.00000000000000000e+00,        +0.00000000000000000e+00,        +0.00000000000000000e+00,        +0.00000000000000000e+00,        +0.00000000000000000e+00,        +0.00000000000000000e+00,        +0.00000000000000000e+00,        +0.00000000000000000e+00,        +0.00000000000000000e+00,        +0.00000000000000000e+00,        +0.00000000000000000e+00,        +0.00000000000000000e+00,        +0.00000000000000000e+00,        +0.00000000000000000e+00,        +0.00000000000000000e+00,        +0.00000000000000000e+00,        +0.00000000000000000e+00,        +0.00000000000000000e+00,        +0.00000000000000000e+00,        +0.00000000000000000e+00,        +0.00000000000000000e+00,        +0.00000000000000000e+00,        +0.00000000000000000e+00,        +0.00000000000000000e+00,        +0.00000000000000000e+00,        +0.00000000000000000e+00,        +0.00000000000000000e+00,        +0.00000000000000000e+00,        +0.00000000000000000e+00,        +0.00000000000000000e+00,        +0.00000000000000000e+00,        +0.00000000000000000e+00,        +0.00000000000000000e+00,        +0.00000000000000000e+00,        +0.00000000000000000e+00,        +0.00000000000000000e+00,        +0.00000000000000000e+00,        +0.00000000000000000e+00,        +0.00000000000000000e+00,        +0.00000000000000000e+00,        +0.00000000000000000e+00,        +0.00000000000000000e+00,        +0.00000000000000000e+00,        +0.00000000000000000e+00,        +0.00000000000000000e+00,        +0.00000000000000000e+00,        +0.00000000000000000e+00,        +0.00000000000000000e+00,        +0.00000000000000000e+00,        +0.00000000000000000e+00,        +0.00000000000000000e+00,        +0.00000000000000000e+00,        +0.00000000000000000e+00,        +0.00000000000000000e+00,        +0.00000000000000000e+00,        +0.00000000000000000e+00,        +0.00000000000000000e+00,        +0.00000000000000000e+00,        +0.00000000000000000e+00,        +0.00000000000000000e+00,        +0.00000000000000000e+00,        +0.00000000000000000e+00,        +0.00000000000000000e+00,        +0.00000000000000000e+00,        +0.00000000000000000e+00,        +0.00000000000000000e+00,        +0.00000000000000000e+00,        +0.00000000000000000e+00,        +0.00000000000000000e+00,        +0.00000000000000000e+00,        +0.00000000000000000e+00,        +0.00000000000000000e+00
        +0.00000000000000000e+00,        +0.00000000000000000e+00,        +0.00000000000000000e+00,        +0.00000000000000000e+00,        +0.00000000000000000e+00,        +0.00000000000000000e+00,        +0.00000000000000000e+00,        +0.00000000000000000e+00,        +0.00000000000000000e+00,        +0.00000000000000000e+00,        +0.00000000000000000e+00,        +0.00000000000000000e+00,        +0.00000000000000000e+00,        +0.00000000000000000e+00,        +0.00000000000000000e+00,        +0.00000000000000000e+00,        +0.00000000000000000e+00,        +0.00000000000000000e+00,        +0.00000000000000000e+00,        +0.00000000000000000e+00,        +0.00000000000000000e+00,        +0.00000000000000000e+00,        +0.00000000000000000e+00,        +0.00000000000000000e+00,        +0.00000000000000000e+00,        +0.00000000000000000e+00,        +0.00000000000000000e+00,        +0.00000000000000000e+00,        +0.00000000000000000e+00,        +0.00000000000000000e+00,        +0.00000000000000000e+00,        +0.00000000000000000e+00,        +0.00000000000000000e+00,        +0.00000000000000000e+00,        +0.00000000000000000e+00,        +0.00000000000000000e+00,        +0.00000000000000000e+00,        +0.00000000000000000e+00,        +0.00000000000000000e+00,        +0.00000000000000000e+00,        +0.00000000000000000e+00,        +0.00000000000000000e+00,        +0.00000000000000000e+00,        +0.00000000000000000e+00,        +0.00000000000000000e+00,        +0.00000000000000000e+00,        +0.00000000000000000e+00,        +0.00000000000000000e+00,        +0.00000000000000000e+00,        +0.00000000000000000e+00,        +0.00000000000000000e+00,        +0.00000000000000000e+00,        +0.00000000000000000e+00,        +0.00000000000000000e+00,        +0.00000000000000000e+00,        +0.00000000000000000e+00,        +0.00000000000000000e+00,        +0.00000000000000000e+00,        +0.00000000000000000e+00,        +0.00000000000000000e+00,        +0.00000000000000000e+00,        +0.00000000000000000e+00,        +0.00000000000000000e+00,        +0.00000000000000000e+00,        +0.00000000000000000e+00,        +0.00000000000000000e+00,        +0.00000000000000000e+00,        +0.00000000000000000e+00,        +0.00000000000000000e+00,        +0.00000000000000000e+00,        +0.00000000000000000e+00,        +0.00000000000000000e+00,        +0.00000000000000000e+00,        +0.00000000000000000e+00,        +0.00000000000000000e+00,        +0.00000000000000000e+00,        +0.00000000000000000e+00,        +0.00000000000000000e+00,        +0.00000000000000000e+00,        +0.00000000000000000e+00,        +0.00000000000000000e+00,        +0.00000000000000000e+00,        +0.00000000000000000e+00,        +0.00000000000000000e+00,        +0.00000000000000000e+00,        +0.00000000000000000e+00,        +0.00000000000000000e+00,        +0.00000000000000000e+00,        +0.00000000000000000e+00,        +0.00000000000000000e+00,        +0.00000000000000000e+00,        +0.00000000000000000e+00,        +0.00000000000000000e+00,        +0.00000000000000000e+00,        +0.00000000000000000e+00,        +0.00000000000000000e+00,        +0.00000000000000000e+00,        +0.00000000000000000e+00,        +0.00000000000000000e+00,        +0.00000000000000000e+00,        +0.00000000000000000e+00,        +0.00000000000000000e+00,        +0.00000000000000000e+00,        +0.00000000000000000e+00,        +0.00000000000000000e+00,        +0.00000000000000000e+00,        +0.00000000000000000e+00,        +0.00000000000000000e+00
        +0.00000000000000000e+00,        +0.00000000000000000e+00,        +0.00000000000000000e+00,        +0.00000000000000000e+00,        +0.00000000000000000e+00,        +0.00000000000000000e+00,        +0.00000000000000000e+00,        +0.00000000000000000e+00,        +0.00000000000000000e+00,        +0.00000000000000000e+00,        +0.00000000000000000e+00,        +0.00000000000000000e+00,        +0.00000000000000000e+00,        +0.00000000000000000e+00,        +0.00000000000000000e+00,        +0.00000000000000000e+00,        +0.00000000000000000e+00,        +0.00000000000000000e+00,        +0.00000000000000000e+00,        +0.00000000000000000e+00,        +0.00000000000000000e+00,        +0.00000000000000000e+00,        +0.00000000000000000e+00,        +0.00000000000000000e+00,        +0.00000000000000000e+00,        +0.00000000000000000e+00,        +0.00000000000000000e+00,        +0.00000000000000000e+00,        +0.00000000000000000e+00,        +0.00000000000000000e+00,        +0.00000000000000000e+00,        +0.00000000000000000e+00,        +0.00000000000000000e+00,        +0.00000000000000000e+00,        +0.00000000000000000e+00,        +0.00000000000000000e+00,        +0.00000000000000000e+00,        +0.00000000000000000e+00,        +0.00000000000000000e+00,        +0.00000000000000000e+00,        +0.00000000000000000e+00,        +0.00000000000000000e+00,        +0.00000000000000000e+00,        +0.00000000000000000e+00,        +0.00000000000000000e+00,        +0.00000000000000000e+00,        +0.00000000000000000e+00,        +0.00000000000000000e+00,        +0.00000000000000000e+00,        +0.00000000000000000e+00,        +0.00000000000000000e+00,        +0.00000000000000000e+00,        +0.00000000000000000e+00,        +0.00000000000000000e+00,        +0.00000000000000000e+00,        +0.00000000000000000e+00,        +0.00000000000000000e+00,        +0.00000000000000000e+00,        +0.00000000000000000e+00,        +0.00000000000000000e+00,        +0.00000000000000000e+00,        +0.00000000000000000e+00,        +0.00000000000000000e+00,        +0.00000000000000000e+00,        +0.00000000000000000e+00,        +0.00000000000000000e+00,        +0.00000000000000000e+00,        +0.00000000000000000e+00,        +0.00000000000000000e+00,        +0.00000000000000000e+00,        +0.00000000000000000e+00,        +0.00000000000000000e+00,        +0.00000000000000000e+00,        +0.00000000000000000e+00,        +0.00000000000000000e+00,        +0.00000000000000000e+00,        +0.00000000000000000e+00,        +0.00000000000000000e+00,        +0.00000000000000000e+00,        +0.00000000000000000e+00,        +0.00000000000000000e+00,        +0.00000000000000000e+00,        +0.00000000000000000e+00,        +0.00000000000000000e+00,        +0.00000000000000000e+00,        +0.00000000000000000e+00,        +0.00000000000000000e+00,        +0.00000000000000000e+00,        +0.00000000000000000e+00,        +0.00000000000000000e+00,        +0.00000000000000000e+00,        +0.00000000000000000e+00,        +0.00000000000000000e+00,        +0.00000000000000000e+00,        +0.00000000000000000e+00,        +0.00000000000000000e+00,        +0.00000000000000000e+00,        +0.00000000000000000e+00,        +0.00000000000000000e+00,        +0.00000000000000000e+00,        +0.00000000000000000e+00,        +0.00000000000000000e+00,        +0.00000000000000000e+00,        +0.00000000000000000e+00,        +0.00000000000000000e+00,        +0.00000000000000000e+00,        +0.00000000000000000e+00,        +0.00000000000000000e+00
        +0.00000000000000000e+00,        +0.00000000000000000e+00,        +0.00000000000000000e+00,        +0.00000000000000000e+00,        +0.00000000000000000e+00,        +0.00000000000000000e+00,        +0.00000000000000000e+00,        +0.00000000000000000e+00,        +0.00000000000000000e+00,        +0.00000000000000000e+00,        +0.00000000000000000e+00,        +0.00000000000000000e+00,        +0.00000000000000000e+00,        +0.00000000000000000e+00,        +0.00000000000000000e+00,        +0.00000000000000000e+00,        +0.00000000000000000e+00,        +0.00000000000000000e+00,        +0.00000000000000000e+00,        +0.00000000000000000e+00,        +0.00000000000000000e+00,        +0.00000000000000000e+00,        +0.00000000000000000e+00,        +0.00000000000000000e+00,        +0.00000000000000000e+00,        +0.00000000000000000e+00,        +0.00000000000000000e+00,        +0.00000000000000000e+00,        +0.00000000000000000e+00,        +0.00000000000000000e+00,        +0.00000000000000000e+00,        +0.00000000000000000e+00,        +0.00000000000000000e+00,        +0.00000000000000000e+00,        +0.00000000000000000e+00,        +0.00000000000000000e+00,        +0.00000000000000000e+00,        +0.00000000000000000e+00,        +0.00000000000000000e+00,        +0.00000000000000000e+00,        +0.00000000000000000e+00,        +0.00000000000000000e+00,        +0.00000000000000000e+00,        +0.00000000000000000e+00,        +0.00000000000000000e+00,        +0.00000000000000000e+00,        +0.00000000000000000e+00,        +0.00000000000000000e+00,        +0.00000000000000000e+00,        +0.00000000000000000e+00,        +0.00000000000000000e+00,        +0.00000000000000000e+00,        +0.00000000000000000e+00,        +0.00000000000000000e+00,        +0.00000000000000000e+00,        +0.00000000000000000e+00,        +0.00000000000000000e+00,        +0.00000000000000000e+00,        +0.00000000000000000e+00,        +0.00000000000000000e+00,        +0.00000000000000000e+00,        +0.00000000000000000e+00,        +0.00000000000000000e+00,        +0.00000000000000000e+00,        +0.00000000000000000e+00,        +0.00000000000000000e+00,        +0.00000000000000000e+00,        +0.00000000000000000e+00,        +0.00000000000000000e+00,        +0.00000000000000000e+00,        +0.00000000000000000e+00,        +0.00000000000000000e+00,        +0.00000000000000000e+00,        +0.00000000000000000e+00,        +0.00000000000000000e+00,        +0.00000000000000000e+00,        +0.00000000000000000e+00,        +0.00000000000000000e+00,        +0.00000000000000000e+00,        +0.00000000000000000e+00,        +0.00000000000000000e+00,        +0.00000000000000000e+00,        +0.00000000000000000e+00,        +0.00000000000000000e+00,        +0.00000000000000000e+00,        +0.00000000000000000e+00,        +0.00000000000000000e+00,        +0.00000000000000000e+00,        +0.00000000000000000e+00,        +0.00000000000000000e+00,        +0.00000000000000000e+00,        +0.00000000000000000e+00,        +0.00000000000000000e+00,        +0.00000000000000000e+00,        +0.00000000000000000e+00,        +0.00000000000000000e+00,        +0.00000000000000000e+00,        +0.00000000000000000e+00,        +0.00000000000000000e+00,        +0.00000000000000000e+00,        +0.00000000000000000e+00,        +0.00000000000000000e+00,        +0.00000000000000000e+00,        +0.00000000000000000e+00,        +0.00000000000000000e+00,        +0.00000000000000000e+00,        +0.00000000000000000e+00,        +0.00000000000000000e+00
        +0.00000000000000000e+00,        +0.00000000000000000e+00,        +0.00000000000000000e+00,        +0.00000000000000000e+00,        +0.00000000000000000e+00,        +0.00000000000000000e+00,        +0.00000000000000000e+00,        +0.00000000000000000e+00,        +0.00000000000000000e+00,        +0.00000000000000000e+00,        +0.00000000000000000e+00,        +0.00000000000000000e+00,        +0.00000000000000000e+00,        +0.00000000000000000e+00,        +0.00000000000000000e+00,        +0.00000000000000000e+00,        +0.00000000000000000e+00,        +0.00000000000000000e+00,        +0.00000000000000000e+00,        +0.00000000000000000e+00,        +0.00000000000000000e+00,        +0.00000000000000000e+00,        +0.00000000000000000e+00,        +0.00000000000000000e+00,        +0.00000000000000000e+00,        +0.00000000000000000e+00,        +0.00000000000000000e+00,        +0.00000000000000000e+00,        +0.00000000000000000e+00,        +0.00000000000000000e+00,        +0.00000000000000000e+00,        +0.00000000000000000e+00,        +0.00000000000000000e+00,        +0.00000000000000000e+00,        +0.00000000000000000e+00,        +0.00000000000000000e+00,        +0.00000000000000000e+00,        +0.00000000000000000e+00,        +0.00000000000000000e+00,        +0.00000000000000000e+00,        +0.00000000000000000e+00,        +0.00000000000000000e+00,        +0.00000000000000000e+00,        +0.00000000000000000e+00,        +0.00000000000000000e+00,        +0.00000000000000000e+00,        +0.00000000000000000e+00,        +0.00000000000000000e+00,        +0.00000000000000000e+00,        +0.00000000000000000e+00,        +0.00000000000000000e+00,        +0.00000000000000000e+00,        +0.00000000000000000e+00,        +0.00000000000000000e+00,        +0.00000000000000000e+00,        +0.00000000000000000e+00,        +0.00000000000000000e+00,        +0.00000000000000000e+00,        +0.00000000000000000e+00,        +0.00000000000000000e+00,        +0.00000000000000000e+00,        +0.00000000000000000e+00,        +0.00000000000000000e+00,        +0.00000000000000000e+00,        +0.00000000000000000e+00,        +0.00000000000000000e+00,        +0.00000000000000000e+00,        +0.00000000000000000e+00,        +0.00000000000000000e+00,        +0.00000000000000000e+00,        +0.00000000000000000e+00,        +0.00000000000000000e+00,        +0.00000000000000000e+00,        +0.00000000000000000e+00,        +0.00000000000000000e+00,        +0.00000000000000000e+00,        +0.00000000000000000e+00,        +0.00000000000000000e+00,        +0.00000000000000000e+00,        +0.00000000000000000e+00,        +0.00000000000000000e+00,        +0.00000000000000000e+00,        +0.00000000000000000e+00,        +0.00000000000000000e+00,        +0.00000000000000000e+00,        +0.00000000000000000e+00,        +0.00000000000000000e+00,        +0.00000000000000000e+00,        +0.00000000000000000e+00,        +0.00000000000000000e+00,        +0.00000000000000000e+00,        +0.00000000000000000e+00,        +0.00000000000000000e+00,        +0.00000000000000000e+00,        +0.00000000000000000e+00,        +0.00000000000000000e+00,        +0.00000000000000000e+00,        +0.00000000000000000e+00,        +0.00000000000000000e+00,        +0.00000000000000000e+00,        +0.00000000000000000e+00,        +0.00000000000000000e+00,        +0.00000000000000000e+00,        +0.00000000000000000e+00,        +0.00000000000000000e+00,        +0.00000000000000000e+00,        +0.00000000000000000e+00,        +0.00000000000000000e+00
        +0.00000000000000000e+00,        +0.00000000000000000e+00,        +0.00000000000000000e+00,        +0.00000000000000000e+00,        +0.00000000000000000e+00,        +0.00000000000000000e+00,        +0.00000000000000000e+00,        +0.00000000000000000e+00,        +0.00000000000000000e+00,        +0.00000000000000000e+00,        +0.00000000000000000e+00,        +0.00000000000000000e+00,        +0.00000000000000000e+00,        +0.00000000000000000e+00,        +0.00000000000000000e+00,        +0.00000000000000000e+00,        +0.00000000000000000e+00,        +0.00000000000000000e+00,        +0.00000000000000000e+00,        +0.00000000000000000e+00,        +0.00000000000000000e+00,        +0.00000000000000000e+00,        +0.00000000000000000e+00,        +0.00000000000000000e+00,        +0.00000000000000000e+00,        +0.00000000000000000e+00,        +0.00000000000000000e+00,        +0.00000000000000000e+00,        +0.00000000000000000e+00,        +0.00000000000000000e+00,        +0.00000000000000000e+00,        +0.00000000000000000e+00,        +0.00000000000000000e+00,        +0.00000000000000000e+00,        +0.00000000000000000e+00,        +0.00000000000000000e+00,        +0.00000000000000000e+00,        +0.00000000000000000e+00,        +0.00000000000000000e+00,        +0.00000000000000000e+00,        +0.00000000000000000e+00,        +0.00000000000000000e+00,        +0.00000000000000000e+00,        +0.00000000000000000e+00,        +0.00000000000000000e+00,        +0.00000000000000000e+00,        +0.00000000000000000e+00,        +0.00000000000000000e+00,        +0.00000000000000000e+00,        +0.00000000000000000e+00,        +0.00000000000000000e+00,        +0.00000000000000000e+00,        +0.00000000000000000e+00,        +0.00000000000000000e+00,        +0.00000000000000000e+00,        +0.00000000000000000e+00,        +0.00000000000000000e+00,        +0.00000000000000000e+00,        +0.00000000000000000e+00,        +0.00000000000000000e+00,        +0.00000000000000000e+00,        +0.00000000000000000e+00,        +0.00000000000000000e+00,        +0.00000000000000000e+00,        +0.00000000000000000e+00,        +0.00000000000000000e+00,        +0.00000000000000000e+00,        +0.00000000000000000e+00,        +0.00000000000000000e+00,        +0.00000000000000000e+00,        +0.00000000000000000e+00,        +0.00000000000000000e+00,        +0.00000000000000000e+00,        +0.00000000000000000e+00,        +0.00000000000000000e+00,        +0.00000000000000000e+00,        +0.00000000000000000e+00,        +0.00000000000000000e+00,        +0.00000000000000000e+00,        +0.00000000000000000e+00,        +0.00000000000000000e+00,        +0.00000000000000000e+00,        +0.00000000000000000e+00,        +0.00000000000000000e+00,        +0.00000000000000000e+00,        +0.00000000000000000e+00,        +0.00000000000000000e+00,        +0.00000000000000000e+00,        +0.00000000000000000e+00,        +0.00000000000000000e+00,        +0.00000000000000000e+00,        +0.00000000000000000e+00,        +0.00000000000000000e+00,        +0.00000000000000000e+00,        +0.00000000000000000e+00,        +0.00000000000000000e+00,        +0.00000000000000000e+00,        +0.00000000000000000e+00,        +0.00000000000000000e+00,        +0.00000000000000000e+00,        +0.00000000000000000e+00,        +0.00000000000000000e+00,        +0.00000000000000000e+00,        +0.00000000000000000e+00,        +0.00000000000000000e+00,        +0.00000000000000000e+00,        +0.00000000000000000e+00,        +0.00000000000000000e+00
        +0.00000000000000000e+00,        +0.00000000000000000e+00,        +0.00000000000000000e+00,        +0.00000000000000000e+00,        +0.00000000000000000e+00,        +0.00000000000000000e+00,        +0.00000000000000000e+00,        +0.00000000000000000e+00,        +0.00000000000000000e+00,        +0.00000000000000000e+00,        +0.00000000000000000e+00,        +0.00000000000000000e+00,        +0.00000000000000000e+00,        +0.00000000000000000e+00,        +0.00000000000000000e+00,        +0.00000000000000000e+00,        +0.00000000000000000e+00,        +0.00000000000000000e+00,        +0.00000000000000000e+00,        +0.00000000000000000e+00,        +0.00000000000000000e+00,        +0.00000000000000000e+00,        +0.00000000000000000e+00,        +0.00000000000000000e+00,        +0.00000000000000000e+00,        +0.00000000000000000e+00,        +0.00000000000000000e+00,        +0.00000000000000000e+00,        +0.00000000000000000e+00,        +0.00000000000000000e+00,        +0.00000000000000000e+00,        +0.00000000000000000e+00,        +0.00000000000000000e+00,        +0.00000000000000000e+00,        +0.00000000000000000e+00,        +0.00000000000000000e+00,        +0.00000000000000000e+00,        +0.00000000000000000e+00,        +0.00000000000000000e+00,        +0.00000000000000000e+00,        +0.00000000000000000e+00,        +0.00000000000000000e+00,        +0.00000000000000000e+00,        +0.00000000000000000e+00,        +0.00000000000000000e+00,        +0.00000000000000000e+00,        +0.00000000000000000e+00,        +0.00000000000000000e+00,        +0.00000000000000000e+00,        +0.00000000000000000e+00,        +0.00000000000000000e+00,        +0.00000000000000000e+00,        +0.00000000000000000e+00,        +0.00000000000000000e+00,        +0.00000000000000000e+00,        +0.00000000000000000e+00,        +0.00000000000000000e+00,        +0.00000000000000000e+00,        +0.00000000000000000e+00,        +0.00000000000000000e+00,        +0.00000000000000000e+00,        +0.00000000000000000e+00,        +0.00000000000000000e+00,        +0.00000000000000000e+00,        +0.00000000000000000e+00,        +0.00000000000000000e+00,        +0.00000000000000000e+00,        +0.00000000000000000e+00,        +0.00000000000000000e+00,        +0.00000000000000000e+00,        +0.00000000000000000e+00,        +0.00000000000000000e+00,        +0.00000000000000000e+00,        +0.00000000000000000e+00,        +0.00000000000000000e+00,        +0.00000000000000000e+00,        +0.00000000000000000e+00,        +0.00000000000000000e+00,        +0.00000000000000000e+00,        +0.00000000000000000e+00,        +0.00000000000000000e+00,        +0.00000000000000000e+00,        +0.00000000000000000e+00,        +0.00000000000000000e+00,        +0.00000000000000000e+00,        +0.00000000000000000e+00,        +0.00000000000000000e+00,        +0.00000000000000000e+00,        +0.00000000000000000e+00,        +0.00000000000000000e+00,        +0.00000000000000000e+00,        +0.00000000000000000e+00,        +0.00000000000000000e+00,        +0.00000000000000000e+00,        +0.00000000000000000e+00,        +0.00000000000000000e+00,        +0.00000000000000000e+00,        +0.00000000000000000e+00,        +0.00000000000000000e+00,        +0.00000000000000000e+00,        +0.00000000000000000e+00,        +0.00000000000000000e+00,        +0.00000000000000000e+00,        +0.00000000000000000e+00,        +0.00000000000000000e+00,        +0.00000000000000000e+00,        +0.00000000000000000e+00,        +0.00000000000000000e+00
        +0.00000000000000000e+00,        +0.00000000000000000e+00,        +0.00000000000000000e+00,        +0.00000000000000000e+00,        +0.00000000000000000e+00,        +0.00000000000000000e+00,        +0.00000000000000000e+00,        +0.00000000000000000e+00,        +0.00000000000000000e+00,        +0.00000000000000000e+00,        +0.00000000000000000e+00,        +0.00000000000000000e+00,        +0.00000000000000000e+00,        +0.00000000000000000e+00,        +0.00000000000000000e+00,        +0.00000000000000000e+00,        +0.00000000000000000e+00,        +0.00000000000000000e+00,        +0.00000000000000000e+00,        +0.00000000000000000e+00,        +0.00000000000000000e+00,        +0.00000000000000000e+00,        +0.00000000000000000e+00,        +0.00000000000000000e+00,        +0.00000000000000000e+00,        +0.00000000000000000e+00,        +0.00000000000000000e+00,        +0.00000000000000000e+00,        +0.00000000000000000e+00,        +0.00000000000000000e+00,        +0.00000000000000000e+00,        +0.00000000000000000e+00,        +0.00000000000000000e+00,        +0.00000000000000000e+00,        +0.00000000000000000e+00,        +0.00000000000000000e+00,        +0.00000000000000000e+00,        +0.00000000000000000e+00,        +0.00000000000000000e+00,        +0.00000000000000000e+00,        +0.00000000000000000e+00,        +0.00000000000000000e+00,        +0.00000000000000000e+00,        +0.00000000000000000e+00,        +0.00000000000000000e+00,        +0.00000000000000000e+00,        +0.00000000000000000e+00,        +0.00000000000000000e+00,        +0.00000000000000000e+00,        +0.00000000000000000e+00,        +0.00000000000000000e+00,        +0.00000000000000000e+00,        +0.00000000000000000e+00,        +0.00000000000000000e+00,        +0.00000000000000000e+00,        +0.00000000000000000e+00,        +0.00000000000000000e+00,        +0.00000000000000000e+00,        +0.00000000000000000e+00,        +0.00000000000000000e+00,        +0.00000000000000000e+00,        +0.00000000000000000e+00,        +0.00000000000000000e+00,        +0.00000000000000000e+00,        +0.00000000000000000e+00,        +0.00000000000000000e+00,        +0.00000000000000000e+00,        +0.00000000000000000e+00,        +0.00000000000000000e+00,        +0.00000000000000000e+00,        +0.00000000000000000e+00,        +0.00000000000000000e+00,        +0.00000000000000000e+00,        +0.00000000000000000e+00,        +0.00000000000000000e+00,        +0.00000000000000000e+00,        +0.00000000000000000e+00,        +0.00000000000000000e+00,        +0.00000000000000000e+00,        +0.00000000000000000e+00,        +0.00000000000000000e+00,        +0.00000000000000000e+00,        +0.00000000000000000e+00,        +0.00000000000000000e+00,        +0.00000000000000000e+00,        +0.00000000000000000e+00,        +0.00000000000000000e+00,        +0.00000000000000000e+00,        +0.00000000000000000e+00,        +0.00000000000000000e+00,        +0.00000000000000000e+00,        +0.00000000000000000e+00,        +0.00000000000000000e+00,        +0.00000000000000000e+00,        +0.00000000000000000e+00,        +0.00000000000000000e+00,        +0.00000000000000000e+00,        +0.00000000000000000e+00,        +0.00000000000000000e+00,        +0.00000000000000000e+00,        +0.00000000000000000e+00,        +0.00000000000000000e+00,        +0.00000000000000000e+00,        +0.00000000000000000e+00,        +0.00000000000000000e+00,        +0.00000000000000000e+00,        +0.00000000000000000e+00,        +0.00000000000000000e+00
        +0.00000000000000000e+00,        +0.00000000000000000e+00,        +0.00000000000000000e+00,        +0.00000000000000000e+00,        +0.00000000000000000e+00,        +0.00000000000000000e+00,        +0.00000000000000000e+00,        +0.00000000000000000e+00,        +0.00000000000000000e+00,        +0.00000000000000000e+00,        +0.00000000000000000e+00,        +0.00000000000000000e+00,        +0.00000000000000000e+00,        +0.00000000000000000e+00,        +0.00000000000000000e+00,        +0.00000000000000000e+00,        +0.00000000000000000e+00,        +0.00000000000000000e+00,        +0.00000000000000000e+00,        +0.00000000000000000e+00,        +0.00000000000000000e+00,        +0.00000000000000000e+00,        +0.00000000000000000e+00,        +0.00000000000000000e+00,        +0.00000000000000000e+00,        +0.00000000000000000e+00,        +0.00000000000000000e+00,        +0.00000000000000000e+00,        +0.00000000000000000e+00,        +0.00000000000000000e+00,        +0.00000000000000000e+00,        +0.00000000000000000e+00,        +0.00000000000000000e+00,        +0.00000000000000000e+00,        +0.00000000000000000e+00,        +0.00000000000000000e+00,        +0.00000000000000000e+00,        +0.00000000000000000e+00,        +0.00000000000000000e+00,        +0.00000000000000000e+00,        +0.00000000000000000e+00,        +0.00000000000000000e+00,        +0.00000000000000000e+00,        +0.00000000000000000e+00,        +0.00000000000000000e+00,        +0.00000000000000000e+00,        +0.00000000000000000e+00,        +0.00000000000000000e+00,        +0.00000000000000000e+00,        +0.00000000000000000e+00,        +0.00000000000000000e+00,        +0.00000000000000000e+00,        +0.00000000000000000e+00,        +0.00000000000000000e+00,        +0.00000000000000000e+00,        +0.00000000000000000e+00,        +0.00000000000000000e+00,        +0.00000000000000000e+00,        +0.00000000000000000e+00,        +0.00000000000000000e+00,        +0.00000000000000000e+00,        +0.00000000000000000e+00,        +0.00000000000000000e+00,        +0.00000000000000000e+00,        +0.00000000000000000e+00,        +0.00000000000000000e+00,        +0.00000000000000000e+00,        +0.00000000000000000e+00,        +0.00000000000000000e+00,        +0.00000000000000000e+00,        +0.00000000000000000e+00,        +0.00000000000000000e+00,        +0.00000000000000000e+00,        +0.00000000000000000e+00,        +0.00000000000000000e+00,        +0.00000000000000000e+00,        +0.00000000000000000e+00,        +0.00000000000000000e+00,        +0.00000000000000000e+00,        +0.00000000000000000e+00,        +0.00000000000000000e+00,        +0.00000000000000000e+00,        +0.00000000000000000e+00,        +0.00000000000000000e+00,        +0.00000000000000000e+00,        +0.00000000000000000e+00,        +0.00000000000000000e+00,        +0.00000000000000000e+00,        +0.00000000000000000e+00,        +0.00000000000000000e+00,        +0.00000000000000000e+00,        +0.00000000000000000e+00,        +0.00000000000000000e+00,        +0.00000000000000000e+00,        +0.00000000000000000e+00,        +0.00000000000000000e+00,        +0.00000000000000000e+00,        +0.00000000000000000e+00,        +0.00000000000000000e+00,        +0.00000000000000000e+00,        +0.00000000000000000e+00,        +0.00000000000000000e+00,        +0.00000000000000000e+00,        +0.00000000000000000e+00,        +0.00000000000000000e+00,        +0.00000000000000000e+00,        +0.00000000000000000e+00,        +0.00000000000000000e+00
        +0.00000000000000000e+00,        +0.00000000000000000e+00,        +0.00000000000000000e+00,        +0.00000000000000000e+00,        +0.00000000000000000e+00,        +0.00000000000000000e+00,        +0.00000000000000000e+00,        +0.00000000000000000e+00,        +0.00000000000000000e+00,        +0.00000000000000000e+00,        +0.00000000000000000e+00,        +0.00000000000000000e+00,        +0.00000000000000000e+00,        +0.00000000000000000e+00,        +0.00000000000000000e+00,        +0.00000000000000000e+00,        +0.00000000000000000e+00,        +0.00000000000000000e+00,        +0.00000000000000000e+00,        +0.00000000000000000e+00,        +0.00000000000000000e+00,        +0.00000000000000000e+00,        +0.00000000000000000e+00,        +0.00000000000000000e+00,        +0.00000000000000000e+00,        +0.00000000000000000e+00,        +0.00000000000000000e+00,        +0.00000000000000000e+00,        +0.00000000000000000e+00,        +0.00000000000000000e+00,        +0.00000000000000000e+00,        +0.00000000000000000e+00,        +0.00000000000000000e+00,        +0.00000000000000000e+00,        +0.00000000000000000e+00,        +0.00000000000000000e+00,        +0.00000000000000000e+00,        +0.00000000000000000e+00,        +0.00000000000000000e+00,        +0.00000000000000000e+00,        +0.00000000000000000e+00,        +0.00000000000000000e+00,        +0.00000000000000000e+00,        +0.00000000000000000e+00,        +0.00000000000000000e+00,        +0.00000000000000000e+00,        +0.00000000000000000e+00,        +0.00000000000000000e+00,        +0.00000000000000000e+00,        +0.00000000000000000e+00,        +0.00000000000000000e+00,        +0.00000000000000000e+00,        +0.00000000000000000e+00,        +0.00000000000000000e+00,        +0.00000000000000000e+00,        +0.00000000000000000e+00,        +0.00000000000000000e+00,        +0.00000000000000000e+00,        +0.00000000000000000e+00,        +0.00000000000000000e+00,        +0.00000000000000000e+00,        +0.00000000000000000e+00,        +0.00000000000000000e+00,        +0.00000000000000000e+00,        +0.00000000000000000e+00,        +0.00000000000000000e+00,        +0.00000000000000000e+00,        +0.00000000000000000e+00,        +0.00000000000000000e+00,        +0.00000000000000000e+00,        +0.00000000000000000e+00,        +0.00000000000000000e+00,        +0.00000000000000000e+00,        +0.00000000000000000e+00,        +0.00000000000000000e+00,        +0.00000000000000000e+00,        +0.00000000000000000e+00,        +0.00000000000000000e+00,        +0.00000000000000000e+00,        +0.00000000000000000e+00,        +0.00000000000000000e+00,        +0.00000000000000000e+00,        +0.00000000000000000e+00,        +0.00000000000000000e+00,        +0.00000000000000000e+00,        +0.00000000000000000e+00,        +0.00000000000000000e+00,        +0.00000000000000000e+00,        +0.00000000000000000e+00,        +0.00000000000000000e+00,        +0.00000000000000000e+00,        +0.00000000000000000e+00,        +0.00000000000000000e+00,        +0.00000000000000000e+00,        +0.00000000000000000e+00,        +0.00000000000000000e+00,        +0.00000000000000000e+00,        +0.00000000000000000e+00,        +0.00000000000000000e+00,        +0.00000000000000000e+00,        +0.00000000000000000e+00,        +0.00000000000000000e+00,        +0.00000000000000000e+00,        +0.00000000000000000e+00,        +0.00000000000000000e+00,        +0.00000000000000000e+00,        +0.00000000000000000e+00,        +0.00000000000000000e+00
        +0.00000000000000000e+00,        +0.00000000000000000e+00,        +0.00000000000000000e+00,        +0.00000000000000000e+00,        +0.00000000000000000e+00,        +0.00000000000000000e+00,        +0.00000000000000000e+00,        +0.00000000000000000e+00,        +0.00000000000000000e+00,        +0.00000000000000000e+00,        +0.00000000000000000e+00,        +0.00000000000000000e+00,        +0.00000000000000000e+00,        +0.00000000000000000e+00,        +0.00000000000000000e+00,        +0.00000000000000000e+00,        +0.00000000000000000e+00,        +0.00000000000000000e+00,        +0.00000000000000000e+00,        +0.00000000000000000e+00,        +0.00000000000000000e+00,        +0.00000000000000000e+00,        +0.00000000000000000e+00,        +0.00000000000000000e+00,        +0.00000000000000000e+00,        +0.00000000000000000e+00,        +0.00000000000000000e+00,        +0.00000000000000000e+00,        +0.00000000000000000e+00,        +0.00000000000000000e+00,        +0.00000000000000000e+00,        +0.00000000000000000e+00,        +0.00000000000000000e+00,        +0.00000000000000000e+00,        +0.00000000000000000e+00,        +0.00000000000000000e+00,        +0.00000000000000000e+00,        +0.00000000000000000e+00,        +0.00000000000000000e+00,        +0.00000000000000000e+00,        +0.00000000000000000e+00,        +0.00000000000000000e+00,        +0.00000000000000000e+00,        +0.00000000000000000e+00,        +0.00000000000000000e+00,        +0.00000000000000000e+00,        +0.00000000000000000e+00,        +0.00000000000000000e+00,        +0.00000000000000000e+00,        +0.00000000000000000e+00,        +0.00000000000000000e+00,        +0.00000000000000000e+00,        +0.00000000000000000e+00,        +0.00000000000000000e+00,        +0.00000000000000000e+00,        +0.00000000000000000e+00,        +0.00000000000000000e+00,        +0.00000000000000000e+00,        +0.00000000000000000e+00,        +0.00000000000000000e+00,        +0.00000000000000000e+00,        +0.00000000000000000e+00,        +0.00000000000000000e+00,        +0.00000000000000000e+00,        +0.00000000000000000e+00,        +0.00000000000000000e+00,        +0.00000000000000000e+00,        +0.00000000000000000e+00,        +0.00000000000000000e+00,        +0.00000000000000000e+00,        +0.00000000000000000e+00,        +0.00000000000000000e+00,        +0.00000000000000000e+00,        +0.00000000000000000e+00,        +0.00000000000000000e+00,        +0.00000000000000000e+00,        +0.00000000000000000e+00,        +0.00000000000000000e+00,        +0.00000000000000000e+00,        +0.00000000000000000e+00,        +0.00000000000000000e+00,        +0.00000000000000000e+00,        +0.00000000000000000e+00,        +0.00000000000000000e+00,        +0.00000000000000000e+00,        +0.00000000000000000e+00,        +0.00000000000000000e+00,        +0.00000000000000000e+00,        +0.00000000000000000e+00,        +0.00000000000000000e+00,        +0.00000000000000000e+00,        +0.00000000000000000e+00,        +0.00000000000000000e+00,        +0.00000000000000000e+00,        +0.00000000000000000e+00,        +0.00000000000000000e+00,        +0.00000000000000000e+00,        +0.00000000000000000e+00,        +0.00000000000000000e+00,        +0.00000000000000000e+00,        +0.00000000000000000e+00,        +0.00000000000000000e+00,        +0.00000000000000000e+00,        +0.00000000000000000e+00,        +0.00000000000000000e+00,        +0.00000000000000000e+00,        +0.00000000000000000e+00,        +0.00000000000000000e+00
        +0.00000000000000000e+00,        +0.00000000000000000e+00,        +0.00000000000000000e+00,        +0.00000000000000000e+00,        +0.00000000000000000e+00,        +0.00000000000000000e+00,        +0.00000000000000000e+00,        +0.00000000000000000e+00,        +0.00000000000000000e+00,        +0.00000000000000000e+00,        +0.00000000000000000e+00,        +0.00000000000000000e+00,        +0.00000000000000000e+00,        +0.00000000000000000e+00,        +0.00000000000000000e+00,        +0.00000000000000000e+00,        +0.00000000000000000e+00,        +0.00000000000000000e+00,        +0.00000000000000000e+00,        +0.00000000000000000e+00,        +0.00000000000000000e+00,        +0.00000000000000000e+00,        +0.00000000000000000e+00,        +0.00000000000000000e+00,        +0.00000000000000000e+00,        +0.00000000000000000e+00,        +0.00000000000000000e+00,        +0.00000000000000000e+00,        +0.00000000000000000e+00,        +0.00000000000000000e+00,        +0.00000000000000000e+00,        +0.00000000000000000e+00,        +0.00000000000000000e+00,        +0.00000000000000000e+00,        +0.00000000000000000e+00,        +0.00000000000000000e+00,        +0.00000000000000000e+00,        +0.00000000000000000e+00,        +0.00000000000000000e+00,        +0.00000000000000000e+00,        +0.00000000000000000e+00,        +0.00000000000000000e+00,        +0.00000000000000000e+00,        +0.00000000000000000e+00,        +0.00000000000000000e+00,        +0.00000000000000000e+00,        +0.00000000000000000e+00,        +0.00000000000000000e+00,        +0.00000000000000000e+00,        +0.00000000000000000e+00,        +0.00000000000000000e+00,        +0.00000000000000000e+00,        +0.00000000000000000e+00,        +0.00000000000000000e+00,        +0.00000000000000000e+00,        +0.00000000000000000e+00,        +0.00000000000000000e+00,        +0.00000000000000000e+00,        +0.00000000000000000e+00,        +0.00000000000000000e+00,        +0.00000000000000000e+00,        +0.00000000000000000e+00,        +0.00000000000000000e+00,        +0.00000000000000000e+00,        +0.00000000000000000e+00,        +0.00000000000000000e+00,        +0.00000000000000000e+00,        +0.00000000000000000e+00,        +0.00000000000000000e+00,        +0.00000000000000000e+00,        +0.00000000000000000e+00,        +0.00000000000000000e+00,        +0.00000000000000000e+00,        +0.00000000000000000e+00,        +0.00000000000000000e+00,        +0.00000000000000000e+00,        +0.00000000000000000e+00,        +0.00000000000000000e+00,        +0.00000000000000000e+00,        +0.00000000000000000e+00,        +0.00000000000000000e+00,        +0.00000000000000000e+00,        +0.00000000000000000e+00,        +0.00000000000000000e+00,        +0.00000000000000000e+00,        +0.00000000000000000e+00,        +0.00000000000000000e+00,        +0.00000000000000000e+00,        +0.00000000000000000e+00,        +0.00000000000000000e+00,        +0.00000000000000000e+00,        +0.00000000000000000e+00,        +0.00000000000000000e+00,        +0.00000000000000000e+00,        +0.00000000000000000e+00,        +0.00000000000000000e+00,        +0.00000000000000000e+00,        +0.00000000000000000e+00,        +0.00000000000000000e+00,        +0.00000000000000000e+00,        +0.00000000000000000e+00,        +0.00000000000000000e+00,        +0.00000000000000000e+00,        +0.00000000000000000e+00,        +0.00000000000000000e+00,        +0.00000000000000000e+00,        +0.00000000000000000e+00,        +0.00000000000000000e+00
        +0.00000000000000000e+00,        +0.00000000000000000e+00,        +0.00000000000000000e+00,        +0.00000000000000000e+00,        +0.00000000000000000e+00,        +0.00000000000000000e+00,        +0.00000000000000000e+00,        +0.00000000000000000e+00,        +0.00000000000000000e+00,        +0.00000000000000000e+00,        +0.00000000000000000e+00,        +0.00000000000000000e+00,        +0.00000000000000000e+00,        +0.00000000000000000e+00,        +0.00000000000000000e+00,        +0.00000000000000000e+00,        +0.00000000000000000e+00,        +0.00000000000000000e+00,        +0.00000000000000000e+00,        +0.00000000000000000e+00,        +0.00000000000000000e+00,        +0.00000000000000000e+00,        +0.00000000000000000e+00,        +0.00000000000000000e+00,        +0.00000000000000000e+00,        +0.00000000000000000e+00,        +0.00000000000000000e+00,        +0.00000000000000000e+00,        +0.00000000000000000e+00,        +0.00000000000000000e+00,        +0.00000000000000000e+00,        +0.00000000000000000e+00,        +0.00000000000000000e+00,        +0.00000000000000000e+00,        +0.00000000000000000e+00,        +0.00000000000000000e+00,        +0.00000000000000000e+00,        +0.00000000000000000e+00,        +0.00000000000000000e+00,        +0.00000000000000000e+00,        +0.00000000000000000e+00,        +0.00000000000000000e+00,        +0.00000000000000000e+00,        +0.00000000000000000e+00,        +0.00000000000000000e+00,        +0.00000000000000000e+00,        +0.00000000000000000e+00,        +0.00000000000000000e+00,        +0.00000000000000000e+00,        +0.00000000000000000e+00,        +0.00000000000000000e+00,        +0.00000000000000000e+00,        +0.00000000000000000e+00,        +0.00000000000000000e+00,        +0.00000000000000000e+00,        +0.00000000000000000e+00,        +0.00000000000000000e+00,        +0.00000000000000000e+00,        +0.00000000000000000e+00,        +0.00000000000000000e+00,        +0.00000000000000000e+00,        +0.00000000000000000e+00,        +0.00000000000000000e+00,        +0.00000000000000000e+00,        +0.00000000000000000e+00,        +0.00000000000000000e+00,        +0.00000000000000000e+00,        +0.00000000000000000e+00,        +0.00000000000000000e+00,        +0.00000000000000000e+00,        +0.00000000000000000e+00,        +0.00000000000000000e+00,        +0.00000000000000000e+00,        +0.00000000000000000e+00,        +0.00000000000000000e+00,        +0.00000000000000000e+00,        +0.00000000000000000e+00,        +0.00000000000000000e+00,        +0.00000000000000000e+00,        +0.00000000000000000e+00,        +0.00000000000000000e+00,        +0.00000000000000000e+00,        +0.00000000000000000e+00,        +0.00000000000000000e+00,        +0.00000000000000000e+00,        +0.00000000000000000e+00,        +0.00000000000000000e+00,        +0.00000000000000000e+00,        +0.00000000000000000e+00,        +0.00000000000000000e+00,        +0.00000000000000000e+00,        +0.00000000000000000e+00,        +0.00000000000000000e+00,        +0.00000000000000000e+00,        +0.00000000000000000e+00,        +0.00000000000000000e+00,        +0.00000000000000000e+00,        +0.00000000000000000e+00,        +0.00000000000000000e+00,        +0.00000000000000000e+00,        +0.00000000000000000e+00,        +0.00000000000000000e+00,        +0.00000000000000000e+00,        +0.00000000000000000e+00,        +0.00000000000000000e+00,        +0.00000000000000000e+00,        +0.00000000000000000e+00,        +0.00000000000000000e+00
        +0.00000000000000000e+00,        +0.00000000000000000e+00,        +0.00000000000000000e+00,        +0.00000000000000000e+00,        +0.00000000000000000e+00,        +0.00000000000000000e+00,        +0.00000000000000000e+00,        +0.00000000000000000e+00,        +0.00000000000000000e+00,        +0.00000000000000000e+00,        +0.00000000000000000e+00,        +0.00000000000000000e+00,        +0.00000000000000000e+00,        +0.00000000000000000e+00,        +0.00000000000000000e+00,        +0.00000000000000000e+00,        +0.00000000000000000e+00,        +0.00000000000000000e+00,        +0.00000000000000000e+00,        +0.00000000000000000e+00,        +0.00000000000000000e+00,        +0.00000000000000000e+00,        +0.00000000000000000e+00,        +0.00000000000000000e+00,        +0.00000000000000000e+00,        +0.00000000000000000e+00,        +0.00000000000000000e+00,        +0.00000000000000000e+00,        +0.00000000000000000e+00,        +0.00000000000000000e+00,        +0.00000000000000000e+00,        +0.00000000000000000e+00,        +0.00000000000000000e+00,        +0.00000000000000000e+00,        +0.00000000000000000e+00,        +0.00000000000000000e+00,        +0.00000000000000000e+00,        +0.00000000000000000e+00,        +0.00000000000000000e+00,        +0.00000000000000000e+00,        +0.00000000000000000e+00,        +0.00000000000000000e+00,        +0.00000000000000000e+00,        +0.00000000000000000e+00,        +0.00000000000000000e+00,        +0.00000000000000000e+00,        +0.00000000000000000e+00,        +0.00000000000000000e+00,        +0.00000000000000000e+00,        +0.00000000000000000e+00,        +0.00000000000000000e+00,        +0.00000000000000000e+00,        +0.00000000000000000e+00,        +0.00000000000000000e+00,        +0.00000000000000000e+00,        +0.00000000000000000e+00,        +0.00000000000000000e+00,        +0.00000000000000000e+00,        +0.00000000000000000e+00,        +0.00000000000000000e+00,        +0.00000000000000000e+00,        +0.00000000000000000e+00,        +0.00000000000000000e+00,        +0.00000000000000000e+00,        +0.00000000000000000e+00,        +0.00000000000000000e+00,        +0.00000000000000000e+00,        +0.00000000000000000e+00,        +0.00000000000000000e+00,        +0.00000000000000000e+00,        +0.00000000000000000e+00,        +0.00000000000000000e+00,        +0.00000000000000000e+00,        +0.00000000000000000e+00,        +0.00000000000000000e+00,        +0.00000000000000000e+00,        +0.00000000000000000e+00,        +0.00000000000000000e+00,        +0.00000000000000000e+00,        +0.00000000000000000e+00,        +0.00000000000000000e+00,        +0.00000000000000000e+00,        +0.00000000000000000e+00,        +0.00000000000000000e+00,        +0.00000000000000000e+00,        +0.00000000000000000e+00,        +0.00000000000000000e+00,        +0.00000000000000000e+00,        +0.00000000000000000e+00,        +0.00000000000000000e+00,        +0.00000000000000000e+00,        +0.00000000000000000e+00,        +0.00000000000000000e+00,        +0.00000000000000000e+00,        +0.00000000000000000e+00,        +0.00000000000000000e+00,        +0.00000000000000000e+00,        +0.00000000000000000e+00,        +0.00000000000000000e+00,        +0.00000000000000000e+00,        +0.00000000000000000e+00,        +0.00000000000000000e+00,        +0.00000000000000000e+00,        +0.00000000000000000e+00,        +0.00000000000000000e+00,        +0.00000000000000000e+00,        +0.00000000000000000e+00,        +0.00000000000000000e+00
        +0.00000000000000000e+00,        +0.00000000000000000e+00,        +0.00000000000000000e+00,        +0.00000000000000000e+00,        +0.00000000000000000e+00,        +0.00000000000000000e+00,        +0.00000000000000000e+00,        +0.00000000000000000e+00,        +0.00000000000000000e+00,        +0.00000000000000000e+00,        +0.00000000000000000e+00,        +0.00000000000000000e+00,        +0.00000000000000000e+00,        +0.00000000000000000e+00,        +0.00000000000000000e+00,        +0.00000000000000000e+00,        +0.00000000000000000e+00,        +0.00000000000000000e+00,        +0.00000000000000000e+00,        +0.00000000000000000e+00,        +0.00000000000000000e+00,        +0.00000000000000000e+00,        +0.00000000000000000e+00,        +0.00000000000000000e+00,        +0.00000000000000000e+00,        +0.00000000000000000e+00,        +0.00000000000000000e+00,        +0.00000000000000000e+00,        +0.00000000000000000e+00,        +0.00000000000000000e+00,        +0.00000000000000000e+00,        +0.00000000000000000e+00,        +0.00000000000000000e+00,        +0.00000000000000000e+00,        +0.00000000000000000e+00,        +0.00000000000000000e+00,        +0.00000000000000000e+00,        +0.00000000000000000e+00,        +0.00000000000000000e+00,        +0.00000000000000000e+00,        +0.00000000000000000e+00,        +0.00000000000000000e+00,        +0.00000000000000000e+00,        +0.00000000000000000e+00,        +0.00000000000000000e+00,        +0.00000000000000000e+00,        +0.00000000000000000e+00,        +0.00000000000000000e+00,        +0.00000000000000000e+00,        +0.00000000000000000e+00,        +0.00000000000000000e+00,        +0.00000000000000000e+00,        +0.00000000000000000e+00,        +0.00000000000000000e+00,        +0.00000000000000000e+00,        +0.00000000000000000e+00,        +0.00000000000000000e+00,        +0.00000000000000000e+00,        +0.00000000000000000e+00,        +0.00000000000000000e+00,        +0.00000000000000000e+00,        +0.00000000000000000e+00,        +0.00000000000000000e+00,        +0.00000000000000000e+00,        +0.00000000000000000e+00,        +0.00000000000000000e+00,        +0.00000000000000000e+00,        +0.00000000000000000e+00,        +0.00000000000000000e+00,        +0.00000000000000000e+00,        +0.00000000000000000e+00,        +0.00000000000000000e+00,        +0.00000000000000000e+00,        +0.00000000000000000e+00,        +0.00000000000000000e+00,        +0.00000000000000000e+00,        +0.00000000000000000e+00,        +0.00000000000000000e+00,        +0.00000000000000000e+00,        +0.00000000000000000e+00,        +0.00000000000000000e+00,        +0.00000000000000000e+00,        +0.00000000000000000e+00,        +0.00000000000000000e+00,        +0.00000000000000000e+00,        +0.00000000000000000e+00,        +0.00000000000000000e+00,        +0.00000000000000000e+00,        +0.00000000000000000e+00,        +0.00000000000000000e+00,        +0.00000000000000000e+00,        +0.00000000000000000e+00,        +0.00000000000000000e+00,        +0.00000000000000000e+00,        +0.00000000000000000e+00,        +0.00000000000000000e+00,        +0.00000000000000000e+00,        +0.00000000000000000e+00,        +0.00000000000000000e+00,        +0.00000000000000000e+00,        +0.00000000000000000e+00,        +0.00000000000000000e+00,        +0.00000000000000000e+00,        +0.00000000000000000e+00,        +0.00000000000000000e+00,        +0.00000000000000000e+00,        +0.00000000000000000e+00,        +0.00000000000000000e+00
        +0.00000000000000000e+00,        +0.00000000000000000e+00,        +0.00000000000000000e+00,        +0.00000000000000000e+00,        +0.00000000000000000e+00,        +0.00000000000000000e+00,        +0.00000000000000000e+00,        +0.00000000000000000e+00,        +0.00000000000000000e+00,        +0.00000000000000000e+00,        +0.00000000000000000e+00,        +0.00000000000000000e+00,        +0.00000000000000000e+00,        +0.00000000000000000e+00,        +0.00000000000000000e+00,        +0.00000000000000000e+00,        +0.00000000000000000e+00,        +0.00000000000000000e+00,        +0.00000000000000000e+00,        +0.00000000000000000e+00,        +0.00000000000000000e+00,        +0.00000000000000000e+00,        +0.00000000000000000e+00,        +0.00000000000000000e+00,        +0.00000000000000000e+00,        +0.00000000000000000e+00,        +0.00000000000000000e+00,        +0.00000000000000000e+00,        +0.00000000000000000e+00,        +0.00000000000000000e+00,        +0.00000000000000000e+00,        +0.00000000000000000e+00,        +0.00000000000000000e+00,        +0.00000000000000000e+00,        +0.00000000000000000e+00,        +0.00000000000000000e+00,        +0.00000000000000000e+00,        +0.00000000000000000e+00,        +0.00000000000000000e+00,        +0.00000000000000000e+00,        +0.00000000000000000e+00,        +0.00000000000000000e+00,        +0.00000000000000000e+00,        +0.00000000000000000e+00,        +0.00000000000000000e+00,        +0.00000000000000000e+00,        +0.00000000000000000e+00,        +0.00000000000000000e+00,        +0.00000000000000000e+00,        +0.00000000000000000e+00,        +0.00000000000000000e+00,        +0.00000000000000000e+00,        +0.00000000000000000e+00,        +0.00000000000000000e+00,        +0.00000000000000000e+00,        +0.00000000000000000e+00,        +0.00000000000000000e+00,        +0.00000000000000000e+00,        +0.00000000000000000e+00,        +0.00000000000000000e+00,        +0.00000000000000000e+00,        +0.00000000000000000e+00,        +0.00000000000000000e+00,        +0.00000000000000000e+00,        +0.00000000000000000e+00,        +0.00000000000000000e+00,        +0.00000000000000000e+00,        +0.00000000000000000e+00,        +0.00000000000000000e+00,        +0.00000000000000000e+00,        +0.00000000000000000e+00,        +0.00000000000000000e+00,        +0.00000000000000000e+00,        +0.00000000000000000e+00,        +0.00000000000000000e+00,        +0.00000000000000000e+00,        +0.00000000000000000e+00,        +0.00000000000000000e+00,        +0.00000000000000000e+00,        +0.00000000000000000e+00,        +0.00000000000000000e+00,        +0.00000000000000000e+00,        +0.00000000000000000e+00,        +0.00000000000000000e+00,        +0.00000000000000000e+00,        +0.00000000000000000e+00,        +0.00000000000000000e+00,        +0.00000000000000000e+00,        +0.00000000000000000e+00,        +0.00000000000000000e+00,        +0.00000000000000000e+00,        +0.00000000000000000e+00,        +0.00000000000000000e+00,        +0.00000000000000000e+00,        +0.00000000000000000e+00,        +0.00000000000000000e+00,        +0.00000000000000000e+00,        +0.00000000000000000e+00,        +0.00000000000000000e+00,        +0.00000000000000000e+00,        +0.00000000000000000e+00,        +0.00000000000000000e+00,        +0.00000000000000000e+00,        +0.00000000000000000e+00,        +0.00000000000000000e+00,        +0.00000000000000000e+00,        +0.00000000000000000e+00,        +0.00000000000000000e+00
        +0.00000000000000000e+00,        +0.00000000000000000e+00,        +0.00000000000000000e+00,        +0.00000000000000000e+00,        +0.00000000000000000e+00,        +0.00000000000000000e+00,        +0.00000000000000000e+00,        +0.00000000000000000e+00,        +0.00000000000000000e+00,        +0.00000000000000000e+00,        +0.00000000000000000e+00,        +0.00000000000000000e+00,        +0.00000000000000000e+00,        +0.00000000000000000e+00,        +0.00000000000000000e+00,        +0.00000000000000000e+00,        +0.00000000000000000e+00,        +0.00000000000000000e+00,        +0.00000000000000000e+00,        +0.00000000000000000e+00,        +0.00000000000000000e+00,        +0.00000000000000000e+00,        +0.00000000000000000e+00,        +0.00000000000000000e+00,        +0.00000000000000000e+00,        +0.00000000000000000e+00,        +0.00000000000000000e+00,        +0.00000000000000000e+00,        +0.00000000000000000e+00,        +0.00000000000000000e+00,        +0.00000000000000000e+00,        +0.00000000000000000e+00,        +0.00000000000000000e+00,        +0.00000000000000000e+00,        +0.00000000000000000e+00,        +0.00000000000000000e+00,        +0.00000000000000000e+00,        +0.00000000000000000e+00,        +0.00000000000000000e+00,        +0.00000000000000000e+00,        +0.00000000000000000e+00,        +0.00000000000000000e+00,        +0.00000000000000000e+00,        +0.00000000000000000e+00,        +0.00000000000000000e+00,        +0.00000000000000000e+00,        +0.00000000000000000e+00,        +0.00000000000000000e+00,        +0.00000000000000000e+00,        +0.00000000000000000e+00,        +0.00000000000000000e+00,        +0.00000000000000000e+00,        +0.00000000000000000e+00,        +0.00000000000000000e+00,        +0.00000000000000000e+00,        +0.00000000000000000e+00,        +0.00000000000000000e+00,        +0.00000000000000000e+00,        +0.00000000000000000e+00,        +0.00000000000000000e+00,        +0.00000000000000000e+00,        +0.00000000000000000e+00,        +0.00000000000000000e+00,        +0.00000000000000000e+00,        +0.00000000000000000e+00,        +0.00000000000000000e+00,        +0.00000000000000000e+00,        +0.00000000000000000e+00,        +0.00000000000000000e+00,        +0.00000000000000000e+00,        +0.00000000000000000e+00,        +0.00000000000000000e+00,        +0.00000000000000000e+00,        +0.00000000000000000e+00,        +0.00000000000000000e+00,        +0.00000000000000000e+00,        +0.00000000000000000e+00,        +0.00000000000000000e+00,        +0.00000000000000000e+00,        +0.00000000000000000e+00,        +0.00000000000000000e+00,        +0.00000000000000000e+00,        +0.00000000000000000e+00,        +0.00000000000000000e+00,        +0.00000000000000000e+00,        +0.00000000000000000e+00,        +0.00000000000000000e+00,        +0.00000000000000000e+00,        +0.00000000000000000e+00,        +0.00000000000000000e+00,        +0.00000000000000000e+00,        +0.00000000000000000e+00,        +0.00000000000000000e+00,        +0.00000000000000000e+00,        +0.00000000000000000e+00,        +0.00000000000000000e+00,        +0.00000000000000000e+00,        +0.00000000000000000e+00,        +0.00000000000000000e+00,        +0.00000000000000000e+00,        +0.00000000000000000e+00,        +0.00000000000000000e+00,        +0.00000000000000000e+00,        +0.00000000000000000e+00,        +0.00000000000000000e+00,        +0.00000000000000000e+00,        +0.00000000000000000e+00,        +0.00000000000000000e+00
        +0.00000000000000000e+00,        +0.00000000000000000e+00,        +0.00000000000000000e+00,        +0.00000000000000000e+00,        +0.00000000000000000e+00,        +0.00000000000000000e+00,        +0.00000000000000000e+00,        +0.00000000000000000e+00,        +0.00000000000000000e+00,        +0.00000000000000000e+00,        +0.00000000000000000e+00,        +0.00000000000000000e+00,        +0.00000000000000000e+00,        +0.00000000000000000e+00,        +0.00000000000000000e+00,        +0.00000000000000000e+00,        +0.00000000000000000e+00,        +0.00000000000000000e+00,        +0.00000000000000000e+00,        +0.00000000000000000e+00,        +0.00000000000000000e+00,        +0.00000000000000000e+00,        +0.00000000000000000e+00,        +0.00000000000000000e+00,        +0.00000000000000000e+00,        +0.00000000000000000e+00,        +0.00000000000000000e+00,        +0.00000000000000000e+00,        +0.00000000000000000e+00,        +0.00000000000000000e+00,        +0.00000000000000000e+00,        +0.00000000000000000e+00,        +0.00000000000000000e+00,        +0.00000000000000000e+00,        +0.00000000000000000e+00,        +0.00000000000000000e+00,        +0.00000000000000000e+00,        +0.00000000000000000e+00,        +0.00000000000000000e+00,        +0.00000000000000000e+00,        +0.00000000000000000e+00,        +0.00000000000000000e+00,        +0.00000000000000000e+00,        +0.00000000000000000e+00,        +0.00000000000000000e+00,        +0.00000000000000000e+00,        +0.00000000000000000e+00,        +0.00000000000000000e+00,        +0.00000000000000000e+00,        +0.00000000000000000e+00,        +0.00000000000000000e+00,        +0.00000000000000000e+00,        +0.00000000000000000e+00,        +0.00000000000000000e+00,        +0.00000000000000000e+00,        +0.00000000000000000e+00,        +0.00000000000000000e+00,        +0.00000000000000000e+00,        +0.00000000000000000e+00,        +0.00000000000000000e+00,        +0.00000000000000000e+00,        +0.00000000000000000e+00,        +0.00000000000000000e+00,        +0.00000000000000000e+00,        +0.00000000000000000e+00,        +0.00000000000000000e+00,        +0.00000000000000000e+00,        +0.00000000000000000e+00,        +0.00000000000000000e+00,        +0.00000000000000000e+00,        +0.00000000000000000e+00,        +0.00000000000000000e+00,        +0.00000000000000000e+00,        +0.00000000000000000e+00,        +0.00000000000000000e+00,        +0.00000000000000000e+00,        +0.00000000000000000e+00,        +0.00000000000000000e+00,        +0.00000000000000000e+00,        +0.00000000000000000e+00,        +0.00000000000000000e+00,        +0.00000000000000000e+00,        +0.00000000000000000e+00,        +0.00000000000000000e+00,        +0.00000000000000000e+00,        +0.00000000000000000e+00,        +0.00000000000000000e+00,        +0.00000000000000000e+00,        +0.00000000000000000e+00,        +0.00000000000000000e+00,        +0.00000000000000000e+00,        +0.00000000000000000e+00,        +0.00000000000000000e+00,        +0.00000000000000000e+00,        +0.00000000000000000e+00,        +0.00000000000000000e+00,        +0.00000000000000000e+00,        +0.00000000000000000e+00,        +0.00000000000000000e+00,        +0.00000000000000000e+00,        +0.00000000000000000e+00,        +0.00000000000000000e+00,        +0.00000000000000000e+00,        +0.00000000000000000e+00,        +0.00000000000000000e+00,        +0.00000000000000000e+00,        +0.00000000000000000e+00,        +0.00000000000000000e+00
        +0.00000000000000000e+00,        +0.00000000000000000e+00,        +0.00000000000000000e+00,        +0.00000000000000000e+00,        +0.00000000000000000e+00,        +0.00000000000000000e+00,        +0.00000000000000000e+00,        +0.00000000000000000e+00,        +0.00000000000000000e+00,        +0.00000000000000000e+00,        +0.00000000000000000e+00,        +0.00000000000000000e+00,        +0.00000000000000000e+00,        +0.00000000000000000e+00,        +0.00000000000000000e+00,        +0.00000000000000000e+00,        +0.00000000000000000e+00,        +0.00000000000000000e+00,        +0.00000000000000000e+00,        +0.00000000000000000e+00,        +0.00000000000000000e+00,        +0.00000000000000000e+00,        +0.00000000000000000e+00,        +0.00000000000000000e+00,        +0.00000000000000000e+00,        +0.00000000000000000e+00,        +0.00000000000000000e+00,        +0.00000000000000000e+00,        +0.00000000000000000e+00,        +0.00000000000000000e+00,        +0.00000000000000000e+00,        +0.00000000000000000e+00,        +0.00000000000000000e+00,        +0.00000000000000000e+00,        +0.00000000000000000e+00,        +0.00000000000000000e+00,        +0.00000000000000000e+00,        +0.00000000000000000e+00,        +0.00000000000000000e+00,        +0.00000000000000000e+00,        +0.00000000000000000e+00,        +0.00000000000000000e+00,        +0.00000000000000000e+00,        +0.00000000000000000e+00,        +0.00000000000000000e+00,        +0.00000000000000000e+00,        +0.00000000000000000e+00,        +0.00000000000000000e+00,        +0.00000000000000000e+00,        +0.00000000000000000e+00,        +0.00000000000000000e+00,        +0.00000000000000000e+00,        +0.00000000000000000e+00,        +0.00000000000000000e+00,        +0.00000000000000000e+00,        +0.00000000000000000e+00,        +0.00000000000000000e+00,        +0.00000000000000000e+00,        +0.00000000000000000e+00,        +0.00000000000000000e+00,        +0.00000000000000000e+00,        +0.00000000000000000e+00,        +0.00000000000000000e+00,        +0.00000000000000000e+00,        +0.00000000000000000e+00,        +0.00000000000000000e+00,        +0.00000000000000000e+00,        +0.00000000000000000e+00,        +0.00000000000000000e+00,        +0.00000000000000000e+00,        +0.00000000000000000e+00,        +0.00000000000000000e+00,        +0.00000000000000000e+00,        +0.00000000000000000e+00,        +0.00000000000000000e+00,        +0.00000000000000000e+00,        +0.00000000000000000e+00,        +0.00000000000000000e+00,        +0.00000000000000000e+00,        +0.00000000000000000e+00,        +0.00000000000000000e+00,        +0.00000000000000000e+00,        +0.00000000000000000e+00,        +0.00000000000000000e+00,        +0.00000000000000000e+00,        +0.00000000000000000e+00,        +0.00000000000000000e+00,        +0.00000000000000000e+00,        +0.00000000000000000e+00,        +0.00000000000000000e+00,        +0.00000000000000000e+00,        +0.00000000000000000e+00,        +0.00000000000000000e+00,        +0.00000000000000000e+00,        +0.00000000000000000e+00,        +0.00000000000000000e+00,        +0.00000000000000000e+00,        +0.00000000000000000e+00,        +0.00000000000000000e+00,        +0.00000000000000000e+00,        +0.00000000000000000e+00,        +0.00000000000000000e+00,        +0.00000000000000000e+00,        +0.00000000000000000e+00,        +0.00000000000000000e+00,        +0.00000000000000000e+00,        +0.00000000000000000e+00,        +0.00000000000000000e+00
        +0.00000000000000000e+00,        +0.00000000000000000e+00,        +0.00000000000000000e+00,        +0.00000000000000000e+00,        +0.00000000000000000e+00,        +0.00000000000000000e+00,        +0.00000000000000000e+00,        +0.00000000000000000e+00,        +0.00000000000000000e+00,        +0.00000000000000000e+00,        +0.00000000000000000e+00,        +0.00000000000000000e+00,        +0.00000000000000000e+00,        +0.00000000000000000e+00,        +0.00000000000000000e+00,        +0.00000000000000000e+00,        +0.00000000000000000e+00,        +0.00000000000000000e+00,        +0.00000000000000000e+00,        +0.00000000000000000e+00,        +0.00000000000000000e+00,        +0.00000000000000000e+00,        +0.00000000000000000e+00,        +0.00000000000000000e+00,        +0.00000000000000000e+00,        +0.00000000000000000e+00,        +0.00000000000000000e+00,        +0.00000000000000000e+00,        +0.00000000000000000e+00,        +0.00000000000000000e+00,        +0.00000000000000000e+00,        +0.00000000000000000e+00,        +0.00000000000000000e+00,        +0.00000000000000000e+00,        +0.00000000000000000e+00,        +0.00000000000000000e+00,        +0.00000000000000000e+00,        +0.00000000000000000e+00,        +0.00000000000000000e+00,        +0.00000000000000000e+00,        +0.00000000000000000e+00,        +0.00000000000000000e+00,        +0.00000000000000000e+00,        +0.00000000000000000e+00,        +0.00000000000000000e+00,        +0.00000000000000000e+00,        +0.00000000000000000e+00,        +0.00000000000000000e+00,        +0.00000000000000000e+00,        +0.00000000000000000e+00,        +0.00000000000000000e+00,        +0.00000000000000000e+00,        +0.00000000000000000e+00,        +0.00000000000000000e+00,        +0.00000000000000000e+00,        +0.00000000000000000e+00,        +0.00000000000000000e+00,        +0.00000000000000000e+00,        +0.00000000000000000e+00,        +0.00000000000000000e+00,        +0.00000000000000000e+00,        +0.00000000000000000e+00,        +0.00000000000000000e+00,        +0.00000000000000000e+00,        +0.00000000000000000e+00,        +0.00000000000000000e+00,        +0.00000000000000000e+00,        +0.00000000000000000e+00,        +0.00000000000000000e+00,        +0.00000000000000000e+00,        +0.00000000000000000e+00,        +0.00000000000000000e+00,        +0.00000000000000000e+00,        +0.00000000000000000e+00,        +0.00000000000000000e+00,        +0.00000000000000000e+00,        +0.00000000000000000e+00,        +0.00000000000000000e+00,        +0.00000000000000000e+00,        +0.00000000000000000e+00,        +0.00000000000000000e+00,        +0.00000000000000000e+00,        +0.00000000000000000e+00,        +0.00000000000000000e+00,        +0.00000000000000000e+00,        +0.00000000000000000e+00,        +0.00000000000000000e+00,        +0.00000000000000000e+00,        +0.00000000000000000e+00,        +0.00000000000000000e+00,        +0.00000000000000000e+00,        +0.00000000000000000e+00,        +0.00000000000000000e+00,        +0.00000000000000000e+00,        +0.00000000000000000e+00,        +0.00000000000000000e+00,        +0.00000000000000000e+00,        +0.00000000000000000e+00,        +0.00000000000000000e+00,        +0.00000000000000000e+00,        +0.00000000000000000e+00,        +0.00000000000000000e+00,        +0.00000000000000000e+00,        +0.00000000000000000e+00,        +0.00000000000000000e+00,        +0.00000000000000000e+00,        +0.00000000000000000e+00,        +0.00000000000000000e+00
        +0.00000000000000000e+00,        +0.00000000000000000e+00,        +0.00000000000000000e+00,        +0.00000000000000000e+00,        +0.00000000000000000e+00,        +0.00000000000000000e+00,        +0.00000000000000000e+00,        +0.00000000000000000e+00,        +0.00000000000000000e+00,        +0.00000000000000000e+00,        +0.00000000000000000e+00,        +0.00000000000000000e+00,        +0.00000000000000000e+00,        +0.00000000000000000e+00,        +0.00000000000000000e+00,        +0.00000000000000000e+00,        +0.00000000000000000e+00,        +0.00000000000000000e+00,        +0.00000000000000000e+00,        +0.00000000000000000e+00,        +0.00000000000000000e+00,        +0.00000000000000000e+00,        +0.00000000000000000e+00,        +0.00000000000000000e+00,        +0.00000000000000000e+00,        +0.00000000000000000e+00,        +0.00000000000000000e+00,        +0.00000000000000000e+00,        +0.00000000000000000e+00,        +0.00000000000000000e+00,        +0.00000000000000000e+00,        +0.00000000000000000e+00,        +0.00000000000000000e+00,        +0.00000000000000000e+00,        +0.00000000000000000e+00,        +0.00000000000000000e+00,        +0.00000000000000000e+00,        +0.00000000000000000e+00,        +0.00000000000000000e+00,        +0.00000000000000000e+00,        +0.00000000000000000e+00,        +0.00000000000000000e+00,        +0.00000000000000000e+00,        +0.00000000000000000e+00,        +0.00000000000000000e+00,        +0.00000000000000000e+00,        +0.00000000000000000e+00,        +0.00000000000000000e+00,        +0.00000000000000000e+00,        +0.00000000000000000e+00,        +0.00000000000000000e+00,        +0.00000000000000000e+00,        +0.00000000000000000e+00,        +0.00000000000000000e+00,        +0.00000000000000000e+00,        +0.00000000000000000e+00,        +0.00000000000000000e+00,        +0.00000000000000000e+00,        +0.00000000000000000e+00,        +0.00000000000000000e+00,        +0.00000000000000000e+00,        +0.00000000000000000e+00,        +0.00000000000000000e+00,        +0.00000000000000000e+00,        +0.00000000000000000e+00,        +0.00000000000000000e+00,        +0.00000000000000000e+00,        +0.00000000000000000e+00,        +0.00000000000000000e+00,        +0.00000000000000000e+00,        +0.00000000000000000e+00,        +0.00000000000000000e+00,        +0.00000000000000000e+00,        +0.00000000000000000e+00,        +0.00000000000000000e+00,        +0.00000000000000000e+00,        +0.00000000000000000e+00,        +0.00000000000000000e+00,        +0.00000000000000000e+00,        +0.00000000000000000e+00,        +0.00000000000000000e+00,        +0.00000000000000000e+00,        +0.00000000000000000e+00,        +0.00000000000000000e+00,        +0.00000000000000000e+00,        +0.00000000000000000e+00,        +0.00000000000000000e+00,        +0.00000000000000000e+00,        +0.00000000000000000e+00,        +0.00000000000000000e+00,        +0.00000000000000000e+00,        +0.00000000000000000e+00,        +0.00000000000000000e+00,        +0.00000000000000000e+00,        +0.00000000000000000e+00,        +0.00000000000000000e+00,        +0.00000000000000000e+00,        +0.00000000000000000e+00,        +0.00000000000000000e+00,        +0.00000000000000000e+00,        +0.00000000000000000e+00,        +0.00000000000000000e+00,        +0.00000000000000000e+00,        +0.00000000000000000e+00,        +0.00000000000000000e+00,        +0.00000000000000000e+00,        +0.00000000000000000e+00,        +0.00000000000000000e+00
        +0.00000000000000000e+00,        +0.00000000000000000e+00,        +0.00000000000000000e+00,        +0.00000000000000000e+00,        +0.00000000000000000e+00,        +0.00000000000000000e+00,        +0.00000000000000000e+00,        +0.00000000000000000e+00,        +0.00000000000000000e+00,        +0.00000000000000000e+00,        +0.00000000000000000e+00,        +0.00000000000000000e+00,        +0.00000000000000000e+00,        +0.00000000000000000e+00,        +0.00000000000000000e+00,        +0.00000000000000000e+00,        +0.00000000000000000e+00,        +0.00000000000000000e+00,        +0.00000000000000000e+00,        +0.00000000000000000e+00,        +0.00000000000000000e+00,        +0.00000000000000000e+00,        +0.00000000000000000e+00,        +0.00000000000000000e+00,        +0.00000000000000000e+00,        +0.00000000000000000e+00,        +0.00000000000000000e+00,        +0.00000000000000000e+00,        +0.00000000000000000e+00,        +0.00000000000000000e+00,        +0.00000000000000000e+00,        +0.00000000000000000e+00,        +0.00000000000000000e+00,        +0.00000000000000000e+00,        +0.00000000000000000e+00,        +0.00000000000000000e+00,        +0.00000000000000000e+00,        +0.00000000000000000e+00,        +0.00000000000000000e+00,        +0.00000000000000000e+00,        +0.00000000000000000e+00,        +0.00000000000000000e+00,        +0.00000000000000000e+00,        +0.00000000000000000e+00,        +0.00000000000000000e+00,        +0.00000000000000000e+00,        +0.00000000000000000e+00,        +0.00000000000000000e+00,        +0.00000000000000000e+00,        +0.00000000000000000e+00,        +0.00000000000000000e+00,        +0.00000000000000000e+00,        +0.00000000000000000e+00,        +0.00000000000000000e+00,        +0.00000000000000000e+00,        +0.00000000000000000e+00,        +0.00000000000000000e+00,        +0.00000000000000000e+00,        +0.00000000000000000e+00,        +0.00000000000000000e+00,        +0.00000000000000000e+00,        +0.00000000000000000e+00,        +0.00000000000000000e+00,        +0.00000000000000000e+00,        +0.00000000000000000e+00,        +0.00000000000000000e+00,        +0.00000000000000000e+00,        +0.00000000000000000e+00,        +0.00000000000000000e+00,        +0.00000000000000000e+00,        +0.00000000000000000e+00,        +0.00000000000000000e+00,        +0.00000000000000000e+00,        +0.00000000000000000e+00,        +0.00000000000000000e+00,        +0.00000000000000000e+00,        +0.00000000000000000e+00,        +0.00000000000000000e+00,        +0.00000000000000000e+00,        +0.00000000000000000e+00,        +0.00000000000000000e+00,        +0.00000000000000000e+00,        +0.00000000000000000e+00,        +0.00000000000000000e+00,        +0.00000000000000000e+00,        +0.00000000000000000e+00,        +0.00000000000000000e+00,        +0.00000000000000000e+00,        +0.00000000000000000e+00,        +0.00000000000000000e+00,        +0.00000000000000000e+00,        +0.00000000000000000e+00,        +0.00000000000000000e+00,        +0.00000000000000000e+00,        +0.00000000000000000e+00,        +0.00000000000000000e+00,        +0.00000000000000000e+00,        +0.00000000000000000e+00,        +0.00000000000000000e+00,        +0.00000000000000000e+00,        +0.00000000000000000e+00,        +0.00000000000000000e+00,        +0.00000000000000000e+00,        +0.00000000000000000e+00,        +0.00000000000000000e+00,        +0.00000000000000000e+00,        +0.00000000000000000e+00,        +0.00000000000000000e+00
        +0.00000000000000000e+00,        +0.00000000000000000e+00,        +0.00000000000000000e+00,        +0.00000000000000000e+00,        +0.00000000000000000e+00,        +0.00000000000000000e+00,        +0.00000000000000000e+00,        +0.00000000000000000e+00,        +0.00000000000000000e+00,        +0.00000000000000000e+00,        +0.00000000000000000e+00,        +0.00000000000000000e+00,        +0.00000000000000000e+00,        +0.00000000000000000e+00,        +0.00000000000000000e+00,        +0.00000000000000000e+00,        +0.00000000000000000e+00,        +0.00000000000000000e+00,        +0.00000000000000000e+00,        +0.00000000000000000e+00,        +0.00000000000000000e+00,        +0.00000000000000000e+00,        +0.00000000000000000e+00,        +0.00000000000000000e+00,        +0.00000000000000000e+00,        +0.00000000000000000e+00,        +0.00000000000000000e+00,        +0.00000000000000000e+00,        +0.00000000000000000e+00,        +0.00000000000000000e+00,        +0.00000000000000000e+00,        +0.00000000000000000e+00,        +0.00000000000000000e+00,        +0.00000000000000000e+00,        +0.00000000000000000e+00,        +0.00000000000000000e+00,        +0.00000000000000000e+00,        +0.00000000000000000e+00,        +0.00000000000000000e+00,        +0.00000000000000000e+00,        +0.00000000000000000e+00,        +0.00000000000000000e+00,        +0.00000000000000000e+00,        +0.00000000000000000e+00,        +0.00000000000000000e+00,        +0.00000000000000000e+00,        +0.00000000000000000e+00,        +0.00000000000000000e+00,        +0.00000000000000000e+00,        +0.00000000000000000e+00,        +0.00000000000000000e+00,        +0.00000000000000000e+00,        +0.00000000000000000e+00,        +0.00000000000000000e+00,        +0.00000000000000000e+00,        +0.00000000000000000e+00,        +0.00000000000000000e+00,        +0.00000000000000000e+00,        +0.00000000000000000e+00,        +0.00000000000000000e+00,        +0.00000000000000000e+00,        +0.00000000000000000e+00,        +0.00000000000000000e+00,        +0.00000000000000000e+00,        +0.00000000000000000e+00,        +0.00000000000000000e+00,        +0.00000000000000000e+00,        +0.00000000000000000e+00,        +0.00000000000000000e+00,        +0.00000000000000000e+00,        +0.00000000000000000e+00,        +0.00000000000000000e+00,        +0.00000000000000000e+00,        +0.00000000000000000e+00,        +0.00000000000000000e+00,        +0.00000000000000000e+00,        +0.00000000000000000e+00,        +0.00000000000000000e+00,        +0.00000000000000000e+00,        +0.00000000000000000e+00,        +0.00000000000000000e+00,        +0.00000000000000000e+00,        +0.00000000000000000e+00,        +0.00000000000000000e+00,        +0.00000000000000000e+00,        +0.00000000000000000e+00,        +0.00000000000000000e+00,        +0.00000000000000000e+00,        +0.00000000000000000e+00,        +0.00000000000000000e+00,        +0.00000000000000000e+00,        +0.00000000000000000e+00,        +0.00000000000000000e+00,        +0.00000000000000000e+00,        +0.00000000000000000e+00,        +0.00000000000000000e+00,        +0.00000000000000000e+00,        +0.00000000000000000e+00,        +0.00000000000000000e+00,        +0.00000000000000000e+00,        +0.00000000000000000e+00,        +0.00000000000000000e+00,        +0.00000000000000000e+00,        +0.00000000000000000e+00,        +0.00000000000000000e+00,        +0.00000000000000000e+00,        +0.00000000000000000e+00,        +0.00000000000000000e+00
        +0.00000000000000000e+00,        +0.00000000000000000e+00,        +0.00000000000000000e+00,        +0.00000000000000000e+00,        +0.00000000000000000e+00,        +0.00000000000000000e+00,        +0.00000000000000000e+00,        +0.00000000000000000e+00,        +0.00000000000000000e+00,        +0.00000000000000000e+00,        +0.00000000000000000e+00,        +0.00000000000000000e+00,        +0.00000000000000000e+00,        +0.00000000000000000e+00,        +0.00000000000000000e+00,        +0.00000000000000000e+00,        +0.00000000000000000e+00,        +0.00000000000000000e+00,        +0.00000000000000000e+00,        +0.00000000000000000e+00,        +0.00000000000000000e+00,        +0.00000000000000000e+00,        +0.00000000000000000e+00,        +0.00000000000000000e+00,        +0.00000000000000000e+00,        +0.00000000000000000e+00,        +0.00000000000000000e+00,        +0.00000000000000000e+00,        +0.00000000000000000e+00,        +0.00000000000000000e+00,        +0.00000000000000000e+00,        +0.00000000000000000e+00,        +0.00000000000000000e+00,        +0.00000000000000000e+00,        +0.00000000000000000e+00,        +0.00000000000000000e+00,        +0.00000000000000000e+00,        +0.00000000000000000e+00,        +0.00000000000000000e+00,        +0.00000000000000000e+00,        +0.00000000000000000e+00,        +0.00000000000000000e+00,        +0.00000000000000000e+00,        +0.00000000000000000e+00,        +0.00000000000000000e+00,        +0.00000000000000000e+00,        +0.00000000000000000e+00,        +0.00000000000000000e+00,        +0.00000000000000000e+00,        +0.00000000000000000e+00,        +0.00000000000000000e+00,        +0.00000000000000000e+00,        +0.00000000000000000e+00,        +0.00000000000000000e+00,        +0.00000000000000000e+00,        +0.00000000000000000e+00,        +0.00000000000000000e+00,        +0.00000000000000000e+00,        +0.00000000000000000e+00,        +0.00000000000000000e+00,        +0.00000000000000000e+00,        +0.00000000000000000e+00,        +0.00000000000000000e+00,        +0.00000000000000000e+00,        +0.00000000000000000e+00,        +0.00000000000000000e+00,        +0.00000000000000000e+00,        +0.00000000000000000e+00,        +0.00000000000000000e+00,        +0.00000000000000000e+00,        +0.00000000000000000e+00,        +0.00000000000000000e+00,        +0.00000000000000000e+00,        +0.00000000000000000e+00,        +0.00000000000000000e+00,        +0.00000000000000000e+00,        +0.00000000000000000e+00,        +0.00000000000000000e+00,        +0.00000000000000000e+00,        +0.00000000000000000e+00,        +0.00000000000000000e+00,        +0.00000000000000000e+00,        +0.00000000000000000e+00,        +0.00000000000000000e+00,        +0.00000000000000000e+00,        +0.00000000000000000e+00,        +0.00000000000000000e+00,        +0.00000000000000000e+00,        +0.00000000000000000e+00,        +0.00000000000000000e+00,        +0.00000000000000000e+00,        +0.00000000000000000e+00,        +0.00000000000000000e+00,        +0.00000000000000000e+00,        +0.00000000000000000e+00,        +0.00000000000000000e+00,        +0.00000000000000000e+00,        +0.00000000000000000e+00,        +0.00000000000000000e+00,        +0.00000000000000000e+00,        +0.00000000000000000e+00,        +0.00000000000000000e+00,        +0.00000000000000000e+00,        +0.00000000000000000e+00,        +0.00000000000000000e+00,        +0.00000000000000000e+00,        +0.00000000000000000e+00,        +0.00000000000000000e+00
        +0.00000000000000000e+00,        +0.00000000000000000e+00,        +0.00000000000000000e+00,        +0.00000000000000000e+00,        +0.00000000000000000e+00,        +0.00000000000000000e+00,        +0.00000000000000000e+00,        +0.00000000000000000e+00,        +0.00000000000000000e+00,        +0.00000000000000000e+00,        +0.00000000000000000e+00,        +0.00000000000000000e+00,        +0.00000000000000000e+00,        +0.00000000000000000e+00,        +0.00000000000000000e+00,        +0.00000000000000000e+00,        +0.00000000000000000e+00,        +0.00000000000000000e+00,        +0.00000000000000000e+00,        +0.00000000000000000e+00,        +0.00000000000000000e+00,        +0.00000000000000000e+00,        +0.00000000000000000e+00,        +0.00000000000000000e+00,        +0.00000000000000000e+00,        +0.00000000000000000e+00,        +0.00000000000000000e+00,        +0.00000000000000000e+00,        +0.00000000000000000e+00,        +0.00000000000000000e+00,        +0.00000000000000000e+00,        +0.00000000000000000e+00,        +0.00000000000000000e+00,        +0.00000000000000000e+00,        +0.00000000000000000e+00,        +0.00000000000000000e+00,        +0.00000000000000000e+00,        +0.00000000000000000e+00,        +0.00000000000000000e+00,        +0.00000000000000000e+00,        +0.00000000000000000e+00,        +0.00000000000000000e+00,        +0.00000000000000000e+00,        +0.00000000000000000e+00,        +0.00000000000000000e+00,        +0.00000000000000000e+00,        +0.00000000000000000e+00,        +0.00000000000000000e+00,        +0.00000000000000000e+00,        +0.00000000000000000e+00,        +0.00000000000000000e+00,        +0.00000000000000000e+00,        +0.00000000000000000e+00,        +0.00000000000000000e+00,        +0.00000000000000000e+00,        +0.00000000000000000e+00,        +0.00000000000000000e+00,        +0.00000000000000000e+00,        +0.00000000000000000e+00,        +0.00000000000000000e+00,        +0.00000000000000000e+00,        +0.00000000000000000e+00,        +0.00000000000000000e+00,        +0.00000000000000000e+00,        +0.00000000000000000e+00,        +0.00000000000000000e+00,        +0.00000000000000000e+00,        +0.00000000000000000e+00,        +0.00000000000000000e+00,        +0.00000000000000000e+00,        +0.00000000000000000e+00,        +0.00000000000000000e+00,        +0.00000000000000000e+00,        +0.00000000000000000e+00,        +0.00000000000000000e+00,        +0.00000000000000000e+00,        +0.00000000000000000e+00,        +0.00000000000000000e+00,        +0.00000000000000000e+00,        +0.00000000000000000e+00,        +0.00000000000000000e+00,        +0.00000000000000000e+00,        +0.00000000000000000e+00,        +0.00000000000000000e+00,        +0.00000000000000000e+00,        +0.00000000000000000e+00,        +0.00000000000000000e+00,        +0.00000000000000000e+00,        +0.00000000000000000e+00,        +0.00000000000000000e+00,        +0.00000000000000000e+00,        +0.00000000000000000e+00,        +0.00000000000000000e+00,        +0.00000000000000000e+00,        +0.00000000000000000e+00,        +0.00000000000000000e+00,        +0.00000000000000000e+00,        +0.00000000000000000e+00,        +0.00000000000000000e+00,        +0.00000000000000000e+00,        +0.00000000000000000e+00,        +0.00000000000000000e+00,        +0.00000000000000000e+00,        +0.00000000000000000e+00,        +0.00000000000000000e+00,        +0.00000000000000000e+00,        +0.00000000000000000e+00,        +0.00000000000000000e+00
        +0.00000000000000000e+00,        +0.00000000000000000e+00,        +0.00000000000000000e+00,        +0.00000000000000000e+00,        +0.00000000000000000e+00,        +0.00000000000000000e+00,        +0.00000000000000000e+00,        +0.00000000000000000e+00,        +0.00000000000000000e+00,        +0.00000000000000000e+00,        +0.00000000000000000e+00,        +0.00000000000000000e+00,        +0.00000000000000000e+00,        +0.00000000000000000e+00,        +0.00000000000000000e+00,        +0.00000000000000000e+00,        +0.00000000000000000e+00,        +0.00000000000000000e+00,        +0.00000000000000000e+00,        +0.00000000000000000e+00,        +0.00000000000000000e+00,        +0.00000000000000000e+00,        +0.00000000000000000e+00,        +0.00000000000000000e+00,        +0.00000000000000000e+00,        +0.00000000000000000e+00,        +0.00000000000000000e+00,        +0.00000000000000000e+00,        +0.00000000000000000e+00,        +0.00000000000000000e+00,        +0.00000000000000000e+00,        +0.00000000000000000e+00,        +0.00000000000000000e+00,        +0.00000000000000000e+00,        +0.00000000000000000e+00,        +0.00000000000000000e+00,        +0.00000000000000000e+00,        +0.00000000000000000e+00,        +0.00000000000000000e+00,        +0.00000000000000000e+00,        +0.00000000000000000e+00,        +0.00000000000000000e+00,        +0.00000000000000000e+00,        +0.00000000000000000e+00,        +0.00000000000000000e+00,        +0.00000000000000000e+00,        +0.00000000000000000e+00,        +0.00000000000000000e+00,        +0.00000000000000000e+00,        +0.00000000000000000e+00,        +0.00000000000000000e+00,        +0.00000000000000000e+00,        +0.00000000000000000e+00,        +0.00000000000000000e+00,        +0.00000000000000000e+00,        +0.00000000000000000e+00,        +0.00000000000000000e+00,        +0.00000000000000000e+00,        +0.00000000000000000e+00,        +0.00000000000000000e+00,        +0.00000000000000000e+00,        +0.00000000000000000e+00,        +0.00000000000000000e+00,        +0.00000000000000000e+00,        +0.00000000000000000e+00,        +0.00000000000000000e+00,        +0.00000000000000000e+00,        +0.00000000000000000e+00,        +0.00000000000000000e+00,        +0.00000000000000000e+00,        +0.00000000000000000e+00,        +0.00000000000000000e+00,        +0.00000000000000000e+00,        +0.00000000000000000e+00,        +0.00000000000000000e+00,        +0.00000000000000000e+00,        +0.00000000000000000e+00,        +0.00000000000000000e+00,        +0.00000000000000000e+00,        +0.00000000000000000e+00,        +0.00000000000000000e+00,        +0.00000000000000000e+00,        +0.00000000000000000e+00,        +0.00000000000000000e+00,        +0.00000000000000000e+00,        +0.00000000000000000e+00,        +0.00000000000000000e+00,        +0.00000000000000000e+00,        +0.00000000000000000e+00,        +0.00000000000000000e+00,        +0.00000000000000000e+00,        +0.00000000000000000e+00,        +0.00000000000000000e+00,        +0.00000000000000000e+00,        +0.00000000000000000e+00,        +0.00000000000000000e+00,        +0.00000000000000000e+00,        +0.00000000000000000e+00,        +0.00000000000000000e+00,        +0.00000000000000000e+00,        +0.00000000000000000e+00,        +0.00000000000000000e+00,        +0.00000000000000000e+00,        +0.00000000000000000e+00,        +0.00000000000000000e+00,        +0.00000000000000000e+00,        +0.00000000000000000e+00,        +0.00000000000000000e+00
        +0.00000000000000000e+00,        +0.00000000000000000e+00,        +0.00000000000000000e+00,        +0.00000000000000000e+00,        +0.00000000000000000e+00,        +0.00000000000000000e+00,        +0.00000000000000000e+00,        +0.00000000000000000e+00,        +0.00000000000000000e+00,        +0.00000000000000000e+00,        +0.00000000000000000e+00,        +0.00000000000000000e+00,        +0.00000000000000000e+00,        +0.00000000000000000e+00,        +0.00000000000000000e+00,        +0.00000000000000000e+00,        +0.00000000000000000e+00,        +0.00000000000000000e+00,        +0.00000000000000000e+00,        +0.00000000000000000e+00,        +0.00000000000000000e+00,        +0.00000000000000000e+00,        +0.00000000000000000e+00,        +0.00000000000000000e+00,        +0.00000000000000000e+00,        +0.00000000000000000e+00,        +0.00000000000000000e+00,        +0.00000000000000000e+00,        +0.00000000000000000e+00,        +0.00000000000000000e+00,        +0.00000000000000000e+00,        +0.00000000000000000e+00,        +0.00000000000000000e+00,        +0.00000000000000000e+00,        +0.00000000000000000e+00,        +0.00000000000000000e+00,        +0.00000000000000000e+00,        +0.00000000000000000e+00,        +0.00000000000000000e+00,        +0.00000000000000000e+00,        +0.00000000000000000e+00,        +0.00000000000000000e+00,        +0.00000000000000000e+00,        +0.00000000000000000e+00,        +0.00000000000000000e+00,        +0.00000000000000000e+00,        +0.00000000000000000e+00,        +0.00000000000000000e+00,        +0.00000000000000000e+00,        +0.00000000000000000e+00,        +0.00000000000000000e+00,        +0.00000000000000000e+00,        +0.00000000000000000e+00,        +0.00000000000000000e+00,        +0.00000000000000000e+00,        +0.00000000000000000e+00,        +0.00000000000000000e+00,        +0.00000000000000000e+00,        +0.00000000000000000e+00,        +0.00000000000000000e+00,        +0.00000000000000000e+00,        +0.00000000000000000e+00,        +0.00000000000000000e+00,        +0.00000000000000000e+00,        +0.00000000000000000e+00,        +0.00000000000000000e+00,        +0.00000000000000000e+00,        +0.00000000000000000e+00,        +0.00000000000000000e+00,        +0.00000000000000000e+00,        +0.00000000000000000e+00,        +0.00000000000000000e+00,        +0.00000000000000000e+00,        +0.00000000000000000e+00,        +0.00000000000000000e+00,        +0.00000000000000000e+00,        +0.00000000000000000e+00,        +0.00000000000000000e+00,        +0.00000000000000000e+00,        +0.00000000000000000e+00,        +0.00000000000000000e+00,        +0.00000000000000000e+00,        +0.00000000000000000e+00,        +0.00000000000000000e+00,        +0.00000000000000000e+00,        +0.00000000000000000e+00,        +0.00000000000000000e+00,        +0.00000000000000000e+00,        +0.00000000000000000e+00,        +0.00000000000000000e+00,        +0.00000000000000000e+00,        +0.00000000000000000e+00,        +0.00000000000000000e+00,        +0.00000000000000000e+00,        +0.00000000000000000e+00,        +0.00000000000000000e+00,        +0.00000000000000000e+00,        +0.00000000000000000e+00,        +0.00000000000000000e+00,        +0.00000000000000000e+00,        +0.00000000000000000e+00,        +0.00000000000000000e+00,        +0.00000000000000000e+00,        +0.00000000000000000e+00,        +0.00000000000000000e+00,        +0.00000000000000000e+00,        +0.00000000000000000e+00,        +0.00000000000000000e+00
        +0.00000000000000000e+00,        +0.00000000000000000e+00,        +0.00000000000000000e+00,        +0.00000000000000000e+00,        +0.00000000000000000e+00,        +0.00000000000000000e+00,        +0.00000000000000000e+00,        +0.00000000000000000e+00,        +0.00000000000000000e+00,        +0.00000000000000000e+00,        +0.00000000000000000e+00,        +0.00000000000000000e+00,        +0.00000000000000000e+00,        +0.00000000000000000e+00,        +0.00000000000000000e+00,        +0.00000000000000000e+00,        +0.00000000000000000e+00,        +0.00000000000000000e+00,        +0.00000000000000000e+00,        +0.00000000000000000e+00,        +0.00000000000000000e+00,        +0.00000000000000000e+00,        +0.00000000000000000e+00,        +0.00000000000000000e+00,        +0.00000000000000000e+00,        +0.00000000000000000e+00,        +0.00000000000000000e+00,        +0.00000000000000000e+00,        +0.00000000000000000e+00,        +0.00000000000000000e+00,        +0.00000000000000000e+00,        +0.00000000000000000e+00,        +0.00000000000000000e+00,        +0.00000000000000000e+00,        +0.00000000000000000e+00,        +0.00000000000000000e+00,        +0.00000000000000000e+00,        +0.00000000000000000e+00,        +0.00000000000000000e+00,        +0.00000000000000000e+00,        +0.00000000000000000e+00,        +0.00000000000000000e+00,        +0.00000000000000000e+00,        +0.00000000000000000e+00,        +0.00000000000000000e+00,        +0.00000000000000000e+00,        +0.00000000000000000e+00,        +0.00000000000000000e+00,        +0.00000000000000000e+00,        +0.00000000000000000e+00,        +0.00000000000000000e+00,        +0.00000000000000000e+00,        +0.00000000000000000e+00,        +0.00000000000000000e+00,        +0.00000000000000000e+00,        +0.00000000000000000e+00,        +0.00000000000000000e+00,        +0.00000000000000000e+00,        +0.00000000000000000e+00,        +0.00000000000000000e+00,        +0.00000000000000000e+00,        +0.00000000000000000e+00,        +0.00000000000000000e+00,        +0.00000000000000000e+00,        +0.00000000000000000e+00,        +0.00000000000000000e+00,        +0.00000000000000000e+00,        +0.00000000000000000e+00,        +0.00000000000000000e+00,        +0.00000000000000000e+00,        +0.00000000000000000e+00,        +0.00000000000000000e+00,        +0.00000000000000000e+00,        +0.00000000000000000e+00,        +0.00000000000000000e+00,        +0.00000000000000000e+00,        +0.00000000000000000e+00,        +0.00000000000000000e+00,        +0.00000000000000000e+00,        +0.00000000000000000e+00,        +0.00000000000000000e+00,        +0.00000000000000000e+00,        +0.00000000000000000e+00,        +0.00000000000000000e+00,        +0.00000000000000000e+00,        +0.00000000000000000e+00,        +0.00000000000000000e+00,        +0.00000000000000000e+00,        +0.00000000000000000e+00,        +0.00000000000000000e+00,        +0.00000000000000000e+00,        +0.00000000000000000e+00,        +0.00000000000000000e+00,        +0.00000000000000000e+00,        +0.00000000000000000e+00,        +0.00000000000000000e+00,        +0.00000000000000000e+00,        +0.00000000000000000e+00,        +0.00000000000000000e+00,        +0.00000000000000000e+00,        +0.00000000000000000e+00,        +0.00000000000000000e+00,        +0.00000000000000000e+00,        +0.00000000000000000e+00,        +0.00000000000000000e+00,        +0.00000000000000000e+00,        +0.00000000000000000e+00,        +0.00000000000000000e+00
        +0.00000000000000000e+00,        +0.00000000000000000e+00,        +0.00000000000000000e+00,        +0.00000000000000000e+00,        +0.00000000000000000e+00,        +0.00000000000000000e+00,        +0.00000000000000000e+00,        +0.00000000000000000e+00,        +0.00000000000000000e+00,        +0.00000000000000000e+00,        +0.00000000000000000e+00,        +0.00000000000000000e+00,        +0.00000000000000000e+00,        +0.00000000000000000e+00,        +0.00000000000000000e+00,        +0.00000000000000000e+00,        +0.00000000000000000e+00,        +0.00000000000000000e+00,        +0.00000000000000000e+00,        +0.00000000000000000e+00,        +0.00000000000000000e+00,        +0.00000000000000000e+00,        +0.00000000000000000e+00,        +0.00000000000000000e+00,        +0.00000000000000000e+00,        +0.00000000000000000e+00,        +0.00000000000000000e+00,        +0.00000000000000000e+00,        +0.00000000000000000e+00,        +0.00000000000000000e+00,        +0.00000000000000000e+00,        +0.00000000000000000e+00,        +0.00000000000000000e+00,        +0.00000000000000000e+00,        +0.00000000000000000e+00,        +0.00000000000000000e+00,        +0.00000000000000000e+00,        +0.00000000000000000e+00,        +0.00000000000000000e+00,        +0.00000000000000000e+00,        +0.00000000000000000e+00,        +0.00000000000000000e+00,        +0.00000000000000000e+00,        +0.00000000000000000e+00,        +0.00000000000000000e+00,        +0.00000000000000000e+00,        +0.00000000000000000e+00,        +0.00000000000000000e+00,        +0.00000000000000000e+00,        +0.00000000000000000e+00,        +0.00000000000000000e+00,        +0.00000000000000000e+00,        +0.00000000000000000e+00,        +0.00000000000000000e+00,        +0.00000000000000000e+00,        +0.00000000000000000e+00,        +0.00000000000000000e+00,        +0.00000000000000000e+00,        +0.00000000000000000e+00,        +0.00000000000000000e+00,        +0.00000000000000000e+00,        +0.00000000000000000e+00,        +0.00000000000000000e+00,        +0.00000000000000000e+00,        +0.00000000000000000e+00,        +0.00000000000000000e+00,        +0.00000000000000000e+00,        +0.00000000000000000e+00,        +0.00000000000000000e+00,        +0.00000000000000000e+00,        +0.00000000000000000e+00,        +0.00000000000000000e+00,        +0.00000000000000000e+00,        +0.00000000000000000e+00,        +0.00000000000000000e+00,        +0.00000000000000000e+00,        +0.00000000000000000e+00,        +0.00000000000000000e+00,        +0.00000000000000000e+00,        +0.00000000000000000e+00,        +0.00000000000000000e+00,        +0.00000000000000000e+00,        +0.00000000000000000e+00,        +0.00000000000000000e+00,        +0.00000000000000000e+00,        +0.00000000000000000e+00,        +0.00000000000000000e+00,        +0.00000000000000000e+00,        +0.00000000000000000e+00,        +0.00000000000000000e+00,        +0.00000000000000000e+00,        +0.00000000000000000e+00,        +0.00000000000000000e+00,        +0.00000000000000000e+00,        +0.00000000000000000e+00,        +0.00000000000000000e+00,        +0.00000000000000000e+00,        +0.00000000000000000e+00,        +0.00000000000000000e+00,        +0.00000000000000000e+00,        +0.00000000000000000e+00,        +0.00000000000000000e+00,        +0.00000000000000000e+00,        +0.00000000000000000e+00,        +0.00000000000000000e+00,        +0.00000000000000000e+00,        +0.00000000000000000e+00,        +0.00000000000000000e+00
        +0.00000000000000000e+00,        +0.00000000000000000e+00,        +0.00000000000000000e+00,        +0.00000000000000000e+00,        +0.00000000000000000e+00,        +0.00000000000000000e+00,        +0.00000000000000000e+00,        +0.00000000000000000e+00,        +0.00000000000000000e+00,        +0.00000000000000000e+00,        +0.00000000000000000e+00,        +0.00000000000000000e+00,        +0.00000000000000000e+00,        +0.00000000000000000e+00,        +0.00000000000000000e+00,        +0.00000000000000000e+00,        +0.00000000000000000e+00,        +0.00000000000000000e+00,        +0.00000000000000000e+00,        +0.00000000000000000e+00,        +0.00000000000000000e+00,        +0.00000000000000000e+00,        +0.00000000000000000e+00,        +0.00000000000000000e+00,        +0.00000000000000000e+00,        +0.00000000000000000e+00,        +0.00000000000000000e+00,        +0.00000000000000000e+00,        +0.00000000000000000e+00,        +0.00000000000000000e+00,        +0.00000000000000000e+00,        +0.00000000000000000e+00,        +0.00000000000000000e+00,        +0.00000000000000000e+00,        +0.00000000000000000e+00,        +0.00000000000000000e+00,        +0.00000000000000000e+00,        +0.00000000000000000e+00,        +0.00000000000000000e+00,        +0.00000000000000000e+00,        +0.00000000000000000e+00,        +0.00000000000000000e+00,        +0.00000000000000000e+00,        +0.00000000000000000e+00,        +0.00000000000000000e+00,        +0.00000000000000000e+00,        +0.00000000000000000e+00,        +0.00000000000000000e+00,        +0.00000000000000000e+00,        +0.00000000000000000e+00,        +0.00000000000000000e+00,        +0.00000000000000000e+00,        +0.00000000000000000e+00,        +0.00000000000000000e+00,        +0.00000000000000000e+00,        +0.00000000000000000e+00,        +0.00000000000000000e+00,        +0.00000000000000000e+00,        +0.00000000000000000e+00,        +0.00000000000000000e+00,        +0.00000000000000000e+00,        +0.00000000000000000e+00,        +0.00000000000000000e+00,        +0.00000000000000000e+00,        +0.00000000000000000e+00,        +0.00000000000000000e+00,        +0.00000000000000000e+00,        +0.00000000000000000e+00,        +0.00000000000000000e+00,        +0.00000000000000000e+00,        +0.00000000000000000e+00,        +0.00000000000000000e+00,        +0.00000000000000000e+00,        +0.00000000000000000e+00,        +0.00000000000000000e+00,        +0.00000000000000000e+00,        +0.00000000000000000e+00,        +0.00000000000000000e+00,        +0.00000000000000000e+00,        +0.00000000000000000e+00,        +0.00000000000000000e+00,        +0.00000000000000000e+00,        +0.00000000000000000e+00,        +0.00000000000000000e+00,        +0.00000000000000000e+00,        +0.00000000000000000e+00,        +0.00000000000000000e+00,        +0.00000000000000000e+00,        +0.00000000000000000e+00,        +0.00000000000000000e+00,        +0.00000000000000000e+00,        +0.00000000000000000e+00,        +0.00000000000000000e+00,        +0.00000000000000000e+00,        +0.00000000000000000e+00,        +0.00000000000000000e+00,        +0.00000000000000000e+00,        +0.00000000000000000e+00,        +0.00000000000000000e+00,        +0.00000000000000000e+00,        +0.00000000000000000e+00,        +0.00000000000000000e+00,        +0.00000000000000000e+00,        +0.00000000000000000e+00,        +0.00000000000000000e+00,        +0.00000000000000000e+00,        +0.00000000000000000e+00,        +0.00000000000000000e+00
        +0.00000000000000000e+00,        +0.00000000000000000e+00,        +0.00000000000000000e+00,        +0.00000000000000000e+00,        +0.00000000000000000e+00,        +0.00000000000000000e+00,        +0.00000000000000000e+00,        +0.00000000000000000e+00,        +0.00000000000000000e+00,        +0.00000000000000000e+00,        +0.00000000000000000e+00,        +0.00000000000000000e+00,        +0.00000000000000000e+00,        +0.00000000000000000e+00,        +0.00000000000000000e+00,        +0.00000000000000000e+00,        +0.00000000000000000e+00,        +0.00000000000000000e+00,        +0.00000000000000000e+00,        +0.00000000000000000e+00,        +0.00000000000000000e+00,        +0.00000000000000000e+00,        +0.00000000000000000e+00,        +0.00000000000000000e+00,        +0.00000000000000000e+00,        +0.00000000000000000e+00,        +0.00000000000000000e+00,        +0.00000000000000000e+00,        +0.00000000000000000e+00,        +0.00000000000000000e+00,        +0.00000000000000000e+00,        +0.00000000000000000e+00,        +0.00000000000000000e+00,        +0.00000000000000000e+00,        +0.00000000000000000e+00,        +0.00000000000000000e+00,        +0.00000000000000000e+00,        +0.00000000000000000e+00,        +0.00000000000000000e+00,        +0.00000000000000000e+00,        +0.00000000000000000e+00,        +0.00000000000000000e+00,        +0.00000000000000000e+00,        +0.00000000000000000e+00,        +0.00000000000000000e+00,        +0.00000000000000000e+00,        +0.00000000000000000e+00,        +0.00000000000000000e+00,        +0.00000000000000000e+00,        +0.00000000000000000e+00,        +0.00000000000000000e+00,        +0.00000000000000000e+00,        +0.00000000000000000e+00,        +0.00000000000000000e+00,        +0.00000000000000000e+00,        +0.00000000000000000e+00,        +0.00000000000000000e+00,        +0.00000000000000000e+00,        +0.00000000000000000e+00,        +0.00000000000000000e+00,        +0.00000000000000000e+00,        +0.00000000000000000e+00,        +0.00000000000000000e+00,        +0.00000000000000000e+00,        +0.00000000000000000e+00,        +0.00000000000000000e+00,        +0.00000000000000000e+00,        +0.00000000000000000e+00,        +0.00000000000000000e+00,        +0.00000000000000000e+00,        +0.00000000000000000e+00,        +0.00000000000000000e+00,        +0.00000000000000000e+00,        +0.00000000000000000e+00,        +0.00000000000000000e+00,        +0.00000000000000000e+00,        +0.00000000000000000e+00,        +0.00000000000000000e+00,        +0.00000000000000000e+00,        +0.00000000000000000e+00,        +0.00000000000000000e+00,        +0.00000000000000000e+00,        +0.00000000000000000e+00,        +0.00000000000000000e+00,        +0.00000000000000000e+00,        +0.00000000000000000e+00,        +0.00000000000000000e+00,        +0.00000000000000000e+00,        +0.00000000000000000e+00,        +0.00000000000000000e+00,        +0.00000000000000000e+00,        +0.00000000000000000e+00,        +0.00000000000000000e+00,        +0.00000000000000000e+00,        +0.00000000000000000e+00,        +0.00000000000000000e+00,        +0.00000000000000000e+00,        +0.00000000000000000e+00,        +0.00000000000000000e+00,        +0.00000000000000000e+00,        +0.00000000000000000e+00,        +0.00000000000000000e+00,        +0.00000000000000000e+00,        +0.00000000000000000e+00,        +0.00000000000000000e+00,        +0.00000000000000000e+00,        +0.00000000000000000e+00,        +0.00000000000000000e+00
        +0.00000000000000000e+00,        +0.00000000000000000e+00,        +0.00000000000000000e+00,        +0.00000000000000000e+00,        +0.00000000000000000e+00,        +0.00000000000000000e+00,        +0.00000000000000000e+00,        +0.00000000000000000e+00,        +0.00000000000000000e+00,        +0.00000000000000000e+00,        +0.00000000000000000e+00,        +0.00000000000000000e+00,        +0.00000000000000000e+00,        +0.00000000000000000e+00,        +0.00000000000000000e+00,        +0.00000000000000000e+00,        +0.00000000000000000e+00,        +0.00000000000000000e+00,        +0.00000000000000000e+00,        +0.00000000000000000e+00,        +0.00000000000000000e+00,        +0.00000000000000000e+00,        +0.00000000000000000e+00,        +0.00000000000000000e+00,        +0.00000000000000000e+00,        +0.00000000000000000e+00,        +0.00000000000000000e+00,        +0.00000000000000000e+00,        +0.00000000000000000e+00,        +0.00000000000000000e+00,        +0.00000000000000000e+00,        +0.00000000000000000e+00,        +0.00000000000000000e+00,        +0.00000000000000000e+00,        +0.00000000000000000e+00,        +0.00000000000000000e+00,        +0.00000000000000000e+00,        +0.00000000000000000e+00,        +0.00000000000000000e+00,        +0.00000000000000000e+00,        +0.00000000000000000e+00,        +0.00000000000000000e+00,        +0.00000000000000000e+00,        +0.00000000000000000e+00,        +0.00000000000000000e+00,        +0.00000000000000000e+00,        +0.00000000000000000e+00,        +0.00000000000000000e+00,        +0.00000000000000000e+00,        +0.00000000000000000e+00,        +0.00000000000000000e+00,        +0.00000000000000000e+00,        +0.00000000000000000e+00,        +0.00000000000000000e+00,        +0.00000000000000000e+00,        +0.00000000000000000e+00,        +0.00000000000000000e+00,        +0.00000000000000000e+00,        +0.00000000000000000e+00,        +0.00000000000000000e+00,        +0.00000000000000000e+00,        +0.00000000000000000e+00,        +0.00000000000000000e+00,        +0.00000000000000000e+00,        +0.00000000000000000e+00,        +0.00000000000000000e+00,        +0.00000000000000000e+00,        +0.00000000000000000e+00,        +0.00000000000000000e+00,        +0.00000000000000000e+00,        +0.00000000000000000e+00,        +0.00000000000000000e+00,        +0.00000000000000000e+00,        +0.00000000000000000e+00,        +0.00000000000000000e+00,        +0.00000000000000000e+00,        +0.00000000000000000e+00,        +0.00000000000000000e+00,        +0.00000000000000000e+00,        +0.00000000000000000e+00,        +0.00000000000000000e+00,        +0.00000000000000000e+00,        +0.00000000000000000e+00,        +0.00000000000000000e+00,        +0.00000000000000000e+00,        +0.00000000000000000e+00,        +0.00000000000000000e+00,        +0.00000000000000000e+00,        +0.00000000000000000e+00,        +0.00000000000000000e+00,        +0.00000000000000000e+00,        +0.00000000000000000e+00,        +0.00000000000000000e+00,        +0.00000000000000000e+00,        +0.00000000000000000e+00,        +0.00000000000000000e+00,        +0.00000000000000000e+00,        +0.00000000000000000e+00,        +0.00000000000000000e+00,        +0.00000000000000000e+00,        +0.00000000000000000e+00,        +0.00000000000000000e+00,        +0.00000000000000000e+00,        +0.00000000000000000e+00,        +0.00000000000000000e+00,        +0.00000000000000000e+00,        +0.00000000000000000e+00,        +0.00000000000000000e+00
        +0.00000000000000000e+00,        +0.00000000000000000e+00,        +0.00000000000000000e+00,        +0.00000000000000000e+00,        +0.00000000000000000e+00,        +0.00000000000000000e+00,        +0.00000000000000000e+00,        +0.00000000000000000e+00,        +0.00000000000000000e+00,        +0.00000000000000000e+00,        +0.00000000000000000e+00,        +0.00000000000000000e+00,        +0.00000000000000000e+00,        +0.00000000000000000e+00,        +0.00000000000000000e+00,        +0.00000000000000000e+00,        +0.00000000000000000e+00,        +0.00000000000000000e+00,        +0.00000000000000000e+00,        +0.00000000000000000e+00,        +0.00000000000000000e+00,        +0.00000000000000000e+00,        +0.00000000000000000e+00,        +0.00000000000000000e+00,        +0.00000000000000000e+00,        +0.00000000000000000e+00,        +0.00000000000000000e+00,        +0.00000000000000000e+00,        +0.00000000000000000e+00,        +0.00000000000000000e+00,        +0.00000000000000000e+00,        +0.00000000000000000e+00,        +0.00000000000000000e+00,        +0.00000000000000000e+00,        +0.00000000000000000e+00,        +0.00000000000000000e+00,        +0.00000000000000000e+00,        +0.00000000000000000e+00,        +0.00000000000000000e+00,        +0.00000000000000000e+00,        +0.00000000000000000e+00,        +0.00000000000000000e+00,        +0.00000000000000000e+00,        +0.00000000000000000e+00,        +0.00000000000000000e+00,        +0.00000000000000000e+00,        +0.00000000000000000e+00,        +0.00000000000000000e+00,        +0.00000000000000000e+00,        +0.00000000000000000e+00,        +0.00000000000000000e+00,        +0.00000000000000000e+00,        +0.00000000000000000e+00,        +0.00000000000000000e+00,        +0.00000000000000000e+00,        +0.00000000000000000e+00,        +0.00000000000000000e+00,        +0.00000000000000000e+00,        +0.00000000000000000e+00,        +0.00000000000000000e+00,        +0.00000000000000000e+00,        +0.00000000000000000e+00,        +0.00000000000000000e+00,        +0.00000000000000000e+00,        +0.00000000000000000e+00,        +0.00000000000000000e+00,        +0.00000000000000000e+00,        +0.00000000000000000e+00,        +0.00000000000000000e+00,        +0.00000000000000000e+00,        +0.00000000000000000e+00,        +0.00000000000000000e+00,        +0.00000000000000000e+00,        +0.00000000000000000e+00,        +0.00000000000000000e+00,        +0.00000000000000000e+00,        +0.00000000000000000e+00,        +0.00000000000000000e+00,        +0.00000000000000000e+00,        +0.00000000000000000e+00,        +0.00000000000000000e+00,        +0.00000000000000000e+00,        +0.00000000000000000e+00,        +0.00000000000000000e+00,        +0.00000000000000000e+00,        +0.00000000000000000e+00,        +0.00000000000000000e+00,        +0.00000000000000000e+00,        +0.00000000000000000e+00,        +0.00000000000000000e+00,        +0.00000000000000000e+00,        +0.00000000000000000e+00,        +0.00000000000000000e+00,        +0.00000000000000000e+00,        +0.00000000000000000e+00,        +0.00000000000000000e+00,        +0.00000000000000000e+00,        +0.00000000000000000e+00,        +0.00000000000000000e+00,        +0.00000000000000000e+00,        +0.00000000000000000e+00,        +0.00000000000000000e+00,        +0.00000000000000000e+00,        +0.00000000000000000e+00,        +0.00000000000000000e+00,        +0.00000000000000000e+00,        +0.00000000000000000e+00,        +0.00000000000000000e+00
        +0.00000000000000000e+00,        +0.00000000000000000e+00,        +0.00000000000000000e+00,        +0.00000000000000000e+00,        +0.00000000000000000e+00,        +0.00000000000000000e+00,        +0.00000000000000000e+00,        +0.00000000000000000e+00,        +0.00000000000000000e+00,        +0.00000000000000000e+00,        +0.00000000000000000e+00,        +0.00000000000000000e+00,        +0.00000000000000000e+00,        +0.00000000000000000e+00,        +0.00000000000000000e+00,        +0.00000000000000000e+00,        +0.00000000000000000e+00,        +0.00000000000000000e+00,        +0.00000000000000000e+00,        +0.00000000000000000e+00,        +0.00000000000000000e+00,        +0.00000000000000000e+00,        +0.00000000000000000e+00,        +0.00000000000000000e+00,        +0.00000000000000000e+00,        +0.00000000000000000e+00,        +0.00000000000000000e+00,        +0.00000000000000000e+00,        +0.00000000000000000e+00,        +0.00000000000000000e+00,        +0.00000000000000000e+00,        +0.00000000000000000e+00,        +0.00000000000000000e+00,        +0.00000000000000000e+00,        +0.00000000000000000e+00,        +0.00000000000000000e+00,        +0.00000000000000000e+00,        +0.00000000000000000e+00,        +0.00000000000000000e+00,        +0.00000000000000000e+00,        +0.00000000000000000e+00,        +0.00000000000000000e+00,        +0.00000000000000000e+00,        +0.00000000000000000e+00,        +0.00000000000000000e+00,        +0.00000000000000000e+00,        +0.00000000000000000e+00,        +0.00000000000000000e+00,        +0.00000000000000000e+00,        +0.00000000000000000e+00,        +0.00000000000000000e+00,        +0.00000000000000000e+00,        +0.00000000000000000e+00,        +0.00000000000000000e+00,        +0.00000000000000000e+00,        +0.00000000000000000e+00,        +0.00000000000000000e+00,        +0.00000000000000000e+00,        +0.00000000000000000e+00,        +0.00000000000000000e+00,        +0.00000000000000000e+00,        +0.00000000000000000e+00,        +0.00000000000000000e+00,        +0.00000000000000000e+00,        +0.00000000000000000e+00,        +0.00000000000000000e+00,        +0.00000000000000000e+00,        +0.00000000000000000e+00,        +0.00000000000000000e+00,        +0.00000000000000000e+00,        +0.00000000000000000e+00,        +0.00000000000000000e+00,        +0.00000000000000000e+00,        +0.00000000000000000e+00,        +0.00000000000000000e+00,        +0.00000000000000000e+00,        +0.00000000000000000e+00,        +0.00000000000000000e+00,        +0.00000000000000000e+00,        +0.00000000000000000e+00,        +0.00000000000000000e+00,        +0.00000000000000000e+00,        +0.00000000000000000e+00,        +0.00000000000000000e+00,        +0.00000000000000000e+00,        +0.00000000000000000e+00,        +0.00000000000000000e+00,        +0.00000000000000000e+00,        +0.00000000000000000e+00,        +0.00000000000000000e+00,        +0.00000000000000000e+00,        +0.00000000000000000e+00,        +0.00000000000000000e+00,        +0.00000000000000000e+00,        +0.00000000000000000e+00,        +0.00000000000000000e+00,        +0.00000000000000000e+00,        +0.00000000000000000e+00,        +0.00000000000000000e+00,        +0.00000000000000000e+00,        +0.00000000000000000e+00,        +0.00000000000000000e+00,        +0.00000000000000000e+00,        +0.00000000000000000e+00,        +0.00000000000000000e+00,        +0.00000000000000000e+00,        +0.00000000000000000e+00,        +0.00000000000000000e+00
        +0.00000000000000000e+00,        +0.00000000000000000e+00,        +0.00000000000000000e+00,        +0.00000000000000000e+00,        +0.00000000000000000e+00,        +0.00000000000000000e+00,        +0.00000000000000000e+00,        +0.00000000000000000e+00,        +0.00000000000000000e+00,        +0.00000000000000000e+00,        +0.00000000000000000e+00,        +0.00000000000000000e+00,        +0.00000000000000000e+00,        +0.00000000000000000e+00,        +0.00000000000000000e+00,        +0.00000000000000000e+00,        +0.00000000000000000e+00,        +0.00000000000000000e+00,        +0.00000000000000000e+00,        +0.00000000000000000e+00,        +0.00000000000000000e+00,        +0.00000000000000000e+00,        +0.00000000000000000e+00,        +0.00000000000000000e+00,        +0.00000000000000000e+00,        +0.00000000000000000e+00,        +0.00000000000000000e+00,        +0.00000000000000000e+00,        +0.00000000000000000e+00,        +0.00000000000000000e+00,        +0.00000000000000000e+00,        +0.00000000000000000e+00,        +0.00000000000000000e+00,        +0.00000000000000000e+00,        +0.00000000000000000e+00,        +0.00000000000000000e+00,        +0.00000000000000000e+00,        +0.00000000000000000e+00,        +0.00000000000000000e+00,        +0.00000000000000000e+00,        +0.00000000000000000e+00,        +0.00000000000000000e+00,        +0.00000000000000000e+00,        +0.00000000000000000e+00,        +0.00000000000000000e+00,        +0.00000000000000000e+00,        +0.00000000000000000e+00,        +0.00000000000000000e+00,        +0.00000000000000000e+00,        +0.00000000000000000e+00,        +0.00000000000000000e+00,        +0.00000000000000000e+00,        +0.00000000000000000e+00,        +0.00000000000000000e+00,        +0.00000000000000000e+00,        +0.00000000000000000e+00,        +0.00000000000000000e+00,        +0.00000000000000000e+00,        +0.00000000000000000e+00,        +0.00000000000000000e+00,        +0.00000000000000000e+00,        +0.00000000000000000e+00,        +0.00000000000000000e+00,        +0.00000000000000000e+00,        +0.00000000000000000e+00,        +0.00000000000000000e+00,        +0.00000000000000000e+00,        +0.00000000000000000e+00,        +0.00000000000000000e+00,        +0.00000000000000000e+00,        +0.00000000000000000e+00,        +0.00000000000000000e+00,        +0.00000000000000000e+00,        +0.00000000000000000e+00,        +0.00000000000000000e+00,        +0.00000000000000000e+00,        +0.00000000000000000e+00,        +0.00000000000000000e+00,        +0.00000000000000000e+00,        +0.00000000000000000e+00,        +0.00000000000000000e+00,        +0.00000000000000000e+00,        +0.00000000000000000e+00,        +0.00000000000000000e+00,        +0.00000000000000000e+00,        +0.00000000000000000e+00,        +0.00000000000000000e+00,        +0.00000000000000000e+00,        +0.00000000000000000e+00,        +0.00000000000000000e+00,        +0.00000000000000000e+00,        +0.00000000000000000e+00,        +0.00000000000000000e+00,        +0.00000000000000000e+00,        +0.00000000000000000e+00,        +0.00000000000000000e+00,        +0.00000000000000000e+00,        +0.00000000000000000e+00,        +0.00000000000000000e+00,        +0.00000000000000000e+00,        +0.00000000000000000e+00,        +0.00000000000000000e+00,        +0.00000000000000000e+00,        +0.00000000000000000e+00,        +0.00000000000000000e+00,        +0.00000000000000000e+00,        +0.00000000000000000e+00,        +0.00000000000000000e+00
        +0.00000000000000000e+00,        +0.00000000000000000e+00,        +0.00000000000000000e+00,        +0.00000000000000000e+00,        +0.00000000000000000e+00,        +0.00000000000000000e+00,        +0.00000000000000000e+00,        +0.00000000000000000e+00,        +0.00000000000000000e+00,        +0.00000000000000000e+00,        +0.00000000000000000e+00,        +0.00000000000000000e+00,        +0.00000000000000000e+00,        +0.00000000000000000e+00,        +0.00000000000000000e+00,        +0.00000000000000000e+00,        +0.00000000000000000e+00,        +0.00000000000000000e+00,        +0.00000000000000000e+00,        +0.00000000000000000e+00,        +0.00000000000000000e+00,        +0.00000000000000000e+00,        +0.00000000000000000e+00,        +0.00000000000000000e+00,        +0.00000000000000000e+00,        +0.00000000000000000e+00,        +0.00000000000000000e+00,        +0.00000000000000000e+00,        +0.00000000000000000e+00,        +0.00000000000000000e+00,        +0.00000000000000000e+00,        +0.00000000000000000e+00,        +0.00000000000000000e+00,        +0.00000000000000000e+00,        +0.00000000000000000e+00,        +0.00000000000000000e+00,        +0.00000000000000000e+00,        +0.00000000000000000e+00,        +0.00000000000000000e+00,        +0.00000000000000000e+00,        +0.00000000000000000e+00,        +0.00000000000000000e+00,        +0.00000000000000000e+00,        +0.00000000000000000e+00,        +0.00000000000000000e+00,        +0.00000000000000000e+00,        +0.00000000000000000e+00,        +0.00000000000000000e+00,        +0.00000000000000000e+00,        +0.00000000000000000e+00,        +0.00000000000000000e+00,        +0.00000000000000000e+00,        +0.00000000000000000e+00,        +0.00000000000000000e+00,        +0.00000000000000000e+00,        +0.00000000000000000e+00,        +0.00000000000000000e+00,        +0.00000000000000000e+00,        +0.00000000000000000e+00,        +0.00000000000000000e+00,        +0.00000000000000000e+00,        +0.00000000000000000e+00,        +0.00000000000000000e+00,        +0.00000000000000000e+00,        +0.00000000000000000e+00,        +0.00000000000000000e+00,        +0.00000000000000000e+00,        +0.00000000000000000e+00,        +0.00000000000000000e+00,        +0.00000000000000000e+00,        +0.00000000000000000e+00,        +0.00000000000000000e+00,        +0.00000000000000000e+00,        +0.00000000000000000e+00,        +0.00000000000000000e+00,        +0.00000000000000000e+00,        +0.00000000000000000e+00,        +0.00000000000000000e+00,        +0.00000000000000000e+00,        +0.00000000000000000e+00,        +0.00000000000000000e+00,        +0.00000000000000000e+00,        +0.00000000000000000e+00,        +0.00000000000000000e+00,        +0.00000000000000000e+00,        +0.00000000000000000e+00,        +0.00000000000000000e+00,        +0.00000000000000000e+00,        +0.00000000000000000e+00,        +0.00000000000000000e+00,        +0.00000000000000000e+00,        +0.00000000000000000e+00,        +0.00000000000000000e+00,        +0.00000000000000000e+00,        +0.00000000000000000e+00,        +0.00000000000000000e+00,        +0.00000000000000000e+00,        +0.00000000000000000e+00,        +0.00000000000000000e+00,        +0.00000000000000000e+00,        +0.00000000000000000e+00,        +0.00000000000000000e+00,        +0.00000000000000000e+00,        +0.00000000000000000e+00,        +0.00000000000000000e+00,        +0.00000000000000000e+00,        +0.00000000000000000e+00,        +0.00000000000000000e+00
        +0.00000000000000000e+00,        +0.00000000000000000e+00,        +0.00000000000000000e+00,        +0.00000000000000000e+00,        +0.00000000000000000e+00,        +0.00000000000000000e+00,        +0.00000000000000000e+00,        +0.00000000000000000e+00,        +0.00000000000000000e+00,        +0.00000000000000000e+00,        +0.00000000000000000e+00,        +0.00000000000000000e+00,        +0.00000000000000000e+00,        +0.00000000000000000e+00,        +0.00000000000000000e+00,        +0.00000000000000000e+00,        +0.00000000000000000e+00,        +0.00000000000000000e+00,        +0.00000000000000000e+00,        +0.00000000000000000e+00,        +0.00000000000000000e+00,        +0.00000000000000000e+00,        +0.00000000000000000e+00,        +0.00000000000000000e+00,        +0.00000000000000000e+00,        +0.00000000000000000e+00,        +0.00000000000000000e+00,        +0.00000000000000000e+00,        +0.00000000000000000e+00,        +0.00000000000000000e+00,        +0.00000000000000000e+00,        +0.00000000000000000e+00,        +0.00000000000000000e+00,        +0.00000000000000000e+00,        +0.00000000000000000e+00,        +0.00000000000000000e+00,        +0.00000000000000000e+00,        +0.00000000000000000e+00,        +0.00000000000000000e+00,        +0.00000000000000000e+00,        +0.00000000000000000e+00,        +0.00000000000000000e+00,        +0.00000000000000000e+00,        +0.00000000000000000e+00,        +0.00000000000000000e+00,        +0.00000000000000000e+00,        +0.00000000000000000e+00,        +0.00000000000000000e+00,        +0.00000000000000000e+00,        +0.00000000000000000e+00,        +0.00000000000000000e+00,        +0.00000000000000000e+00,        +0.00000000000000000e+00,        +0.00000000000000000e+00,        +0.00000000000000000e+00,        +0.00000000000000000e+00,        +0.00000000000000000e+00,        +0.00000000000000000e+00,        +0.00000000000000000e+00,        +0.00000000000000000e+00,        +0.00000000000000000e+00,        +0.00000000000000000e+00,        +0.00000000000000000e+00,        +0.00000000000000000e+00,        +0.00000000000000000e+00,        +0.00000000000000000e+00,        +0.00000000000000000e+00,        +0.00000000000000000e+00,        +0.00000000000000000e+00,        +0.00000000000000000e+00,        +0.00000000000000000e+00,        +0.00000000000000000e+00,        +0.00000000000000000e+00,        +0.00000000000000000e+00,        +0.00000000000000000e+00,        +0.00000000000000000e+00,        +0.00000000000000000e+00,        +0.00000000000000000e+00,        +0.00000000000000000e+00,        +0.00000000000000000e+00,        +0.00000000000000000e+00,        +0.00000000000000000e+00,        +0.00000000000000000e+00,        +0.00000000000000000e+00,        +0.00000000000000000e+00,        +0.00000000000000000e+00,        +0.00000000000000000e+00,        +0.00000000000000000e+00,        +0.00000000000000000e+00,        +0.00000000000000000e+00,        +0.00000000000000000e+00,        +0.00000000000000000e+00,        +0.00000000000000000e+00,        +0.00000000000000000e+00,        +0.00000000000000000e+00,        +0.00000000000000000e+00,        +0.00000000000000000e+00,        +0.00000000000000000e+00,        +0.00000000000000000e+00,        +0.00000000000000000e+00,        +0.00000000000000000e+00,        +0.00000000000000000e+00,        +0.00000000000000000e+00,        +0.00000000000000000e+00,        +0.00000000000000000e+00,        +0.00000000000000000e+00,        +0.00000000000000000e+00,        +0.00000000000000000e+00
        +0.00000000000000000e+00,        +0.00000000000000000e+00,        +0.00000000000000000e+00,        +0.00000000000000000e+00,        +0.00000000000000000e+00,        +0.00000000000000000e+00,        +0.00000000000000000e+00,        +0.00000000000000000e+00,        +0.00000000000000000e+00,        +0.00000000000000000e+00,        +0.00000000000000000e+00,        +0.00000000000000000e+00,        +0.00000000000000000e+00,        +0.00000000000000000e+00,        +0.00000000000000000e+00,        +0.00000000000000000e+00,        +0.00000000000000000e+00,        +0.00000000000000000e+00,        +0.00000000000000000e+00,        +0.00000000000000000e+00,        +0.00000000000000000e+00,        +0.00000000000000000e+00,        +0.00000000000000000e+00,        +0.00000000000000000e+00,        +0.00000000000000000e+00,        +0.00000000000000000e+00,        +0.00000000000000000e+00,        +0.00000000000000000e+00,        +0.00000000000000000e+00,        +0.00000000000000000e+00,        +0.00000000000000000e+00,        +0.00000000000000000e+00,        +0.00000000000000000e+00,        +0.00000000000000000e+00,        +0.00000000000000000e+00,        +0.00000000000000000e+00,        +0.00000000000000000e+00,        +0.00000000000000000e+00,        +0.00000000000000000e+00,        +0.00000000000000000e+00,        +0.00000000000000000e+00,        +0.00000000000000000e+00,        +0.00000000000000000e+00,        +0.00000000000000000e+00,        +0.00000000000000000e+00,        +0.00000000000000000e+00,        +0.00000000000000000e+00,        +0.00000000000000000e+00,        +0.00000000000000000e+00,        +0.00000000000000000e+00,        +0.00000000000000000e+00,        +0.00000000000000000e+00,        +0.00000000000000000e+00,        +0.00000000000000000e+00,        +0.00000000000000000e+00,        +0.00000000000000000e+00,        +0.00000000000000000e+00,        +0.00000000000000000e+00,        +0.00000000000000000e+00,        +0.00000000000000000e+00,        +0.00000000000000000e+00,        +0.00000000000000000e+00,        +0.00000000000000000e+00,        +0.00000000000000000e+00,        +0.00000000000000000e+00,        +0.00000000000000000e+00,        +0.00000000000000000e+00,        +0.00000000000000000e+00,        +0.00000000000000000e+00,        +0.00000000000000000e+00,        +0.00000000000000000e+00,        +0.00000000000000000e+00,        +0.00000000000000000e+00,        +0.00000000000000000e+00,        +0.00000000000000000e+00,        +0.00000000000000000e+00,        +0.00000000000000000e+00,        +0.00000000000000000e+00,        +0.00000000000000000e+00,        +0.00000000000000000e+00,        +0.00000000000000000e+00,        +0.00000000000000000e+00,        +0.00000000000000000e+00,        +0.00000000000000000e+00,        +0.00000000000000000e+00,        +0.00000000000000000e+00,        +0.00000000000000000e+00,        +0.00000000000000000e+00,        +0.00000000000000000e+00,        +0.00000000000000000e+00,        +0.00000000000000000e+00,        +0.00000000000000000e+00,        +0.00000000000000000e+00,        +0.00000000000000000e+00,        +0.00000000000000000e+00,        +0.00000000000000000e+00,        +0.00000000000000000e+00,        +0.00000000000000000e+00,        +0.00000000000000000e+00,        +0.00000000000000000e+00,        +0.00000000000000000e+00,        +0.00000000000000000e+00,        +0.00000000000000000e+00,        +0.00000000000000000e+00,        +0.00000000000000000e+00,        +0.00000000000000000e+00,        +0.00000000000000000e+00,        +0.00000000000000000e+00
        +0.00000000000000000e+00,        +0.00000000000000000e+00,        +0.00000000000000000e+00,        +0.00000000000000000e+00,        +0.00000000000000000e+00,        +0.00000000000000000e+00,        +0.00000000000000000e+00,        +0.00000000000000000e+00,        +0.00000000000000000e+00,        +0.00000000000000000e+00,        +0.00000000000000000e+00,        +0.00000000000000000e+00,        +0.00000000000000000e+00,        +0.00000000000000000e+00,        +0.00000000000000000e+00,        +0.00000000000000000e+00,        +0.00000000000000000e+00,        +0.00000000000000000e+00,        +0.00000000000000000e+00,        +0.00000000000000000e+00,        +0.00000000000000000e+00,        +0.00000000000000000e+00,        +0.00000000000000000e+00,        +0.00000000000000000e+00,        +0.00000000000000000e+00,        +0.00000000000000000e+00,        +0.00000000000000000e+00,        +0.00000000000000000e+00,        +0.00000000000000000e+00,        +0.00000000000000000e+00,        +0.00000000000000000e+00,        +0.00000000000000000e+00,        +0.00000000000000000e+00,        +0.00000000000000000e+00,        +0.00000000000000000e+00,        +0.00000000000000000e+00,        +0.00000000000000000e+00,        +0.00000000000000000e+00,        +0.00000000000000000e+00,        +0.00000000000000000e+00,        +0.00000000000000000e+00,        +0.00000000000000000e+00,        +0.00000000000000000e+00,        +0.00000000000000000e+00,        +0.00000000000000000e+00,        +0.00000000000000000e+00,        +0.00000000000000000e+00,        +0.00000000000000000e+00,        +0.00000000000000000e+00,        +0.00000000000000000e+00,        +0.00000000000000000e+00,        +0.00000000000000000e+00,        +0.00000000000000000e+00,        +0.00000000000000000e+00,        +0.00000000000000000e+00,        +0.00000000000000000e+00,        +0.00000000000000000e+00,        +0.00000000000000000e+00,        +0.00000000000000000e+00,        +0.00000000000000000e+00,        +0.00000000000000000e+00,        +0.00000000000000000e+00,        +0.00000000000000000e+00,        +0.00000000000000000e+00,        +0.00000000000000000e+00,        +0.00000000000000000e+00,        +0.00000000000000000e+00,        +0.00000000000000000e+00,        +0.00000000000000000e+00,        +0.00000000000000000e+00,        +0.00000000000000000e+00,        +0.00000000000000000e+00,        +0.00000000000000000e+00,        +0.00000000000000000e+00,        +0.00000000000000000e+00,        +0.00000000000000000e+00,        +0.00000000000000000e+00,        +0.00000000000000000e+00,        +0.00000000000000000e+00,        +0.00000000000000000e+00,        +0.00000000000000000e+00,        +0.00000000000000000e+00,        +0.00000000000000000e+00,        +0.00000000000000000e+00,        +0.00000000000000000e+00,        +0.00000000000000000e+00,        +0.00000000000000000e+00,        +0.00000000000000000e+00,        +0.00000000000000000e+00,        +0.00000000000000000e+00,        +0.00000000000000000e+00,        +0.00000000000000000e+00,        +0.00000000000000000e+00,        +0.00000000000000000e+00,        +0.00000000000000000e+00,        +0.00000000000000000e+00,        +0.00000000000000000e+00,        +0.00000000000000000e+00,        +0.00000000000000000e+00,        +0.00000000000000000e+00,        +0.00000000000000000e+00,        +0.00000000000000000e+00,        +0.00000000000000000e+00,        +0.00000000000000000e+00,        +0.00000000000000000e+00,        +0.00000000000000000e+00,        +0.00000000000000000e+00,        +0.00000000000000000e+00
        +0.00000000000000000e+00,        +0.00000000000000000e+00,        +0.00000000000000000e+00,        +0.00000000000000000e+00,        +0.00000000000000000e+00,        +0.00000000000000000e+00,        +0.00000000000000000e+00,        +0.00000000000000000e+00,        +0.00000000000000000e+00,        +0.00000000000000000e+00,        +0.00000000000000000e+00,        +0.00000000000000000e+00,        +0.00000000000000000e+00,        +0.00000000000000000e+00,        +0.00000000000000000e+00,        +0.00000000000000000e+00,        +0.00000000000000000e+00,        +0.00000000000000000e+00,        +0.00000000000000000e+00,        +0.00000000000000000e+00,        +0.00000000000000000e+00,        +0.00000000000000000e+00,        +0.00000000000000000e+00,        +0.00000000000000000e+00,        +0.00000000000000000e+00,        +0.00000000000000000e+00,        +0.00000000000000000e+00,        +0.00000000000000000e+00,        +0.00000000000000000e+00,        +0.00000000000000000e+00,        +0.00000000000000000e+00,        +0.00000000000000000e+00,        +0.00000000000000000e+00,        +0.00000000000000000e+00,        +0.00000000000000000e+00,        +0.00000000000000000e+00,        +0.00000000000000000e+00,        +0.00000000000000000e+00,        +0.00000000000000000e+00,        +0.00000000000000000e+00,        +0.00000000000000000e+00,        +0.00000000000000000e+00,        +0.00000000000000000e+00,        +0.00000000000000000e+00,        +0.00000000000000000e+00,        +0.00000000000000000e+00,        +0.00000000000000000e+00,        +0.00000000000000000e+00,        +0.00000000000000000e+00,        +0.00000000000000000e+00,        +0.00000000000000000e+00,        +0.00000000000000000e+00,        +0.00000000000000000e+00,        +0.00000000000000000e+00,        +0.00000000000000000e+00,        +0.00000000000000000e+00,        +0.00000000000000000e+00,        +0.00000000000000000e+00,        +0.00000000000000000e+00,        +0.00000000000000000e+00,        +0.00000000000000000e+00,        +0.00000000000000000e+00,        +0.00000000000000000e+00,        +0.00000000000000000e+00,        +0.00000000000000000e+00,        +0.00000000000000000e+00,        +0.00000000000000000e+00,        +0.00000000000000000e+00,        +0.00000000000000000e+00,        +0.00000000000000000e+00,        +0.00000000000000000e+00,        +0.00000000000000000e+00,        +0.00000000000000000e+00,        +0.00000000000000000e+00,        +0.00000000000000000e+00,        +0.00000000000000000e+00,        +0.00000000000000000e+00,        +0.00000000000000000e+00,        +0.00000000000000000e+00,        +0.00000000000000000e+00,        +0.00000000000000000e+00,        +0.00000000000000000e+00,        +0.00000000000000000e+00,        +0.00000000000000000e+00,        +0.00000000000000000e+00,        +0.00000000000000000e+00,        +0.00000000000000000e+00,        +0.00000000000000000e+00,        +0.00000000000000000e+00,        +0.00000000000000000e+00,        +0.00000000000000000e+00,        +0.00000000000000000e+00,        +0.00000000000000000e+00,        +0.00000000000000000e+00,        +0.00000000000000000e+00,        +0.00000000000000000e+00,        +0.00000000000000000e+00,        +0.00000000000000000e+00,        +0.00000000000000000e+00,        +0.00000000000000000e+00,        +0.00000000000000000e+00,        +0.00000000000000000e+00,        +0.00000000000000000e+00,        +0.00000000000000000e+00,        +0.00000000000000000e+00,        +0.00000000000000000e+00,        +0.00000000000000000e+00,        +0.00000000000000000e+00
        +0.00000000000000000e+00,        +0.00000000000000000e+00,        +0.00000000000000000e+00,        +0.00000000000000000e+00,        +0.00000000000000000e+00,        +0.00000000000000000e+00,        +0.00000000000000000e+00,        +0.00000000000000000e+00,        +0.00000000000000000e+00,        +0.00000000000000000e+00,        +0.00000000000000000e+00,        +0.00000000000000000e+00,        +0.00000000000000000e+00,        +0.00000000000000000e+00,        +0.00000000000000000e+00,        +0.00000000000000000e+00,        +0.00000000000000000e+00,        +0.00000000000000000e+00,        +0.00000000000000000e+00,        +0.00000000000000000e+00,        +0.00000000000000000e+00,        +0.00000000000000000e+00,        +0.00000000000000000e+00,        +0.00000000000000000e+00,        +0.00000000000000000e+00,        +0.00000000000000000e+00,        +0.00000000000000000e+00,        +0.00000000000000000e+00,        +0.00000000000000000e+00,        +0.00000000000000000e+00,        +0.00000000000000000e+00,        +0.00000000000000000e+00,        +0.00000000000000000e+00,        +0.00000000000000000e+00,        +0.00000000000000000e+00,        +0.00000000000000000e+00,        +0.00000000000000000e+00,        +0.00000000000000000e+00,        +0.00000000000000000e+00,        +0.00000000000000000e+00,        +0.00000000000000000e+00,        +0.00000000000000000e+00,        +0.00000000000000000e+00,        +0.00000000000000000e+00,        +0.00000000000000000e+00,        +0.00000000000000000e+00,        +0.00000000000000000e+00,        +0.00000000000000000e+00,        +0.00000000000000000e+00,        +0.00000000000000000e+00,        +0.00000000000000000e+00,        +0.00000000000000000e+00,        +0.00000000000000000e+00,        +0.00000000000000000e+00,        +0.00000000000000000e+00,        +0.00000000000000000e+00,        +0.00000000000000000e+00,        +0.00000000000000000e+00,        +0.00000000000000000e+00,        +0.00000000000000000e+00,        +0.00000000000000000e+00,        +0.00000000000000000e+00,        +0.00000000000000000e+00,        +0.00000000000000000e+00,        +0.00000000000000000e+00,        +0.00000000000000000e+00,        +0.00000000000000000e+00,        +0.00000000000000000e+00,        +0.00000000000000000e+00,        +0.00000000000000000e+00,        +0.00000000000000000e+00,        +0.00000000000000000e+00,        +0.00000000000000000e+00,        +0.00000000000000000e+00,        +0.00000000000000000e+00,        +0.00000000000000000e+00,        +0.00000000000000000e+00,        +0.00000000000000000e+00,        +0.00000000000000000e+00,        +0.00000000000000000e+00,        +0.00000000000000000e+00,        +0.00000000000000000e+00,        +0.00000000000000000e+00,        +0.00000000000000000e+00,        +0.00000000000000000e+00,        +0.00000000000000000e+00,        +0.00000000000000000e+00,        +0.00000000000000000e+00,        +0.00000000000000000e+00,        +0.00000000000000000e+00,        +0.00000000000000000e+00,        +0.00000000000000000e+00,        +0.00000000000000000e+00,        +0.00000000000000000e+00,        +0.00000000000000000e+00,        +0.00000000000000000e+00,        +0.00000000000000000e+00,        +0.00000000000000000e+00,        +0.00000000000000000e+00,        +0.00000000000000000e+00,        +0.00000000000000000e+00,        +0.00000000000000000e+00,        +0.00000000000000000e+00,        +0.00000000000000000e+00,        +0.00000000000000000e+00,        +0.00000000000000000e+00,        +0.00000000000000000e+00,        +0.00000000000000000e+00
        +0.00000000000000000e+00,        +0.00000000000000000e+00,        +0.00000000000000000e+00,        +0.00000000000000000e+00,        +0.00000000000000000e+00,        +0.00000000000000000e+00,        +0.00000000000000000e+00,        +0.00000000000000000e+00,        +0.00000000000000000e+00,        +0.00000000000000000e+00,        +0.00000000000000000e+00,        +0.00000000000000000e+00,        +0.00000000000000000e+00,        +0.00000000000000000e+00,        +0.00000000000000000e+00,        +0.00000000000000000e+00,        +0.00000000000000000e+00,        +0.00000000000000000e+00,        +0.00000000000000000e+00,        +0.00000000000000000e+00,        +0.00000000000000000e+00,        +0.00000000000000000e+00,        +0.00000000000000000e+00,        +0.00000000000000000e+00,        +0.00000000000000000e+00,        +0.00000000000000000e+00,        +0.00000000000000000e+00,        +0.00000000000000000e+00,        +0.00000000000000000e+00,        +0.00000000000000000e+00,        +0.00000000000000000e+00,        +0.00000000000000000e+00,        +0.00000000000000000e+00,        +0.00000000000000000e+00,        +0.00000000000000000e+00,        +0.00000000000000000e+00,        +0.00000000000000000e+00,        +0.00000000000000000e+00,        +0.00000000000000000e+00,        +0.00000000000000000e+00,        +0.00000000000000000e+00,        +0.00000000000000000e+00,        +0.00000000000000000e+00,        +0.00000000000000000e+00,        +0.00000000000000000e+00,        +0.00000000000000000e+00,        +0.00000000000000000e+00,        +0.00000000000000000e+00,        +0.00000000000000000e+00,        +0.00000000000000000e+00,        +0.00000000000000000e+00,        +0.00000000000000000e+00,        +0.00000000000000000e+00,        +0.00000000000000000e+00,        +0.00000000000000000e+00,        +0.00000000000000000e+00,        +0.00000000000000000e+00,        +0.00000000000000000e+00,        +0.00000000000000000e+00,        +0.00000000000000000e+00,        +0.00000000000000000e+00,        +0.00000000000000000e+00,        +0.00000000000000000e+00,        +0.00000000000000000e+00,        +0.00000000000000000e+00,        +0.00000000000000000e+00,        +0.00000000000000000e+00,        +0.00000000000000000e+00,        +0.00000000000000000e+00,        +0.00000000000000000e+00,        +0.00000000000000000e+00,        +0.00000000000000000e+00,        +0.00000000000000000e+00,        +0.00000000000000000e+00,        +0.00000000000000000e+00,        +0.00000000000000000e+00,        +0.00000000000000000e+00,        +0.00000000000000000e+00,        +0.00000000000000000e+00,        +0.00000000000000000e+00,        +0.00000000000000000e+00,        +0.00000000000000000e+00,        +0.00000000000000000e+00,        +0.00000000000000000e+00,        +0.00000000000000000e+00,        +0.00000000000000000e+00,        +0.00000000000000000e+00,        +0.00000000000000000e+00,        +0.00000000000000000e+00,        +0.00000000000000000e+00,        +0.00000000000000000e+00,        +0.00000000000000000e+00,        +0.00000000000000000e+00,        +0.00000000000000000e+00,        +0.00000000000000000e+00,        +0.00000000000000000e+00,        +0.00000000000000000e+00,        +0.00000000000000000e+00,        +0.00000000000000000e+00,        +0.00000000000000000e+00,        +0.00000000000000000e+00,        +0.00000000000000000e+00,        +0.00000000000000000e+00,        +0.00000000000000000e+00,        +0.00000000000000000e+00,        +0.00000000000000000e+00,        +0.00000000000000000e+00,        +0.00000000000000000e+00
        +0.00000000000000000e+00,        +0.00000000000000000e+00,        +0.00000000000000000e+00,        +0.00000000000000000e+00,        +0.00000000000000000e+00,        +0.00000000000000000e+00,        +0.00000000000000000e+00,        +0.00000000000000000e+00,        +0.00000000000000000e+00,        +0.00000000000000000e+00,        +0.00000000000000000e+00,        +0.00000000000000000e+00,        +0.00000000000000000e+00,        +0.00000000000000000e+00,        +0.00000000000000000e+00,        +0.00000000000000000e+00,        +0.00000000000000000e+00,        +0.00000000000000000e+00,        +0.00000000000000000e+00,        +0.00000000000000000e+00,        +0.00000000000000000e+00,        +0.00000000000000000e+00,        +0.00000000000000000e+00,        +0.00000000000000000e+00,        +0.00000000000000000e+00,        +0.00000000000000000e+00,        +0.00000000000000000e+00,        +0.00000000000000000e+00,        +0.00000000000000000e+00,        +0.00000000000000000e+00,        +0.00000000000000000e+00,        +0.00000000000000000e+00,        +0.00000000000000000e+00,        +0.00000000000000000e+00,        +0.00000000000000000e+00,        +0.00000000000000000e+00,        +0.00000000000000000e+00,        +0.00000000000000000e+00,        +0.00000000000000000e+00,        +0.00000000000000000e+00,        +0.00000000000000000e+00,        +0.00000000000000000e+00,        +0.00000000000000000e+00,        +0.00000000000000000e+00,        +0.00000000000000000e+00,        +0.00000000000000000e+00,        +0.00000000000000000e+00,        +0.00000000000000000e+00,        +0.00000000000000000e+00,        +0.00000000000000000e+00,        +0.00000000000000000e+00,        +0.00000000000000000e+00,        +0.00000000000000000e+00,        +0.00000000000000000e+00,        +0.00000000000000000e+00,        +0.00000000000000000e+00,        +0.00000000000000000e+00,        +0.00000000000000000e+00,        +0.00000000000000000e+00,        +0.00000000000000000e+00,        +0.00000000000000000e+00,        +0.00000000000000000e+00,        +0.00000000000000000e+00,        +0.00000000000000000e+00,        +0.00000000000000000e+00,        +0.00000000000000000e+00,        +0.00000000000000000e+00,        +0.00000000000000000e+00,        +0.00000000000000000e+00,        +0.00000000000000000e+00,        +0.00000000000000000e+00,        +0.00000000000000000e+00,        +0.00000000000000000e+00,        +0.00000000000000000e+00,        +0.00000000000000000e+00,        +0.00000000000000000e+00,        +0.00000000000000000e+00,        +0.00000000000000000e+00,        +0.00000000000000000e+00,        +0.00000000000000000e+00,        +0.00000000000000000e+00,        +0.00000000000000000e+00,        +0.00000000000000000e+00,        +0.00000000000000000e+00,        +0.00000000000000000e+00,        +0.00000000000000000e+00,        +0.00000000000000000e+00,        +0.00000000000000000e+00,        +0.00000000000000000e+00,        +0.00000000000000000e+00,        +0.00000000000000000e+00,        +0.00000000000000000e+00,        +0.00000000000000000e+00,        +0.00000000000000000e+00,        +0.00000000000000000e+00,        +0.00000000000000000e+00,        +0.00000000000000000e+00,        +0.00000000000000000e+00,        +0.00000000000000000e+00,        +0.00000000000000000e+00,        +0.00000000000000000e+00,        +0.00000000000000000e+00,        +0.00000000000000000e+00,        +0.00000000000000000e+00,        +0.00000000000000000e+00,        +0.00000000000000000e+00,        +0.00000000000000000e+00,        +0.00000000000000000e+00
        +0.00000000000000000e+00,        +0.00000000000000000e+00,        +0.00000000000000000e+00,        +0.00000000000000000e+00,        +0.00000000000000000e+00,        +0.00000000000000000e+00,        +0.00000000000000000e+00,        +0.00000000000000000e+00,        +0.00000000000000000e+00,        +0.00000000000000000e+00,        +0.00000000000000000e+00,        +0.00000000000000000e+00,        +0.00000000000000000e+00,        +0.00000000000000000e+00,        +0.00000000000000000e+00,        +0.00000000000000000e+00,        +0.00000000000000000e+00,        +0.00000000000000000e+00,        +0.00000000000000000e+00,        +0.00000000000000000e+00,        +0.00000000000000000e+00,        +0.00000000000000000e+00,        +0.00000000000000000e+00,        +0.00000000000000000e+00,        +0.00000000000000000e+00,        +0.00000000000000000e+00,        +0.00000000000000000e+00,        +0.00000000000000000e+00,        +0.00000000000000000e+00,        +0.00000000000000000e+00,        +0.00000000000000000e+00,        +0.00000000000000000e+00,        +0.00000000000000000e+00,        +0.00000000000000000e+00,        +0.00000000000000000e+00,        +0.00000000000000000e+00,        +0.00000000000000000e+00,        +0.00000000000000000e+00,        +0.00000000000000000e+00,        +0.00000000000000000e+00,        +0.00000000000000000e+00,        +0.00000000000000000e+00,        +0.00000000000000000e+00,        +0.00000000000000000e+00,        +0.00000000000000000e+00,        +0.00000000000000000e+00,        +0.00000000000000000e+00,        +0.00000000000000000e+00,        +0.00000000000000000e+00,        +0.00000000000000000e+00,        +0.00000000000000000e+00,        +0.00000000000000000e+00,        +0.00000000000000000e+00,        +0.00000000000000000e+00,        +0.00000000000000000e+00,        +0.00000000000000000e+00,        +0.00000000000000000e+00,        +0.00000000000000000e+00,        +0.00000000000000000e+00,        +0.00000000000000000e+00,        +0.00000000000000000e+00,        +0.00000000000000000e+00,        +0.00000000000000000e+00,        +0.00000000000000000e+00,        +0.00000000000000000e+00,        +0.00000000000000000e+00,        +0.00000000000000000e+00,        +0.00000000000000000e+00,        +0.00000000000000000e+00,        +0.00000000000000000e+00,        +0.00000000000000000e+00,        +0.00000000000000000e+00,        +0.00000000000000000e+00,        +0.00000000000000000e+00,        +0.00000000000000000e+00,        +0.00000000000000000e+00,        +0.00000000000000000e+00,        +0.00000000000000000e+00,        +0.00000000000000000e+00,        +0.00000000000000000e+00,        +0.00000000000000000e+00,        +0.00000000000000000e+00,        +0.00000000000000000e+00,        +0.00000000000000000e+00,        +0.00000000000000000e+00,        +0.00000000000000000e+00,        +0.00000000000000000e+00,        +0.00000000000000000e+00,        +0.00000000000000000e+00,        +0.00000000000000000e+00,        +0.00000000000000000e+00,        +0.00000000000000000e+00,        +0.00000000000000000e+00,        +0.00000000000000000e+00,        +0.00000000000000000e+00,        +0.00000000000000000e+00,        +0.00000000000000000e+00,        +0.00000000000000000e+00,        +0.00000000000000000e+00,        +0.00000000000000000e+00,        +0.00000000000000000e+00,        +0.00000000000000000e+00,        +0.00000000000000000e+00,        +0.00000000000000000e+00,        +0.00000000000000000e+00,        +0.00000000000000000e+00,        +0.00000000000000000e+00,        +0.00000000000000000e+00
        +0.00000000000000000e+00,        +0.00000000000000000e+00,        +0.00000000000000000e+00,        +0.00000000000000000e+00,        +0.00000000000000000e+00,        +0.00000000000000000e+00,        +0.00000000000000000e+00,        +0.00000000000000000e+00,        +0.00000000000000000e+00,        +0.00000000000000000e+00,        +0.00000000000000000e+00,        +0.00000000000000000e+00,        +0.00000000000000000e+00,        +0.00000000000000000e+00,        +0.00000000000000000e+00,        +0.00000000000000000e+00,        +0.00000000000000000e+00,        +0.00000000000000000e+00,        +0.00000000000000000e+00,        +0.00000000000000000e+00,        +0.00000000000000000e+00,        +0.00000000000000000e+00,        +0.00000000000000000e+00,        +0.00000000000000000e+00,        +0.00000000000000000e+00,        +0.00000000000000000e+00,        +0.00000000000000000e+00,        +0.00000000000000000e+00,        +0.00000000000000000e+00,        +0.00000000000000000e+00,        +0.00000000000000000e+00,        +0.00000000000000000e+00,        +0.00000000000000000e+00,        +0.00000000000000000e+00,        +0.00000000000000000e+00,        +0.00000000000000000e+00,        +0.00000000000000000e+00,        +0.00000000000000000e+00,        +0.00000000000000000e+00,        +0.00000000000000000e+00,        +0.00000000000000000e+00,        +0.00000000000000000e+00,        +0.00000000000000000e+00,        +0.00000000000000000e+00,        +0.00000000000000000e+00,        +0.00000000000000000e+00,        +0.00000000000000000e+00,        +0.00000000000000000e+00,        +0.00000000000000000e+00,        +0.00000000000000000e+00,        +0.00000000000000000e+00,        +0.00000000000000000e+00,        +0.00000000000000000e+00,        +0.00000000000000000e+00,        +0.00000000000000000e+00,        +0.00000000000000000e+00,        +0.00000000000000000e+00,        +0.00000000000000000e+00,        +0.00000000000000000e+00,        +0.00000000000000000e+00,        +0.00000000000000000e+00,        +0.00000000000000000e+00,        +0.00000000000000000e+00,        +0.00000000000000000e+00,        +0.00000000000000000e+00,        +0.00000000000000000e+00,        +0.00000000000000000e+00,        +0.00000000000000000e+00,        +0.00000000000000000e+00,        +0.00000000000000000e+00,        +0.00000000000000000e+00,        +0.00000000000000000e+00,        +0.00000000000000000e+00,        +0.00000000000000000e+00,        +0.00000000000000000e+00,        +0.00000000000000000e+00,        +0.00000000000000000e+00,        +0.00000000000000000e+00,        +0.00000000000000000e+00,        +0.00000000000000000e+00,        +0.00000000000000000e+00,        +0.00000000000000000e+00,        +0.00000000000000000e+00,        +0.00000000000000000e+00,        +0.00000000000000000e+00,        +0.00000000000000000e+00,        +0.00000000000000000e+00,        +0.00000000000000000e+00,        +0.00000000000000000e+00,        +0.00000000000000000e+00,        +0.00000000000000000e+00,        +0.00000000000000000e+00,        +0.00000000000000000e+00,        +0.00000000000000000e+00,        +0.00000000000000000e+00,        +0.00000000000000000e+00,        +0.00000000000000000e+00,        +0.00000000000000000e+00,        +0.00000000000000000e+00,        +0.00000000000000000e+00,        +0.00000000000000000e+00,        +0.00000000000000000e+00,        +0.00000000000000000e+00,        +0.00000000000000000e+00,        +0.00000000000000000e+00,        +0.00000000000000000e+00,        +0.00000000000000000e+00,        +0.00000000000000000e+00
        +0.00000000000000000e+00,        +0.00000000000000000e+00,        +0.00000000000000000e+00,        +0.00000000000000000e+00,        +0.00000000000000000e+00,        +0.00000000000000000e+00,        +0.00000000000000000e+00,        +0.00000000000000000e+00,        +0.00000000000000000e+00,        +0.00000000000000000e+00,        +0.00000000000000000e+00,        +0.00000000000000000e+00,        +0.00000000000000000e+00,        +0.00000000000000000e+00,        +0.00000000000000000e+00,        +0.00000000000000000e+00,        +0.00000000000000000e+00,        +0.00000000000000000e+00,        +0.00000000000000000e+00,        +0.00000000000000000e+00,        +0.00000000000000000e+00,        +0.00000000000000000e+00,        +0.00000000000000000e+00,        +0.00000000000000000e+00,        +0.00000000000000000e+00,        +0.00000000000000000e+00,        +0.00000000000000000e+00,        +0.00000000000000000e+00,        +0.00000000000000000e+00,        +0.00000000000000000e+00,        +0.00000000000000000e+00,        +0.00000000000000000e+00,        +0.00000000000000000e+00,        +0.00000000000000000e+00,        +0.00000000000000000e+00,        +0.00000000000000000e+00,        +0.00000000000000000e+00,        +0.00000000000000000e+00,        +0.00000000000000000e+00,        +0.00000000000000000e+00,        +0.00000000000000000e+00,        +0.00000000000000000e+00,        +0.00000000000000000e+00,        +0.00000000000000000e+00,        +0.00000000000000000e+00,        +0.00000000000000000e+00,        +0.00000000000000000e+00,        +0.00000000000000000e+00,        +0.00000000000000000e+00,        +0.00000000000000000e+00,        +0.00000000000000000e+00,        +0.00000000000000000e+00,        +0.00000000000000000e+00,        +0.00000000000000000e+00,        +0.00000000000000000e+00,        +0.00000000000000000e+00,        +0.00000000000000000e+00,        +0.00000000000000000e+00,        +0.00000000000000000e+00,        +0.00000000000000000e+00,        +0.00000000000000000e+00,        +0.00000000000000000e+00,        +0.00000000000000000e+00,        +0.00000000000000000e+00,        +0.00000000000000000e+00,        +0.00000000000000000e+00,        +0.00000000000000000e+00,        +0.00000000000000000e+00,        +0.00000000000000000e+00,        +0.00000000000000000e+00,        +0.00000000000000000e+00,        +0.00000000000000000e+00,        +0.00000000000000000e+00,        +0.00000000000000000e+00,        +0.00000000000000000e+00,        +0.00000000000000000e+00,        +0.00000000000000000e+00,        +0.00000000000000000e+00,        +0.00000000000000000e+00,        +0.00000000000000000e+00,        +0.00000000000000000e+00,        +0.00000000000000000e+00,        +0.00000000000000000e+00,        +0.00000000000000000e+00,        +0.00000000000000000e+00,        +0.00000000000000000e+00,        +0.00000000000000000e+00,        +0.00000000000000000e+00,        +0.00000000000000000e+00,        +0.00000000000000000e+00,        +0.00000000000000000e+00,        +0.00000000000000000e+00,        +0.00000000000000000e+00,        +0.00000000000000000e+00,        +0.00000000000000000e+00,        +0.00000000000000000e+00,        +0.00000000000000000e+00,        +0.00000000000000000e+00,        +0.00000000000000000e+00,        +0.00000000000000000e+00,        +0.00000000000000000e+00,        +0.00000000000000000e+00,        +0.00000000000000000e+00,        +0.00000000000000000e+00,        +0.00000000000000000e+00,        +0.00000000000000000e+00,        +0.00000000000000000e+00,        +0.00000000000000000e+00
        +0.00000000000000000e+00,        +0.00000000000000000e+00,        +0.00000000000000000e+00,        +0.00000000000000000e+00,        +0.00000000000000000e+00,        +0.00000000000000000e+00,        +0.00000000000000000e+00,        +0.00000000000000000e+00,        +0.00000000000000000e+00,        +0.00000000000000000e+00,        +0.00000000000000000e+00,        +0.00000000000000000e+00,        +0.00000000000000000e+00,        +0.00000000000000000e+00,        +0.00000000000000000e+00,        +0.00000000000000000e+00,        +0.00000000000000000e+00,        +0.00000000000000000e+00,        +0.00000000000000000e+00,        +0.00000000000000000e+00,        +0.00000000000000000e+00,        +0.00000000000000000e+00,        +0.00000000000000000e+00,        +0.00000000000000000e+00,        +0.00000000000000000e+00,        +0.00000000000000000e+00,        +0.00000000000000000e+00,        +0.00000000000000000e+00,        +0.00000000000000000e+00,        +0.00000000000000000e+00,        +0.00000000000000000e+00,        +0.00000000000000000e+00,        +0.00000000000000000e+00,        +0.00000000000000000e+00,        +0.00000000000000000e+00,        +0.00000000000000000e+00,        +0.00000000000000000e+00,        +0.00000000000000000e+00,        +0.00000000000000000e+00,        +0.00000000000000000e+00,        +0.00000000000000000e+00,        +0.00000000000000000e+00,        +0.00000000000000000e+00,        +0.00000000000000000e+00,        +0.00000000000000000e+00,        +0.00000000000000000e+00,        +0.00000000000000000e+00,        +0.00000000000000000e+00,        +0.00000000000000000e+00,        +0.00000000000000000e+00,        +0.00000000000000000e+00,        +0.00000000000000000e+00,        +0.00000000000000000e+00,        +0.00000000000000000e+00,        +0.00000000000000000e+00,        +0.00000000000000000e+00,        +0.00000000000000000e+00,        +0.00000000000000000e+00,        +0.00000000000000000e+00,        +0.00000000000000000e+00,        +0.00000000000000000e+00,        +0.00000000000000000e+00,        +0.00000000000000000e+00,        +0.00000000000000000e+00,        +0.00000000000000000e+00,        +0.00000000000000000e+00,        +0.00000000000000000e+00,        +0.00000000000000000e+00,        +0.00000000000000000e+00,        +0.00000000000000000e+00,        +0.00000000000000000e+00,        +0.00000000000000000e+00,        +0.00000000000000000e+00,        +0.00000000000000000e+00,        +0.00000000000000000e+00,        +0.00000000000000000e+00,        +0.00000000000000000e+00,        +0.00000000000000000e+00,        +0.00000000000000000e+00,        +0.00000000000000000e+00,        +0.00000000000000000e+00,        +0.00000000000000000e+00,        +0.00000000000000000e+00,        +0.00000000000000000e+00,        +0.00000000000000000e+00,        +0.00000000000000000e+00,        +0.00000000000000000e+00,        +0.00000000000000000e+00,        +0.00000000000000000e+00,        +0.00000000000000000e+00,        +0.00000000000000000e+00,        +0.00000000000000000e+00,        +0.00000000000000000e+00,        +0.00000000000000000e+00,        +0.00000000000000000e+00,        +0.00000000000000000e+00,        +0.00000000000000000e+00,        +0.00000000000000000e+00,        +0.00000000000000000e+00,        +0.00000000000000000e+00,        +0.00000000000000000e+00,        +0.00000000000000000e+00,        +0.00000000000000000e+00,        +0.00000000000000000e+00,        +0.00000000000000000e+00,        +0.00000000000000000e+00,        +0.00000000000000000e+00,        +0.00000000000000000e+00
        +0.00000000000000000e+00,        +0.00000000000000000e+00,        +0.00000000000000000e+00,        +0.00000000000000000e+00,        +0.00000000000000000e+00,        +0.00000000000000000e+00,        +0.00000000000000000e+00,        +0.00000000000000000e+00,        +0.00000000000000000e+00,        +0.00000000000000000e+00,        +0.00000000000000000e+00,        +0.00000000000000000e+00,        +0.00000000000000000e+00,        +0.00000000000000000e+00,        +0.00000000000000000e+00,        +0.00000000000000000e+00,        +0.00000000000000000e+00,        +0.00000000000000000e+00,        +0.00000000000000000e+00,        +0.00000000000000000e+00,        +0.00000000000000000e+00,        +0.00000000000000000e+00,        +0.00000000000000000e+00,        +0.00000000000000000e+00,        +0.00000000000000000e+00,        +0.00000000000000000e+00,        +0.00000000000000000e+00,        +0.00000000000000000e+00,        +0.00000000000000000e+00,        +0.00000000000000000e+00,        +0.00000000000000000e+00,        +0.00000000000000000e+00,        +0.00000000000000000e+00,        +0.00000000000000000e+00,        +0.00000000000000000e+00,        +0.00000000000000000e+00,        +0.00000000000000000e+00,        +0.00000000000000000e+00,        +0.00000000000000000e+00,        +0.00000000000000000e+00,        +0.00000000000000000e+00,        +0.00000000000000000e+00,        +0.00000000000000000e+00,        +0.00000000000000000e+00,        +0.00000000000000000e+00,        +0.00000000000000000e+00,        +0.00000000000000000e+00,        +0.00000000000000000e+00,        +0.00000000000000000e+00,        +0.00000000000000000e+00,        +0.00000000000000000e+00,        +0.00000000000000000e+00,        +0.00000000000000000e+00,        +0.00000000000000000e+00,        +0.00000000000000000e+00,        +0.00000000000000000e+00,        +0.00000000000000000e+00,        +0.00000000000000000e+00,        +0.00000000000000000e+00,        +0.00000000000000000e+00,        +0.00000000000000000e+00,        +0.00000000000000000e+00,        +0.00000000000000000e+00,        +0.00000000000000000e+00,        +0.00000000000000000e+00,        +0.00000000000000000e+00,        +0.00000000000000000e+00,        +0.00000000000000000e+00,        +0.00000000000000000e+00,        +0.00000000000000000e+00,        +0.00000000000000000e+00,        +0.00000000000000000e+00,        +0.00000000000000000e+00,        +0.00000000000000000e+00,        +0.00000000000000000e+00,        +0.00000000000000000e+00,        +0.00000000000000000e+00,        +0.00000000000000000e+00,        +0.00000000000000000e+00,        +0.00000000000000000e+00,        +0.00000000000000000e+00,        +0.00000000000000000e+00,        +0.00000000000000000e+00,        +0.00000000000000000e+00,        +0.00000000000000000e+00,        +0.00000000000000000e+00,        +0.00000000000000000e+00,        +0.00000000000000000e+00,        +0.00000000000000000e+00,        +0.00000000000000000e+00,        +0.00000000000000000e+00,        +0.00000000000000000e+00,        +0.00000000000000000e+00,        +0.00000000000000000e+00,        +0.00000000000000000e+00,        +0.00000000000000000e+00,        +0.00000000000000000e+00,        +0.00000000000000000e+00,        +0.00000000000000000e+00,        +0.00000000000000000e+00,        +0.00000000000000000e+00,        +0.00000000000000000e+00,        +0.00000000000000000e+00,        +0.00000000000000000e+00,        +0.00000000000000000e+00,        +0.00000000000000000e+00,        +0.00000000000000000e+00,        +0.00000000000000000e+00
        +0.00000000000000000e+00,        +0.00000000000000000e+00,        +0.00000000000000000e+00,        +0.00000000000000000e+00,        +0.00000000000000000e+00,        +0.00000000000000000e+00,        +0.00000000000000000e+00,        +0.00000000000000000e+00,        +0.00000000000000000e+00,        +0.00000000000000000e+00,        +0.00000000000000000e+00,        +0.00000000000000000e+00,        +0.00000000000000000e+00,        +0.00000000000000000e+00,        +0.00000000000000000e+00,        +0.00000000000000000e+00,        +0.00000000000000000e+00,        +0.00000000000000000e+00,        +0.00000000000000000e+00,        +0.00000000000000000e+00,        +0.00000000000000000e+00,        +0.00000000000000000e+00,        +0.00000000000000000e+00,        +0.00000000000000000e+00,        +0.00000000000000000e+00,        +0.00000000000000000e+00,        +0.00000000000000000e+00,        +0.00000000000000000e+00,        +0.00000000000000000e+00,        +0.00000000000000000e+00,        +0.00000000000000000e+00,        +0.00000000000000000e+00,        +0.00000000000000000e+00,        +0.00000000000000000e+00,        +0.00000000000000000e+00,        +0.00000000000000000e+00,        +0.00000000000000000e+00,        +0.00000000000000000e+00,        +0.00000000000000000e+00,        +0.00000000000000000e+00,        +0.00000000000000000e+00,        +0.00000000000000000e+00,        +0.00000000000000000e+00,        +0.00000000000000000e+00,        +0.00000000000000000e+00,        +0.00000000000000000e+00,        +0.00000000000000000e+00,        +0.00000000000000000e+00,        +0.00000000000000000e+00,        +0.00000000000000000e+00,        +0.00000000000000000e+00,        +0.00000000000000000e+00,        +0.00000000000000000e+00,        +0.00000000000000000e+00,        +0.00000000000000000e+00,        +0.00000000000000000e+00,        +0.00000000000000000e+00,        +0.00000000000000000e+00,        +0.00000000000000000e+00,        +0.00000000000000000e+00,        +0.00000000000000000e+00,        +0.00000000000000000e+00,        +0.00000000000000000e+00,        +0.00000000000000000e+00,        +0.00000000000000000e+00,        +0.00000000000000000e+00,        +0.00000000000000000e+00,        +0.00000000000000000e+00,        +0.00000000000000000e+00,        +0.00000000000000000e+00,        +0.00000000000000000e+00,        +0.00000000000000000e+00,        +0.00000000000000000e+00,        +0.00000000000000000e+00,        +0.00000000000000000e+00,        +0.00000000000000000e+00,        +0.00000000000000000e+00,        +0.00000000000000000e+00,        +0.00000000000000000e+00,        +0.00000000000000000e+00,        +0.00000000000000000e+00,        +0.00000000000000000e+00,        +0.00000000000000000e+00,        +0.00000000000000000e+00,        +0.00000000000000000e+00,        +0.00000000000000000e+00,        +0.00000000000000000e+00,        +0.00000000000000000e+00,        +0.00000000000000000e+00,        +0.00000000000000000e+00,        +0.00000000000000000e+00,        +0.00000000000000000e+00,        +0.00000000000000000e+00,        +0.00000000000000000e+00,        +0.00000000000000000e+00,        +0.00000000000000000e+00,        +0.00000000000000000e+00,        +0.00000000000000000e+00,        +0.00000000000000000e+00,        +0.00000000000000000e+00,        +0.00000000000000000e+00,        +0.00000000000000000e+00,        +0.00000000000000000e+00,        +0.00000000000000000e+00,        +0.00000000000000000e+00,        +0.00000000000000000e+00,        +0.00000000000000000e+00,        +0.00000000000000000e+00
        +0.00000000000000000e+00,        +0.00000000000000000e+00,        +0.00000000000000000e+00,        +0.00000000000000000e+00,        +0.00000000000000000e+00,        +0.00000000000000000e+00,        +0.00000000000000000e+00,        +0.00000000000000000e+00,        +0.00000000000000000e+00,        +0.00000000000000000e+00,        +0.00000000000000000e+00,        +0.00000000000000000e+00,        +0.00000000000000000e+00,        +0.00000000000000000e+00,        +0.00000000000000000e+00,        +0.00000000000000000e+00,        +0.00000000000000000e+00,        +0.00000000000000000e+00,        +0.00000000000000000e+00,        +0.00000000000000000e+00,        +0.00000000000000000e+00,        +0.00000000000000000e+00,        +0.00000000000000000e+00,        +0.00000000000000000e+00,        +0.00000000000000000e+00,        +0.00000000000000000e+00,        +0.00000000000000000e+00,        +0.00000000000000000e+00,        +0.00000000000000000e+00,        +0.00000000000000000e+00,        +0.00000000000000000e+00,        +0.00000000000000000e+00,        +0.00000000000000000e+00,        +0.00000000000000000e+00,        +0.00000000000000000e+00,        +0.00000000000000000e+00,        +0.00000000000000000e+00,        +0.00000000000000000e+00,        +0.00000000000000000e+00,        +0.00000000000000000e+00,        +0.00000000000000000e+00,        +0.00000000000000000e+00,        +0.00000000000000000e+00,        +0.00000000000000000e+00,        +0.00000000000000000e+00,        +0.00000000000000000e+00,        +0.00000000000000000e+00,        +0.00000000000000000e+00,        +0.00000000000000000e+00,        +0.00000000000000000e+00,        +0.00000000000000000e+00,        +0.00000000000000000e+00,        +0.00000000000000000e+00,        +0.00000000000000000e+00,        +0.00000000000000000e+00,        +0.00000000000000000e+00,        +0.00000000000000000e+00,        +0.00000000000000000e+00,        +0.00000000000000000e+00,        +0.00000000000000000e+00,        +0.00000000000000000e+00,        +0.00000000000000000e+00,        +0.00000000000000000e+00,        +0.00000000000000000e+00,        +0.00000000000000000e+00,        +0.00000000000000000e+00,        +0.00000000000000000e+00,        +0.00000000000000000e+00,        +0.00000000000000000e+00,        +0.00000000000000000e+00,        +0.00000000000000000e+00,        +0.00000000000000000e+00,        +0.00000000000000000e+00,        +0.00000000000000000e+00,        +0.00000000000000000e+00,        +0.00000000000000000e+00,        +0.00000000000000000e+00,        +0.00000000000000000e+00,        +0.00000000000000000e+00,        +0.00000000000000000e+00,        +0.00000000000000000e+00,        +0.00000000000000000e+00,        +0.00000000000000000e+00,        +0.00000000000000000e+00,        +0.00000000000000000e+00,        +0.00000000000000000e+00,        +0.00000000000000000e+00,        +0.00000000000000000e+00,        +0.00000000000000000e+00,        +0.00000000000000000e+00,        +0.00000000000000000e+00,        +0.00000000000000000e+00,        +0.00000000000000000e+00,        +0.00000000000000000e+00,        +0.00000000000000000e+00,        +0.00000000000000000e+00,        +0.00000000000000000e+00,        +0.00000000000000000e+00,        +0.00000000000000000e+00,        +0.00000000000000000e+00,        +0.00000000000000000e+00,        +0.00000000000000000e+00,        +0.00000000000000000e+00,        +0.00000000000000000e+00,        +0.00000000000000000e+00,        +0.00000000000000000e+00,        +0.00000000000000000e+00,        +0.00000000000000000e+00
        +0.00000000000000000e+00,        +0.00000000000000000e+00,        +0.00000000000000000e+00,        +0.00000000000000000e+00,        +0.00000000000000000e+00,        +0.00000000000000000e+00,        +0.00000000000000000e+00,        +0.00000000000000000e+00,        +0.00000000000000000e+00,        +0.00000000000000000e+00,        +0.00000000000000000e+00,        +0.00000000000000000e+00,        +0.00000000000000000e+00,        +0.00000000000000000e+00,        +0.00000000000000000e+00,        +0.00000000000000000e+00,        +0.00000000000000000e+00,        +0.00000000000000000e+00,        +0.00000000000000000e+00,        +0.00000000000000000e+00,        +0.00000000000000000e+00,        +0.00000000000000000e+00,        +0.00000000000000000e+00,        +0.00000000000000000e+00,        +0.00000000000000000e+00,        +0.00000000000000000e+00,        +0.00000000000000000e+00,        +0.00000000000000000e+00,        +0.00000000000000000e+00,        +0.00000000000000000e+00,        +0.00000000000000000e+00,        +0.00000000000000000e+00,        +0.00000000000000000e+00,        +0.00000000000000000e+00,        +0.00000000000000000e+00,        +0.00000000000000000e+00,        +0.00000000000000000e+00,        +0.00000000000000000e+00,        +0.00000000000000000e+00,        +0.00000000000000000e+00,        +0.00000000000000000e+00,        +0.00000000000000000e+00,        +0.00000000000000000e+00,        +0.00000000000000000e+00,        +0.00000000000000000e+00,        +0.00000000000000000e+00,        +0.00000000000000000e+00,        +0.00000000000000000e+00,        +0.00000000000000000e+00,        +0.00000000000000000e+00,        +0.00000000000000000e+00,        +0.00000000000000000e+00,        +0.00000000000000000e+00,        +0.00000000000000000e+00,        +0.00000000000000000e+00,        +0.00000000000000000e+00,        +0.00000000000000000e+00,        +0.00000000000000000e+00,        +0.00000000000000000e+00,        +0.00000000000000000e+00,        +0.00000000000000000e+00,        +0.00000000000000000e+00,        +0.00000000000000000e+00,        +0.00000000000000000e+00,        +0.00000000000000000e+00,        +0.00000000000000000e+00,        +0.00000000000000000e+00,        +0.00000000000000000e+00,        +0.00000000000000000e+00,        +0.00000000000000000e+00,        +0.00000000000000000e+00,        +0.00000000000000000e+00,        +0.00000000000000000e+00,        +0.00000000000000000e+00,        +0.00000000000000000e+00,        +0.00000000000000000e+00,        +0.00000000000000000e+00,        +0.00000000000000000e+00,        +0.00000000000000000e+00,        +0.00000000000000000e+00,        +0.00000000000000000e+00,        +0.00000000000000000e+00,        +0.00000000000000000e+00,        +0.00000000000000000e+00,        +0.00000000000000000e+00,        +0.00000000000000000e+00,        +0.00000000000000000e+00,        +0.00000000000000000e+00,        +0.00000000000000000e+00,        +0.00000000000000000e+00,        +0.00000000000000000e+00,        +0.00000000000000000e+00,        +0.00000000000000000e+00,        +0.00000000000000000e+00,        +0.00000000000000000e+00,        +0.00000000000000000e+00,        +0.00000000000000000e+00,        +0.00000000000000000e+00,        +0.00000000000000000e+00,        +0.00000000000000000e+00,        +0.00000000000000000e+00,        +0.00000000000000000e+00,        +0.00000000000000000e+00,        +0.00000000000000000e+00,        +0.00000000000000000e+00,        +0.00000000000000000e+00,        +0.00000000000000000e+00,        +0.00000000000000000e+00
        +0.00000000000000000e+00,        +0.00000000000000000e+00,        +0.00000000000000000e+00,        +0.00000000000000000e+00,        +0.00000000000000000e+00,        +0.00000000000000000e+00,        +0.00000000000000000e+00,        +0.00000000000000000e+00,        +0.00000000000000000e+00,        +0.00000000000000000e+00,        +0.00000000000000000e+00,        +0.00000000000000000e+00,        +0.00000000000000000e+00,        +0.00000000000000000e+00,        +0.00000000000000000e+00,        +0.00000000000000000e+00,        +0.00000000000000000e+00,        +0.00000000000000000e+00,        +0.00000000000000000e+00,        +0.00000000000000000e+00,        +0.00000000000000000e+00,        +0.00000000000000000e+00,        +0.00000000000000000e+00,        +0.00000000000000000e+00,        +0.00000000000000000e+00,        +0.00000000000000000e+00,        +0.00000000000000000e+00,        +0.00000000000000000e+00,        +0.00000000000000000e+00,        +0.00000000000000000e+00,        +0.00000000000000000e+00,        +0.00000000000000000e+00,        +0.00000000000000000e+00,        +0.00000000000000000e+00,        +0.00000000000000000e+00,        +0.00000000000000000e+00,        +0.00000000000000000e+00,        +0.00000000000000000e+00,        +0.00000000000000000e+00,        +0.00000000000000000e+00,        +0.00000000000000000e+00,        +0.00000000000000000e+00,        +0.00000000000000000e+00,        +0.00000000000000000e+00,        +0.00000000000000000e+00,        +0.00000000000000000e+00,        +0.00000000000000000e+00,        +0.00000000000000000e+00,        +0.00000000000000000e+00,        +0.00000000000000000e+00,        +0.00000000000000000e+00,        +0.00000000000000000e+00,        +0.00000000000000000e+00,        +0.00000000000000000e+00,        +0.00000000000000000e+00,        +0.00000000000000000e+00,        +0.00000000000000000e+00,        +0.00000000000000000e+00,        +0.00000000000000000e+00,        +0.00000000000000000e+00,        +0.00000000000000000e+00,        +0.00000000000000000e+00,        +0.00000000000000000e+00,        +0.00000000000000000e+00,        +0.00000000000000000e+00,        +0.00000000000000000e+00,        +0.00000000000000000e+00,        +0.00000000000000000e+00,        +0.00000000000000000e+00,        +0.00000000000000000e+00,        +0.00000000000000000e+00,        +0.00000000000000000e+00,        +0.00000000000000000e+00,        +0.00000000000000000e+00,        +0.00000000000000000e+00,        +0.00000000000000000e+00,        +0.00000000000000000e+00,        +0.00000000000000000e+00,        +0.00000000000000000e+00,        +0.00000000000000000e+00,        +0.00000000000000000e+00,        +0.00000000000000000e+00,        +0.00000000000000000e+00,        +0.00000000000000000e+00,        +0.00000000000000000e+00,        +0.00000000000000000e+00,        +0.00000000000000000e+00,        +0.00000000000000000e+00,        +0.00000000000000000e+00,        +0.00000000000000000e+00,        +0.00000000000000000e+00,        +0.00000000000000000e+00,        +0.00000000000000000e+00,        +0.00000000000000000e+00,        +0.00000000000000000e+00,        +0.00000000000000000e+00,        +0.00000000000000000e+00,        +0.00000000000000000e+00,        +0.00000000000000000e+00,        +0.00000000000000000e+00,        +0.00000000000000000e+00,        +0.00000000000000000e+00,        +0.00000000000000000e+00,        +0.00000000000000000e+00,        +0.00000000000000000e+00,        +0.00000000000000000e+00,        +0.00000000000000000e+00,        +0.00000000000000000e+00
        +0.00000000000000000e+00,        +0.00000000000000000e+00,        +0.00000000000000000e+00,        +0.00000000000000000e+00,        +0.00000000000000000e+00,        +0.00000000000000000e+00,        +0.00000000000000000e+00,        +0.00000000000000000e+00,        +0.00000000000000000e+00,        +0.00000000000000000e+00,        +0.00000000000000000e+00,        +0.00000000000000000e+00,        +0.00000000000000000e+00,        +0.00000000000000000e+00,        +0.00000000000000000e+00,        +0.00000000000000000e+00,        +0.00000000000000000e+00,        +0.00000000000000000e+00,        +0.00000000000000000e+00,        +0.00000000000000000e+00,        +0.00000000000000000e+00,        +0.00000000000000000e+00,        +0.00000000000000000e+00,        +0.00000000000000000e+00,        +0.00000000000000000e+00,        +0.00000000000000000e+00,        +0.00000000000000000e+00,        +0.00000000000000000e+00,        +0.00000000000000000e+00,        +0.00000000000000000e+00,        +0.00000000000000000e+00,        +0.00000000000000000e+00,        +0.00000000000000000e+00,        +0.00000000000000000e+00,        +0.00000000000000000e+00,        +0.00000000000000000e+00,        +0.00000000000000000e+00,        +0.00000000000000000e+00,        +0.00000000000000000e+00,        +0.00000000000000000e+00,        +0.00000000000000000e+00,        +0.00000000000000000e+00,        +0.00000000000000000e+00,        +0.00000000000000000e+00,        +0.00000000000000000e+00,        +0.00000000000000000e+00,        +0.00000000000000000e+00,        +0.00000000000000000e+00,        +0.00000000000000000e+00,        +0.00000000000000000e+00,        +0.00000000000000000e+00,        +0.00000000000000000e+00,        +0.00000000000000000e+00,        +0.00000000000000000e+00,        +0.00000000000000000e+00,        +0.00000000000000000e+00,        +0.00000000000000000e+00,        +0.00000000000000000e+00,        +0.00000000000000000e+00,        +0.00000000000000000e+00,        +0.00000000000000000e+00,        +0.00000000000000000e+00,        +0.00000000000000000e+00,        +0.00000000000000000e+00,        +0.00000000000000000e+00,        +0.00000000000000000e+00,        +0.00000000000000000e+00,        +0.00000000000000000e+00,        +0.00000000000000000e+00,        +0.00000000000000000e+00,        +0.00000000000000000e+00,        +0.00000000000000000e+00,        +0.00000000000000000e+00,        +0.00000000000000000e+00,        +0.00000000000000000e+00,        +0.00000000000000000e+00,        +0.00000000000000000e+00,        +0.00000000000000000e+00,        +0.00000000000000000e+00,        +0.00000000000000000e+00,        +0.00000000000000000e+00,        +0.00000000000000000e+00,        +0.00000000000000000e+00,        +0.00000000000000000e+00,        +0.00000000000000000e+00,        +0.00000000000000000e+00,        +0.00000000000000000e+00,        +0.00000000000000000e+00,        +0.00000000000000000e+00,        +0.00000000000000000e+00,        +0.00000000000000000e+00,        +0.00000000000000000e+00,        +0.00000000000000000e+00,        +0.00000000000000000e+00,        +0.00000000000000000e+00,        +0.00000000000000000e+00,        +0.00000000000000000e+00,        +0.00000000000000000e+00,        +0.00000000000000000e+00,        +0.00000000000000000e+00,        +0.00000000000000000e+00,        +0.00000000000000000e+00,        +0.00000000000000000e+00,        +0.00000000000000000e+00,        +0.00000000000000000e+00,        +0.00000000000000000e+00,        +0.00000000000000000e+00,        +0.00000000000000000e+00
        +0.00000000000000000e+00,        +0.00000000000000000e+00,        +0.00000000000000000e+00,        +0.00000000000000000e+00,        +0.00000000000000000e+00,        +0.00000000000000000e+00,        +0.00000000000000000e+00,        +0.00000000000000000e+00,        +0.00000000000000000e+00,        +0.00000000000000000e+00,        +0.00000000000000000e+00,        +0.00000000000000000e+00,        +0.00000000000000000e+00,        +0.00000000000000000e+00,        +0.00000000000000000e+00,        +0.00000000000000000e+00,        +0.00000000000000000e+00,        +0.00000000000000000e+00,        +0.00000000000000000e+00,        +0.00000000000000000e+00,        +0.00000000000000000e+00,        +0.00000000000000000e+00,        +0.00000000000000000e+00,        +0.00000000000000000e+00,        +0.00000000000000000e+00,        +0.00000000000000000e+00,        +0.00000000000000000e+00,        +0.00000000000000000e+00,        +0.00000000000000000e+00,        +0.00000000000000000e+00,        +0.00000000000000000e+00,        +0.00000000000000000e+00,        +0.00000000000000000e+00,        +0.00000000000000000e+00,        +0.00000000000000000e+00,        +0.00000000000000000e+00,        +0.00000000000000000e+00,        +0.00000000000000000e+00,        +0.00000000000000000e+00,        +0.00000000000000000e+00,        +0.00000000000000000e+00,        +0.00000000000000000e+00,        +0.00000000000000000e+00,        +0.00000000000000000e+00,        +0.00000000000000000e+00,        +0.00000000000000000e+00,        +0.00000000000000000e+00,        +0.00000000000000000e+00,        +0.00000000000000000e+00,        +0.00000000000000000e+00,        +0.00000000000000000e+00,        +0.00000000000000000e+00,        +0.00000000000000000e+00,        +0.00000000000000000e+00,        +0.00000000000000000e+00,        +0.00000000000000000e+00,        +0.00000000000000000e+00,        +0.00000000000000000e+00,        +0.00000000000000000e+00,        +0.00000000000000000e+00,        +0.00000000000000000e+00,        +0.00000000000000000e+00,        +0.00000000000000000e+00,        +0.00000000000000000e+00,        +0.00000000000000000e+00,        +0.00000000000000000e+00,        +0.00000000000000000e+00,        +0.00000000000000000e+00,        +0.00000000000000000e+00,        +0.00000000000000000e+00,        +0.00000000000000000e+00,        +0.00000000000000000e+00,        +0.00000000000000000e+00,        +0.00000000000000000e+00,        +0.00000000000000000e+00,        +0.00000000000000000e+00,        +0.00000000000000000e+00,        +0.00000000000000000e+00,        +0.00000000000000000e+00,        +0.00000000000000000e+00,        +0.00000000000000000e+00,        +0.00000000000000000e+00,        +0.00000000000000000e+00,        +0.00000000000000000e+00,        +0.00000000000000000e+00,        +0.00000000000000000e+00,        +0.00000000000000000e+00,        +0.00000000000000000e+00,        +0.00000000000000000e+00,        +0.00000000000000000e+00,        +0.00000000000000000e+00,        +0.00000000000000000e+00,        +0.00000000000000000e+00,        +0.00000000000000000e+00,        +0.00000000000000000e+00,        +0.00000000000000000e+00,        +0.00000000000000000e+00,        +0.00000000000000000e+00,        +0.00000000000000000e+00,        +0.00000000000000000e+00,        +0.00000000000000000e+00,        +0.00000000000000000e+00,        +0.00000000000000000e+00,        +0.00000000000000000e+00,        +0.00000000000000000e+00,        +0.00000000000000000e+00,        +0.00000000000000000e+00,        +0.00000000000000000e+00
        +0.00000000000000000e+00,        +0.00000000000000000e+00,        +0.00000000000000000e+00,        +0.00000000000000000e+00,        +0.00000000000000000e+00,        +0.00000000000000000e+00,        +0.00000000000000000e+00,        +0.00000000000000000e+00,        +0.00000000000000000e+00,        +0.00000000000000000e+00,        +0.00000000000000000e+00,        +0.00000000000000000e+00,        +0.00000000000000000e+00,        +0.00000000000000000e+00,        +0.00000000000000000e+00,        +0.00000000000000000e+00,        +0.00000000000000000e+00,        +0.00000000000000000e+00,        +0.00000000000000000e+00,        +0.00000000000000000e+00,        +0.00000000000000000e+00,        +0.00000000000000000e+00,        +0.00000000000000000e+00,        +0.00000000000000000e+00,        +0.00000000000000000e+00,        +0.00000000000000000e+00,        +0.00000000000000000e+00,        +0.00000000000000000e+00,        +0.00000000000000000e+00,        +0.00000000000000000e+00,        +0.00000000000000000e+00,        +0.00000000000000000e+00,        +0.00000000000000000e+00,        +0.00000000000000000e+00,        +0.00000000000000000e+00,        +0.00000000000000000e+00,        +0.00000000000000000e+00,        +0.00000000000000000e+00,        +0.00000000000000000e+00,        +0.00000000000000000e+00,        +0.00000000000000000e+00,        +0.00000000000000000e+00,        +0.00000000000000000e+00,        +0.00000000000000000e+00,        +0.00000000000000000e+00,        +0.00000000000000000e+00,        +0.00000000000000000e+00,        +0.00000000000000000e+00,        +0.00000000000000000e+00,        +0.00000000000000000e+00,        +0.00000000000000000e+00,        +0.00000000000000000e+00,        +0.00000000000000000e+00,        +0.00000000000000000e+00,        +0.00000000000000000e+00,        +0.00000000000000000e+00,        +0.00000000000000000e+00,        +0.00000000000000000e+00,        +0.00000000000000000e+00,        +0.00000000000000000e+00,        +0.00000000000000000e+00,        +0.00000000000000000e+00,        +0.00000000000000000e+00,        +0.00000000000000000e+00,        +0.00000000000000000e+00,        +0.00000000000000000e+00,        +0.00000000000000000e+00,        +0.00000000000000000e+00,        +0.00000000000000000e+00,        +0.00000000000000000e+00,        +0.00000000000000000e+00,        +0.00000000000000000e+00,        +0.00000000000000000e+00,        +0.00000000000000000e+00,        +0.00000000000000000e+00,        +0.00000000000000000e+00,        +0.00000000000000000e+00,        +0.00000000000000000e+00,        +0.00000000000000000e+00,        +0.00000000000000000e+00,        +0.00000000000000000e+00,        +0.00000000000000000e+00,        +0.00000000000000000e+00,        +0.00000000000000000e+00,        +0.00000000000000000e+00,        +0.00000000000000000e+00,        +0.00000000000000000e+00,        +0.00000000000000000e+00,        +0.00000000000000000e+00,        +0.00000000000000000e+00,        +0.00000000000000000e+00,        +0.00000000000000000e+00,        +0.00000000000000000e+00,        +0.00000000000000000e+00,        +0.00000000000000000e+00,        +0.00000000000000000e+00,        +0.00000000000000000e+00,        +0.00000000000000000e+00,        +0.00000000000000000e+00,        +0.00000000000000000e+00,        +0.00000000000000000e+00,        +0.00000000000000000e+00,        +0.00000000000000000e+00,        +0.00000000000000000e+00,        +0.00000000000000000e+00,        +0.00000000000000000e+00,        +0.00000000000000000e+00,        +0.00000000000000000e+00
        +0.00000000000000000e+00,        +0.00000000000000000e+00,        +0.00000000000000000e+00,        +0.00000000000000000e+00,        +0.00000000000000000e+00,        +0.00000000000000000e+00,        +0.00000000000000000e+00,        +0.00000000000000000e+00,        +0.00000000000000000e+00,        +0.00000000000000000e+00,        +0.00000000000000000e+00,        +0.00000000000000000e+00,        +0.00000000000000000e+00,        +0.00000000000000000e+00,        +0.00000000000000000e+00,        +0.00000000000000000e+00,        +0.00000000000000000e+00,        +0.00000000000000000e+00,        +0.00000000000000000e+00,        +0.00000000000000000e+00,        +0.00000000000000000e+00,        +0.00000000000000000e+00,        +0.00000000000000000e+00,        +0.00000000000000000e+00,        +0.00000000000000000e+00,        +0.00000000000000000e+00,        +0.00000000000000000e+00,        +0.00000000000000000e+00,        +0.00000000000000000e+00,        +0.00000000000000000e+00,        +0.00000000000000000e+00,        +0.00000000000000000e+00,        +0.00000000000000000e+00,        +0.00000000000000000e+00,        +0.00000000000000000e+00,        +0.00000000000000000e+00,        +0.00000000000000000e+00,        +0.00000000000000000e+00,        +0.00000000000000000e+00,        +0.00000000000000000e+00,        +0.00000000000000000e+00,        +0.00000000000000000e+00,        +0.00000000000000000e+00,        +0.00000000000000000e+00,        +0.00000000000000000e+00,        +0.00000000000000000e+00,        +0.00000000000000000e+00,        +0.00000000000000000e+00,        +0.00000000000000000e+00,        +0.00000000000000000e+00,        +0.00000000000000000e+00,        +0.00000000000000000e+00,        +0.00000000000000000e+00,        +0.00000000000000000e+00,        +0.00000000000000000e+00,        +0.00000000000000000e+00,        +0.00000000000000000e+00,        +0.00000000000000000e+00,        +0.00000000000000000e+00,        +0.00000000000000000e+00,        +0.00000000000000000e+00,        +0.00000000000000000e+00,        +0.00000000000000000e+00,        +0.00000000000000000e+00,        +0.00000000000000000e+00,        +0.00000000000000000e+00,        +0.00000000000000000e+00,        +0.00000000000000000e+00,        +0.00000000000000000e+00,        +0.00000000000000000e+00,        +0.00000000000000000e+00,        +0.00000000000000000e+00,        +0.00000000000000000e+00,        +0.00000000000000000e+00,        +0.00000000000000000e+00,        +0.00000000000000000e+00,        +0.00000000000000000e+00,        +0.00000000000000000e+00,        +0.00000000000000000e+00,        +0.00000000000000000e+00,        +0.00000000000000000e+00,        +0.00000000000000000e+00,        +0.00000000000000000e+00,        +0.00000000000000000e+00,        +0.00000000000000000e+00,        +0.00000000000000000e+00,        +0.00000000000000000e+00,        +0.00000000000000000e+00,        +0.00000000000000000e+00,        +0.00000000000000000e+00,        +0.00000000000000000e+00,        +0.00000000000000000e+00,        +0.00000000000000000e+00,        +0.00000000000000000e+00,        +0.00000000000000000e+00,        +0.00000000000000000e+00,        +0.00000000000000000e+00,        +0.00000000000000000e+00,        +0.00000000000000000e+00,        +0.00000000000000000e+00,        +0.00000000000000000e+00,        +0.00000000000000000e+00,        +0.00000000000000000e+00,        +0.00000000000000000e+00,        +0.00000000000000000e+00,        +0.00000000000000000e+00,        +0.00000000000000000e+00,        +0.00000000000000000e+00
