                       port_1_re,                       port_2_re,                 sample_e1_s0_re,                 sample_e1_s0_im,                 sample_e1_s1_re,                 sample_e1_s1_im,                 sample_e1_s2_re,                 sample_e1_s2_im,                 sample_e1_s3_re,                 sample_e1_s3_im,                 sample_e1_s4_re,                 sample_e1_s4_im,                 sample_e1_s5_re,                 sample_e1_s5_im,                 sample_e2_s0_re,                 sample_e2_s0_im,                 sample_e2_s1_re,                 sample_e2_s1_im,                 sample_e2_s2_re,                 sample_e2_s2_im,                 sample_e2_s3_re,                 sample_e2_s3_im,                   farfield_p0d0,                   farfield_p0d1,                   farfield_p0d2,                   farfield_p0d3,                   farfield_p0d4,                   farfield_p0d5,                   farfield_p0d6,                   farfield_p0d7,                   farfield_p0d8,                   farfield_p0d9,                  farfield_p0d10,                  farfield_p0d11,                  farfield_p0d12,                  farfield_p0d13,                surfsigma_2_p0d0,                surfsigma_2_p0d1,                surfsigma_2_p0d2,                surfsigma_2_p0d3,                surfsigma_2_p0d4,                surfsigma_2_p0d5,                surfsigma_2_p0d6,                surfsigma_2_p0d7,                surfsigma_2_p0d8,                surfsigma_2_p0d9,               surfsigma_2_p0d10,               surfsigma_2_p0d11,                surfsigma_2_p1d0,                surfsigma_2_p1d1,                surfsigma_2_p1d2,                surfsigma_2_p1d3,                surfsigma_2_p1d4,                surfsigma_2_p1d5,                surfsigma_2_p1d6,                surfsigma_2_p1d7,                surfsigma_2_p1d8,                surfsigma_2_p1d9,               surfsigma_2_p1d10,               surfsigma_2_p1d11,                surfsigma_2_p2d0,                surfsigma_2_p2d1,                surfsigma_2_p2d2,                surfsigma_2_p2d3,                surfsigma_2_p2d4,                surfsigma_2_p2d5,                surfsigma_2_p2d6,                surfsigma_2_p2d7,                surfsigma_2_p2d8,                surfsigma_2_p2d9,               surfsigma_2_p2d10,               surfsigma_2_p2d11,                surfsigma_3_p0d0,                surfsigma_3_p0d1,                surfsigma_3_p0d2,                surfsigma_3_p0d3,                surfsigma_3_p0d4,                surfsigma_3_p0d5,                surfsigma_3_p0d6,                surfsigma_3_p0d7,                surfsigma_3_p0d8,                surfsigma_3_p0d9,               surfsigma_3_p0d10,               surfsigma_3_p0d11,                surfsigma_3_p1d0,                surfsigma_3_p1d1,                surfsigma_3_p1d2,                surfsigma_3_p1d3,                surfsigma_3_p1d4,                surfsigma_3_p1d5,                surfsigma_3_p1d6,                surfsigma_3_p1d7,                surfsigma_3_p1d8,                surfsigma_3_p1d9,               surfsigma_3_p1d10,               surfsigma_3_p1d11,                surfsigma_3_p2d0,                surfsigma_3_p2d1,                surfsigma_3_p2d2,                surfsigma_3_p2d3,                surfsigma_3_p2d4,                surfsigma_3_p2d5,                surfsigma_3_p2d6,                surfsigma_3_p2d7,                surfsigma_3_p2d8,                surfsigma_3_p2d9,               surfsigma_3_p2d10,               surfsigma_3_p2d11
        +6.35273731330660766e-17,        +0.00000000000000000e+00,        -1.37951897339672666e-07,        -8.45380310725005387e-07,        +7.14748191119239177e-07,        -7.55343772120231202e-07,        +1.09700697594395494e-06,        -3.54484037367988471e-06,        -8.78615895192529171e-06,        +2.66616533351740211e-05,        -5.26166354380847858e-05,        +8.75211350059178029e-06,        +5.81820632331535355e-05,        -5.68205526125346522e-05,        +3.57245658083993453e-05,        +4.46820447822938435e-05,        +2.78292925630881244e-06,        -1.78698112105403488e-05,        +1.17413019823306715e-04,        -5.04936444285354700e-05,        -7.99118595851744981e-06,        -7.03822538516299205e-05,        +0.00000000000000000e+00,        +0.00000000000000000e+00,        +0.00000000000000000e+00,        +0.00000000000000000e+00,        +0.00000000000000000e+00,        +0.00000000000000000e+00,        +0.00000000000000000e+00,        +0.00000000000000000e+00,        +0.00000000000000000e+00,        +0.00000000000000000e+00,        +0.00000000000000000e+00,        +0.00000000000000000e+00,        +0.00000000000000000e+00,        +0.00000000000000000e+00,        +0.00000000000000000e+00,        +0.00000000000000000e+00,        +0.00000000000000000e+00,        +0.00000000000000000e+00,        +0.00000000000000000e+00,        +0.00000000000000000e+00,        +0.00000000000000000e+00,        +0.00000000000000000e+00,        +0.00000000000000000e+00,        +0.00000000000000000e+00,        +0.00000000000000000e+00,        +0.00000000000000000e+00,        +0.00000000000000000e+00,        +0.00000000000000000e+00,        +0.00000000000000000e+00,        +0.00000000000000000e+00,        +0.00000000000000000e+00,        +0.00000000000000000e+00,        +0.00000000000000000e+00,        +0.00000000000000000e+00,        +0.00000000000000000e+00,        +0.00000000000000000e+00,        +0.00000000000000000e+00,        +0.00000000000000000e+00,        +0.00000000000000000e+00,        +0.00000000000000000e+00,        +0.00000000000000000e+00,        +0.00000000000000000e+00,        +0.00000000000000000e+00,        +0.00000000000000000e+00,        +0.00000000000000000e+00,        +0.00000000000000000e+00,        +0.00000000000000000e+00,        +0.00000000000000000e+00,        +0.00000000000000000e+00,        +0.00000000000000000e+00,        +0.00000000000000000e+00,        +0.00000000000000000e+00,        +0.00000000000000000e+00,        +0.00000000000000000e+00,        +0.00000000000000000e+00,        +0.00000000000000000e+00,        +0.00000000000000000e+00,        +0.00000000000000000e+00,        +0.00000000000000000e+00,        +0.00000000000000000e+00,        +0.00000000000000000e+00,        +0.00000000000000000e+00,        +0.00000000000000000e+00,        +0.00000000000000000e+00,        +0.00000000000000000e+00,        +0.00000000000000000e+00,        +0.00000000000000000e+00,        +0.00000000000000000e+00,        +0.00000000000000000e+00,        +0.00000000000000000e+00,        +0.00000000000000000e+00,        +0.00000000000000000e+00,        +0.00000000000000000e+00,        +0.00000000000000000e+00,        +0.00000000000000000e+00,        +0.00000000000000000e+00,        +0.00000000000000000e+00,        +0.00000000000000000e+00,        +0.00000000000000000e+00,        +0.00000000000000000e+00,        +0.00000000000000000e+00,        +0.00000000000000000e+00,        +0.00000000000000000e+00,        +0.00000000000000000e+00,        +0.00000000000000000e+00,        +0.00000000000000000e+00
        +0.00000000000000000e+00,        +6.57779766532997765e-17,        +1.42728716612517459e-07,        +8.24848997980547249e-07,        -1.66164694217962914e-06,        +1.88949412264380416e-07,        +3.10480190638539855e-06,        -1.93922015190887942e-06,        +1.42069083381222894e-05,        -2.49690651625636970e-05,        +5.54322021928151850e-05,        -1.27923634214945841e-05,        -7.13118331185651249e-05,        +6.59896409034901584e-05,        -3.34736069234167188e-05,        -3.42632310014289097e-05,        -9.72403263740123369e-06,        +5.99227274515186360e-06,        -1.39648111012363502e-04,        +2.41552116978548857e-05,        +2.37514055304501528e-05,        +6.09629079766727810e-05,        +0.00000000000000000e+00,        +0.00000000000000000e+00,        +0.00000000000000000e+00,        +0.00000000000000000e+00,        +0.00000000000000000e+00,        +0.00000000000000000e+00,        +0.00000000000000000e+00,        +0.00000000000000000e+00,        +0.00000000000000000e+00,        +0.00000000000000000e+00,        +0.00000000000000000e+00,        +0.00000000000000000e+00,        +0.00000000000000000e+00,        +0.00000000000000000e+00,        +0.00000000000000000e+00,        +0.00000000000000000e+00,        +0.00000000000000000e+00,        +0.00000000000000000e+00,        +0.00000000000000000e+00,        +0.00000000000000000e+00,        +0.00000000000000000e+00,        +0.00000000000000000e+00,        +0.00000000000000000e+00,        +0.00000000000000000e+00,        +0.00000000000000000e+00,        +0.00000000000000000e+00,        +0.00000000000000000e+00,        +0.00000000000000000e+00,        +0.00000000000000000e+00,        +0.00000000000000000e+00,        +0.00000000000000000e+00,        +0.00000000000000000e+00,        +0.00000000000000000e+00,        +0.00000000000000000e+00,        +0.00000000000000000e+00,        +0.00000000000000000e+00,        +0.00000000000000000e+00,        +0.00000000000000000e+00,        +0.00000000000000000e+00,        +0.00000000000000000e+00,        +0.00000000000000000e+00,        +0.00000000000000000e+00,        +0.00000000000000000e+00,        +0.00000000000000000e+00,        +0.00000000000000000e+00,        +0.00000000000000000e+00,        +0.00000000000000000e+00,        +0.00000000000000000e+00,        +0.00000000000000000e+00,        +0.00000000000000000e+00,        +0.00000000000000000e+00,        +0.00000000000000000e+00,        +0.00000000000000000e+00,        +0.00000000000000000e+00,        +0.00000000000000000e+00,        +0.00000000000000000e+00,        +0.00000000000000000e+00,        +0.00000000000000000e+00,        +0.00000000000000000e+00,        +0.00000000000000000e+00,        +0.00000000000000000e+00,        +0.00000000000000000e+00,        +0.00000000000000000e+00,        +0.00000000000000000e+00,        +0.00000000000000000e+00,        +0.00000000000000000e+00,        +0.00000000000000000e+00,        +0.00000000000000000e+00,        +0.00000000000000000e+00,        +0.00000000000000000e+00,        +0.00000000000000000e+00,        +0.00000000000000000e+00,        +0.00000000000000000e+00,        +0.00000000000000000e+00,        +0.00000000000000000e+00,        +0.00000000000000000e+00,        +0.00000000000000000e+00,        +0.00000000000000000e+00,        +0.00000000000000000e+00,        +0.00000000000000000e+00,        +0.00000000000000000e+00,        +0.00000000000000000e+00,        +0.00000000000000000e+00,        +0.00000000000000000e+00,        +0.00000000000000000e+00,        +0.00000000000000000e+00
        -1.37951897339672666e-07,        +1.42728716612517485e-07,        +1.64083954556349572e+06,        +1.01737950420500040e+07,        -1.00839811307705790e+07,        +1.49164990333704697e+06,        -2.08061817439837963e+06,        -5.22466885838551298e+07,        +2.01170655314440310e+08,        -2.20684339827205569e+08,        +5.53472149315142751e+08,        -2.18368002186659276e+08,        -6.04111747676248670e+08,        +7.23081393343250513e+08,        -4.07001816482701778e+08,        -2.67873339640155852e+08,        -1.08126875710262075e+08,        +7.97373140435214281e+08,        -6.20393747736583710e+08,        +6.01366684597255826e+08,        +3.64717611876797974e+08,        +6.91485309634971023e+08,        -4.98859041512734781e+05,        -6.07099038053611948e+04,        +2.19542971057514165e+05,        +4.13744812082786637e+05,        +2.04281259989982100e+04,        -1.36426727805679766e+04,        -1.88840487966420296e+04,        +1.85788795521354405e+04,        -1.18950077812668096e+04,        -5.46996834036477594e+03,        +1.45730502320810479e+03,        -4.97230615075612604e+03,        -7.51316422736206823e+03,        +2.41328436398395024e+03,        -3.26434139784821449e+06,        -1.46445420981563453e+05,        -4.87195798086358627e+04,        -1.14652236379375565e+05,        +6.95910897202389315e+04,        -1.21963672604614258e+05,        +3.36366245973884088e+03,        -5.28129900204900991e+02,        +1.44189670463779521e+03,        -6.84547031386690196e+03,        +1.70818604514500221e+04,        -1.67609116568064837e+03,        +2.16558313258628920e+07,        +9.71527468699272140e+05,        +3.23208535509860842e+05,        +7.60609626738608582e+05,        -4.61671350232516474e+05,        +8.09114121319948579e+05,        -2.23147330463835424e+04,        +3.50364457728631805e+03,        -9.56562688128662376e+03,        +4.54132495335882559e+04,        -1.13322059056805301e+05,        +1.11192866023986771e+04,        -1.70980401097385623e+07,        -7.67055089115635608e+05,        -2.55184500691859925e+05,        -6.00528038390223985e+05,        +3.64505760366056755e+05,        -6.38824041964277625e+05,        +1.76182661807822187e+04,        -2.76625055908919285e+03,        +7.55239868790930177e+03,        -3.58553569408132098e+04,        +8.94717492907982087e+04,        -8.77906765428298786e+03,        -3.81436621625664085e+06,        -4.04169215626281046e+05,        -4.63468198684456729e+04,        +1.78574879484017700e+05,        -2.91033141091187485e+05,        -2.71930279707284099e+04,        +2.69046084909587225e+04,        +6.64082797536844851e+02,        +4.84874369725090673e+03,        +3.75747082422582480e+03,        -1.16860228097652234e+04,        -5.70695364139713456e+03,        +2.53047280682020597e+07,        +2.68128216199402185e+06,        +3.07467507602855039e+05,        -1.18467617133776192e+06,        +1.93073084140688530e+06,        +1.80400134422750125e+05,        -1.78486742763071787e+05,        -4.40556403179670451e+03,        -3.21668486388165657e+04,        -2.49272807173059846e+04,        +7.75257572646294866e+04,        +3.78602634896222953e+04,        -1.99789723592569716e+07,        -2.11696652331002615e+06,        -2.42756405807269999e+05,        +9.35343482768720947e+05,        -1.52437987121091643e+06,        -1.42432247820415010e+05,        +1.40921557842711452e+05,        +3.47834767403832939e+03,        +2.53968577772185890e+04,        +1.96809644071342409e+04,        -6.12093106610708055e+04,        -2.98920089453106593e+04
        -8.45380310725005387e-07,        +8.24848997980547355e-07,        +1.01737950420500245e+07,        +6.44170795209024027e+07,        -6.24593050523357913e+07,        +9.62151555399069004e+06,        -1.31584240127549693e+07,        -3.23982468041629136e+08,        +1.26960369648471045e+09,        -1.39616362755996299e+09,        +3.45046637346861792e+09,        -1.33921225558968735e+09,        -3.83501726365213108e+09,        +4.54032091022833252e+09,        -2.49141423075220919e+09,        -1.63000361978691030e+09,        -7.86756500260092378e+08,        +4.91328681896108055e+09,        -4.23003823206628132e+09,        +3.48496969196308899e+09,        +2.23096289884052277e+09,        +4.18583844013372803e+09,        +2.91032247891662002e+05,        -1.81157857657774031e+05,        -1.00401246542442779e+05,        -2.15043156733878364e+05,        +2.18290296678545346e+04,        +3.42770869810867443e+04,        -6.40567427682213529e+04,        +1.56313027451521903e+04,        +3.38843694357387676e+02,        -1.00212663356462599e+04,        -2.50320027645504706e+04,        +2.45907654898315923e+03,        -8.83148268721043314e+03,        -1.80231936283279829e+04,        -2.00510934700958431e+07,        +9.07276022169642965e+05,        +1.75817855958599038e+06,        +1.10672382743662759e+06,        +4.88878865905716433e+05,        -4.62271997264326259e+05,        -2.30041780466599070e+05,        +1.53320717445419083e+05,        +6.33491786551622936e+04,        -2.57385566959164753e+04,        +2.39329840330631007e+05,        -1.03623398077344595e+05,        +1.33020124173818693e+08,        -6.01892207569252886e+06,        -1.16638591638242565e+07,        -7.34207045472619869e+06,        -3.24325092522862926e+06,        +3.06673940600237623e+06,        +1.52611059583709994e+06,        -1.01713858665240800e+06,        -4.20262147976453125e+05,        +1.70751087109131913e+05,        -1.58772812698521465e+06,        +6.87443669848671532e+05,        -1.05024064156342506e+08,        +4.75215056485397462e+06,        +9.20902683515256085e+06,        +5.79682272337947041e+06,        +2.56066061704496667e+06,        -2.42129856762056798e+06,        -1.20491796352131176e+06,        +8.03066670129446313e+05,        +3.31811739507070626e+05,        -1.34813985768660874e+05,        +1.25356717043378530e+06,        -5.42760943387155537e+05,        -2.40796729945259765e+07,        -1.51243390625308530e+04,        +1.89284724001055793e+06,        -9.55102251113596256e+05,        -6.88987984340562485e+05,        -6.54105633326253854e+05,        +3.86358285141734465e+05,        -1.21618596770509885e+04,        +1.35431107370526268e+05,        -4.62411755438846812e+04,        -7.61786002630593575e+04,        -2.66854587039375096e+05,        +1.59745955828985691e+08,        +1.00335747930418176e+05,        -1.25572590484298840e+07,        +6.33620406943407655e+06,        +4.57078649440920353e+06,        +4.33937494220043160e+06,        -2.56312340979234874e+06,        +8.06824868099399755e+04,        -8.98457869456984918e+05,        +3.06766656988781411e+05,        +5.05373279591589991e+05,        +1.77032890287360060e+06,        -1.26125047754253760e+08,        -7.92186001424053393e+04,        +9.91439745016930811e+06,        -5.00265585248114634e+06,        -3.60879661641647341e+06,        -3.42608906102481810e+06,        +2.02367603475472820e+06,        -6.37016596071422537e+04,        +7.09364071862693876e+05,        -2.42203059610116412e+05,        -3.99009969870220288e+05,        -1.39773690205153939e+06
        +7.14748191119239177e-07,        -1.66164694217962936e-06,        -1.00839811307705790e+07,        -6.24593050523357913e+07,        +7.68480456469099522e+07,        -3.74599896461165138e+06,        -5.08109433532757983e+07,        +3.45382686484851003e+08,        -1.26573726844342279e+09,        +1.38309922231509781e+09,        -3.49439878292331839e+09,        +1.31574012952314329e+09,        +3.97876523326761293e+09,        -4.56157085519510841e+09,        +2.44263039130736208e+09,        +1.60212695862139773e+09,        +7.71448976191323042e+08,        -4.41276921672726536e+09,        +4.76507266112895489e+09,        -3.18558002621118784e+09,        -2.27364298495957899e+09,        -4.08110363918134642e+09,        +2.75308723194664381e+07,        -4.06332357061044335e+08,        +2.14271396853726953e+08,        -8.66373541243970841e+07,        -3.49858506228548586e+08,        +1.33928665524415165e+08,        -2.34993565432455748e+08,        -1.99074874974292219e+07,        -5.93233644382579625e+07,        -2.79135544790432900e+07,        +1.47858221391051672e+07,        +1.16139215345545337e+07,        -4.26318083246855997e+06,        -5.70564596719436464e+05,        +1.96511332607309185e+07,        -5.05697149737987574e+06,        -1.09784638020434068e+06,        +8.88527010186927952e+06,        -7.33646656446374138e+05,        -4.34170047403169912e+05,        -5.01535836669897835e+04,        -1.29399055994990282e+06,        +1.41863255696097575e+06,        +1.23637487137994904e+05,        -7.78490478969103890e+05,        -4.14469588277534116e+05,        -1.30366764804981515e+08,        +3.35482440161263347e+07,        +7.28317695173861738e+06,        -5.89454003608971760e+07,        +4.86705473124190327e+06,        +2.88030943071786268e+06,        +3.32721800788308668e+05,        +8.58440888627818227e+06,        -9.41129116800575890e+06,        -8.20218304610814666e+05,        +5.16455126674499549e+06,        +2.74961543524666224e+06,        +1.02929143659813315e+08,        -2.64875179884681292e+07,        -5.75032423245882615e+06,        +4.65394657212522924e+07,        -3.84271080425729370e+06,        -2.27410554846986244e+06,        -2.62695558053635061e+05,        -6.77769258761679474e+06,        +7.43054521683567576e+06,        +6.47591185023171478e+05,        -4.07759477707736939e+06,        -2.17091804469577037e+06,        +2.41040004861351997e+07,        -4.66758461855331622e+06,        -1.39008193149281479e+06,        -9.18566604159026965e+06,        -9.84836314093419700e+05,        +1.10624274196297536e+06,        -1.57579487795611585e+04,        -5.09924750917537429e+05,        +1.50721387248119363e+06,        -1.99203407572947413e+05,        +8.66780617183341878e+05,        -5.27553519643947715e+05,        -1.59907345827966183e+08,        +3.09650287390935235e+07,        +9.22188465256164782e+06,        +6.09382445547857136e+07,        +6.53346157839073520e+06,        -7.33887890561996773e+06,        +1.04539151767860181e+05,        +3.38287055454189051e+06,        -9.99894478438098729e+06,        +1.32152703046945692e+06,        -5.75027319588053320e+06,        +3.49982083500993159e+06,        +1.26252470831869975e+08,        -2.44479787182278670e+07,        -7.28100211459320784e+06,        -4.81128862677483633e+07,        -5.15839759009156842e+06,        +5.79430288316602353e+06,        -8.25373352363649901e+04,        -2.67089522250451287e+06,        +7.89451840503727179e+06,        -1.04339204683799576e+06,        +4.54004283029768802e+06,        -2.76323158014411386e+06
        -7.55343772120231202e-07,        +1.88949412264380442e-07,        +1.49164990333704697e+06,        +9.62151555399069004e+06,        -3.74599896461163834e+06,        +8.70172434720331058e+06,        -3.02955353319181986e+07,        +1.80897534206882454e+07,        +1.25633862124698892e+08,        -2.75294248577550530e+08,        +5.46083319245920777e+08,        -1.47188820652731091e+08,        -5.64886941008403301e+08,        +6.35998797501482368e+08,        -3.87985481590681374e+08,        -4.51076624682902515e+08,        -4.25444799069213867e+07,        +5.14286903178647399e+08,        -8.41459132006527066e+08,        +7.30747753948400736e+08,        +1.77703326991771549e+08,        +8.26436655609838128e+08,        +9.79578426380319297e+07,        -1.46152144064227819e+08,        -3.70678808398575522e+06,        -3.95818745138699412e+07,        -6.62153874085802138e+07,        +1.41099963911940083e+07,        +5.05811190051071905e+06,        +7.92094616699632164e+06,        -2.38625327388052158e+07,        +1.26208233672812078e+07,        +3.92623359609117955e+07,        -1.56054209055110812e+06,        -6.79612251651241630e+06,        -1.17089382138312217e+07,        -2.92546599225282995e+06,        +4.64010891587298480e+05,        -4.83728117013248056e+06,        +5.07299019927921798e+06,        -3.93798330497984542e+05,        -3.56071651152192149e+05,        -6.56721145352112653e+04,        -3.22239687418074056e+05,        +6.40991306561791105e+05,        -1.30183781130844774e+06,        -3.04565408764275839e+05,        +2.36378666593970731e+05,        +1.94077121098720357e+07,        -3.07827533241516119e+06,        +3.20908055650105067e+07,        -3.36545130193072334e+07,        +2.61248110485387966e+06,        +2.36220011251161201e+06,        +4.35672640160970273e+05,        +2.13775689081558306e+06,        -4.25237373315083236e+06,        +8.63646800972168148e+06,        +2.02050469483349170e+06,        -1.56814986819875287e+06,        -1.53230709594857246e+07,        +2.43040658705149312e+06,        -2.53368190972695537e+07,        +2.65714211022053845e+07,        -2.06264567010086402e+06,        -1.86504002839720878e+06,        -3.43978864819272712e+05,        -1.68783421490647481e+06,        +3.35739854808434797e+06,        -6.81879509563511796e+06,        -1.59525948435514863e+06,        +1.23810944687782181e+06,        -4.01212762349456316e+06,        +1.67724237361623347e+06,        -4.96080580723527353e+06,        -5.23770254697062541e+06,        -8.95189148024837370e+05,        +2.14591269102870079e+05,        +2.24826382058595627e+05,        -4.36560043200589833e+05,        +4.37070314927470812e+05,        +1.44628884686628380e+06,        +2.74035119002922729e+05,        -1.86497923148949543e+05,        +2.66166887843001932e+07,        -1.11269237830227576e+07,        +3.29102752159023583e+07,        +3.47472243457767218e+07,        +5.93873704727932904e+06,        -1.42361100182655896e+06,        -1.49151133845080202e+06,        +2.89616480230753915e+06,        -2.89954997472086968e+06,        -9.59476460913642682e+06,        -1.81796497094388749e+06,        +1.23723810536473338e+06,        -2.10148114646095075e+07,        +8.78509747685922496e+06,        -2.59838191938638166e+07,        -2.74341551070656963e+07,        -4.68884166613845527e+06,        +1.12399093083191616e+06,        +1.17760063353030919e+06,        -2.28662392171149980e+06,        +2.28929663433243614e+06,        +7.57540394833943900e+06,        +1.43534725236689718e+06,        -9.76842977418242604e+05
        +1.09700697594395494e-06,        +3.10480190638539855e-06,        -2.08061817439837963e+06,        -1.31584240127549693e+07,        -5.08109433532757983e+07,        -3.02955353319181986e+07,        +2.78326595003155947e+08,        -9.53710287063079029e+07,        -8.81351792749391347e+07,        +2.53536136980741441e+08,        -3.62212022783901155e+08,        +3.02174537780106068e+08,        -2.24375366477334946e+08,        -4.40258620181474626e+08,        +7.55839070193072915e+08,        +6.35424982183736205e+08,        -2.28923919964435369e+08,        -2.59099824055659008e+09,        -2.28643138890679073e+09,        -2.57715095034172535e+09,        -7.92374455076682419e+07,        -1.54278642246935940e+09,        +3.59836309732656628e+07,        +1.70569733693792772e+09,        -8.97471249721555471e+08,        +4.44377033321036816e+08,        +1.67057506413120317e+09,        -6.24507234836825132e+08,        +1.18143484735890913e+09,        +1.37360229153472543e+08,        +2.20857905432311714e+08,        +1.22616789585490137e+08,        +4.52866920163120031e+07,        -6.07838763462700546e+07,        -1.02148212666052226e+07,        -2.34006043797487393e+06,        +5.35696055575904902e+06,        +2.27847813046678826e+07,        +7.78365764809685946e+06,        -3.81585620590247735e+07,        +3.24996428823223803e+06,        +1.92169366843920597e+06,        +7.24525974364496069e+05,        +4.28085099819032848e+06,        -5.93198714317930304e+06,        +6.22834964547400828e+05,        +2.29719078556687059e+06,        +1.20448744818467018e+06,        -3.55383889354494810e+07,        -1.51155568794310570e+08,        -5.16372390573364794e+07,        +2.53146127464617550e+08,        -2.15604527416859232e+07,        -1.27486279379756190e+07,        -4.80654759406802431e+06,        -2.83994153335404731e+07,        +3.93531488724058643e+07,        -4.13192350070348475e+06,        -1.52396977253528610e+07,        -7.99064001982157025e+06,        +2.80588073628058992e+07,        +1.19342635208324850e+08,        +4.07694154647428766e+07,        -1.99867766602239013e+08,        +1.70227353646410890e+07,        +1.00654899157493003e+07,        +3.79493829242169904e+06,        +2.24223367442880385e+07,        -3.10706944351441413e+07,        +3.26229885532157216e+06,        +1.20322770826712735e+07,        +6.30889119450358674e+06,        +2.89700346867429698e+06,        +2.36937560180789344e+07,        +9.65068684617000259e+06,        +3.89241556250514016e+07,        +5.69310239246840682e+06,        -3.87501992373409308e+06,        -1.05854375761944655e+05,        +2.38586788712269953e+06,        -5.83200606943129096e+06,        -3.17085071971799887e+05,        -2.14481529463836830e+06,        +1.21142064281225577e+06,        -1.92188900675049536e+07,        -1.57185760086826742e+08,        -6.40232197089267299e+07,        -2.58225119858295262e+08,        -3.77683734959314317e+07,        +2.57071083030897900e+07,        +7.02244105998306535e+05,        -1.58279867918779887e+07,        +3.86898685947079360e+07,        +2.10356087114442280e+06,        +1.42288298265729211e+07,        -8.03663523757157382e+06,        +1.51739893192838337e+07,        +1.24103683216013342e+08,        +5.05485825995745212e+07,        +2.03877809641337126e+08,        +2.98194585650380887e+07,        -2.02966656997689158e+07,        -5.54446408014221815e+05,        +1.24967519811045025e+07,        -3.05470113392874710e+07,        -1.66083525526678446e+06,        -1.12341613410536814e+07,        +6.34520603580947127e+06
        -3.54484037367988471e-06,        -1.93922015190887942e-06,        -5.22466885838551298e+07,        -3.23982468041629136e+08,        +3.45382686484851003e+08,        +1.80897534206882454e+07,        -9.53710287063078880e+07,        +2.35285937010702848e+09,        -7.08688668073040867e+09,        +6.20933090466942024e+09,        -1.69563816042765770e+10,        +7.54149473414856720e+09,        +1.87547344608811417e+10,        -2.32156348386570091e+10,        +1.27776250834271488e+10,        +6.07527298442695904e+09,        +4.35742536360855484e+09,        -2.88298496861810150e+10,        +1.59615007481877193e+10,        -1.70587206361307278e+10,        -1.30927037319434147e+10,        -1.96084699543841400e+10,        +1.60247720695016885e+09,        -1.47414262451167375e+08,        -5.14106862609212995e+08,        -5.31249315829308927e+08,        +1.28364615039481735e+09,        -1.22150220526889667e+08,        +1.78329582518693238e+08,        +4.93376030955641270e+07,        +2.53508738088946581e+08,        -7.00893978840828035e+06,        -2.00836807736982703e+08,        +8.81099269119933480e+05,        +4.55945201000722647e+07,        +8.13654939252381329e+05,        +1.04312905633823335e+08,        +1.95354470418462716e+07,        -6.09828140223017633e+07,        +3.55335248704101220e+07,        -5.37969832178800926e+06,        -1.27087690139310108e+06,        -7.96004717939920374e+05,        -8.47898155362943187e+05,        +5.36365939425061340e+05,        -1.50327380631228117e+06,        +1.25687213445456093e+06,        -8.98367805326987640e+05,        -6.92017903214965582e+08,        -1.29599295677964255e+08,        +4.04563546911474049e+08,        -2.35731477569778442e+08,        +3.56892326021611467e+07,        +8.43107152660139464e+06,        +5.28074175013097748e+06,        +5.62500584226698428e+06,        -3.55828294209171413e+06,        +9.97280615549157001e+06,        -8.33816308547481336e+06,        +5.95982444531418663e+06,        +5.46372461430094719e+08,        +1.02323199804817796e+08,        -3.19417142105712235e+08,        +1.86118288324607104e+08,        -2.81779037403555326e+07,        -6.65662735180919804e+06,        -4.16933124821116868e+06,        -4.44113985103559308e+06,        +2.80938946883206116e+06,        -7.87388103866514564e+06,        +6.58327287148414738e+06,        -4.70549090818253253e+06,        +1.15421809427024066e+08,        +4.26963425123470575e+07,        -6.00335080179545730e+07,        -3.62438498896541148e+07,        -1.66498772518439475e+06,        +2.44303118103453843e+06,        +2.82243329502541898e+06,        -1.62723250100730662e+06,        +5.28437798958455562e+05,        +8.52163161956671509e+05,        -1.39213646398192085e+06,        -1.56440932213727594e+06,        -7.65715019245590687e+08,        -2.83250027796770871e+08,        +3.98265795481331706e+08,        +2.40443815198872030e+08,        +1.10456257301988117e+07,        -1.62072114194863345e+07,        -1.87241871839325055e+07,        +1.07951553697799835e+07,        -3.50568719558500918e+06,        -5.65330014489671495e+06,        +9.23551454098781385e+06,        +1.03783827350731157e+07,        +6.04558925246831894e+08,        +2.23635854171521991e+08,        -3.14444845963696301e+08,        -1.89838844537872761e+08,        -8.72090980624473467e+06,        +1.27961631556690428e+07,        +1.47834040021723453e+07,        -8.52315465178768337e+06,        +2.76786327804116346e+06,        +4.46347919760514516e+06,        -7.29176339064376056e+06,        -8.19409800567550864e+06
        -8.78615895192529171e-06,        +1.42069083381222894e-05,        +2.01170655314440310e+08,        +1.26960369648471045e+09,        -1.26573726844342279e+09,        +1.25633862124698892e+08,        -8.81351792749391347e+07,        -7.08688668073040867e+09,        +2.57405803658644638e+10,        -2.67653043663017540e+10,        +6.76279083153827591e+10,        -2.71331830979349213e+10,        -7.52098563604764709e+10,        +8.99096998735480042e+10,        -4.91622130268628769e+10,        -3.00381589801636353e+10,        -1.60666976994416447e+10,        +1.00695621584079025e+11,        -7.87966306889039459e+10,        +6.78689331650650940e+10,        +4.58023440865386505e+10,        +8.09238826696359406e+10,        -2.70054232787856340e+09,        -3.79388834274450362e+08,        +6.42970319110187292e+08,        +9.82884440325503230e+08,        -1.63156127499932480e+09,        +1.75351111081167370e+08,        -6.14548623170230150e+08,        -1.48559929272905588e+08,        -1.41923454916068792e+08,        +6.65086607448564991e+07,        -7.27742814605627209e+07,        +3.27159029482338950e+06,        +3.41977158685232103e+07,        -2.03785489486293644e+07,        -3.97413594499139965e+08,        -6.35065114625446382e+05,        +9.00637744792707711e+07,        -1.62454669730483592e+07,        +1.20083653611335568e+07,        -3.14298914486600133e+06,        -4.82527123026988655e+06,        +8.53400089885572903e+06,        +6.83953633769161301e+05,        -4.66671961944767646e+06,        +4.46856433584247064e+06,        +2.77519228326520324e+06,        +2.63646497720837498e+09,        +4.21305903001874872e+06,        -5.97488335619340777e+08,        +1.07773375912861586e+08,        -7.96641965608937889e+07,        +2.08507733979976960e+07,        +3.20111309231150486e+07,        -5.66150599695869461e+07,        -4.53738831893607881e+06,        +3.09592902845491804e+07,        -2.96447165696456060e+07,        -1.84107875551385656e+07,        -2.08158178044146633e+09,        -3.32635820791269140e+06,        +4.71738044769489646e+08,        -8.50908688930977732e+07,        +6.28976836590679660e+07,        -1.64624185750961527e+07,        -2.52739131666516513e+07,        +4.46995800627238601e+07,        +3.58242758281813702e+06,        -2.44434480066384263e+07,        +2.34055458468729742e+07,        +1.45359639781499691e+07,        -4.69965555854911089e+08,        -3.67268297819140404e+07,        +8.84743152570067942e+07,        +1.99247613227714375e+07,        -8.55543144606406614e+06,        -1.60854501849327330e+07,        +2.21122618557636393e+06,        +8.58860157094502938e+05,        -8.20797188705361681e+05,        +5.22040950695788674e+06,        -3.99467130067622708e+06,        +2.55522695719886618e+06,        +3.11777892265439510e+09,        +2.43647931988696456e+08,        -5.86943770385025740e+08,        -1.32182029336282760e+08,        +5.67572314703590646e+07,        +1.06711815202629909e+08,        -1.46694035525016841e+07,        -5.69772840144812968e+06,        +5.44521644796794280e+06,        -3.46325013091868237e+07,        +2.65008825200494975e+07,        -1.69515247458101548e+07,        -2.46159606023428583e+09,        -1.92368607379314810e+08,        +4.63412739838768482e+08,        +1.04362358820152491e+08,        -4.48118294604073539e+07,        -8.42527293948099911e+07,        +1.15820097853768766e+07,        +4.49855686796059459e+06,        -4.29918980401248951e+06,        +2.73435772367632724e+07,        -2.09233783479896560e+07,        +1.33838246920100171e+07
        +2.66616533351740211e-05,        -2.49690651625637004e-05,        -2.20684339827205569e+08,        -1.39616362755996299e+09,        +1.38309922231509781e+09,        -2.75294248577550530e+08,        +2.53536136980741441e+08,        +6.20933090466942024e+09,        -2.67653043663018303e+10,        +3.15508474187217255e+10,        -7.62373266280698700e+10,        +2.81864387377371902e+10,        +8.51122571209380798e+10,        -9.89123887292286835e+10,        +5.40398403577525482e+10,        +3.85125562956864014e+10,        +1.63480085696860504e+10,        -1.00082825197951294e+11,        +1.01146556560266739e+11,        -7.61946846349411316e+10,        -4.65591020373253098e+10,        -9.33783105544711151e+10,        -1.04095358525907326e+09,        +3.38737067960032129e+09,        -1.41808378673381996e+09,        +3.50857948627702817e+07,        -1.56902620920004177e+09,        +1.23850577719666049e+08,        +4.32239541894975364e+08,        -2.71953439349196017e+08,        -7.60682598561202437e+07,        +1.08714147344361036e+06,        -6.99349090518428087e+07,        +1.15281152515215315e+07,        -1.88951952529016025e+07,        +4.32697530184556916e+07,        +4.33241607200769722e+08,        -6.29294387720285505e+07,        +3.63896939917641133e+07,        -3.36688765484614819e+07,        -1.94831803116521868e+06,        +1.75360923609503824e+06,        +4.35514287599644717e+06,        -3.40183718342859717e+06,        -7.80531269200057536e+06,        -9.47996673248578445e+04,        -2.84748691228853213e+06,        +1.19468803424950689e+06,        -2.87415010423547268e+09,        +4.17477569097579241e+08,        -2.41411353483087033e+08,        +2.23361291789335549e+08,        +1.29252555139801353e+07,        -1.16335460051397551e+07,        -2.88922719862519316e+07,        +2.25679863910495527e+07,        +5.17808998822864071e+07,        +6.28906525122742634e+05,        +1.88903943428743891e+07,        -7.92563013592520729e+06,        +2.26924254369021654e+09,        -3.29613216594544291e+08,        +1.90602750025604308e+08,        -1.76351591795791090e+08,        -1.02049435960799381e+07,        +9.18509353075793944e+06,        +2.28114643972333185e+07,        -1.78182185991340205e+07,        -4.08828407362196818e+07,        -4.96543809841319511e+05,        -1.49146303969180435e+07,        +6.25756360584334470e+06,        +5.34088239138338685e+08,        -7.26292308648584932e+07,        +3.42442773606960699e+07,        +3.34332292125471383e+07,        +5.15077272584184166e+06,        +7.20148549062879849e+06,        -2.13874242749045091e+06,        +6.94563298941409914e+05,        -7.38778383860064391e+06,        +1.67517947172321356e+06,        +2.70554640649303887e+06,        -2.77413259516112041e+05,        -3.54317254547307253e+09,        +4.81826555878413200e+08,        -2.27178534355548292e+08,        -2.21797993611542672e+08,        -3.41705268395681754e+07,        -4.77750749916990697e+07,        +1.41885420715279486e+07,        -4.60777345682194829e+06,        +4.90109891036925614e+07,        -1.11132383714826275e+07,        -1.79487527444064468e+07,        +1.84037575224173721e+06,        +2.79745927951852274e+09,        -3.80419003749237835e+08,        +1.79365438991200328e+08,        +1.75117312929042488e+08,        +2.69788321529861651e+07,        +3.77201011663905755e+07,        -1.12023527421906292e+07,        +3.63799912346201111e+06,        -3.86958988044992387e+07,        +8.77429236335836351e+06,        +1.41711712529425751e+07,        -1.45304135201864270e+06
        -5.26166354380847858e-05,        +5.54322021928151917e-05,        +5.53472149315142751e+08,        +3.45046637346861792e+09,        -3.49439878292331839e+09,        +5.46083319245920777e+08,        -3.62212022783901155e+08,        -1.69563816042765770e+10,        +6.76279083153827591e+10,        -7.62373266280698700e+10,        +1.88684171566136658e+11,        -7.22679080832616730e+10,        -2.08696519457490051e+11,        +2.45956204040508606e+11,        -1.36419763312173508e+11,        -9.19665136384410858e+10,        -3.90649014892606430e+10,        +2.58998411362403870e+11,        -2.32340885622925049e+11,        +1.93814747791804535e+11,        +1.20074502597675262e+11,        +2.31627634852404877e+11,        +2.50974099454602051e+09,        +3.28194025309378433e+09,        -1.95257889554199886e+09,        -7.70832117319447041e+08,        -1.63411374456320524e+08,        +2.78010169425144732e+08,        +6.82293059078974605e+08,        -8.69250670869727135e+07,        -4.96968794180661887e+07,        -5.85123538655030355e+07,        -7.77421197909254432e+07,        +6.13241211902765557e+07,        -7.32604522396438569e+07,        -2.94099541921126470e+07,        -1.09277429937714076e+09,        +4.65704304737713784e+07,        -2.76972415311522260e+07,        -3.27575286178257018e+07,        -1.25065051496894192e+06,        +9.10016123948723450e+06,        +3.47323915007028123e+06,        -4.32047844332465436e+06,        -9.89915622199871205e+06,        -2.01940615141995787e+06,        +2.87676469164336380e+06,        -1.39168074303816748e+06,        +7.24952847154675293e+09,        -3.08950953407512426e+08,        +1.83745116606276840e+08,        +2.17315356435260117e+08,        +8.29688849874099996e+06,        -6.03710007079517916e+07,        -2.30416712044537179e+07,        +2.86623061170441620e+07,        +6.56715800477491170e+07,        +1.33968582521386072e+07,        -1.90846248396361545e+07,        +9.23249126165309176e+06,        -5.72375757448596096e+09,        +2.43927638418338835e+08,        -1.45073228842094690e+08,        -1.71578113298042893e+08,        -6.55068513431218453e+06,        +4.76650273100741878e+07,        +1.81922094109892026e+07,        -2.26298982593917511e+07,        -5.18500210326873660e+07,        -1.05772905363364480e+07,        +1.50679822019905653e+07,        -7.28937640533018950e+06,        -1.30847514261862111e+09,        +3.54569504197434410e+07,        -2.36631656844790950e+07,        +3.17677756038660035e+07,        +1.00897406530635841e+07,        +9.28298189216391742e+06,        -5.06466140346859302e+06,        -2.36093636265995447e+06,        -8.83955977663152106e+06,        +3.74579442664065398e+05,        -3.64105211050253361e+06,        -5.13694552023210214e+05,        +8.68050045295869637e+09,        -2.35223478195509106e+08,        +1.56982822028608739e+08,        -2.10749277183039576e+08,        -6.69359282850986049e+07,        -6.15838435864142403e+07,        +3.35992593018678203e+07,        +1.56625896036985498e+07,        +5.86421553958172873e+07,        -2.48498188143429998e+06,        +2.41549521767840274e+07,        +3.40787963506585592e+06,        -6.85356025746463203e+09,        +1.85717204960672408e+08,        -1.23943456485069990e+08,        +1.66393962907837719e+08,        +5.28482684123232365e+07,        +4.86226093982758000e+07,        -2.65277963499261700e+07,        -1.23661650867490433e+07,        -4.63000431612040028e+07,        +1.96198055116890208e+06,        -1.90711838743513897e+07,        -2.69064077073455323e+06
        +8.75211350059178029e-06,        -1.27923634214945858e-05,        -2.18368002186659276e+08,        -1.33921225558968735e+09,        +1.31574012952314329e+09,        -1.47188820652731091e+08,        +3.02174537780106068e+08,        +7.54149473414856720e+09,        -2.71331830979349213e+10,        +2.81864387377371902e+10,        -7.22679080832616425e+10,        +2.96388816400658455e+10,        +7.83601168753791504e+10,        -9.53869866288009644e+10,        +5.44372702072608643e+10,        +3.29752820165288582e+10,        +1.45987293940891209e+10,        -1.10217132401807495e+11,        +7.48304714804835052e+10,        -7.90697437590896912e+10,        -4.93429948587340546e+10,        -8.95990950080009003e+10,        +9.78697608422479749e+08,        +4.85583862551189137e+09,        -1.74377932166810513e+09,        -3.18501251986794949e+09,        -7.00628442212979436e+08,        -4.34789874458916008e+08,        +6.99127485372952104e+08,        -1.57012376390706718e+08,        -1.05504461767191857e+08,        +1.71237388332014769e+08,        +5.97669357684853822e+07,        +4.77755443835177124e+07,        +5.54246602844022289e+07,        -4.05820495497966371e+06,        +4.34934231278195441e+08,        +6.98172625295108557e+07,        -4.70347020027034730e+07,        +3.38237602972156852e+07,        -2.14000858178055845e+06,        +1.93840676315508666e+06,        -1.15576094862095988e+06,        +1.23656623065758962e+06,        -2.94932932546060765e+06,        +1.38275082152952556e+06,        +5.61815767357035447e+06,        -2.35935686193541065e+06,        -2.88537907113917589e+09,        -4.63171793847671866e+08,        +3.12030957823282659e+08,        -2.24388799616902083e+08,        +1.41969418129756916e+07,        -1.28595035836231168e+07,        +7.66738557825274114e+06,        -8.20345253472289816e+06,        +1.95660228549311012e+07,        -9.17324964125400782e+06,        -3.72711858573191613e+07,        +1.56521111037192382e+07,        +2.27810820779802465e+09,        +3.65690413346046209e+08,        -2.46359410177482367e+08,        +1.77162845346137196e+08,        -1.12089846333438177e+07,        +1.01530301356534921e+07,        -6.05367044936441351e+06,        +6.47691415612001345e+06,        -1.54480628578844611e+07,        +7.24260306347562093e+06,        +2.94269114464748576e+07,        -1.23578919426595755e+07,        +4.95293788944189250e+08,        +1.09030555984376892e+08,        -4.33924560446408391e+07,        -3.38238092264760360e+07,        +4.39498756654661894e+06,        -1.93988311078953114e+06,        +3.36466709541796148e+06,        -1.49083568886294030e+06,        -1.88599444269887195e+06,        -2.32951707983805984e+06,        -6.25445442437761463e+06,        -2.62849769107578881e+06,        -3.28580789901241684e+09,        -7.23315070941763282e+08,        +2.87868085592117250e+08,        +2.24389124216470480e+08,        -2.91566039885218181e+07,        +1.28692977599831447e+07,        -2.23213978581049256e+07,        +9.89029095849907957e+06,        +1.25117971911651921e+07,        +1.54541522479676045e+07,        +4.14924156336409077e+07,        +1.74376070701058805e+07,        +2.59426084387326193e+09,        +5.71082675554958463e+08,        -2.27281973141779423e+08,        -1.77163101628907263e+08,        +2.30201638052168190e+07,        -1.01607629821891766e+07,        +1.76235282839276157e+07,        -7.80873238994272612e+06,        -9.87850371571605466e+06,        -1.22015964670997355e+07,        -3.27597207458239906e+07,        -1.37676037745298222e+07
        +5.81820632331535355e-05,        -7.13118331185651249e-05,        -6.04111747676248670e+08,        -3.83501726365213108e+09,        +3.97876523326761293e+09,        -5.64886941008403301e+08,        -2.24375366477334946e+08,        +1.87547344608811417e+10,        -7.52098563604764709e+10,        +8.51122571209380798e+10,        -2.08696519457490051e+11,        +7.83601168753791504e+10,        +2.35293526422222351e+11,        -2.73121948416790802e+11,        +1.46760729572162933e+11,        +1.00173799427104813e+11,        +4.79031405198934479e+10,        -2.78053209640240845e+11,        +2.78459237652405396e+11,        -1.99898895286444244e+11,        -1.31682645147959122e+11,        -2.49473273001836243e+11,        -7.20885230891627312e+08,        +4.44572042391785240e+09,        -1.86550067139731383e+09,        +3.58456023246021688e+08,        +1.91445333095318103e+09,        -5.38251160286439300e+08,        -1.01731562243499011e+08,        +1.73982691281505525e+08,        -4.37067814292789996e+08,        -1.37786009103540391e+08,        -2.74241262462446503e+07,        -6.84444544152526706e+07,        +1.89712449575208053e+07,        -1.71023367055561696e+06,        +1.19359995025174427e+09,        -2.06028479434738666e+08,        -5.37821678120469674e+07,        +4.82247900860250294e+07,        +8.19446609136806149e+06,        -2.65935959123196965e+06,        -6.77680135343201086e+06,        -5.53662482648342568e+06,        -9.17648860760446638e+06,        -3.12872380361153372e+06,        -2.76201716512342170e+06,        +2.38834437219531013e+05,        -7.91841172318827724e+09,        +1.36680495548161149e+09,        +3.56794039754752815e+08,        -3.19926071616319001e+08,        -5.43625662429629192e+07,        +1.76423467167060934e+07,        +4.49576956428461447e+07,        +3.67302921918478385e+07,        +6.08773609221694097e+07,        +2.07561362916532792e+07,        +1.83233830525443181e+07,        -1.58444159383664047e+06,        +6.25186441523516655e+09,        -1.07914056031200862e+09,        -2.81701436940765440e+08,        +2.52592880057859123e+08,        +4.29211570825468227e+07,        -1.39292529228330497e+07,        -3.54956811297648475e+07,        -2.89998568832872026e+07,        -4.80648164995258376e+07,        -1.63876992528130114e+07,        -1.44669550507788267e+07,        +1.25097233697988815e+06,        +1.45284794398539042e+09,        -2.08419619384629965e+08,        -6.37800436027325615e+07,        -4.17451571517375335e+07,        -1.76043112643760890e+07,        -2.58987272203201981e+05,        -6.12744420347393723e+05,        -6.24076037381770555e+06,        -9.23627800634668022e+06,        +2.73061649015215738e+06,        +2.87499948168428754e+06,        -5.20568587949697045e+05,        -9.63827804218450165e+09,        +1.38266791744555092e+09,        +4.23120531182008505e+08,        +2.76939808607513309e+08,        +1.16788028237677380e+08,        +1.71813667714870186e+06,        +4.06498224164107163e+06,        +4.14015685031022131e+07,        +6.12740072824703231e+07,        -1.81150691423803270e+07,        -1.90729143337577917e+07,        +3.45348239054052718e+06,        +7.60975933337976646e+09,        -1.09166492642095470e+09,        -3.34068533529991567e+08,        -2.18653714295399278e+08,        -9.22082537999968529e+07,        -1.35652930510304007e+06,        -3.20944637807316333e+06,        -3.26879937426703274e+07,        -4.83779827444858029e+07,        +1.43024838957441729e+07,        +1.50587363459344916e+07,        -2.72664574927764619e+06
        -5.68205526125346522e-05,        +6.59896409034901584e-05,        +7.23081393343250513e+08,        +4.54032091022833252e+09,        -4.56157085519510841e+09,        +6.35998797501482368e+08,        -4.40258620181474626e+08,        -2.32156348386570091e+10,        +8.99096998735480042e+10,        -9.89123887292286835e+10,        +2.45956204040508606e+11,        -9.53869866288009644e+10,        -2.73121948416790955e+11,        +3.22913073733146912e+11,        -1.77409173767989380e+11,        -1.16376247925070938e+11,        -5.41028090109552841e+10,        +3.46024823028680176e+11,        -3.00693716284431091e+11,        +2.48819873864598541e+11,        +1.59363420550114868e+11,        +2.98617700273279297e+11,        -1.51945259975308824e+09,        +3.64260259611615086e+09,        +4.65220553603143454e+08,        -4.61097658152877331e+09,        -9.10059639021839142e+08,        -5.20792597564986348e+08,        -5.65156278650260091e+08,        -8.88621054429778457e+07,        +2.36658903870668352e+08,        -2.24181173335501671e+08,        +2.66596228316588737e+07,        -4.37031714374835566e+07,        +3.68830467199191079e+06,        -5.20233205909178313e+06,        -1.42924137186778617e+09,        +5.68568727628597170e+07,        +9.42339237561887354e+07,        -3.35677572621190920e+07,        +1.43282550820433162e+07,        +1.79930336704795808e+07,        +1.75730892033460140e+07,        -3.48068349995225575e+06,        +2.33904413292209059e+06,        -2.88786753129314119e+06,        -1.91064669110445469e+06,        -7.18298675688022398e+05,        +9.48167066518109131e+09,        -3.77191811824637473e+08,        -6.25153349273897290e+08,        +2.22690460542865515e+08,        -9.50544803479209244e+07,        -1.19366835363889709e+08,        -1.16580899262822390e+08,        +2.30910574559900947e+07,        -1.55173552740837801e+07,        +1.91582817257854305e+07,        +1.26753416456840988e+07,        +4.76523533125066664e+06,        -7.48611230394029236e+09,        +2.97806195042740464e+08,        +4.93580545571440399e+08,        -1.75821946944645941e+08,        +7.50488537310561389e+07,        +9.42443126802024543e+07,        +9.20447181930432320e+07,        -1.82312015926760919e+07,        +1.22514974780251682e+07,        -1.51261369029017594e+07,        -1.00076278117164727e+07,        -3.76232080865733000e+06,        -1.70823676368708444e+09,        +1.53413756713196188e+07,        +9.68084589377200603e+07,        +2.93334977803397253e+07,        +1.41437230432577766e+07,        +4.93288460239044577e+06,        -1.82925545851605460e+07,        +4.15231918816700764e+06,        +2.23990134427752811e+06,        +3.34342655968964938e+06,        +8.03299738548157969e+05,        -1.96211837751888391e+06,        +1.13325423754484158e+10,        -1.01775581458420172e+08,        -6.42232965906671643e+08,        -1.94600136048070312e+08,        -9.38302840341433436e+07,        -3.27250443136036508e+07,        +1.21353874590600133e+08,        -2.75467278052973561e+07,        -1.48596362286807466e+07,        -2.21804869045795090e+07,        -5.32913734255118854e+06,        +1.30168078170175739e+07,        -8.94744058378965187e+09,        +8.03553993279311210e+07,        +5.07065503311085105e+08,        +1.53643648283167869e+08,        +7.40823077065604180e+07,        +2.58375728849870004e+07,        -9.58131500010465533e+07,        +2.17491099658007473e+07,        +1.17322051705620233e+07,        +1.75122741326080300e+07,        +4.20754126970072091e+06,        -1.02772273577106278e+07
        +3.57245658083993453e-05,        -3.34736069234167188e-05,        -4.07001816482701778e+08,        -2.49141423075220919e+09,        +2.44263039130736208e+09,        -3.87985481590681374e+08,        +7.55839070193072915e+08,        +1.27776250834271488e+10,        -4.91622130268628769e+10,        +5.40398403577525482e+10,        -1.36419763312173508e+11,        +5.44372702072608643e+10,        +1.46760729572162933e+11,        -1.77409173767989380e+11,        +1.01947981472657990e+11,        +6.73361376414646912e+10,        +2.38196947536181793e+10,        -1.99398516346980103e+11,        +1.42588358851184448e+11,        -1.56006618028461090e+11,        -9.05328624886804962e+10,        -1.74211076085503815e+11,        -5.63451621978066206e+08,        -1.31294191012082264e+08,        +1.13135121684904903e+08,        +1.36011505237908870e+08,        -3.57918242920120120e+08,        -1.76302975873654746e+07,        -3.68936129594249278e+07,        -3.29249715772622675e+07,        -3.32013830562985688e+06,        +7.51599533781984299e+07,        -2.05198631640376076e+07,        +3.75627116972988425e+06,        +2.04309014514544867e+07,        -1.93201734454670548e+07,        +8.14065111188102722e+08,        +9.88505001182740331e+07,        +6.93038558146408051e+07,        +3.57730887910939530e+07,        -1.48532163216730114e+07,        +3.97660144738108963e+07,        -5.77173879231616855e+06,        +7.05490553902920056e+06,        -1.59295048035364744e+05,        +9.45777829215204692e+05,        -4.63734126713674050e+05,        +7.35927635487124091e+05,        -5.40055545286415577e+09,        -6.55779986262965441e+08,        -4.59765823741076946e+08,        -2.37320758599486649e+08,        +9.85371038460423052e+07,        -2.63810060588127732e+08,        +3.82900519613942727e+07,        -4.68026550390291363e+07,        +1.05677264442163846e+06,        -6.27434531042809039e+06,        +3.07643925809276290e+06,        -4.88218687930609379e+06,        +4.26392837838837004e+09,        +5.17761352107373595e+08,        +3.63001280215165913e+08,        +1.87373081566330642e+08,        -7.77985074091803879e+07,        +2.08287316677677274e+08,        -3.02313420523377880e+07,        +3.69523414298061803e+07,        -8.34359152013560291e+05,        +4.95381618769488391e+06,        -2.42895694182954496e+06,        +3.85465816710173199e+06,        +9.33845392726699114e+08,        +1.76246728799571007e+08,        +7.10926746381202489e+07,        -5.62408424774950147e+07,        +9.89992525607397407e+07,        -5.23478228421338182e+06,        -4.89467543271754775e+06,        +6.69745702034639660e+05,        -1.20951887068419484e+06,        -5.74045571168871713e+05,        +2.89859498760065413e+05,        +9.14926442042218172e+05,        -6.19518483043908691e+09,        -1.16923108383655739e+09,        -4.71632952203600824e+08,        +3.73105030962723076e+08,        -6.56766818646818161e+08,        +3.47278511522315368e+07,        +3.24715624522753619e+07,        -4.44313207069715578e+06,        +8.02401877029499970e+06,        +3.80825181789694214e+06,        -1.92294482969364175e+06,        -6.06967540757188760e+06,        +4.89131620597671604e+09,        +9.23149043237848163e+08,        +3.72370795307266355e+08,        -2.94579537887663960e+08,        +5.18540490965023994e+08,        -2.74188592897264771e+07,        -2.56374400446971692e+07,        +3.50800896139777638e+06,        -6.33524489138180669e+06,        -3.00674868355773902e+06,        +1.51823254125785432e+06,        +4.79222210452928394e+06
        +4.46820447822938435e-05,        -3.42632310014289097e-05,        -2.67873339640155852e+08,        -1.63000361978691030e+09,        +1.60212695862139773e+09,        -4.51076624682902515e+08,        +6.35424982183736205e+08,        +6.07527298442695904e+09,        -3.00381589801636353e+10,        +3.85125562956864014e+10,        -9.19665136384410858e+10,        +3.29752820165288582e+10,        +1.00173799427104813e+11,        -1.16376247925070938e+11,        +6.73361376414644241e+10,        +5.08745253657872162e+10,        +1.49876495237797661e+10,        -1.12793479167178879e+11,        +1.20126375050232391e+11,        -9.92905329451301270e+10,        -5.21997049029682693e+10,        -1.17966366806384888e+11,        -6.58227045818811798e+09,        +3.12983809544508171e+09,        +2.81163343278307796e+08,        +1.85992675129362941e+09,        -1.78565563990725970e+09,        -4.64644250379295886e+08,        +2.25974292882693529e+08,        -1.68350373693612993e+08,        +6.50001583705513775e+07,        +8.40573896106310934e+07,        -3.01691830146051086e+07,        -1.10166949725390345e+08,        -1.89512735463833101e+07,        -9.61154820477910899e+06,        +5.24944188269306779e+08,        -2.95751749675528519e+07,        +2.20330566231494218e+08,        -4.68079252473112866e+07,        +2.27299719264664873e+07,        -1.57467380668355804e+06,        +4.48564073076724354e+06,        +4.29519750362892449e+06,        -3.23746203526068619e+06,        +6.81989084291250817e+06,        +2.24250378243066662e+05,        -1.19797248969634256e+03,        -3.48251037840151691e+09,        +1.96203436611254752e+08,        -1.46168583389786792e+09,        +3.10526507594321728e+08,        -1.50791960180889457e+08,        +1.04464779245431088e+07,        -2.97580023700794950e+07,        -2.84945908878187723e+07,        +2.14775120658964142e+07,        -4.52435538305719271e+07,        -1.48769009552554600e+06,        +7.94741940502581929e+03,        +2.74956436612887096e+09,        -1.54909510439406395e+08,        +1.15405234921530247e+09,        -2.45171593835047215e+08,        +1.19055553425918430e+08,        -8.24786155154537782e+06,        +2.34949889687063619e+07,        +2.24974811901432946e+07,        -1.69572507854513675e+07,        +3.57213762178862393e+07,        +1.17458362791080866e+06,        -6.27476699976705186e+03,        +6.37662790068233371e+08,        -8.27797472128997743e+07,        +2.17243097478715718e+08,        +5.33057738066532314e+07,        -1.87765255702827796e+07,        -1.04052290305104908e+07,        -8.08821396960275806e+06,        +4.85746715833242238e+06,        -3.46191796668558242e+06,        -6.74357516777020320e+06,        +5.18869179633346677e+05,        +1.53871890839943080e+05,        -4.23029216049505663e+09,        +5.49165673670594811e+08,        -1.44120338602090383e+09,        -3.53633614122721970e+08,        +1.24564566348308891e+08,        +6.90288965915888399e+07,        +5.36576834667676017e+07,        -3.22247205886939913e+07,        +2.29665658132253885e+07,        +4.47372711882323548e+07,        -3.44220841659989953e+06,        -1.02079510311572370e+06,        +3.33996437022835255e+09,        -4.33585604450919986e+08,        +1.13788073658698845e+09,        +2.79206169804297984e+08,        -9.83481040107663721e+07,        -5.45007404654299691e+07,        -4.23646273516536132e+07,        +2.54425497160476036e+07,        -1.81329110643980950e+07,        -3.53216482741592154e+07,        +2.71774455053203227e+06,        +8.05953618416535435e+05
        +2.78292925630881244e-06,        -9.72403263740123369e-06,        -1.08126875710262075e+08,        -7.86756500260092378e+08,        +7.71448976191323042e+08,        -4.25444799069213867e+07,        -2.28923919964435369e+08,        +4.35742536360855484e+09,        -1.60666976994416447e+10,        +1.63480085696860504e+10,        -3.90649014892606430e+10,        +1.45987293940891209e+10,        +4.79031405198934479e+10,        -5.41028090109552841e+10,        +2.38196947536181793e+10,        +1.49876495237797661e+10,        +1.56392095629339428e+10,        -5.59438456141048660e+10,        +6.40698207709015198e+10,        -2.52702255037389183e+10,        -2.64726953976924744e+10,        -3.97899088112939148e+10,        +6.68391227830765247e+09,        -2.96844317695533323e+09,        -2.27220232530027580e+09,        +3.49343486397036791e+08,        -1.58640645254296660e+09,        +1.99723511961154962e+09,        +8.16517647216842890e+08,        +2.57092180625534616e+07,        +4.60044228360323794e+06,        -1.06008033226991639e+08,        +2.21152458926319927e+07,        -7.06577957105381191e+07,        +2.82423133573821411e+07,        -4.55478481174504943e+06,        +2.04713806009714454e+08,        -1.45083787651823252e+08,        -1.92069766654321611e+08,        -5.89630099030998945e+07,        -3.67824787117209807e+07,        -2.89945363824101025e+06,        +1.26761631753847692e+07,        -3.89803027475468954e+06,        -3.18168780049073510e+05,        +1.61295872840901185e+06,        +1.42388202761960193e+06,        +1.42231122430325998e+06,        -1.35808333526147008e+09,        +9.62494313730872273e+08,        +1.27420204032753515e+09,        +3.91164048517846704e+08,        +2.44017110236461371e+08,        +1.92351446353915967e+07,        -8.40944062303655595e+07,        +2.58597603145428300e+07,        +2.11075025376947038e+06,        -1.07004623294086028e+07,        -9.44611646269099042e+06,        -9.43569566182523780e+06,        +1.07225453455284977e+09,        -7.59923095721194386e+08,        -1.00602730348255587e+09,        -3.08837767084860265e+08,        -1.92660086583827645e+08,        -1.51868228720350694e+07,        +6.63954899304308519e+07,        -2.04171898290614821e+07,        -1.66651152558112331e+06,        +8.44839116762398370e+06,        +7.45804101122018602e+06,        +7.44981342260919418e+06,        +2.91809962384057879e+08,        -1.15990563969119474e+08,        -1.95640992982222378e+08,        +4.83565171921557635e+07,        +1.76267855371683091e+07,        +2.93643389451846927e+07,        +5.73755137375412416e+06,        +5.13498914673614781e+06,        +4.82106165754420275e+05,        -1.16429580005951598e+06,        -9.42759116341600311e+05,        +1.49270426472473238e+06,        -1.93588431919564533e+09,        +7.69488170067853093e+08,        +1.29789376418781495e+09,        -3.20799956925402105e+08,        -1.16937123874880210e+08,        -1.94804738135405898e+08,        -3.80632506316269860e+07,        -3.40658176547210962e+07,        -3.19832043720007921e+06,        +7.72400628075233381e+06,        +6.25431899306585826e+06,        -9.90268719980803877e+06,        +1.52844872308785319e+09,        -6.07537960460413814e+08,        -1.02473275231693709e+09,        +2.53282843229495496e+08,        +9.23259700467999279e+07,        +1.53805188823595971e+08,        +3.00522744296290837e+07,        +2.68961605706564896e+07,        +2.52518641728313174e+06,        -6.09837448440293130e+06,        -4.93800470614252705e+06,        +7.81851965822724812e+06
        -1.78698112105403488e-05,        +5.99227274515186445e-06,        +7.97373140435214281e+08,        +4.91328681896108055e+09,        -4.41276921672726536e+09,        +5.14286903178647399e+08,        -2.59099824055659008e+09,        -2.88298496861810150e+10,        +1.00695621584079025e+11,        -1.00082825197951294e+11,        +2.58998411362403870e+11,        -1.10217132401807495e+11,        -2.78053209640240845e+11,        +3.46024823028680176e+11,        -1.99398516346980103e+11,        -1.12793479167178879e+11,        -5.59438456141047287e+10,        +4.26453458035327942e+11,        -2.42361098340730865e+11,        +2.90177095253915222e+11,        +1.81934551628475281e+11,        +3.21156783938310059e+11,        -1.13931353883939037e+10,        -2.19620786695171446e+08,        -2.72889075323138177e+08,        +1.79552046560621262e+09,        +3.80447403217553258e+08,        +4.97609249578307807e+08,        +9.89752985881844521e+08,        -7.32627835908122063e+07,        +6.60946124881617650e+07,        -1.84247106747572482e+08,        +3.41137335814421624e+07,        +6.48311400676255226e+07,        +2.95747002355630323e+07,        -3.64750477838500403e+06,        -1.59931745225620079e+09,        -4.53819925170434237e+08,        +3.79859333559030771e+08,        +8.85213805246333927e+07,        -1.74539193049585633e+07,        -5.28747908432443067e+06,        +9.95272270143803675e+05,        -1.90156483131764014e+06,        -2.32377045796458889e+06,        +1.52554053125689481e+06,        +3.12509668810895120e+05,        +5.64098087364948471e+05,        +1.06099653073662663e+10,        +3.01066786650592136e+09,        -2.52000898574259901e+09,        -5.87256004116981745e+08,        +1.15790319202691451e+08,        +3.50774447993206158e+07,        -6.60269431982525997e+06,        +1.26150920578811709e+07,        +1.54160288231115416e+07,        -1.01205249081618004e+07,        -2.07320737957467185e+06,        -3.74225962985052029e+06,        -8.37694058743573380e+09,        -2.37702811607802105e+09,        +1.98963568134513593e+09,        +4.63659259346251905e+08,        -9.14205274439245462e+07,        -2.76948757635387816e+07,        +5.21305927322635148e+06,        -9.96005864416300319e+06,        -1.21714966830045804e+07,        +7.99051018672743998e+06,        +1.63687010664141621e+06,        +2.95464553123961110e+06,        -1.77353882322961378e+09,        -6.42089018792436838e+08,        +3.52338100184379518e+08,        -9.09868030754258037e+07,        -2.86172314744132943e+06,        +1.07381371810971070e+07,        +6.12305809348118119e+06,        +3.45576792453236936e+05,        -1.94126617970722774e+06,        -1.36762410017949576e+06,        +4.65697264071923855e+04,        +6.53474776281152968e+05,        +1.17657600491931591e+10,        +4.25965602014657021e+09,        -2.33743151751760817e+09,        +6.03611761190103173e+08,        +1.89848383576418124e+07,        -7.12374286896288991e+07,        -4.06207247067647800e+07,        -2.29257660746916989e+06,        +1.28784731198929325e+07,        +9.07289808908930235e+06,        -3.08946282588741276e+05,        -4.33518979974920396e+06,        -9.28948116632268524e+09,        -3.36314816966526031e+09,        +1.84548435194697809e+09,        -4.76572704517363429e+08,        -1.49891972666133065e+07,        +5.62444541944354475e+07,        +3.20714901160802282e+07,        +1.81006982365726982e+06,        -1.01680072513838429e+07,        -7.16337198533467203e+06,        +2.43923950642723328e+05,        +3.42278474393722508e+06
        +1.17413019823306715e-04,        -1.39648111012363502e-04,        -6.20393747736583710e+08,        -4.23003823206628132e+09,        +4.76507266112895489e+09,        -8.41459132006527066e+08,        -2.28643138890679073e+09,        +1.59615007481877193e+10,        -7.87966306889039459e+10,        +1.01146556560266739e+11,        -2.32340885622925049e+11,        +7.48304714804835052e+10,        +2.78459237652405396e+11,        -3.00693716284431091e+11,        +1.42588358851184448e+11,        +1.20126375050232391e+11,        +6.40698207709015198e+10,        -2.42361098340730865e+11,        +4.16849619200369446e+11,        -1.74066365932214630e+11,        -1.30677072528195084e+11,        -2.61657813603080048e+11,        -6.13371276071571541e+09,        -2.40138014657525361e+08,        -5.52007781344153214e+09,        -8.11487762877199888e+08,        +3.65254913944771230e+08,        +1.12348238621990442e+09,        -1.09264195083782434e+09,        +2.56291203217778802e+08,        +1.07095704403692335e+08,        +1.01377211705728903e+08,        +1.03763734478972349e+07,        +1.58558044161808537e+06,        -1.14083453995112628e+07,        +1.97443213110672054e+06,        +1.20916245950474930e+09,        -9.82903979457690239e+08,        +4.07496925735013336e+07,        -3.68266944367112368e+07,        +7.97851318393597286e+06,        +7.92692385217120964e+06,        +2.17633567479750421e+06,        -3.53818917124670278e+06,        +4.03391864550298918e+06,        -1.42829348580924002e+06,        +1.89507393724925444e+06,        -6.30383558597242110e+05,        -8.02165431773197746e+09,        +6.52064235765479755e+09,        -2.70335838504580736e+08,        +2.44310439936281025e+08,        -5.29299220530011207e+07,        -5.25876754155482650e+07,        -1.44379378679387178e+07,        +2.34725534351342954e+07,        -2.67612516959318370e+07,        +9.47538233375425264e+06,        -1.25720310878516082e+07,        +4.18200131413272070e+06,        +6.33337807296455097e+09,        -5.14827636468024445e+09,        +2.13439647746561557e+08,        -1.92891680693396896e+08,        +4.17900341321340725e+07,        +4.15198183807025775e+07,        +1.13992594905886445e+07,        -1.85324060791241154e+07,        +2.11289489652330242e+07,        -7.48114744522203039e+06,        +9.92606049458144046e+06,        -3.30183704943368165e+06,        +1.66538014310946536e+09,        -1.14820024024966121e+09,        -9.58035551889624074e+06,        +3.26519954971470349e+07,        +9.77867655502134189e+06,        -3.39426388560485735e+05,        -7.13189626894141175e+06,        -2.45599747959306650e+06,        +3.99961983750033099e+06,        +1.04128660118081537e+06,        -2.23858712585554505e+06,        -3.48594843336207501e+05,        -1.10482290536135120e+10,        +7.61722739770801735e+09,        +6.35566375795671493e+07,        -2.16615243554231286e+08,        -6.48723109063602909e+07,        +2.25177446913426742e+06,        +4.73134160341054872e+07,        +1.62932306007794924e+07,        -2.65337114021153376e+07,        -6.90795607711780258e+06,        +1.48509176269773357e+07,        +2.31259853314690851e+06,        +8.72296522159653091e+09,        -6.01406880258944225e+09,        -5.01801996064566448e+07,        +1.71025349567062050e+08,        +5.12189699484640956e+07,        -1.77785510110445344e+06,        -3.73556051904485971e+07,        -1.28640783231741004e+07,        +2.09492979044302963e+07,        +5.45407416162381694e+06,        -1.17253215280279331e+07,        -1.82587783782033413e+06
        -5.04936444285354700e-05,        +2.41552116978548891e-05,        +6.01366684597255826e+08,        +3.48496969196308899e+09,        -3.18558002621118784e+09,        +7.30747753948400736e+08,        -2.57715095034172535e+09,        -1.70587206361307278e+10,        +6.78689331650650940e+10,        -7.61946846349411316e+10,        +1.93814747791804535e+11,        -7.90697437590896912e+10,        -1.99898895286444244e+11,        +2.48819873864598541e+11,        -1.56006618028461090e+11,        -9.92905329451301270e+10,        -2.52702255037389183e+10,        +2.90177095253915222e+11,        -1.74066365932214417e+11,        +2.43235265279352203e+11,        +1.23936334364607956e+11,        +2.58872511326507812e+11,        +3.67206829624374771e+09,        -2.54255345136081648e+09,        -3.85595090078042555e+09,        +2.64495782166368246e+09,        -1.36325801899996328e+09,        -2.37520894507980061e+09,        -1.89548408598549396e+08,        +2.47984153948816508e+07,        +9.22867494621801078e+07,        -9.13823061056893617e+07,        +2.32750848171979114e+07,        +2.57614817924466357e+07,        +1.13678129795337431e+07,        -2.07431557770347805e+06,        -1.18413239688006949e+09,        -4.61566240135449946e+08,        -3.27407939215680361e+08,        +1.77802013063426018e+07,        +3.14011112540201331e+06,        -8.23703905176854809e+05,        +2.09610534590029530e+06,        +1.79983856326121539e+07,        -2.64104048403651034e+06,        +8.72243253810450551e+05,        -2.23906994088075031e+06,        -5.18330628594066889e+05,        +7.85560342163601112e+09,        +3.06205737202454329e+09,        +2.17204337483723783e+09,        -1.17954893040248796e+08,        -2.08316804489251040e+07,        +5.46449977466295660e+06,        -1.39056851841472052e+07,        -1.19402340592994064e+08,        +1.75208166905492730e+07,        -5.78651264604010340e+06,        +1.48541206500294954e+07,        +3.43863563757785875e+06,        -6.20227505322888470e+09,        -2.41760193720525122e+09,        -1.71490459933101773e+09,        +9.31295345809928328e+07,        +1.64473440206196140e+07,        -4.31441466831436474e+06,        +1.09790272861978170e+07,        +9.42723453067129254e+07,        -1.38333006949781291e+07,        +4.56865515014168434e+06,        -1.17278504273250401e+07,        -2.71492371589849237e+06,        -1.31768814898101664e+09,        -5.06643830246137857e+08,        -3.48951489927759826e+08,        -2.01100754124663584e+07,        +1.21518208921317104e+07,        -1.58516500672000926e+07,        +5.02483096880576666e+06,        +1.19711714953917190e+07,        -3.02461891600290034e+06,        -5.53258140219506575e+05,        +1.51275613156690751e+06,        -7.39291285277184914e+05,        +8.74162007479716301e+09,        +3.36110473534779406e+09,        +2.31496454744758463e+09,        +1.33411413821430176e+08,        -8.06158889249663055e+07,        +1.05160771578049913e+08,        -3.33350218739864863e+07,        -7.94174502850928158e+07,        +2.00654983921564370e+07,        +3.67034678791624960e+06,        -1.00357124545773584e+07,        +4.90450152830109466e+06,        -6.90181634747389221e+09,        -2.65371034310634708e+09,        -1.82774588928437018e+09,        -1.05333001088327035e+08,        +6.36490782358077243e+07,        -8.30281259286132902e+07,        +2.63191716117470562e+07,        +6.27028688003312722e+07,        -1.58424163528303206e+07,        -2.89786781454540091e+06,        +7.92354777316909749e+06,        -3.87227636692099273e+06
        -7.99118595851744981e-06,        +2.37514055304501562e-05,        +3.64717611876797974e+08,        +2.23096289884052277e+09,        -2.27364298495957899e+09,        +1.77703326991771549e+08,        -7.92374455076682419e+07,        -1.30927037319434147e+10,        +4.58023440865386505e+10,        -4.65591020373253098e+10,        +1.20074502597675262e+11,        -4.93429948587340546e+10,        -1.31682645147959122e+11,        +1.59363420550114868e+11,        -9.05328624886804962e+10,        -5.21997049029682693e+10,        -2.64726953976924744e+10,        +1.81934551628475281e+11,        -1.30677072528195084e+11,        +1.23936334364607956e+11,        +8.20435297530369568e+10,        +1.44785858116423553e+11,        -1.60275357022758555e+09,        -6.99673733927513123e+09,        -1.58225274607985640e+09,        -1.64370296556722307e+09,        +1.50436148827396345e+09,        -3.08416833346297801e+08,        +3.44971621589780822e+07,        -7.94597556145273924e+08,        -7.37462356626995057e+07,        +1.15467153385618441e+07,        +5.93840940711199291e+04,        -3.29623012586862333e+07,        -8.24382331594705116e+06,        -2.18651328370555071e+06,        -7.24913109499377966e+08,        -8.68690320696965158e+07,        +1.42154099654256552e+08,        -1.07559768415279225e+08,        -1.49966931882815454e+07,        -8.17723577880971367e+05,        -2.28886439269100353e+07,        +2.03644931704235822e+06,        -7.33250299927708838e+04,        -7.66505885887244716e+05,        -1.68891940375084104e+06,        -1.32355426776559162e+06,        +4.80911587114432716e+09,        +5.76294228043176770e+08,        -9.43058592591370225e+08,        +7.13557780379706860e+08,        +9.94889377517991662e+07,        +5.42482593439659290e+06,        +1.51844599491228700e+08,        -1.35099236074414402e+07,        +4.86442527896746236e+05,        +5.08504477687205188e+06,        +1.12043898823556192e+07,        +8.78053624913479947e+06,        -3.79696603745733309e+09,        -4.55004551791337907e+08,        +7.44577910648200750e+08,        -5.63378951653434753e+08,        -7.85500137380556017e+07,        -4.28309077675027028e+06,        -1.19886649165372849e+08,        +1.06665596089894529e+07,        -3.84063475925220875e+05,        -4.01482160839237878e+06,        -8.84625968548597954e+06,        -6.93254203515265603e+06,        -8.19373682786859512e+08,        -1.48225599929452777e+08,        +1.38238093013246715e+08,        +1.00766141207115546e+08,        +3.75510052912638262e+07,        -6.94377347162691969e+06,        +1.62588087928252928e+07,        -7.54597790749628656e+06,        +1.89187795894461189e+05,        +8.51506141985612048e+04,        +1.75443671563671646e+06,        -1.51542013193436386e+06,        +5.43577282663508511e+09,        +9.83337279722946286e+08,        -9.17079576014069676e+08,        -6.68488461034688354e+08,        -2.49115560412963361e+08,        +4.60653984187060744e+07,        -1.07861886323831350e+08,        +5.00604577882530242e+07,        -1.25508287812754395e+06,        -5.64894143606792437e+05,        -1.16390355527072959e+07,        +1.00533855884743538e+07,        -4.29173373299398565e+09,        -7.76379350074856281e+08,        +7.24066563807418704e+08,        +5.27795139686842442e+08,        +1.96685492226474464e+08,        -3.63702514109206200e+07,        +8.51607509740079194e+07,        -3.95244912234427407e+07,        +9.90932052820456331e+05,        +4.46003784376100288e+05,        +9.18942772153924592e+06,        -7.93750133365304489e+06
        -7.03822538516299205e-05,        +6.09629079766727810e-05,        +6.91485309634971023e+08,        +4.18583844013372803e+09,        -4.08110363918134642e+09,        +8.26436655609838128e+08,        -1.54278642246935940e+09,        -1.96084699543841400e+10,        +8.09238826696359406e+10,        -9.33783105544711151e+10,        +2.31627634852404877e+11,        -8.95990950080009003e+10,        -2.49473273001836243e+11,        +2.98617700273279297e+11,        -1.74211076085503815e+11,        -1.17966366806384888e+11,        -3.97899088112939148e+10,        +3.21156783938310059e+11,        -2.61657813603080048e+11,        +2.58872511326507812e+11,        +1.44785858116423431e+11,        +2.95729776501902405e+11,        +4.60639906718056393e+09,        +7.15696714166187763e+09,        -2.52400830515824646e+08,        +3.24611118009277058e+09,        +1.21412799629690909e+09,        +8.10706469096837759e+08,        -7.65411739664482832e+08,        -5.06271509199966490e+08,        +1.62360007204037130e+08,        -2.01210604909776039e+07,        +4.62307811806591451e+07,        +1.19829288794276789e+07,        +1.29576349369236995e+07,        -2.26730000769002410e+06,        -1.35546148928556657e+09,        -1.40607715214469910e+08,        -2.62858559419154495e+08,        +1.09545297588311899e+07,        +1.51831146192412395e+07,        +1.06665984464692287e+07,        -1.35547079959641751e+07,        -1.33968488065794576e+07,        +1.11731258055489301e+06,        +3.61806128946764767e+06,        +1.14172411209322512e+06,        +1.42051766368938796e+06,        +8.99221061866275597e+09,        +9.32799787977663636e+08,        +1.74381902245054436e+09,        -7.26729896780313402e+07,        -1.00725668403516635e+08,        -7.07628365494231731e+07,        +8.99227238380825073e+07,        +8.88754767637396157e+07,        -7.41231686082560848e+06,        -2.40024297283958830e+07,        -7.57426438560000155e+06,        -9.42379707604853995e+06,        -7.09966639098702621e+09,        -7.36478223772932172e+08,        -1.37680641954281855e+09,        +5.73778800597527102e+07,        +7.95264560629805624e+07,        +5.58697470161747187e+07,        -7.09971515674065500e+07,        -7.01703131878271550e+07,        +5.85228473040102888e+06,        +1.89507620396531485e+07,        +5.98014799423050508e+06,        +7.44041907086171955e+06,        -1.60114941711421466e+09,        -1.52681999532957911e+08,        -2.65613370039248437e+08,        -5.97834873883811291e+06,        +3.76702321178509714e+06,        -3.85930123867212655e+06,        -8.71222746021032520e+06,        -1.44309329691085182e+07,        +3.99948290842183109e+05,        -3.25761432322611287e+06,        +4.57888673789885652e+05,        +1.43557695110748243e+06,        +1.06221186691397038e+10,        +1.01290129474838591e+09,        +1.76209459686282110e+09,        +3.96607144034642503e+07,        -2.49906518138093129e+07,        +2.56028296291157156e+07,        +5.77974253781278133e+07,        +9.57356514425392002e+07,        -2.65328030066179950e+06,        +2.16112035202575214e+07,        -3.03766018228155049e+06,        -9.52370126757364348e+06,        -8.38653609378889751e+09,        -7.99721179215638161e+08,        -1.39123562799146581e+09,        -3.13135282339154184e+07,        +1.97309981155386008e+07,        -2.02143340209074430e+07,        -4.56330991170330569e+07,        -7.55866622557960153e+07,        +2.09485806942518731e+06,        -1.70628048883901685e+07,        +2.39833949825688312e+06,        +7.51929694205141626e+06
        +0.00000000000000000e+00,        +0.00000000000000000e+00,        -4.98859041512734781e+05,        +2.91032247891662002e+05,        +2.75308723194664381e+07,        +9.79578426380319297e+07,        +3.59836309732656628e+07,        +1.60247720695016885e+09,        -2.70054232787856340e+09,        -1.04095358525907326e+09,        +2.50974099454602051e+09,        +9.78697608422479749e+08,        -7.20885230891627312e+08,        -1.51945259975308824e+09,        -5.63451621978066206e+08,        -6.58227045818811798e+09,        +6.68391227830765247e+09,        -1.13931353883939037e+10,        -6.13371276071571541e+09,        +3.67206829624374771e+09,        -1.60275357022758555e+09,        +4.60639906718056393e+09,        +0.00000000000000000e+00,        +0.00000000000000000e+00,        +0.00000000000000000e+00,        +0.00000000000000000e+00,        +0.00000000000000000e+00,        +0.00000000000000000e+00,        +0.00000000000000000e+00,        +0.00000000000000000e+00,        +0.00000000000000000e+00,        +0.00000000000000000e+00,        +0.00000000000000000e+00,        +0.00000000000000000e+00,        +0.00000000000000000e+00,        +0.00000000000000000e+00,        +0.00000000000000000e+00,        +0.00000000000000000e+00,        +0.00000000000000000e+00,        +0.00000000000000000e+00,        +0.00000000000000000e+00,        +0.00000000000000000e+00,        +0.00000000000000000e+00,        +0.00000000000000000e+00,        +0.00000000000000000e+00,        +0.00000000000000000e+00,        +0.00000000000000000e+00,        +0.00000000000000000e+00,        +0.00000000000000000e+00,        +0.00000000000000000e+00,        +0.00000000000000000e+00,        +0.00000000000000000e+00,        +0.00000000000000000e+00,        +0.00000000000000000e+00,        +0.00000000000000000e+00,        +0.00000000000000000e+00,        +0.00000000000000000e+00,        +0.00000000000000000e+00,        +0.00000000000000000e+00,        +0.00000000000000000e+00,        +0.00000000000000000e+00,        +0.00000000000000000e+00,        +0.00000000000000000e+00,        +0.00000000000000000e+00,        +0.00000000000000000e+00,        +0.00000000000000000e+00,        +0.00000000000000000e+00,        +0.00000000000000000e+00,        +0.00000000000000000e+00,        +0.00000000000000000e+00,        +0.00000000000000000e+00,        +0.00000000000000000e+00,        +0.00000000000000000e+00,        +0.00000000000000000e+00,        +0.00000000000000000e+00,        +0.00000000000000000e+00,        +0.00000000000000000e+00,        +0.00000000000000000e+00,        +0.00000000000000000e+00,        +0.00000000000000000e+00,        +0.00000000000000000e+00,        +0.00000000000000000e+00,        +0.00000000000000000e+00,        +0.00000000000000000e+00,        +0.00000000000000000e+00,        +0.00000000000000000e+00,        +0.00000000000000000e+00,        +0.00000000000000000e+00,        +0.00000000000000000e+00,        +0.00000000000000000e+00,        +0.00000000000000000e+00,        +0.00000000000000000e+00,        +0.00000000000000000e+00,        +0.00000000000000000e+00,        +0.00000000000000000e+00,        +0.00000000000000000e+00,        +0.00000000000000000e+00,        +0.00000000000000000e+00,        +0.00000000000000000e+00,        +0.00000000000000000e+00,        +0.00000000000000000e+00,        +0.00000000000000000e+00,        +0.00000000000000000e+00,        +0.00000000000000000e+00,        +0.00000000000000000e+00,        +0.00000000000000000e+00,        +0.00000000000000000e+00,        +0.00000000000000000e+00
        +0.00000000000000000e+00,        +0.00000000000000000e+00,        -6.07099038053611948e+04,        -1.81157857657774031e+05,        -4.06332357061044335e+08,        -1.46152144064227819e+08,        +1.70569733693792772e+09,        -1.47414262451167375e+08,        -3.79388834274450362e+08,        +3.38737067960032129e+09,        +3.28194025309378433e+09,        +4.85583862551189137e+09,        +4.44572042391785240e+09,        +3.64260259611615086e+09,        -1.31294191012082264e+08,        +3.12983809544508171e+09,        -2.96844317695533323e+09,        -2.19620786695171446e+08,        -2.40138014657525361e+08,        -2.54255345136081648e+09,        -6.99673733927513123e+09,        +7.15696714166187763e+09,        +0.00000000000000000e+00,        +0.00000000000000000e+00,        +0.00000000000000000e+00,        +0.00000000000000000e+00,        +0.00000000000000000e+00,        +0.00000000000000000e+00,        +0.00000000000000000e+00,        +0.00000000000000000e+00,        +0.00000000000000000e+00,        +0.00000000000000000e+00,        +0.00000000000000000e+00,        +0.00000000000000000e+00,        +0.00000000000000000e+00,        +0.00000000000000000e+00,        +0.00000000000000000e+00,        +0.00000000000000000e+00,        +0.00000000000000000e+00,        +0.00000000000000000e+00,        +0.00000000000000000e+00,        +0.00000000000000000e+00,        +0.00000000000000000e+00,        +0.00000000000000000e+00,        +0.00000000000000000e+00,        +0.00000000000000000e+00,        +0.00000000000000000e+00,        +0.00000000000000000e+00,        +0.00000000000000000e+00,        +0.00000000000000000e+00,        +0.00000000000000000e+00,        +0.00000000000000000e+00,        +0.00000000000000000e+00,        +0.00000000000000000e+00,        +0.00000000000000000e+00,        +0.00000000000000000e+00,        +0.00000000000000000e+00,        +0.00000000000000000e+00,        +0.00000000000000000e+00,        +0.00000000000000000e+00,        +0.00000000000000000e+00,        +0.00000000000000000e+00,        +0.00000000000000000e+00,        +0.00000000000000000e+00,        +0.00000000000000000e+00,        +0.00000000000000000e+00,        +0.00000000000000000e+00,        +0.00000000000000000e+00,        +0.00000000000000000e+00,        +0.00000000000000000e+00,        +0.00000000000000000e+00,        +0.00000000000000000e+00,        +0.00000000000000000e+00,        +0.00000000000000000e+00,        +0.00000000000000000e+00,        +0.00000000000000000e+00,        +0.00000000000000000e+00,        +0.00000000000000000e+00,        +0.00000000000000000e+00,        +0.00000000000000000e+00,        +0.00000000000000000e+00,        +0.00000000000000000e+00,        +0.00000000000000000e+00,        +0.00000000000000000e+00,        +0.00000000000000000e+00,        +0.00000000000000000e+00,        +0.00000000000000000e+00,        +0.00000000000000000e+00,        +0.00000000000000000e+00,        +0.00000000000000000e+00,        +0.00000000000000000e+00,        +0.00000000000000000e+00,        +0.00000000000000000e+00,        +0.00000000000000000e+00,        +0.00000000000000000e+00,        +0.00000000000000000e+00,        +0.00000000000000000e+00,        +0.00000000000000000e+00,        +0.00000000000000000e+00,        +0.00000000000000000e+00,        +0.00000000000000000e+00,        +0.00000000000000000e+00,        +0.00000000000000000e+00,        +0.00000000000000000e+00,        +0.00000000000000000e+00,        +0.00000000000000000e+00,        +0.00000000000000000e+00,        +0.00000000000000000e+00
        +0.00000000000000000e+00,        +0.00000000000000000e+00,        +2.19542971057514165e+05,        -1.00401246542442779e+05,        +2.14271396853726953e+08,        -3.70678808398575522e+06,        -8.97471249721555471e+08,        -5.14106862609212995e+08,        +6.42970319110187292e+08,        -1.41808378673381996e+09,        -1.95257889554199886e+09,        -1.74377932166810513e+09,        -1.86550067139731383e+09,        +4.65220553603143454e+08,        +1.13135121684904903e+08,        +2.81163343278307796e+08,        -2.27220232530027580e+09,        -2.72889075323138177e+08,        -5.52007781344153214e+09,        -3.85595090078042555e+09,        -1.58225274607985640e+09,        -2.52400830515824646e+08,        +0.00000000000000000e+00,        +0.00000000000000000e+00,        +0.00000000000000000e+00,        +0.00000000000000000e+00,        +0.00000000000000000e+00,        +0.00000000000000000e+00,        +0.00000000000000000e+00,        +0.00000000000000000e+00,        +0.00000000000000000e+00,        +0.00000000000000000e+00,        +0.00000000000000000e+00,        +0.00000000000000000e+00,        +0.00000000000000000e+00,        +0.00000000000000000e+00,        +0.00000000000000000e+00,        +0.00000000000000000e+00,        +0.00000000000000000e+00,        +0.00000000000000000e+00,        +0.00000000000000000e+00,        +0.00000000000000000e+00,        +0.00000000000000000e+00,        +0.00000000000000000e+00,        +0.00000000000000000e+00,        +0.00000000000000000e+00,        +0.00000000000000000e+00,        +0.00000000000000000e+00,        +0.00000000000000000e+00,        +0.00000000000000000e+00,        +0.00000000000000000e+00,        +0.00000000000000000e+00,        +0.00000000000000000e+00,        +0.00000000000000000e+00,        +0.00000000000000000e+00,        +0.00000000000000000e+00,        +0.00000000000000000e+00,        +0.00000000000000000e+00,        +0.00000000000000000e+00,        +0.00000000000000000e+00,        +0.00000000000000000e+00,        +0.00000000000000000e+00,        +0.00000000000000000e+00,        +0.00000000000000000e+00,        +0.00000000000000000e+00,        +0.00000000000000000e+00,        +0.00000000000000000e+00,        +0.00000000000000000e+00,        +0.00000000000000000e+00,        +0.00000000000000000e+00,        +0.00000000000000000e+00,        +0.00000000000000000e+00,        +0.00000000000000000e+00,        +0.00000000000000000e+00,        +0.00000000000000000e+00,        +0.00000000000000000e+00,        +0.00000000000000000e+00,        +0.00000000000000000e+00,        +0.00000000000000000e+00,        +0.00000000000000000e+00,        +0.00000000000000000e+00,        +0.00000000000000000e+00,        +0.00000000000000000e+00,        +0.00000000000000000e+00,        +0.00000000000000000e+00,        +0.00000000000000000e+00,        +0.00000000000000000e+00,        +0.00000000000000000e+00,        +0.00000000000000000e+00,        +0.00000000000000000e+00,        +0.00000000000000000e+00,        +0.00000000000000000e+00,        +0.00000000000000000e+00,        +0.00000000000000000e+00,        +0.00000000000000000e+00,        +0.00000000000000000e+00,        +0.00000000000000000e+00,        +0.00000000000000000e+00,        +0.00000000000000000e+00,        +0.00000000000000000e+00,        +0.00000000000000000e+00,        +0.00000000000000000e+00,        +0.00000000000000000e+00,        +0.00000000000000000e+00,        +0.00000000000000000e+00,        +0.00000000000000000e+00,        +0.00000000000000000e+00,        +0.00000000000000000e+00
        +0.00000000000000000e+00,        +0.00000000000000000e+00,        +4.13744812082786637e+05,        -2.15043156733878364e+05,        -8.66373541243970841e+07,        -3.95818745138699412e+07,        +4.44377033321036816e+08,        -5.31249315829308927e+08,        +9.82884440325503230e+08,        +3.50857948627702817e+07,        -7.70832117319447041e+08,        -3.18501251986794949e+09,        +3.58456023246021688e+08,        -4.61097658152877331e+09,        +1.36011505237908870e+08,        +1.85992675129362941e+09,        +3.49343486397036791e+08,        +1.79552046560621262e+09,        -8.11487762877199888e+08,        +2.64495782166368246e+09,        -1.64370296556722307e+09,        +3.24611118009277058e+09,        +0.00000000000000000e+00,        +0.00000000000000000e+00,        +0.00000000000000000e+00,        +0.00000000000000000e+00,        +0.00000000000000000e+00,        +0.00000000000000000e+00,        +0.00000000000000000e+00,        +0.00000000000000000e+00,        +0.00000000000000000e+00,        +0.00000000000000000e+00,        +0.00000000000000000e+00,        +0.00000000000000000e+00,        +0.00000000000000000e+00,        +0.00000000000000000e+00,        +0.00000000000000000e+00,        +0.00000000000000000e+00,        +0.00000000000000000e+00,        +0.00000000000000000e+00,        +0.00000000000000000e+00,        +0.00000000000000000e+00,        +0.00000000000000000e+00,        +0.00000000000000000e+00,        +0.00000000000000000e+00,        +0.00000000000000000e+00,        +0.00000000000000000e+00,        +0.00000000000000000e+00,        +0.00000000000000000e+00,        +0.00000000000000000e+00,        +0.00000000000000000e+00,        +0.00000000000000000e+00,        +0.00000000000000000e+00,        +0.00000000000000000e+00,        +0.00000000000000000e+00,        +0.00000000000000000e+00,        +0.00000000000000000e+00,        +0.00000000000000000e+00,        +0.00000000000000000e+00,        +0.00000000000000000e+00,        +0.00000000000000000e+00,        +0.00000000000000000e+00,        +0.00000000000000000e+00,        +0.00000000000000000e+00,        +0.00000000000000000e+00,        +0.00000000000000000e+00,        +0.00000000000000000e+00,        +0.00000000000000000e+00,        +0.00000000000000000e+00,        +0.00000000000000000e+00,        +0.00000000000000000e+00,        +0.00000000000000000e+00,        +0.00000000000000000e+00,        +0.00000000000000000e+00,        +0.00000000000000000e+00,        +0.00000000000000000e+00,        +0.00000000000000000e+00,        +0.00000000000000000e+00,        +0.00000000000000000e+00,        +0.00000000000000000e+00,        +0.00000000000000000e+00,        +0.00000000000000000e+00,        +0.00000000000000000e+00,        +0.00000000000000000e+00,        +0.00000000000000000e+00,        +0.00000000000000000e+00,        +0.00000000000000000e+00,        +0.00000000000000000e+00,        +0.00000000000000000e+00,        +0.00000000000000000e+00,        +0.00000000000000000e+00,        +0.00000000000000000e+00,        +0.00000000000000000e+00,        +0.00000000000000000e+00,        +0.00000000000000000e+00,        +0.00000000000000000e+00,        +0.00000000000000000e+00,        +0.00000000000000000e+00,        +0.00000000000000000e+00,        +0.00000000000000000e+00,        +0.00000000000000000e+00,        +0.00000000000000000e+00,        +0.00000000000000000e+00,        +0.00000000000000000e+00,        +0.00000000000000000e+00,        +0.00000000000000000e+00,        +0.00000000000000000e+00,        +0.00000000000000000e+00
        +0.00000000000000000e+00,        +0.00000000000000000e+00,        +2.04281259989982100e+04,        +2.18290296678545346e+04,        -3.49858506228548586e+08,        -6.62153874085802138e+07,        +1.67057506413120317e+09,        +1.28364615039481735e+09,        -1.63156127499932480e+09,        -1.56902620920004177e+09,        -1.63411374456320524e+08,        -7.00628442212979436e+08,        +1.91445333095318103e+09,        -9.10059639021839142e+08,        -3.57918242920120120e+08,        -1.78565563990725970e+09,        -1.58640645254296660e+09,        +3.80447403217553258e+08,        +3.65254913944771230e+08,        -1.36325801899996328e+09,        +1.50436148827396345e+09,        +1.21412799629690909e+09,        +0.00000000000000000e+00,        +0.00000000000000000e+00,        +0.00000000000000000e+00,        +0.00000000000000000e+00,        +0.00000000000000000e+00,        +0.00000000000000000e+00,        +0.00000000000000000e+00,        +0.00000000000000000e+00,        +0.00000000000000000e+00,        +0.00000000000000000e+00,        +0.00000000000000000e+00,        +0.00000000000000000e+00,        +0.00000000000000000e+00,        +0.00000000000000000e+00,        +0.00000000000000000e+00,        +0.00000000000000000e+00,        +0.00000000000000000e+00,        +0.00000000000000000e+00,        +0.00000000000000000e+00,        +0.00000000000000000e+00,        +0.00000000000000000e+00,        +0.00000000000000000e+00,        +0.00000000000000000e+00,        +0.00000000000000000e+00,        +0.00000000000000000e+00,        +0.00000000000000000e+00,        +0.00000000000000000e+00,        +0.00000000000000000e+00,        +0.00000000000000000e+00,        +0.00000000000000000e+00,        +0.00000000000000000e+00,        +0.00000000000000000e+00,        +0.00000000000000000e+00,        +0.00000000000000000e+00,        +0.00000000000000000e+00,        +0.00000000000000000e+00,        +0.00000000000000000e+00,        +0.00000000000000000e+00,        +0.00000000000000000e+00,        +0.00000000000000000e+00,        +0.00000000000000000e+00,        +0.00000000000000000e+00,        +0.00000000000000000e+00,        +0.00000000000000000e+00,        +0.00000000000000000e+00,        +0.00000000000000000e+00,        +0.00000000000000000e+00,        +0.00000000000000000e+00,        +0.00000000000000000e+00,        +0.00000000000000000e+00,        +0.00000000000000000e+00,        +0.00000000000000000e+00,        +0.00000000000000000e+00,        +0.00000000000000000e+00,        +0.00000000000000000e+00,        +0.00000000000000000e+00,        +0.00000000000000000e+00,        +0.00000000000000000e+00,        +0.00000000000000000e+00,        +0.00000000000000000e+00,        +0.00000000000000000e+00,        +0.00000000000000000e+00,        +0.00000000000000000e+00,        +0.00000000000000000e+00,        +0.00000000000000000e+00,        +0.00000000000000000e+00,        +0.00000000000000000e+00,        +0.00000000000000000e+00,        +0.00000000000000000e+00,        +0.00000000000000000e+00,        +0.00000000000000000e+00,        +0.00000000000000000e+00,        +0.00000000000000000e+00,        +0.00000000000000000e+00,        +0.00000000000000000e+00,        +0.00000000000000000e+00,        +0.00000000000000000e+00,        +0.00000000000000000e+00,        +0.00000000000000000e+00,        +0.00000000000000000e+00,        +0.00000000000000000e+00,        +0.00000000000000000e+00,        +0.00000000000000000e+00,        +0.00000000000000000e+00,        +0.00000000000000000e+00,        +0.00000000000000000e+00
        +0.00000000000000000e+00,        +0.00000000000000000e+00,        -1.36426727805679766e+04,        +3.42770869810867443e+04,        +1.33928665524415165e+08,        +1.41099963911940083e+07,        -6.24507234836825132e+08,        -1.22150220526889667e+08,        +1.75351111081167370e+08,        +1.23850577719666049e+08,        +2.78010169425144732e+08,        -4.34789874458916008e+08,        -5.38251160286439300e+08,        -5.20792597564986348e+08,        -1.76302975873654746e+07,        -4.64644250379295886e+08,        +1.99723511961154962e+09,        +4.97609249578307807e+08,        +1.12348238621990442e+09,        -2.37520894507980061e+09,        -3.08416833346297801e+08,        +8.10706469096837759e+08,        +0.00000000000000000e+00,        +0.00000000000000000e+00,        +0.00000000000000000e+00,        +0.00000000000000000e+00,        +0.00000000000000000e+00,        +0.00000000000000000e+00,        +0.00000000000000000e+00,        +0.00000000000000000e+00,        +0.00000000000000000e+00,        +0.00000000000000000e+00,        +0.00000000000000000e+00,        +0.00000000000000000e+00,        +0.00000000000000000e+00,        +0.00000000000000000e+00,        +0.00000000000000000e+00,        +0.00000000000000000e+00,        +0.00000000000000000e+00,        +0.00000000000000000e+00,        +0.00000000000000000e+00,        +0.00000000000000000e+00,        +0.00000000000000000e+00,        +0.00000000000000000e+00,        +0.00000000000000000e+00,        +0.00000000000000000e+00,        +0.00000000000000000e+00,        +0.00000000000000000e+00,        +0.00000000000000000e+00,        +0.00000000000000000e+00,        +0.00000000000000000e+00,        +0.00000000000000000e+00,        +0.00000000000000000e+00,        +0.00000000000000000e+00,        +0.00000000000000000e+00,        +0.00000000000000000e+00,        +0.00000000000000000e+00,        +0.00000000000000000e+00,        +0.00000000000000000e+00,        +0.00000000000000000e+00,        +0.00000000000000000e+00,        +0.00000000000000000e+00,        +0.00000000000000000e+00,        +0.00000000000000000e+00,        +0.00000000000000000e+00,        +0.00000000000000000e+00,        +0.00000000000000000e+00,        +0.00000000000000000e+00,        +0.00000000000000000e+00,        +0.00000000000000000e+00,        +0.00000000000000000e+00,        +0.00000000000000000e+00,        +0.00000000000000000e+00,        +0.00000000000000000e+00,        +0.00000000000000000e+00,        +0.00000000000000000e+00,        +0.00000000000000000e+00,        +0.00000000000000000e+00,        +0.00000000000000000e+00,        +0.00000000000000000e+00,        +0.00000000000000000e+00,        +0.00000000000000000e+00,        +0.00000000000000000e+00,        +0.00000000000000000e+00,        +0.00000000000000000e+00,        +0.00000000000000000e+00,        +0.00000000000000000e+00,        +0.00000000000000000e+00,        +0.00000000000000000e+00,        +0.00000000000000000e+00,        +0.00000000000000000e+00,        +0.00000000000000000e+00,        +0.00000000000000000e+00,        +0.00000000000000000e+00,        +0.00000000000000000e+00,        +0.00000000000000000e+00,        +0.00000000000000000e+00,        +0.00000000000000000e+00,        +0.00000000000000000e+00,        +0.00000000000000000e+00,        +0.00000000000000000e+00,        +0.00000000000000000e+00,        +0.00000000000000000e+00,        +0.00000000000000000e+00,        +0.00000000000000000e+00,        +0.00000000000000000e+00,        +0.00000000000000000e+00,        +0.00000000000000000e+00
        +0.00000000000000000e+00,        +0.00000000000000000e+00,        -1.88840487966420296e+04,        -6.40567427682213529e+04,        -2.34993565432455748e+08,        +5.05811190051071905e+06,        +1.18143484735890913e+09,        +1.78329582518693238e+08,        -6.14548623170230150e+08,        +4.32239541894975364e+08,        +6.82293059078974605e+08,        +6.99127485372952104e+08,        -1.01731562243499011e+08,        -5.65156278650260091e+08,        -3.68936129594249278e+07,        +2.25974292882693529e+08,        +8.16517647216842890e+08,        +9.89752985881844521e+08,        -1.09264195083782434e+09,        -1.89548408598549396e+08,        +3.44971621589780822e+07,        -7.65411739664482832e+08,        +0.00000000000000000e+00,        +0.00000000000000000e+00,        +0.00000000000000000e+00,        +0.00000000000000000e+00,        +0.00000000000000000e+00,        +0.00000000000000000e+00,        +0.00000000000000000e+00,        +0.00000000000000000e+00,        +0.00000000000000000e+00,        +0.00000000000000000e+00,        +0.00000000000000000e+00,        +0.00000000000000000e+00,        +0.00000000000000000e+00,        +0.00000000000000000e+00,        +0.00000000000000000e+00,        +0.00000000000000000e+00,        +0.00000000000000000e+00,        +0.00000000000000000e+00,        +0.00000000000000000e+00,        +0.00000000000000000e+00,        +0.00000000000000000e+00,        +0.00000000000000000e+00,        +0.00000000000000000e+00,        +0.00000000000000000e+00,        +0.00000000000000000e+00,        +0.00000000000000000e+00,        +0.00000000000000000e+00,        +0.00000000000000000e+00,        +0.00000000000000000e+00,        +0.00000000000000000e+00,        +0.00000000000000000e+00,        +0.00000000000000000e+00,        +0.00000000000000000e+00,        +0.00000000000000000e+00,        +0.00000000000000000e+00,        +0.00000000000000000e+00,        +0.00000000000000000e+00,        +0.00000000000000000e+00,        +0.00000000000000000e+00,        +0.00000000000000000e+00,        +0.00000000000000000e+00,        +0.00000000000000000e+00,        +0.00000000000000000e+00,        +0.00000000000000000e+00,        +0.00000000000000000e+00,        +0.00000000000000000e+00,        +0.00000000000000000e+00,        +0.00000000000000000e+00,        +0.00000000000000000e+00,        +0.00000000000000000e+00,        +0.00000000000000000e+00,        +0.00000000000000000e+00,        +0.00000000000000000e+00,        +0.00000000000000000e+00,        +0.00000000000000000e+00,        +0.00000000000000000e+00,        +0.00000000000000000e+00,        +0.00000000000000000e+00,        +0.00000000000000000e+00,        +0.00000000000000000e+00,        +0.00000000000000000e+00,        +0.00000000000000000e+00,        +0.00000000000000000e+00,        +0.00000000000000000e+00,        +0.00000000000000000e+00,        +0.00000000000000000e+00,        +0.00000000000000000e+00,        +0.00000000000000000e+00,        +0.00000000000000000e+00,        +0.00000000000000000e+00,        +0.00000000000000000e+00,        +0.00000000000000000e+00,        +0.00000000000000000e+00,        +0.00000000000000000e+00,        +0.00000000000000000e+00,        +0.00000000000000000e+00,        +0.00000000000000000e+00,        +0.00000000000000000e+00,        +0.00000000000000000e+00,        +0.00000000000000000e+00,        +0.00000000000000000e+00,        +0.00000000000000000e+00,        +0.00000000000000000e+00,        +0.00000000000000000e+00,        +0.00000000000000000e+00,        +0.00000000000000000e+00
        +0.00000000000000000e+00,        +0.00000000000000000e+00,        +1.85788795521354405e+04,        +1.56313027451521903e+04,        -1.99074874974292219e+07,        +7.92094616699632164e+06,        +1.37360229153472543e+08,        +4.93376030955641270e+07,        -1.48559929272905588e+08,        -2.71953439349196017e+08,        -8.69250670869727135e+07,        -1.57012376390706718e+08,        +1.73982691281505525e+08,        -8.88621054429778457e+07,        -3.29249715772622675e+07,        -1.68350373693612993e+08,        +2.57092180625534616e+07,        -7.32627835908122063e+07,        +2.56291203217778802e+08,        +2.47984153948816508e+07,        -7.94597556145273924e+08,        -5.06271509199966490e+08,        +0.00000000000000000e+00,        +0.00000000000000000e+00,        +0.00000000000000000e+00,        +0.00000000000000000e+00,        +0.00000000000000000e+00,        +0.00000000000000000e+00,        +0.00000000000000000e+00,        +0.00000000000000000e+00,        +0.00000000000000000e+00,        +0.00000000000000000e+00,        +0.00000000000000000e+00,        +0.00000000000000000e+00,        +0.00000000000000000e+00,        +0.00000000000000000e+00,        +0.00000000000000000e+00,        +0.00000000000000000e+00,        +0.00000000000000000e+00,        +0.00000000000000000e+00,        +0.00000000000000000e+00,        +0.00000000000000000e+00,        +0.00000000000000000e+00,        +0.00000000000000000e+00,        +0.00000000000000000e+00,        +0.00000000000000000e+00,        +0.00000000000000000e+00,        +0.00000000000000000e+00,        +0.00000000000000000e+00,        +0.00000000000000000e+00,        +0.00000000000000000e+00,        +0.00000000000000000e+00,        +0.00000000000000000e+00,        +0.00000000000000000e+00,        +0.00000000000000000e+00,        +0.00000000000000000e+00,        +0.00000000000000000e+00,        +0.00000000000000000e+00,        +0.00000000000000000e+00,        +0.00000000000000000e+00,        +0.00000000000000000e+00,        +0.00000000000000000e+00,        +0.00000000000000000e+00,        +0.00000000000000000e+00,        +0.00000000000000000e+00,        +0.00000000000000000e+00,        +0.00000000000000000e+00,        +0.00000000000000000e+00,        +0.00000000000000000e+00,        +0.00000000000000000e+00,        +0.00000000000000000e+00,        +0.00000000000000000e+00,        +0.00000000000000000e+00,        +0.00000000000000000e+00,        +0.00000000000000000e+00,        +0.00000000000000000e+00,        +0.00000000000000000e+00,        +0.00000000000000000e+00,        +0.00000000000000000e+00,        +0.00000000000000000e+00,        +0.00000000000000000e+00,        +0.00000000000000000e+00,        +0.00000000000000000e+00,        +0.00000000000000000e+00,        +0.00000000000000000e+00,        +0.00000000000000000e+00,        +0.00000000000000000e+00,        +0.00000000000000000e+00,        +0.00000000000000000e+00,        +0.00000000000000000e+00,        +0.00000000000000000e+00,        +0.00000000000000000e+00,        +0.00000000000000000e+00,        +0.00000000000000000e+00,        +0.00000000000000000e+00,        +0.00000000000000000e+00,        +0.00000000000000000e+00,        +0.00000000000000000e+00,        +0.00000000000000000e+00,        +0.00000000000000000e+00,        +0.00000000000000000e+00,        +0.00000000000000000e+00,        +0.00000000000000000e+00,        +0.00000000000000000e+00,        +0.00000000000000000e+00,        +0.00000000000000000e+00,        +0.00000000000000000e+00,        +0.00000000000000000e+00
        +0.00000000000000000e+00,        +0.00000000000000000e+00,        -1.18950077812668096e+04,        +3.38843694357387676e+02,        -5.93233644382579625e+07,        -2.38625327388052158e+07,        +2.20857905432311714e+08,        +2.53508738088946581e+08,        -1.41923454916068792e+08,        -7.60682598561202437e+07,        -4.96968794180661887e+07,        -1.05504461767191857e+08,        -4.37067814292789996e+08,        +2.36658903870668352e+08,        -3.32013830562985688e+06,        +6.50001583705513775e+07,        +4.60044228360323794e+06,        +6.60946124881617650e+07,        +1.07095704403692335e+08,        +9.22867494621801078e+07,        -7.37462356626995057e+07,        +1.62360007204037130e+08,        +0.00000000000000000e+00,        +0.00000000000000000e+00,        +0.00000000000000000e+00,        +0.00000000000000000e+00,        +0.00000000000000000e+00,        +0.00000000000000000e+00,        +0.00000000000000000e+00,        +0.00000000000000000e+00,        +0.00000000000000000e+00,        +0.00000000000000000e+00,        +0.00000000000000000e+00,        +0.00000000000000000e+00,        +0.00000000000000000e+00,        +0.00000000000000000e+00,        +0.00000000000000000e+00,        +0.00000000000000000e+00,        +0.00000000000000000e+00,        +0.00000000000000000e+00,        +0.00000000000000000e+00,        +0.00000000000000000e+00,        +0.00000000000000000e+00,        +0.00000000000000000e+00,        +0.00000000000000000e+00,        +0.00000000000000000e+00,        +0.00000000000000000e+00,        +0.00000000000000000e+00,        +0.00000000000000000e+00,        +0.00000000000000000e+00,        +0.00000000000000000e+00,        +0.00000000000000000e+00,        +0.00000000000000000e+00,        +0.00000000000000000e+00,        +0.00000000000000000e+00,        +0.00000000000000000e+00,        +0.00000000000000000e+00,        +0.00000000000000000e+00,        +0.00000000000000000e+00,        +0.00000000000000000e+00,        +0.00000000000000000e+00,        +0.00000000000000000e+00,        +0.00000000000000000e+00,        +0.00000000000000000e+00,        +0.00000000000000000e+00,        +0.00000000000000000e+00,        +0.00000000000000000e+00,        +0.00000000000000000e+00,        +0.00000000000000000e+00,        +0.00000000000000000e+00,        +0.00000000000000000e+00,        +0.00000000000000000e+00,        +0.00000000000000000e+00,        +0.00000000000000000e+00,        +0.00000000000000000e+00,        +0.00000000000000000e+00,        +0.00000000000000000e+00,        +0.00000000000000000e+00,        +0.00000000000000000e+00,        +0.00000000000000000e+00,        +0.00000000000000000e+00,        +0.00000000000000000e+00,        +0.00000000000000000e+00,        +0.00000000000000000e+00,        +0.00000000000000000e+00,        +0.00000000000000000e+00,        +0.00000000000000000e+00,        +0.00000000000000000e+00,        +0.00000000000000000e+00,        +0.00000000000000000e+00,        +0.00000000000000000e+00,        +0.00000000000000000e+00,        +0.00000000000000000e+00,        +0.00000000000000000e+00,        +0.00000000000000000e+00,        +0.00000000000000000e+00,        +0.00000000000000000e+00,        +0.00000000000000000e+00,        +0.00000000000000000e+00,        +0.00000000000000000e+00,        +0.00000000000000000e+00,        +0.00000000000000000e+00,        +0.00000000000000000e+00,        +0.00000000000000000e+00,        +0.00000000000000000e+00,        +0.00000000000000000e+00,        +0.00000000000000000e+00,        +0.00000000000000000e+00
        +0.00000000000000000e+00,        +0.00000000000000000e+00,        -5.46996834036477594e+03,        -1.00212663356462599e+04,        -2.79135544790432900e+07,        +1.26208233672812078e+07,        +1.22616789585490137e+08,        -7.00893978840828035e+06,        +6.65086607448564991e+07,        +1.08714147344361036e+06,        -5.85123538655030355e+07,        +1.71237388332014769e+08,        -1.37786009103540391e+08,        -2.24181173335501671e+08,        +7.51599533781984299e+07,        +8.40573896106310934e+07,        -1.06008033226991639e+08,        -1.84247106747572482e+08,        +1.01377211705728903e+08,        -9.13823061056893617e+07,        +1.15467153385618441e+07,        -2.01210604909776039e+07,        +0.00000000000000000e+00,        +0.00000000000000000e+00,        +0.00000000000000000e+00,        +0.00000000000000000e+00,        +0.00000000000000000e+00,        +0.00000000000000000e+00,        +0.00000000000000000e+00,        +0.00000000000000000e+00,        +0.00000000000000000e+00,        +0.00000000000000000e+00,        +0.00000000000000000e+00,        +0.00000000000000000e+00,        +0.00000000000000000e+00,        +0.00000000000000000e+00,        +0.00000000000000000e+00,        +0.00000000000000000e+00,        +0.00000000000000000e+00,        +0.00000000000000000e+00,        +0.00000000000000000e+00,        +0.00000000000000000e+00,        +0.00000000000000000e+00,        +0.00000000000000000e+00,        +0.00000000000000000e+00,        +0.00000000000000000e+00,        +0.00000000000000000e+00,        +0.00000000000000000e+00,        +0.00000000000000000e+00,        +0.00000000000000000e+00,        +0.00000000000000000e+00,        +0.00000000000000000e+00,        +0.00000000000000000e+00,        +0.00000000000000000e+00,        +0.00000000000000000e+00,        +0.00000000000000000e+00,        +0.00000000000000000e+00,        +0.00000000000000000e+00,        +0.00000000000000000e+00,        +0.00000000000000000e+00,        +0.00000000000000000e+00,        +0.00000000000000000e+00,        +0.00000000000000000e+00,        +0.00000000000000000e+00,        +0.00000000000000000e+00,        +0.00000000000000000e+00,        +0.00000000000000000e+00,        +0.00000000000000000e+00,        +0.00000000000000000e+00,        +0.00000000000000000e+00,        +0.00000000000000000e+00,        +0.00000000000000000e+00,        +0.00000000000000000e+00,        +0.00000000000000000e+00,        +0.00000000000000000e+00,        +0.00000000000000000e+00,        +0.00000000000000000e+00,        +0.00000000000000000e+00,        +0.00000000000000000e+00,        +0.00000000000000000e+00,        +0.00000000000000000e+00,        +0.00000000000000000e+00,        +0.00000000000000000e+00,        +0.00000000000000000e+00,        +0.00000000000000000e+00,        +0.00000000000000000e+00,        +0.00000000000000000e+00,        +0.00000000000000000e+00,        +0.00000000000000000e+00,        +0.00000000000000000e+00,        +0.00000000000000000e+00,        +0.00000000000000000e+00,        +0.00000000000000000e+00,        +0.00000000000000000e+00,        +0.00000000000000000e+00,        +0.00000000000000000e+00,        +0.00000000000000000e+00,        +0.00000000000000000e+00,        +0.00000000000000000e+00,        +0.00000000000000000e+00,        +0.00000000000000000e+00,        +0.00000000000000000e+00,        +0.00000000000000000e+00,        +0.00000000000000000e+00,        +0.00000000000000000e+00,        +0.00000000000000000e+00,        +0.00000000000000000e+00,        +0.00000000000000000e+00
        +0.00000000000000000e+00,        +0.00000000000000000e+00,        +1.45730502320810479e+03,        -2.50320027645504706e+04,        +1.47858221391051672e+07,        +3.92623359609117955e+07,        +4.52866920163120031e+07,        -2.00836807736982703e+08,        -7.27742814605627209e+07,        -6.99349090518428087e+07,        -7.77421197909254432e+07,        +5.97669357684853822e+07,        -2.74241262462446503e+07,        +2.66596228316588737e+07,        -2.05198631640376076e+07,        -3.01691830146051086e+07,        +2.21152458926319927e+07,        +3.41137335814421624e+07,        +1.03763734478972349e+07,        +2.32750848171979114e+07,        +5.93840940711199291e+04,        +4.62307811806591451e+07,        +0.00000000000000000e+00,        +0.00000000000000000e+00,        +0.00000000000000000e+00,        +0.00000000000000000e+00,        +0.00000000000000000e+00,        +0.00000000000000000e+00,        +0.00000000000000000e+00,        +0.00000000000000000e+00,        +0.00000000000000000e+00,        +0.00000000000000000e+00,        +0.00000000000000000e+00,        +0.00000000000000000e+00,        +0.00000000000000000e+00,        +0.00000000000000000e+00,        +0.00000000000000000e+00,        +0.00000000000000000e+00,        +0.00000000000000000e+00,        +0.00000000000000000e+00,        +0.00000000000000000e+00,        +0.00000000000000000e+00,        +0.00000000000000000e+00,        +0.00000000000000000e+00,        +0.00000000000000000e+00,        +0.00000000000000000e+00,        +0.00000000000000000e+00,        +0.00000000000000000e+00,        +0.00000000000000000e+00,        +0.00000000000000000e+00,        +0.00000000000000000e+00,        +0.00000000000000000e+00,        +0.00000000000000000e+00,        +0.00000000000000000e+00,        +0.00000000000000000e+00,        +0.00000000000000000e+00,        +0.00000000000000000e+00,        +0.00000000000000000e+00,        +0.00000000000000000e+00,        +0.00000000000000000e+00,        +0.00000000000000000e+00,        +0.00000000000000000e+00,        +0.00000000000000000e+00,        +0.00000000000000000e+00,        +0.00000000000000000e+00,        +0.00000000000000000e+00,        +0.00000000000000000e+00,        +0.00000000000000000e+00,        +0.00000000000000000e+00,        +0.00000000000000000e+00,        +0.00000000000000000e+00,        +0.00000000000000000e+00,        +0.00000000000000000e+00,        +0.00000000000000000e+00,        +0.00000000000000000e+00,        +0.00000000000000000e+00,        +0.00000000000000000e+00,        +0.00000000000000000e+00,        +0.00000000000000000e+00,        +0.00000000000000000e+00,        +0.00000000000000000e+00,        +0.00000000000000000e+00,        +0.00000000000000000e+00,        +0.00000000000000000e+00,        +0.00000000000000000e+00,        +0.00000000000000000e+00,        +0.00000000000000000e+00,        +0.00000000000000000e+00,        +0.00000000000000000e+00,        +0.00000000000000000e+00,        +0.00000000000000000e+00,        +0.00000000000000000e+00,        +0.00000000000000000e+00,        +0.00000000000000000e+00,        +0.00000000000000000e+00,        +0.00000000000000000e+00,        +0.00000000000000000e+00,        +0.00000000000000000e+00,        +0.00000000000000000e+00,        +0.00000000000000000e+00,        +0.00000000000000000e+00,        +0.00000000000000000e+00,        +0.00000000000000000e+00,        +0.00000000000000000e+00,        +0.00000000000000000e+00,        +0.00000000000000000e+00,        +0.00000000000000000e+00,        +0.00000000000000000e+00
        +0.00000000000000000e+00,        +0.00000000000000000e+00,        -4.97230615075612604e+03,        +2.45907654898315923e+03,        +1.16139215345545337e+07,        -1.56054209055110812e+06,        -6.07838763462700546e+07,        +8.81099269119933480e+05,        +3.27159029482338950e+06,        +1.15281152515215315e+07,        +6.13241211902765557e+07,        +4.77755443835177124e+07,        -6.84444544152526706e+07,        -4.37031714374835566e+07,        +3.75627116972988425e+06,        -1.10166949725390345e+08,        -7.06577957105381191e+07,        +6.48311400676255226e+07,        +1.58558044161808537e+06,        +2.57614817924466357e+07,        -3.29623012586862333e+07,        +1.19829288794276789e+07,        +0.00000000000000000e+00,        +0.00000000000000000e+00,        +0.00000000000000000e+00,        +0.00000000000000000e+00,        +0.00000000000000000e+00,        +0.00000000000000000e+00,        +0.00000000000000000e+00,        +0.00000000000000000e+00,        +0.00000000000000000e+00,        +0.00000000000000000e+00,        +0.00000000000000000e+00,        +0.00000000000000000e+00,        +0.00000000000000000e+00,        +0.00000000000000000e+00,        +0.00000000000000000e+00,        +0.00000000000000000e+00,        +0.00000000000000000e+00,        +0.00000000000000000e+00,        +0.00000000000000000e+00,        +0.00000000000000000e+00,        +0.00000000000000000e+00,        +0.00000000000000000e+00,        +0.00000000000000000e+00,        +0.00000000000000000e+00,        +0.00000000000000000e+00,        +0.00000000000000000e+00,        +0.00000000000000000e+00,        +0.00000000000000000e+00,        +0.00000000000000000e+00,        +0.00000000000000000e+00,        +0.00000000000000000e+00,        +0.00000000000000000e+00,        +0.00000000000000000e+00,        +0.00000000000000000e+00,        +0.00000000000000000e+00,        +0.00000000000000000e+00,        +0.00000000000000000e+00,        +0.00000000000000000e+00,        +0.00000000000000000e+00,        +0.00000000000000000e+00,        +0.00000000000000000e+00,        +0.00000000000000000e+00,        +0.00000000000000000e+00,        +0.00000000000000000e+00,        +0.00000000000000000e+00,        +0.00000000000000000e+00,        +0.00000000000000000e+00,        +0.00000000000000000e+00,        +0.00000000000000000e+00,        +0.00000000000000000e+00,        +0.00000000000000000e+00,        +0.00000000000000000e+00,        +0.00000000000000000e+00,        +0.00000000000000000e+00,        +0.00000000000000000e+00,        +0.00000000000000000e+00,        +0.00000000000000000e+00,        +0.00000000000000000e+00,        +0.00000000000000000e+00,        +0.00000000000000000e+00,        +0.00000000000000000e+00,        +0.00000000000000000e+00,        +0.00000000000000000e+00,        +0.00000000000000000e+00,        +0.00000000000000000e+00,        +0.00000000000000000e+00,        +0.00000000000000000e+00,        +0.00000000000000000e+00,        +0.00000000000000000e+00,        +0.00000000000000000e+00,        +0.00000000000000000e+00,        +0.00000000000000000e+00,        +0.00000000000000000e+00,        +0.00000000000000000e+00,        +0.00000000000000000e+00,        +0.00000000000000000e+00,        +0.00000000000000000e+00,        +0.00000000000000000e+00,        +0.00000000000000000e+00,        +0.00000000000000000e+00,        +0.00000000000000000e+00,        +0.00000000000000000e+00,        +0.00000000000000000e+00,        +0.00000000000000000e+00,        +0.00000000000000000e+00,        +0.00000000000000000e+00
        +0.00000000000000000e+00,        +0.00000000000000000e+00,        -7.51316422736206823e+03,        -8.83148268721043314e+03,        -4.26318083246855997e+06,        -6.79612251651241630e+06,        -1.02148212666052226e+07,        +4.55945201000722647e+07,        +3.41977158685232103e+07,        -1.88951952529016025e+07,        -7.32604522396438569e+07,        +5.54246602844022289e+07,        +1.89712449575208053e+07,        +3.68830467199191079e+06,        +2.04309014514544867e+07,        -1.89512735463833101e+07,        +2.82423133573821411e+07,        +2.95747002355630323e+07,        -1.14083453995112628e+07,        +1.13678129795337431e+07,        -8.24382331594705116e+06,        +1.29576349369236995e+07,        +0.00000000000000000e+00,        +0.00000000000000000e+00,        +0.00000000000000000e+00,        +0.00000000000000000e+00,        +0.00000000000000000e+00,        +0.00000000000000000e+00,        +0.00000000000000000e+00,        +0.00000000000000000e+00,        +0.00000000000000000e+00,        +0.00000000000000000e+00,        +0.00000000000000000e+00,        +0.00000000000000000e+00,        +0.00000000000000000e+00,        +0.00000000000000000e+00,        +0.00000000000000000e+00,        +0.00000000000000000e+00,        +0.00000000000000000e+00,        +0.00000000000000000e+00,        +0.00000000000000000e+00,        +0.00000000000000000e+00,        +0.00000000000000000e+00,        +0.00000000000000000e+00,        +0.00000000000000000e+00,        +0.00000000000000000e+00,        +0.00000000000000000e+00,        +0.00000000000000000e+00,        +0.00000000000000000e+00,        +0.00000000000000000e+00,        +0.00000000000000000e+00,        +0.00000000000000000e+00,        +0.00000000000000000e+00,        +0.00000000000000000e+00,        +0.00000000000000000e+00,        +0.00000000000000000e+00,        +0.00000000000000000e+00,        +0.00000000000000000e+00,        +0.00000000000000000e+00,        +0.00000000000000000e+00,        +0.00000000000000000e+00,        +0.00000000000000000e+00,        +0.00000000000000000e+00,        +0.00000000000000000e+00,        +0.00000000000000000e+00,        +0.00000000000000000e+00,        +0.00000000000000000e+00,        +0.00000000000000000e+00,        +0.00000000000000000e+00,        +0.00000000000000000e+00,        +0.00000000000000000e+00,        +0.00000000000000000e+00,        +0.00000000000000000e+00,        +0.00000000000000000e+00,        +0.00000000000000000e+00,        +0.00000000000000000e+00,        +0.00000000000000000e+00,        +0.00000000000000000e+00,        +0.00000000000000000e+00,        +0.00000000000000000e+00,        +0.00000000000000000e+00,        +0.00000000000000000e+00,        +0.00000000000000000e+00,        +0.00000000000000000e+00,        +0.00000000000000000e+00,        +0.00000000000000000e+00,        +0.00000000000000000e+00,        +0.00000000000000000e+00,        +0.00000000000000000e+00,        +0.00000000000000000e+00,        +0.00000000000000000e+00,        +0.00000000000000000e+00,        +0.00000000000000000e+00,        +0.00000000000000000e+00,        +0.00000000000000000e+00,        +0.00000000000000000e+00,        +0.00000000000000000e+00,        +0.00000000000000000e+00,        +0.00000000000000000e+00,        +0.00000000000000000e+00,        +0.00000000000000000e+00,        +0.00000000000000000e+00,        +0.00000000000000000e+00,        +0.00000000000000000e+00,        +0.00000000000000000e+00,        +0.00000000000000000e+00,        +0.00000000000000000e+00,        +0.00000000000000000e+00
        +0.00000000000000000e+00,        +0.00000000000000000e+00,        +2.41328436398395024e+03,        -1.80231936283279829e+04,        -5.70564596719436464e+05,        -1.17089382138312217e+07,        -2.34006043797487393e+06,        +8.13654939252381329e+05,        -2.03785489486293644e+07,        +4.32697530184556916e+07,        -2.94099541921126470e+07,        -4.05820495497966371e+06,        -1.71023367055561696e+06,        -5.20233205909178313e+06,        -1.93201734454670548e+07,        -9.61154820477910899e+06,        -4.55478481174504943e+06,        -3.64750477838500403e+06,        +1.97443213110672054e+06,        -2.07431557770347805e+06,        -2.18651328370555071e+06,        -2.26730000769002410e+06,        +0.00000000000000000e+00,        +0.00000000000000000e+00,        +0.00000000000000000e+00,        +0.00000000000000000e+00,        +0.00000000000000000e+00,        +0.00000000000000000e+00,        +0.00000000000000000e+00,        +0.00000000000000000e+00,        +0.00000000000000000e+00,        +0.00000000000000000e+00,        +0.00000000000000000e+00,        +0.00000000000000000e+00,        +0.00000000000000000e+00,        +0.00000000000000000e+00,        +0.00000000000000000e+00,        +0.00000000000000000e+00,        +0.00000000000000000e+00,        +0.00000000000000000e+00,        +0.00000000000000000e+00,        +0.00000000000000000e+00,        +0.00000000000000000e+00,        +0.00000000000000000e+00,        +0.00000000000000000e+00,        +0.00000000000000000e+00,        +0.00000000000000000e+00,        +0.00000000000000000e+00,        +0.00000000000000000e+00,        +0.00000000000000000e+00,        +0.00000000000000000e+00,        +0.00000000000000000e+00,        +0.00000000000000000e+00,        +0.00000000000000000e+00,        +0.00000000000000000e+00,        +0.00000000000000000e+00,        +0.00000000000000000e+00,        +0.00000000000000000e+00,        +0.00000000000000000e+00,        +0.00000000000000000e+00,        +0.00000000000000000e+00,        +0.00000000000000000e+00,        +0.00000000000000000e+00,        +0.00000000000000000e+00,        +0.00000000000000000e+00,        +0.00000000000000000e+00,        +0.00000000000000000e+00,        +0.00000000000000000e+00,        +0.00000000000000000e+00,        +0.00000000000000000e+00,        +0.00000000000000000e+00,        +0.00000000000000000e+00,        +0.00000000000000000e+00,        +0.00000000000000000e+00,        +0.00000000000000000e+00,        +0.00000000000000000e+00,        +0.00000000000000000e+00,        +0.00000000000000000e+00,        +0.00000000000000000e+00,        +0.00000000000000000e+00,        +0.00000000000000000e+00,        +0.00000000000000000e+00,        +0.00000000000000000e+00,        +0.00000000000000000e+00,        +0.00000000000000000e+00,        +0.00000000000000000e+00,        +0.00000000000000000e+00,        +0.00000000000000000e+00,        +0.00000000000000000e+00,        +0.00000000000000000e+00,        +0.00000000000000000e+00,        +0.00000000000000000e+00,        +0.00000000000000000e+00,        +0.00000000000000000e+00,        +0.00000000000000000e+00,        +0.00000000000000000e+00,        +0.00000000000000000e+00,        +0.00000000000000000e+00,        +0.00000000000000000e+00,        +0.00000000000000000e+00,        +0.00000000000000000e+00,        +0.00000000000000000e+00,        +0.00000000000000000e+00,        +0.00000000000000000e+00,        +0.00000000000000000e+00,        +0.00000000000000000e+00,        +0.00000000000000000e+00,        +0.00000000000000000e+00
        +0.00000000000000000e+00,        +0.00000000000000000e+00,        -3.26434139784821449e+06,        -2.00510934700958431e+07,        +1.96511332607309185e+07,        -2.92546599225282995e+06,        +5.35696055575904902e+06,        +1.04312905633823335e+08,        -3.97413594499139965e+08,        +4.33241607200769722e+08,        -1.09277429937714076e+09,        +4.34934231278195441e+08,        +1.19359995025174427e+09,        -1.42924137186778617e+09,        +8.14065111188102722e+08,        +5.24944188269306779e+08,        +2.04713806009714454e+08,        -1.59931745225620079e+09,        +1.20916245950474930e+09,        -1.18413239688006949e+09,        -7.24913109499377966e+08,        -1.35546148928556657e+09,        +0.00000000000000000e+00,        +0.00000000000000000e+00,        +0.00000000000000000e+00,        +0.00000000000000000e+00,        +0.00000000000000000e+00,        +0.00000000000000000e+00,        +0.00000000000000000e+00,        +0.00000000000000000e+00,        +0.00000000000000000e+00,        +0.00000000000000000e+00,        +0.00000000000000000e+00,        +0.00000000000000000e+00,        +0.00000000000000000e+00,        +0.00000000000000000e+00,        +7.49921622140949488e+08,        +0.00000000000000000e+00,        +0.00000000000000000e+00,        +0.00000000000000000e+00,        +0.00000000000000000e+00,        +0.00000000000000000e+00,        +0.00000000000000000e+00,        +0.00000000000000000e+00,        +0.00000000000000000e+00,        +0.00000000000000000e+00,        +0.00000000000000000e+00,        +0.00000000000000000e+00,        +0.00000000000000000e+00,        +0.00000000000000000e+00,        +0.00000000000000000e+00,        +0.00000000000000000e+00,        +0.00000000000000000e+00,        +0.00000000000000000e+00,        +0.00000000000000000e+00,        +0.00000000000000000e+00,        +0.00000000000000000e+00,        +0.00000000000000000e+00,        +0.00000000000000000e+00,        +0.00000000000000000e+00,        +0.00000000000000000e+00,        +0.00000000000000000e+00,        +0.00000000000000000e+00,        +0.00000000000000000e+00,        +0.00000000000000000e+00,        +0.00000000000000000e+00,        +0.00000000000000000e+00,        +0.00000000000000000e+00,        +0.00000000000000000e+00,        +0.00000000000000000e+00,        +0.00000000000000000e+00,        +0.00000000000000000e+00,        +0.00000000000000000e+00,        +0.00000000000000000e+00,        +0.00000000000000000e+00,        +0.00000000000000000e+00,        +0.00000000000000000e+00,        +0.00000000000000000e+00,        +0.00000000000000000e+00,        +0.00000000000000000e+00,        +0.00000000000000000e+00,        +0.00000000000000000e+00,        +0.00000000000000000e+00,        +0.00000000000000000e+00,        +0.00000000000000000e+00,        +0.00000000000000000e+00,        +0.00000000000000000e+00,        +0.00000000000000000e+00,        +0.00000000000000000e+00,        +0.00000000000000000e+00,        +0.00000000000000000e+00,        +0.00000000000000000e+00,        +0.00000000000000000e+00,        +0.00000000000000000e+00,        +0.00000000000000000e+00,        +0.00000000000000000e+00,        +0.00000000000000000e+00,        +0.00000000000000000e+00,        +0.00000000000000000e+00,        +0.00000000000000000e+00,        +0.00000000000000000e+00,        +0.00000000000000000e+00,        +0.00000000000000000e+00,        +0.00000000000000000e+00,        +0.00000000000000000e+00,        +0.00000000000000000e+00,        +0.00000000000000000e+00,        +0.00000000000000000e+00
        +0.00000000000000000e+00,        +0.00000000000000000e+00,        -1.46445420981563453e+05,        +9.07276022169642965e+05,        -5.05697149737987574e+06,        +4.64010891587298480e+05,        +2.27847813046678826e+07,        +1.95354470418462716e+07,        -6.35065114625446382e+05,        -6.29294387720285505e+07,        +4.65704304737713784e+07,        +6.98172625295108557e+07,        -2.06028479434738666e+08,        +5.68568727628597170e+07,        +9.88505001182740331e+07,        -2.95751749675528519e+07,        -1.45083787651823252e+08,        -4.53819925170434237e+08,        -9.82903979457690239e+08,        -4.61566240135449946e+08,        -8.68690320696965158e+07,        -1.40607715214469910e+08,        +0.00000000000000000e+00,        +0.00000000000000000e+00,        +0.00000000000000000e+00,        +0.00000000000000000e+00,        +0.00000000000000000e+00,        +0.00000000000000000e+00,        +0.00000000000000000e+00,        +0.00000000000000000e+00,        +0.00000000000000000e+00,        +0.00000000000000000e+00,        +0.00000000000000000e+00,        +0.00000000000000000e+00,        +0.00000000000000000e+00,        +0.00000000000000000e+00,        +0.00000000000000000e+00,        +7.49921622140949488e+08,        +0.00000000000000000e+00,        +0.00000000000000000e+00,        +0.00000000000000000e+00,        +0.00000000000000000e+00,        +0.00000000000000000e+00,        +0.00000000000000000e+00,        +0.00000000000000000e+00,        +0.00000000000000000e+00,        +0.00000000000000000e+00,        +0.00000000000000000e+00,        +0.00000000000000000e+00,        +0.00000000000000000e+00,        +0.00000000000000000e+00,        +0.00000000000000000e+00,        +0.00000000000000000e+00,        +0.00000000000000000e+00,        +0.00000000000000000e+00,        +0.00000000000000000e+00,        +0.00000000000000000e+00,        +0.00000000000000000e+00,        +0.00000000000000000e+00,        +0.00000000000000000e+00,        +0.00000000000000000e+00,        +0.00000000000000000e+00,        +0.00000000000000000e+00,        +0.00000000000000000e+00,        +0.00000000000000000e+00,        +0.00000000000000000e+00,        +0.00000000000000000e+00,        +0.00000000000000000e+00,        +0.00000000000000000e+00,        +0.00000000000000000e+00,        +0.00000000000000000e+00,        +0.00000000000000000e+00,        +0.00000000000000000e+00,        +0.00000000000000000e+00,        +0.00000000000000000e+00,        +0.00000000000000000e+00,        +0.00000000000000000e+00,        +0.00000000000000000e+00,        +0.00000000000000000e+00,        +0.00000000000000000e+00,        +0.00000000000000000e+00,        +0.00000000000000000e+00,        +0.00000000000000000e+00,        +0.00000000000000000e+00,        +0.00000000000000000e+00,        +0.00000000000000000e+00,        +0.00000000000000000e+00,        +0.00000000000000000e+00,        +0.00000000000000000e+00,        +0.00000000000000000e+00,        +0.00000000000000000e+00,        +0.00000000000000000e+00,        +0.00000000000000000e+00,        +0.00000000000000000e+00,        +0.00000000000000000e+00,        +0.00000000000000000e+00,        +0.00000000000000000e+00,        +0.00000000000000000e+00,        +0.00000000000000000e+00,        +0.00000000000000000e+00,        +0.00000000000000000e+00,        +0.00000000000000000e+00,        +0.00000000000000000e+00,        +0.00000000000000000e+00,        +0.00000000000000000e+00,        +0.00000000000000000e+00,        +0.00000000000000000e+00,        +0.00000000000000000e+00
        +0.00000000000000000e+00,        +0.00000000000000000e+00,        -4.87195798086358627e+04,        +1.75817855958599038e+06,        -1.09784638020434068e+06,        -4.83728117013248056e+06,        +7.78365764809685946e+06,        -6.09828140223017633e+07,        +9.00637744792707711e+07,        +3.63896939917641133e+07,        -2.76972415311522260e+07,        -4.70347020027034730e+07,        -5.37821678120469674e+07,        +9.42339237561887354e+07,        +6.93038558146408051e+07,        +2.20330566231494218e+08,        -1.92069766654321611e+08,        +3.79859333559030771e+08,        +4.07496925735013336e+07,        -3.27407939215680361e+08,        +1.42154099654256552e+08,        -2.62858559419154495e+08,        +0.00000000000000000e+00,        +0.00000000000000000e+00,        +0.00000000000000000e+00,        +0.00000000000000000e+00,        +0.00000000000000000e+00,        +0.00000000000000000e+00,        +0.00000000000000000e+00,        +0.00000000000000000e+00,        +0.00000000000000000e+00,        +0.00000000000000000e+00,        +0.00000000000000000e+00,        +0.00000000000000000e+00,        +0.00000000000000000e+00,        +0.00000000000000000e+00,        +0.00000000000000000e+00,        +0.00000000000000000e+00,        +7.49921622140949488e+08,        +0.00000000000000000e+00,        +0.00000000000000000e+00,        +0.00000000000000000e+00,        +0.00000000000000000e+00,        +0.00000000000000000e+00,        +0.00000000000000000e+00,        +0.00000000000000000e+00,        +0.00000000000000000e+00,        +0.00000000000000000e+00,        +0.00000000000000000e+00,        +0.00000000000000000e+00,        +0.00000000000000000e+00,        +0.00000000000000000e+00,        +0.00000000000000000e+00,        +0.00000000000000000e+00,        +0.00000000000000000e+00,        +0.00000000000000000e+00,        +0.00000000000000000e+00,        +0.00000000000000000e+00,        +0.00000000000000000e+00,        +0.00000000000000000e+00,        +0.00000000000000000e+00,        +0.00000000000000000e+00,        +0.00000000000000000e+00,        +0.00000000000000000e+00,        +0.00000000000000000e+00,        +0.00000000000000000e+00,        +0.00000000000000000e+00,        +0.00000000000000000e+00,        +0.00000000000000000e+00,        +0.00000000000000000e+00,        +0.00000000000000000e+00,        +0.00000000000000000e+00,        +0.00000000000000000e+00,        +0.00000000000000000e+00,        +0.00000000000000000e+00,        +0.00000000000000000e+00,        +0.00000000000000000e+00,        +0.00000000000000000e+00,        +0.00000000000000000e+00,        +0.00000000000000000e+00,        +0.00000000000000000e+00,        +0.00000000000000000e+00,        +0.00000000000000000e+00,        +0.00000000000000000e+00,        +0.00000000000000000e+00,        +0.00000000000000000e+00,        +0.00000000000000000e+00,        +0.00000000000000000e+00,        +0.00000000000000000e+00,        +0.00000000000000000e+00,        +0.00000000000000000e+00,        +0.00000000000000000e+00,        +0.00000000000000000e+00,        +0.00000000000000000e+00,        +0.00000000000000000e+00,        +0.00000000000000000e+00,        +0.00000000000000000e+00,        +0.00000000000000000e+00,        +0.00000000000000000e+00,        +0.00000000000000000e+00,        +0.00000000000000000e+00,        +0.00000000000000000e+00,        +0.00000000000000000e+00,        +0.00000000000000000e+00,        +0.00000000000000000e+00,        +0.00000000000000000e+00,        +0.00000000000000000e+00,        +0.00000000000000000e+00
        +0.00000000000000000e+00,        +0.00000000000000000e+00,        -1.14652236379375565e+05,        +1.10672382743662759e+06,        +8.88527010186927952e+06,        +5.07299019927921798e+06,        -3.81585620590247735e+07,        +3.55335248704101220e+07,        -1.62454669730483592e+07,        -3.36688765484614819e+07,        -3.27575286178257018e+07,        +3.38237602972156852e+07,        +4.82247900860250294e+07,        -3.35677572621190920e+07,        +3.57730887910939530e+07,        -4.68079252473112866e+07,        -5.89630099030998945e+07,        +8.85213805246333927e+07,        -3.68266944367112368e+07,        +1.77802013063426018e+07,        -1.07559768415279225e+08,        +1.09545297588311899e+07,        +0.00000000000000000e+00,        +0.00000000000000000e+00,        +0.00000000000000000e+00,        +0.00000000000000000e+00,        +0.00000000000000000e+00,        +0.00000000000000000e+00,        +0.00000000000000000e+00,        +0.00000000000000000e+00,        +0.00000000000000000e+00,        +0.00000000000000000e+00,        +0.00000000000000000e+00,        +0.00000000000000000e+00,        +0.00000000000000000e+00,        +0.00000000000000000e+00,        +0.00000000000000000e+00,        +0.00000000000000000e+00,        +0.00000000000000000e+00,        +7.49921622140949488e+08,        +0.00000000000000000e+00,        +0.00000000000000000e+00,        +0.00000000000000000e+00,        +0.00000000000000000e+00,        +0.00000000000000000e+00,        +0.00000000000000000e+00,        +0.00000000000000000e+00,        +0.00000000000000000e+00,        +0.00000000000000000e+00,        +0.00000000000000000e+00,        +0.00000000000000000e+00,        +0.00000000000000000e+00,        +0.00000000000000000e+00,        +0.00000000000000000e+00,        +0.00000000000000000e+00,        +0.00000000000000000e+00,        +0.00000000000000000e+00,        +0.00000000000000000e+00,        +0.00000000000000000e+00,        +0.00000000000000000e+00,        +0.00000000000000000e+00,        +0.00000000000000000e+00,        +0.00000000000000000e+00,        +0.00000000000000000e+00,        +0.00000000000000000e+00,        +0.00000000000000000e+00,        +0.00000000000000000e+00,        +0.00000000000000000e+00,        +0.00000000000000000e+00,        +0.00000000000000000e+00,        +0.00000000000000000e+00,        +0.00000000000000000e+00,        +0.00000000000000000e+00,        +0.00000000000000000e+00,        +0.00000000000000000e+00,        +0.00000000000000000e+00,        +0.00000000000000000e+00,        +0.00000000000000000e+00,        +0.00000000000000000e+00,        +0.00000000000000000e+00,        +0.00000000000000000e+00,        +0.00000000000000000e+00,        +0.00000000000000000e+00,        +0.00000000000000000e+00,        +0.00000000000000000e+00,        +0.00000000000000000e+00,        +0.00000000000000000e+00,        +0.00000000000000000e+00,        +0.00000000000000000e+00,        +0.00000000000000000e+00,        +0.00000000000000000e+00,        +0.00000000000000000e+00,        +0.00000000000000000e+00,        +0.00000000000000000e+00,        +0.00000000000000000e+00,        +0.00000000000000000e+00,        +0.00000000000000000e+00,        +0.00000000000000000e+00,        +0.00000000000000000e+00,        +0.00000000000000000e+00,        +0.00000000000000000e+00,        +0.00000000000000000e+00,        +0.00000000000000000e+00,        +0.00000000000000000e+00,        +0.00000000000000000e+00,        +0.00000000000000000e+00,        +0.00000000000000000e+00,        +0.00000000000000000e+00
        +0.00000000000000000e+00,        +0.00000000000000000e+00,        +6.95910897202389315e+04,        +4.88878865905716433e+05,        -7.33646656446374138e+05,        -3.93798330497984542e+05,        +3.24996428823223803e+06,        -5.37969832178800926e+06,        +1.20083653611335568e+07,        -1.94831803116521868e+06,        -1.25065051496894192e+06,        -2.14000858178055845e+06,        +8.19446609136806149e+06,        +1.43282550820433162e+07,        -1.48532163216730114e+07,        +2.27299719264664873e+07,        -3.67824787117209807e+07,        -1.74539193049585633e+07,        +7.97851318393597286e+06,        +3.14011112540201331e+06,        -1.49966931882815454e+07,        +1.51831146192412395e+07,        +0.00000000000000000e+00,        +0.00000000000000000e+00,        +0.00000000000000000e+00,        +0.00000000000000000e+00,        +0.00000000000000000e+00,        +0.00000000000000000e+00,        +0.00000000000000000e+00,        +0.00000000000000000e+00,        +0.00000000000000000e+00,        +0.00000000000000000e+00,        +0.00000000000000000e+00,        +0.00000000000000000e+00,        +0.00000000000000000e+00,        +0.00000000000000000e+00,        +0.00000000000000000e+00,        +0.00000000000000000e+00,        +0.00000000000000000e+00,        +0.00000000000000000e+00,        +7.49921622140949488e+08,        +0.00000000000000000e+00,        +0.00000000000000000e+00,        +0.00000000000000000e+00,        +0.00000000000000000e+00,        +0.00000000000000000e+00,        +0.00000000000000000e+00,        +0.00000000000000000e+00,        +0.00000000000000000e+00,        +0.00000000000000000e+00,        +0.00000000000000000e+00,        +0.00000000000000000e+00,        +0.00000000000000000e+00,        +0.00000000000000000e+00,        +0.00000000000000000e+00,        +0.00000000000000000e+00,        +0.00000000000000000e+00,        +0.00000000000000000e+00,        +0.00000000000000000e+00,        +0.00000000000000000e+00,        +0.00000000000000000e+00,        +0.00000000000000000e+00,        +0.00000000000000000e+00,        +0.00000000000000000e+00,        +0.00000000000000000e+00,        +0.00000000000000000e+00,        +0.00000000000000000e+00,        +0.00000000000000000e+00,        +0.00000000000000000e+00,        +0.00000000000000000e+00,        +0.00000000000000000e+00,        +0.00000000000000000e+00,        +0.00000000000000000e+00,        +0.00000000000000000e+00,        +0.00000000000000000e+00,        +0.00000000000000000e+00,        +0.00000000000000000e+00,        +0.00000000000000000e+00,        +0.00000000000000000e+00,        +0.00000000000000000e+00,        +0.00000000000000000e+00,        +0.00000000000000000e+00,        +0.00000000000000000e+00,        +0.00000000000000000e+00,        +0.00000000000000000e+00,        +0.00000000000000000e+00,        +0.00000000000000000e+00,        +0.00000000000000000e+00,        +0.00000000000000000e+00,        +0.00000000000000000e+00,        +0.00000000000000000e+00,        +0.00000000000000000e+00,        +0.00000000000000000e+00,        +0.00000000000000000e+00,        +0.00000000000000000e+00,        +0.00000000000000000e+00,        +0.00000000000000000e+00,        +0.00000000000000000e+00,        +0.00000000000000000e+00,        +0.00000000000000000e+00,        +0.00000000000000000e+00,        +0.00000000000000000e+00,        +0.00000000000000000e+00,        +0.00000000000000000e+00,        +0.00000000000000000e+00,        +0.00000000000000000e+00,        +0.00000000000000000e+00,        +0.00000000000000000e+00
        +0.00000000000000000e+00,        +0.00000000000000000e+00,        -1.21963672604614258e+05,        -4.62271997264326259e+05,        -4.34170047403169912e+05,        -3.56071651152192149e+05,        +1.92169366843920597e+06,        -1.27087690139310108e+06,        -3.14298914486600133e+06,        +1.75360923609503824e+06,        +9.10016123948723450e+06,        +1.93840676315508666e+06,        -2.65935959123196965e+06,        +1.79930336704795808e+07,        +3.97660144738108963e+07,        -1.57467380668355804e+06,        -2.89945363824101025e+06,        -5.28747908432443067e+06,        +7.92692385217120964e+06,        -8.23703905176854809e+05,        -8.17723577880971367e+05,        +1.06665984464692287e+07,        +0.00000000000000000e+00,        +0.00000000000000000e+00,        +0.00000000000000000e+00,        +0.00000000000000000e+00,        +0.00000000000000000e+00,        +0.00000000000000000e+00,        +0.00000000000000000e+00,        +0.00000000000000000e+00,        +0.00000000000000000e+00,        +0.00000000000000000e+00,        +0.00000000000000000e+00,        +0.00000000000000000e+00,        +0.00000000000000000e+00,        +0.00000000000000000e+00,        +0.00000000000000000e+00,        +0.00000000000000000e+00,        +0.00000000000000000e+00,        +0.00000000000000000e+00,        +0.00000000000000000e+00,        +7.49921622140949488e+08,        +0.00000000000000000e+00,        +0.00000000000000000e+00,        +0.00000000000000000e+00,        +0.00000000000000000e+00,        +0.00000000000000000e+00,        +0.00000000000000000e+00,        +0.00000000000000000e+00,        +0.00000000000000000e+00,        +0.00000000000000000e+00,        +0.00000000000000000e+00,        +0.00000000000000000e+00,        +0.00000000000000000e+00,        +0.00000000000000000e+00,        +0.00000000000000000e+00,        +0.00000000000000000e+00,        +0.00000000000000000e+00,        +0.00000000000000000e+00,        +0.00000000000000000e+00,        +0.00000000000000000e+00,        +0.00000000000000000e+00,        +0.00000000000000000e+00,        +0.00000000000000000e+00,        +0.00000000000000000e+00,        +0.00000000000000000e+00,        +0.00000000000000000e+00,        +0.00000000000000000e+00,        +0.00000000000000000e+00,        +0.00000000000000000e+00,        +0.00000000000000000e+00,        +0.00000000000000000e+00,        +0.00000000000000000e+00,        +0.00000000000000000e+00,        +0.00000000000000000e+00,        +0.00000000000000000e+00,        +0.00000000000000000e+00,        +0.00000000000000000e+00,        +0.00000000000000000e+00,        +0.00000000000000000e+00,        +0.00000000000000000e+00,        +0.00000000000000000e+00,        +0.00000000000000000e+00,        +0.00000000000000000e+00,        +0.00000000000000000e+00,        +0.00000000000000000e+00,        +0.00000000000000000e+00,        +0.00000000000000000e+00,        +0.00000000000000000e+00,        +0.00000000000000000e+00,        +0.00000000000000000e+00,        +0.00000000000000000e+00,        +0.00000000000000000e+00,        +0.00000000000000000e+00,        +0.00000000000000000e+00,        +0.00000000000000000e+00,        +0.00000000000000000e+00,        +0.00000000000000000e+00,        +0.00000000000000000e+00,        +0.00000000000000000e+00,        +0.00000000000000000e+00,        +0.00000000000000000e+00,        +0.00000000000000000e+00,        +0.00000000000000000e+00,        +0.00000000000000000e+00,        +0.00000000000000000e+00,        +0.00000000000000000e+00,        +0.00000000000000000e+00
        +0.00000000000000000e+00,        +0.00000000000000000e+00,        +3.36366245973884088e+03,        -2.30041780466599070e+05,        -5.01535836669897835e+04,        -6.56721145352112653e+04,        +7.24525974364496069e+05,        -7.96004717939920374e+05,        -4.82527123026988655e+06,        +4.35514287599644717e+06,        +3.47323915007028123e+06,        -1.15576094862095988e+06,        -6.77680135343201086e+06,        +1.75730892033460140e+07,        -5.77173879231616855e+06,        +4.48564073076724354e+06,        +1.26761631753847692e+07,        +9.95272270143803675e+05,        +2.17633567479750421e+06,        +2.09610534590029530e+06,        -2.28886439269100353e+07,        -1.35547079959641751e+07,        +0.00000000000000000e+00,        +0.00000000000000000e+00,        +0.00000000000000000e+00,        +0.00000000000000000e+00,        +0.00000000000000000e+00,        +0.00000000000000000e+00,        +0.00000000000000000e+00,        +0.00000000000000000e+00,        +0.00000000000000000e+00,        +0.00000000000000000e+00,        +0.00000000000000000e+00,        +0.00000000000000000e+00,        +0.00000000000000000e+00,        +0.00000000000000000e+00,        +0.00000000000000000e+00,        +0.00000000000000000e+00,        +0.00000000000000000e+00,        +0.00000000000000000e+00,        +0.00000000000000000e+00,        +0.00000000000000000e+00,        +7.49921622140949488e+08,        +0.00000000000000000e+00,        +0.00000000000000000e+00,        +0.00000000000000000e+00,        +0.00000000000000000e+00,        +0.00000000000000000e+00,        +0.00000000000000000e+00,        +0.00000000000000000e+00,        +0.00000000000000000e+00,        +0.00000000000000000e+00,        +0.00000000000000000e+00,        +0.00000000000000000e+00,        +0.00000000000000000e+00,        +0.00000000000000000e+00,        +0.00000000000000000e+00,        +0.00000000000000000e+00,        +0.00000000000000000e+00,        +0.00000000000000000e+00,        +0.00000000000000000e+00,        +0.00000000000000000e+00,        +0.00000000000000000e+00,        +0.00000000000000000e+00,        +0.00000000000000000e+00,        +0.00000000000000000e+00,        +0.00000000000000000e+00,        +0.00000000000000000e+00,        +0.00000000000000000e+00,        +0.00000000000000000e+00,        +0.00000000000000000e+00,        +0.00000000000000000e+00,        +0.00000000000000000e+00,        +0.00000000000000000e+00,        +0.00000000000000000e+00,        +0.00000000000000000e+00,        +0.00000000000000000e+00,        +0.00000000000000000e+00,        +0.00000000000000000e+00,        +0.00000000000000000e+00,        +0.00000000000000000e+00,        +0.00000000000000000e+00,        +0.00000000000000000e+00,        +0.00000000000000000e+00,        +0.00000000000000000e+00,        +0.00000000000000000e+00,        +0.00000000000000000e+00,        +0.00000000000000000e+00,        +0.00000000000000000e+00,        +0.00000000000000000e+00,        +0.00000000000000000e+00,        +0.00000000000000000e+00,        +0.00000000000000000e+00,        +0.00000000000000000e+00,        +0.00000000000000000e+00,        +0.00000000000000000e+00,        +0.00000000000000000e+00,        +0.00000000000000000e+00,        +0.00000000000000000e+00,        +0.00000000000000000e+00,        +0.00000000000000000e+00,        +0.00000000000000000e+00,        +0.00000000000000000e+00,        +0.00000000000000000e+00,        +0.00000000000000000e+00,        +0.00000000000000000e+00,        +0.00000000000000000e+00,        +0.00000000000000000e+00
        +0.00000000000000000e+00,        +0.00000000000000000e+00,        -5.28129900204900991e+02,        +1.53320717445419083e+05,        -1.29399055994990282e+06,        -3.22239687418074056e+05,        +4.28085099819032848e+06,        -8.47898155362943187e+05,        +8.53400089885572903e+06,        -3.40183718342859717e+06,        -4.32047844332465436e+06,        +1.23656623065758962e+06,        -5.53662482648342568e+06,        -3.48068349995225575e+06,        +7.05490553902920056e+06,        +4.29519750362892449e+06,        -3.89803027475468954e+06,        -1.90156483131764014e+06,        -3.53818917124670278e+06,        +1.79983856326121539e+07,        +2.03644931704235822e+06,        -1.33968488065794576e+07,        +0.00000000000000000e+00,        +0.00000000000000000e+00,        +0.00000000000000000e+00,        +0.00000000000000000e+00,        +0.00000000000000000e+00,        +0.00000000000000000e+00,        +0.00000000000000000e+00,        +0.00000000000000000e+00,        +0.00000000000000000e+00,        +0.00000000000000000e+00,        +0.00000000000000000e+00,        +0.00000000000000000e+00,        +0.00000000000000000e+00,        +0.00000000000000000e+00,        +0.00000000000000000e+00,        +0.00000000000000000e+00,        +0.00000000000000000e+00,        +0.00000000000000000e+00,        +0.00000000000000000e+00,        +0.00000000000000000e+00,        +0.00000000000000000e+00,        +7.49921622140949488e+08,        +0.00000000000000000e+00,        +0.00000000000000000e+00,        +0.00000000000000000e+00,        +0.00000000000000000e+00,        +0.00000000000000000e+00,        +0.00000000000000000e+00,        +0.00000000000000000e+00,        +0.00000000000000000e+00,        +0.00000000000000000e+00,        +0.00000000000000000e+00,        +0.00000000000000000e+00,        +0.00000000000000000e+00,        +0.00000000000000000e+00,        +0.00000000000000000e+00,        +0.00000000000000000e+00,        +0.00000000000000000e+00,        +0.00000000000000000e+00,        +0.00000000000000000e+00,        +0.00000000000000000e+00,        +0.00000000000000000e+00,        +0.00000000000000000e+00,        +0.00000000000000000e+00,        +0.00000000000000000e+00,        +0.00000000000000000e+00,        +0.00000000000000000e+00,        +0.00000000000000000e+00,        +0.00000000000000000e+00,        +0.00000000000000000e+00,        +0.00000000000000000e+00,        +0.00000000000000000e+00,        +0.00000000000000000e+00,        +0.00000000000000000e+00,        +0.00000000000000000e+00,        +0.00000000000000000e+00,        +0.00000000000000000e+00,        +0.00000000000000000e+00,        +0.00000000000000000e+00,        +0.00000000000000000e+00,        +0.00000000000000000e+00,        +0.00000000000000000e+00,        +0.00000000000000000e+00,        +0.00000000000000000e+00,        +0.00000000000000000e+00,        +0.00000000000000000e+00,        +0.00000000000000000e+00,        +0.00000000000000000e+00,        +0.00000000000000000e+00,        +0.00000000000000000e+00,        +0.00000000000000000e+00,        +0.00000000000000000e+00,        +0.00000000000000000e+00,        +0.00000000000000000e+00,        +0.00000000000000000e+00,        +0.00000000000000000e+00,        +0.00000000000000000e+00,        +0.00000000000000000e+00,        +0.00000000000000000e+00,        +0.00000000000000000e+00,        +0.00000000000000000e+00,        +0.00000000000000000e+00,        +0.00000000000000000e+00,        +0.00000000000000000e+00,        +0.00000000000000000e+00,        +0.00000000000000000e+00
        +0.00000000000000000e+00,        +0.00000000000000000e+00,        +1.44189670463779521e+03,        +6.33491786551622936e+04,        +1.41863255696097575e+06,        +6.40991306561791105e+05,        -5.93198714317930304e+06,        +5.36365939425061340e+05,        +6.83953633769161301e+05,        -7.80531269200057536e+06,        -9.89915622199871205e+06,        -2.94932932546060765e+06,        -9.17648860760446638e+06,        +2.33904413292209059e+06,        -1.59295048035364744e+05,        -3.23746203526068619e+06,        -3.18168780049073510e+05,        -2.32377045796458889e+06,        +4.03391864550298918e+06,        -2.64104048403651034e+06,        -7.33250299927708838e+04,        +1.11731258055489301e+06,        +0.00000000000000000e+00,        +0.00000000000000000e+00,        +0.00000000000000000e+00,        +0.00000000000000000e+00,        +0.00000000000000000e+00,        +0.00000000000000000e+00,        +0.00000000000000000e+00,        +0.00000000000000000e+00,        +0.00000000000000000e+00,        +0.00000000000000000e+00,        +0.00000000000000000e+00,        +0.00000000000000000e+00,        +0.00000000000000000e+00,        +0.00000000000000000e+00,        +0.00000000000000000e+00,        +0.00000000000000000e+00,        +0.00000000000000000e+00,        +0.00000000000000000e+00,        +0.00000000000000000e+00,        +0.00000000000000000e+00,        +0.00000000000000000e+00,        +0.00000000000000000e+00,        +7.49921622140949488e+08,        +0.00000000000000000e+00,        +0.00000000000000000e+00,        +0.00000000000000000e+00,        +0.00000000000000000e+00,        +0.00000000000000000e+00,        +0.00000000000000000e+00,        +0.00000000000000000e+00,        +0.00000000000000000e+00,        +0.00000000000000000e+00,        +0.00000000000000000e+00,        +0.00000000000000000e+00,        +0.00000000000000000e+00,        +0.00000000000000000e+00,        +0.00000000000000000e+00,        +0.00000000000000000e+00,        +0.00000000000000000e+00,        +0.00000000000000000e+00,        +0.00000000000000000e+00,        +0.00000000000000000e+00,        +0.00000000000000000e+00,        +0.00000000000000000e+00,        +0.00000000000000000e+00,        +0.00000000000000000e+00,        +0.00000000000000000e+00,        +0.00000000000000000e+00,        +0.00000000000000000e+00,        +0.00000000000000000e+00,        +0.00000000000000000e+00,        +0.00000000000000000e+00,        +0.00000000000000000e+00,        +0.00000000000000000e+00,        +0.00000000000000000e+00,        +0.00000000000000000e+00,        +0.00000000000000000e+00,        +0.00000000000000000e+00,        +0.00000000000000000e+00,        +0.00000000000000000e+00,        +0.00000000000000000e+00,        +0.00000000000000000e+00,        +0.00000000000000000e+00,        +0.00000000000000000e+00,        +0.00000000000000000e+00,        +0.00000000000000000e+00,        +0.00000000000000000e+00,        +0.00000000000000000e+00,        +0.00000000000000000e+00,        +0.00000000000000000e+00,        +0.00000000000000000e+00,        +0.00000000000000000e+00,        +0.00000000000000000e+00,        +0.00000000000000000e+00,        +0.00000000000000000e+00,        +0.00000000000000000e+00,        +0.00000000000000000e+00,        +0.00000000000000000e+00,        +0.00000000000000000e+00,        +0.00000000000000000e+00,        +0.00000000000000000e+00,        +0.00000000000000000e+00,        +0.00000000000000000e+00,        +0.00000000000000000e+00,        +0.00000000000000000e+00,        +0.00000000000000000e+00
        +0.00000000000000000e+00,        +0.00000000000000000e+00,        -6.84547031386690196e+03,        -2.57385566959164753e+04,        +1.23637487137994904e+05,        -1.30183781130844774e+06,        +6.22834964547400828e+05,        -1.50327380631228117e+06,        -4.66671961944767646e+06,        -9.47996673248578445e+04,        -2.01940615141995787e+06,        +1.38275082152952556e+06,        -3.12872380361153372e+06,        -2.88786753129314119e+06,        +9.45777829215204692e+05,        +6.81989084291250817e+06,        +1.61295872840901185e+06,        +1.52554053125689481e+06,        -1.42829348580924002e+06,        +8.72243253810450551e+05,        -7.66505885887244716e+05,        +3.61806128946764767e+06,        +0.00000000000000000e+00,        +0.00000000000000000e+00,        +0.00000000000000000e+00,        +0.00000000000000000e+00,        +0.00000000000000000e+00,        +0.00000000000000000e+00,        +0.00000000000000000e+00,        +0.00000000000000000e+00,        +0.00000000000000000e+00,        +0.00000000000000000e+00,        +0.00000000000000000e+00,        +0.00000000000000000e+00,        +0.00000000000000000e+00,        +0.00000000000000000e+00,        +0.00000000000000000e+00,        +0.00000000000000000e+00,        +0.00000000000000000e+00,        +0.00000000000000000e+00,        +0.00000000000000000e+00,        +0.00000000000000000e+00,        +0.00000000000000000e+00,        +0.00000000000000000e+00,        +0.00000000000000000e+00,        +7.49921622140949488e+08,        +0.00000000000000000e+00,        +0.00000000000000000e+00,        +0.00000000000000000e+00,        +0.00000000000000000e+00,        +0.00000000000000000e+00,        +0.00000000000000000e+00,        +0.00000000000000000e+00,        +0.00000000000000000e+00,        +0.00000000000000000e+00,        +0.00000000000000000e+00,        +0.00000000000000000e+00,        +0.00000000000000000e+00,        +0.00000000000000000e+00,        +0.00000000000000000e+00,        +0.00000000000000000e+00,        +0.00000000000000000e+00,        +0.00000000000000000e+00,        +0.00000000000000000e+00,        +0.00000000000000000e+00,        +0.00000000000000000e+00,        +0.00000000000000000e+00,        +0.00000000000000000e+00,        +0.00000000000000000e+00,        +0.00000000000000000e+00,        +0.00000000000000000e+00,        +0.00000000000000000e+00,        +0.00000000000000000e+00,        +0.00000000000000000e+00,        +0.00000000000000000e+00,        +0.00000000000000000e+00,        +0.00000000000000000e+00,        +0.00000000000000000e+00,        +0.00000000000000000e+00,        +0.00000000000000000e+00,        +0.00000000000000000e+00,        +0.00000000000000000e+00,        +0.00000000000000000e+00,        +0.00000000000000000e+00,        +0.00000000000000000e+00,        +0.00000000000000000e+00,        +0.00000000000000000e+00,        +0.00000000000000000e+00,        +0.00000000000000000e+00,        +0.00000000000000000e+00,        +0.00000000000000000e+00,        +0.00000000000000000e+00,        +0.00000000000000000e+00,        +0.00000000000000000e+00,        +0.00000000000000000e+00,        +0.00000000000000000e+00,        +0.00000000000000000e+00,        +0.00000000000000000e+00,        +0.00000000000000000e+00,        +0.00000000000000000e+00,        +0.00000000000000000e+00,        +0.00000000000000000e+00,        +0.00000000000000000e+00,        +0.00000000000000000e+00,        +0.00000000000000000e+00,        +0.00000000000000000e+00,        +0.00000000000000000e+00,        +0.00000000000000000e+00
        +0.00000000000000000e+00,        +0.00000000000000000e+00,        +1.70818604514500221e+04,        +2.39329840330631007e+05,        -7.78490478969103890e+05,        -3.04565408764275839e+05,        +2.29719078556687059e+06,        +1.25687213445456093e+06,        +4.46856433584247064e+06,        -2.84748691228853213e+06,        +2.87676469164336380e+06,        +5.61815767357035447e+06,        -2.76201716512342170e+06,        -1.91064669110445469e+06,        -4.63734126713674050e+05,        +2.24250378243066662e+05,        +1.42388202761960193e+06,        +3.12509668810895120e+05,        +1.89507393724925444e+06,        -2.23906994088075031e+06,        -1.68891940375084104e+06,        +1.14172411209322512e+06,        +0.00000000000000000e+00,        +0.00000000000000000e+00,        +0.00000000000000000e+00,        +0.00000000000000000e+00,        +0.00000000000000000e+00,        +0.00000000000000000e+00,        +0.00000000000000000e+00,        +0.00000000000000000e+00,        +0.00000000000000000e+00,        +0.00000000000000000e+00,        +0.00000000000000000e+00,        +0.00000000000000000e+00,        +0.00000000000000000e+00,        +0.00000000000000000e+00,        +0.00000000000000000e+00,        +0.00000000000000000e+00,        +0.00000000000000000e+00,        +0.00000000000000000e+00,        +0.00000000000000000e+00,        +0.00000000000000000e+00,        +0.00000000000000000e+00,        +0.00000000000000000e+00,        +0.00000000000000000e+00,        +0.00000000000000000e+00,        +7.49921622140949488e+08,        +0.00000000000000000e+00,        +0.00000000000000000e+00,        +0.00000000000000000e+00,        +0.00000000000000000e+00,        +0.00000000000000000e+00,        +0.00000000000000000e+00,        +0.00000000000000000e+00,        +0.00000000000000000e+00,        +0.00000000000000000e+00,        +0.00000000000000000e+00,        +0.00000000000000000e+00,        +0.00000000000000000e+00,        +0.00000000000000000e+00,        +0.00000000000000000e+00,        +0.00000000000000000e+00,        +0.00000000000000000e+00,        +0.00000000000000000e+00,        +0.00000000000000000e+00,        +0.00000000000000000e+00,        +0.00000000000000000e+00,        +0.00000000000000000e+00,        +0.00000000000000000e+00,        +0.00000000000000000e+00,        +0.00000000000000000e+00,        +0.00000000000000000e+00,        +0.00000000000000000e+00,        +0.00000000000000000e+00,        +0.00000000000000000e+00,        +0.00000000000000000e+00,        +0.00000000000000000e+00,        +0.00000000000000000e+00,        +0.00000000000000000e+00,        +0.00000000000000000e+00,        +0.00000000000000000e+00,        +0.00000000000000000e+00,        +0.00000000000000000e+00,        +0.00000000000000000e+00,        +0.00000000000000000e+00,        +0.00000000000000000e+00,        +0.00000000000000000e+00,        +0.00000000000000000e+00,        +0.00000000000000000e+00,        +0.00000000000000000e+00,        +0.00000000000000000e+00,        +0.00000000000000000e+00,        +0.00000000000000000e+00,        +0.00000000000000000e+00,        +0.00000000000000000e+00,        +0.00000000000000000e+00,        +0.00000000000000000e+00,        +0.00000000000000000e+00,        +0.00000000000000000e+00,        +0.00000000000000000e+00,        +0.00000000000000000e+00,        +0.00000000000000000e+00,        +0.00000000000000000e+00,        +0.00000000000000000e+00,        +0.00000000000000000e+00,        +0.00000000000000000e+00,        +0.00000000000000000e+00,        +0.00000000000000000e+00
        +0.00000000000000000e+00,        +0.00000000000000000e+00,        -1.67609116568064837e+03,        -1.03623398077344595e+05,        -4.14469588277534116e+05,        +2.36378666593970731e+05,        +1.20448744818467018e+06,        -8.98367805326987640e+05,        +2.77519228326520324e+06,        +1.19468803424950689e+06,        -1.39168074303816748e+06,        -2.35935686193541065e+06,        +2.38834437219531013e+05,        -7.18298675688022398e+05,        +7.35927635487124091e+05,        -1.19797248969634256e+03,        +1.42231122430325998e+06,        +5.64098087364948471e+05,        -6.30383558597242110e+05,        -5.18330628594066889e+05,        -1.32355426776559162e+06,        +1.42051766368938796e+06,        +0.00000000000000000e+00,        +0.00000000000000000e+00,        +0.00000000000000000e+00,        +0.00000000000000000e+00,        +0.00000000000000000e+00,        +0.00000000000000000e+00,        +0.00000000000000000e+00,        +0.00000000000000000e+00,        +0.00000000000000000e+00,        +0.00000000000000000e+00,        +0.00000000000000000e+00,        +0.00000000000000000e+00,        +0.00000000000000000e+00,        +0.00000000000000000e+00,        +0.00000000000000000e+00,        +0.00000000000000000e+00,        +0.00000000000000000e+00,        +0.00000000000000000e+00,        +0.00000000000000000e+00,        +0.00000000000000000e+00,        +0.00000000000000000e+00,        +0.00000000000000000e+00,        +0.00000000000000000e+00,        +0.00000000000000000e+00,        +0.00000000000000000e+00,        +7.49921622140949488e+08,        +0.00000000000000000e+00,        +0.00000000000000000e+00,        +0.00000000000000000e+00,        +0.00000000000000000e+00,        +0.00000000000000000e+00,        +0.00000000000000000e+00,        +0.00000000000000000e+00,        +0.00000000000000000e+00,        +0.00000000000000000e+00,        +0.00000000000000000e+00,        +0.00000000000000000e+00,        +0.00000000000000000e+00,        +0.00000000000000000e+00,        +0.00000000000000000e+00,        +0.00000000000000000e+00,        +0.00000000000000000e+00,        +0.00000000000000000e+00,        +0.00000000000000000e+00,        +0.00000000000000000e+00,        +0.00000000000000000e+00,        +0.00000000000000000e+00,        +0.00000000000000000e+00,        +0.00000000000000000e+00,        +0.00000000000000000e+00,        +0.00000000000000000e+00,        +0.00000000000000000e+00,        +0.00000000000000000e+00,        +0.00000000000000000e+00,        +0.00000000000000000e+00,        +0.00000000000000000e+00,        +0.00000000000000000e+00,        +0.00000000000000000e+00,        +0.00000000000000000e+00,        +0.00000000000000000e+00,        +0.00000000000000000e+00,        +0.00000000000000000e+00,        +0.00000000000000000e+00,        +0.00000000000000000e+00,        +0.00000000000000000e+00,        +0.00000000000000000e+00,        +0.00000000000000000e+00,        +0.00000000000000000e+00,        +0.00000000000000000e+00,        +0.00000000000000000e+00,        +0.00000000000000000e+00,        +0.00000000000000000e+00,        +0.00000000000000000e+00,        +0.00000000000000000e+00,        +0.00000000000000000e+00,        +0.00000000000000000e+00,        +0.00000000000000000e+00,        +0.00000000000000000e+00,        +0.00000000000000000e+00,        +0.00000000000000000e+00,        +0.00000000000000000e+00,        +0.00000000000000000e+00,        +0.00000000000000000e+00,        +0.00000000000000000e+00,        +0.00000000000000000e+00,        +0.00000000000000000e+00
        +0.00000000000000000e+00,        +0.00000000000000000e+00,        +2.16558313258628920e+07,        +1.33020124173818693e+08,        -1.30366764804981515e+08,        +1.94077121098720357e+07,        -3.55383889354494810e+07,        -6.92017903214965582e+08,        +2.63646497720837498e+09,        -2.87415010423547268e+09,        +7.24952847154675293e+09,        -2.88537907113917589e+09,        -7.91841172318827724e+09,        +9.48167066518109131e+09,        -5.40055545286415577e+09,        -3.48251037840151691e+09,        -1.35808333526147008e+09,        +1.06099653073662663e+10,        -8.02165431773197746e+09,        +7.85560342163601112e+09,        +4.80911587114432716e+09,        +8.99221061866275597e+09,        +0.00000000000000000e+00,        +0.00000000000000000e+00,        +0.00000000000000000e+00,        +0.00000000000000000e+00,        +0.00000000000000000e+00,        +0.00000000000000000e+00,        +0.00000000000000000e+00,        +0.00000000000000000e+00,        +0.00000000000000000e+00,        +0.00000000000000000e+00,        +0.00000000000000000e+00,        +0.00000000000000000e+00,        +0.00000000000000000e+00,        +0.00000000000000000e+00,        +0.00000000000000000e+00,        +0.00000000000000000e+00,        +0.00000000000000000e+00,        +0.00000000000000000e+00,        +0.00000000000000000e+00,        +0.00000000000000000e+00,        +0.00000000000000000e+00,        +0.00000000000000000e+00,        +0.00000000000000000e+00,        +0.00000000000000000e+00,        +0.00000000000000000e+00,        +0.00000000000000000e+00,        -1.37698361507810092e+09,        +0.00000000000000000e+00,        +0.00000000000000000e+00,        +0.00000000000000000e+00,        +0.00000000000000000e+00,        +0.00000000000000000e+00,        +0.00000000000000000e+00,        +0.00000000000000000e+00,        +0.00000000000000000e+00,        +0.00000000000000000e+00,        +0.00000000000000000e+00,        +0.00000000000000000e+00,        +0.00000000000000000e+00,        +0.00000000000000000e+00,        +0.00000000000000000e+00,        +0.00000000000000000e+00,        +0.00000000000000000e+00,        +0.00000000000000000e+00,        +0.00000000000000000e+00,        +0.00000000000000000e+00,        +0.00000000000000000e+00,        +0.00000000000000000e+00,        +0.00000000000000000e+00,        +0.00000000000000000e+00,        +0.00000000000000000e+00,        +0.00000000000000000e+00,        +0.00000000000000000e+00,        +0.00000000000000000e+00,        +0.00000000000000000e+00,        +0.00000000000000000e+00,        +0.00000000000000000e+00,        +0.00000000000000000e+00,        +0.00000000000000000e+00,        +0.00000000000000000e+00,        +0.00000000000000000e+00,        +0.00000000000000000e+00,        +0.00000000000000000e+00,        +0.00000000000000000e+00,        +0.00000000000000000e+00,        +0.00000000000000000e+00,        +0.00000000000000000e+00,        +0.00000000000000000e+00,        +0.00000000000000000e+00,        +0.00000000000000000e+00,        +0.00000000000000000e+00,        +0.00000000000000000e+00,        +0.00000000000000000e+00,        +0.00000000000000000e+00,        +0.00000000000000000e+00,        +0.00000000000000000e+00,        +0.00000000000000000e+00,        +0.00000000000000000e+00,        +0.00000000000000000e+00,        +0.00000000000000000e+00,        +0.00000000000000000e+00,        +0.00000000000000000e+00,        +0.00000000000000000e+00,        +0.00000000000000000e+00,        +0.00000000000000000e+00,        +0.00000000000000000e+00
        +0.00000000000000000e+00,        +0.00000000000000000e+00,        +9.71527468699272140e+05,        -6.01892207569252886e+06,        +3.35482440161263347e+07,        -3.07827533241516119e+06,        -1.51155568794310570e+08,        -1.29599295677964255e+08,        +4.21305903001874872e+06,        +4.17477569097579241e+08,        -3.08950953407512426e+08,        -4.63171793847671866e+08,        +1.36680495548161149e+09,        -3.77191811824637473e+08,        -6.55779986262965441e+08,        +1.96203436611254752e+08,        +9.62494313730872273e+08,        +3.01066786650592136e+09,        +6.52064235765479755e+09,        +3.06205737202454329e+09,        +5.76294228043176770e+08,        +9.32799787977663636e+08,        +0.00000000000000000e+00,        +0.00000000000000000e+00,        +0.00000000000000000e+00,        +0.00000000000000000e+00,        +0.00000000000000000e+00,        +0.00000000000000000e+00,        +0.00000000000000000e+00,        +0.00000000000000000e+00,        +0.00000000000000000e+00,        +0.00000000000000000e+00,        +0.00000000000000000e+00,        +0.00000000000000000e+00,        +0.00000000000000000e+00,        +0.00000000000000000e+00,        +0.00000000000000000e+00,        +0.00000000000000000e+00,        +0.00000000000000000e+00,        +0.00000000000000000e+00,        +0.00000000000000000e+00,        +0.00000000000000000e+00,        +0.00000000000000000e+00,        +0.00000000000000000e+00,        +0.00000000000000000e+00,        +0.00000000000000000e+00,        +0.00000000000000000e+00,        +0.00000000000000000e+00,        +0.00000000000000000e+00,        -1.37698361507810092e+09,        +0.00000000000000000e+00,        +0.00000000000000000e+00,        +0.00000000000000000e+00,        +0.00000000000000000e+00,        +0.00000000000000000e+00,        +0.00000000000000000e+00,        +0.00000000000000000e+00,        +0.00000000000000000e+00,        +0.00000000000000000e+00,        +0.00000000000000000e+00,        +0.00000000000000000e+00,        +0.00000000000000000e+00,        +0.00000000000000000e+00,        +0.00000000000000000e+00,        +0.00000000000000000e+00,        +0.00000000000000000e+00,        +0.00000000000000000e+00,        +0.00000000000000000e+00,        +0.00000000000000000e+00,        +0.00000000000000000e+00,        +0.00000000000000000e+00,        +0.00000000000000000e+00,        +0.00000000000000000e+00,        +0.00000000000000000e+00,        +0.00000000000000000e+00,        +0.00000000000000000e+00,        +0.00000000000000000e+00,        +0.00000000000000000e+00,        +0.00000000000000000e+00,        +0.00000000000000000e+00,        +0.00000000000000000e+00,        +0.00000000000000000e+00,        +0.00000000000000000e+00,        +0.00000000000000000e+00,        +0.00000000000000000e+00,        +0.00000000000000000e+00,        +0.00000000000000000e+00,        +0.00000000000000000e+00,        +0.00000000000000000e+00,        +0.00000000000000000e+00,        +0.00000000000000000e+00,        +0.00000000000000000e+00,        +0.00000000000000000e+00,        +0.00000000000000000e+00,        +0.00000000000000000e+00,        +0.00000000000000000e+00,        +0.00000000000000000e+00,        +0.00000000000000000e+00,        +0.00000000000000000e+00,        +0.00000000000000000e+00,        +0.00000000000000000e+00,        +0.00000000000000000e+00,        +0.00000000000000000e+00,        +0.00000000000000000e+00,        +0.00000000000000000e+00,        +0.00000000000000000e+00,        +0.00000000000000000e+00,        +0.00000000000000000e+00
        +0.00000000000000000e+00,        +0.00000000000000000e+00,        +3.23208535509860842e+05,        -1.16638591638242565e+07,        +7.28317695173861738e+06,        +3.20908055650105067e+07,        -5.16372390573364794e+07,        +4.04563546911474049e+08,        -5.97488335619340777e+08,        -2.41411353483087033e+08,        +1.83745116606276840e+08,        +3.12030957823282659e+08,        +3.56794039754752815e+08,        -6.25153349273897290e+08,        -4.59765823741076946e+08,        -1.46168583389786792e+09,        +1.27420204032753515e+09,        -2.52000898574259901e+09,        -2.70335838504580736e+08,        +2.17204337483723783e+09,        -9.43058592591370225e+08,        +1.74381902245054436e+09,        +0.00000000000000000e+00,        +0.00000000000000000e+00,        +0.00000000000000000e+00,        +0.00000000000000000e+00,        +0.00000000000000000e+00,        +0.00000000000000000e+00,        +0.00000000000000000e+00,        +0.00000000000000000e+00,        +0.00000000000000000e+00,        +0.00000000000000000e+00,        +0.00000000000000000e+00,        +0.00000000000000000e+00,        +0.00000000000000000e+00,        +0.00000000000000000e+00,        +0.00000000000000000e+00,        +0.00000000000000000e+00,        +0.00000000000000000e+00,        +0.00000000000000000e+00,        +0.00000000000000000e+00,        +0.00000000000000000e+00,        +0.00000000000000000e+00,        +0.00000000000000000e+00,        +0.00000000000000000e+00,        +0.00000000000000000e+00,        +0.00000000000000000e+00,        +0.00000000000000000e+00,        +0.00000000000000000e+00,        +0.00000000000000000e+00,        -1.37698361507810092e+09,        +0.00000000000000000e+00,        +0.00000000000000000e+00,        +0.00000000000000000e+00,        +0.00000000000000000e+00,        +0.00000000000000000e+00,        +0.00000000000000000e+00,        +0.00000000000000000e+00,        +0.00000000000000000e+00,        +0.00000000000000000e+00,        +0.00000000000000000e+00,        +0.00000000000000000e+00,        +0.00000000000000000e+00,        +0.00000000000000000e+00,        +0.00000000000000000e+00,        +0.00000000000000000e+00,        +0.00000000000000000e+00,        +0.00000000000000000e+00,        +0.00000000000000000e+00,        +0.00000000000000000e+00,        +0.00000000000000000e+00,        +0.00000000000000000e+00,        +0.00000000000000000e+00,        +0.00000000000000000e+00,        +0.00000000000000000e+00,        +0.00000000000000000e+00,        +0.00000000000000000e+00,        +0.00000000000000000e+00,        +0.00000000000000000e+00,        +0.00000000000000000e+00,        +0.00000000000000000e+00,        +0.00000000000000000e+00,        +0.00000000000000000e+00,        +0.00000000000000000e+00,        +0.00000000000000000e+00,        +0.00000000000000000e+00,        +0.00000000000000000e+00,        +0.00000000000000000e+00,        +0.00000000000000000e+00,        +0.00000000000000000e+00,        +0.00000000000000000e+00,        +0.00000000000000000e+00,        +0.00000000000000000e+00,        +0.00000000000000000e+00,        +0.00000000000000000e+00,        +0.00000000000000000e+00,        +0.00000000000000000e+00,        +0.00000000000000000e+00,        +0.00000000000000000e+00,        +0.00000000000000000e+00,        +0.00000000000000000e+00,        +0.00000000000000000e+00,        +0.00000000000000000e+00,        +0.00000000000000000e+00,        +0.00000000000000000e+00,        +0.00000000000000000e+00,        +0.00000000000000000e+00,        +0.00000000000000000e+00
        +0.00000000000000000e+00,        +0.00000000000000000e+00,        +7.60609626738608582e+05,        -7.34207045472619869e+06,        -5.89454003608971760e+07,        -3.36545130193072334e+07,        +2.53146127464617550e+08,        -2.35731477569778442e+08,        +1.07773375912861586e+08,        +2.23361291789335549e+08,        +2.17315356435260117e+08,        -2.24388799616902083e+08,        -3.19926071616319001e+08,        +2.22690460542865515e+08,        -2.37320758599486649e+08,        +3.10526507594321728e+08,        +3.91164048517846704e+08,        -5.87256004116981745e+08,        +2.44310439936281025e+08,        -1.17954893040248796e+08,        +7.13557780379706860e+08,        -7.26729896780313402e+07,        +0.00000000000000000e+00,        +0.00000000000000000e+00,        +0.00000000000000000e+00,        +0.00000000000000000e+00,        +0.00000000000000000e+00,        +0.00000000000000000e+00,        +0.00000000000000000e+00,        +0.00000000000000000e+00,        +0.00000000000000000e+00,        +0.00000000000000000e+00,        +0.00000000000000000e+00,        +0.00000000000000000e+00,        +0.00000000000000000e+00,        +0.00000000000000000e+00,        +0.00000000000000000e+00,        +0.00000000000000000e+00,        +0.00000000000000000e+00,        +0.00000000000000000e+00,        +0.00000000000000000e+00,        +0.00000000000000000e+00,        +0.00000000000000000e+00,        +0.00000000000000000e+00,        +0.00000000000000000e+00,        +0.00000000000000000e+00,        +0.00000000000000000e+00,        +0.00000000000000000e+00,        +0.00000000000000000e+00,        +0.00000000000000000e+00,        +0.00000000000000000e+00,        -1.37698361507810092e+09,        +0.00000000000000000e+00,        +0.00000000000000000e+00,        +0.00000000000000000e+00,        +0.00000000000000000e+00,        +0.00000000000000000e+00,        +0.00000000000000000e+00,        +0.00000000000000000e+00,        +0.00000000000000000e+00,        +0.00000000000000000e+00,        +0.00000000000000000e+00,        +0.00000000000000000e+00,        +0.00000000000000000e+00,        +0.00000000000000000e+00,        +0.00000000000000000e+00,        +0.00000000000000000e+00,        +0.00000000000000000e+00,        +0.00000000000000000e+00,        +0.00000000000000000e+00,        +0.00000000000000000e+00,        +0.00000000000000000e+00,        +0.00000000000000000e+00,        +0.00000000000000000e+00,        +0.00000000000000000e+00,        +0.00000000000000000e+00,        +0.00000000000000000e+00,        +0.00000000000000000e+00,        +0.00000000000000000e+00,        +0.00000000000000000e+00,        +0.00000000000000000e+00,        +0.00000000000000000e+00,        +0.00000000000000000e+00,        +0.00000000000000000e+00,        +0.00000000000000000e+00,        +0.00000000000000000e+00,        +0.00000000000000000e+00,        +0.00000000000000000e+00,        +0.00000000000000000e+00,        +0.00000000000000000e+00,        +0.00000000000000000e+00,        +0.00000000000000000e+00,        +0.00000000000000000e+00,        +0.00000000000000000e+00,        +0.00000000000000000e+00,        +0.00000000000000000e+00,        +0.00000000000000000e+00,        +0.00000000000000000e+00,        +0.00000000000000000e+00,        +0.00000000000000000e+00,        +0.00000000000000000e+00,        +0.00000000000000000e+00,        +0.00000000000000000e+00,        +0.00000000000000000e+00,        +0.00000000000000000e+00,        +0.00000000000000000e+00,        +0.00000000000000000e+00,        +0.00000000000000000e+00
        +0.00000000000000000e+00,        +0.00000000000000000e+00,        -4.61671350232516474e+05,        -3.24325092522862926e+06,        +4.86705473124190327e+06,        +2.61248110485387966e+06,        -2.15604527416859232e+07,        +3.56892326021611467e+07,        -7.96641965608937889e+07,        +1.29252555139801353e+07,        +8.29688849874099996e+06,        +1.41969418129756916e+07,        -5.43625662429629192e+07,        -9.50544803479209244e+07,        +9.85371038460423052e+07,        -1.50791960180889457e+08,        +2.44017110236461371e+08,        +1.15790319202691451e+08,        -5.29299220530011207e+07,        -2.08316804489251040e+07,        +9.94889377517991662e+07,        -1.00725668403516635e+08,        +0.00000000000000000e+00,        +0.00000000000000000e+00,        +0.00000000000000000e+00,        +0.00000000000000000e+00,        +0.00000000000000000e+00,        +0.00000000000000000e+00,        +0.00000000000000000e+00,        +0.00000000000000000e+00,        +0.00000000000000000e+00,        +0.00000000000000000e+00,        +0.00000000000000000e+00,        +0.00000000000000000e+00,        +0.00000000000000000e+00,        +0.00000000000000000e+00,        +0.00000000000000000e+00,        +0.00000000000000000e+00,        +0.00000000000000000e+00,        +0.00000000000000000e+00,        +0.00000000000000000e+00,        +0.00000000000000000e+00,        +0.00000000000000000e+00,        +0.00000000000000000e+00,        +0.00000000000000000e+00,        +0.00000000000000000e+00,        +0.00000000000000000e+00,        +0.00000000000000000e+00,        +0.00000000000000000e+00,        +0.00000000000000000e+00,        +0.00000000000000000e+00,        +0.00000000000000000e+00,        -1.37698361507810092e+09,        +0.00000000000000000e+00,        +0.00000000000000000e+00,        +0.00000000000000000e+00,        +0.00000000000000000e+00,        +0.00000000000000000e+00,        +0.00000000000000000e+00,        +0.00000000000000000e+00,        +0.00000000000000000e+00,        +0.00000000000000000e+00,        +0.00000000000000000e+00,        +0.00000000000000000e+00,        +0.00000000000000000e+00,        +0.00000000000000000e+00,        +0.00000000000000000e+00,        +0.00000000000000000e+00,        +0.00000000000000000e+00,        +0.00000000000000000e+00,        +0.00000000000000000e+00,        +0.00000000000000000e+00,        +0.00000000000000000e+00,        +0.00000000000000000e+00,        +0.00000000000000000e+00,        +0.00000000000000000e+00,        +0.00000000000000000e+00,        +0.00000000000000000e+00,        +0.00000000000000000e+00,        +0.00000000000000000e+00,        +0.00000000000000000e+00,        +0.00000000000000000e+00,        +0.00000000000000000e+00,        +0.00000000000000000e+00,        +0.00000000000000000e+00,        +0.00000000000000000e+00,        +0.00000000000000000e+00,        +0.00000000000000000e+00,        +0.00000000000000000e+00,        +0.00000000000000000e+00,        +0.00000000000000000e+00,        +0.00000000000000000e+00,        +0.00000000000000000e+00,        +0.00000000000000000e+00,        +0.00000000000000000e+00,        +0.00000000000000000e+00,        +0.00000000000000000e+00,        +0.00000000000000000e+00,        +0.00000000000000000e+00,        +0.00000000000000000e+00,        +0.00000000000000000e+00,        +0.00000000000000000e+00,        +0.00000000000000000e+00,        +0.00000000000000000e+00,        +0.00000000000000000e+00,        +0.00000000000000000e+00,        +0.00000000000000000e+00,        +0.00000000000000000e+00
        +0.00000000000000000e+00,        +0.00000000000000000e+00,        +8.09114121319948579e+05,        +3.06673940600237623e+06,        +2.88030943071786268e+06,        +2.36220011251161201e+06,        -1.27486279379756190e+07,        +8.43107152660139464e+06,        +2.08507733979976960e+07,        -1.16335460051397551e+07,        -6.03710007079517916e+07,        -1.28595035836231168e+07,        +1.76423467167060934e+07,        -1.19366835363889709e+08,        -2.63810060588127732e+08,        +1.04464779245431088e+07,        +1.92351446353915967e+07,        +3.50774447993206158e+07,        -5.25876754155482650e+07,        +5.46449977466295660e+06,        +5.42482593439659290e+06,        -7.07628365494231731e+07,        +0.00000000000000000e+00,        +0.00000000000000000e+00,        +0.00000000000000000e+00,        +0.00000000000000000e+00,        +0.00000000000000000e+00,        +0.00000000000000000e+00,        +0.00000000000000000e+00,        +0.00000000000000000e+00,        +0.00000000000000000e+00,        +0.00000000000000000e+00,        +0.00000000000000000e+00,        +0.00000000000000000e+00,        +0.00000000000000000e+00,        +0.00000000000000000e+00,        +0.00000000000000000e+00,        +0.00000000000000000e+00,        +0.00000000000000000e+00,        +0.00000000000000000e+00,        +0.00000000000000000e+00,        +0.00000000000000000e+00,        +0.00000000000000000e+00,        +0.00000000000000000e+00,        +0.00000000000000000e+00,        +0.00000000000000000e+00,        +0.00000000000000000e+00,        +0.00000000000000000e+00,        +0.00000000000000000e+00,        +0.00000000000000000e+00,        +0.00000000000000000e+00,        +0.00000000000000000e+00,        +0.00000000000000000e+00,        -1.37698361507810092e+09,        +0.00000000000000000e+00,        +0.00000000000000000e+00,        +0.00000000000000000e+00,        +0.00000000000000000e+00,        +0.00000000000000000e+00,        +0.00000000000000000e+00,        +0.00000000000000000e+00,        +0.00000000000000000e+00,        +0.00000000000000000e+00,        +0.00000000000000000e+00,        +0.00000000000000000e+00,        +0.00000000000000000e+00,        +0.00000000000000000e+00,        +0.00000000000000000e+00,        +0.00000000000000000e+00,        +0.00000000000000000e+00,        +0.00000000000000000e+00,        +0.00000000000000000e+00,        +0.00000000000000000e+00,        +0.00000000000000000e+00,        +0.00000000000000000e+00,        +0.00000000000000000e+00,        +0.00000000000000000e+00,        +0.00000000000000000e+00,        +0.00000000000000000e+00,        +0.00000000000000000e+00,        +0.00000000000000000e+00,        +0.00000000000000000e+00,        +0.00000000000000000e+00,        +0.00000000000000000e+00,        +0.00000000000000000e+00,        +0.00000000000000000e+00,        +0.00000000000000000e+00,        +0.00000000000000000e+00,        +0.00000000000000000e+00,        +0.00000000000000000e+00,        +0.00000000000000000e+00,        +0.00000000000000000e+00,        +0.00000000000000000e+00,        +0.00000000000000000e+00,        +0.00000000000000000e+00,        +0.00000000000000000e+00,        +0.00000000000000000e+00,        +0.00000000000000000e+00,        +0.00000000000000000e+00,        +0.00000000000000000e+00,        +0.00000000000000000e+00,        +0.00000000000000000e+00,        +0.00000000000000000e+00,        +0.00000000000000000e+00,        +0.00000000000000000e+00,        +0.00000000000000000e+00,        +0.00000000000000000e+00,        +0.00000000000000000e+00
        +0.00000000000000000e+00,        +0.00000000000000000e+00,        -2.23147330463835424e+04,        +1.52611059583709994e+06,        +3.32721800788308668e+05,        +4.35672640160970273e+05,        -4.80654759406802431e+06,        +5.28074175013097748e+06,        +3.20111309231150486e+07,        -2.88922719862519316e+07,        -2.30416712044537179e+07,        +7.66738557825274114e+06,        +4.49576956428461447e+07,        -1.16580899262822390e+08,        +3.82900519613942727e+07,        -2.97580023700794950e+07,        -8.40944062303655595e+07,        -6.60269431982525997e+06,        -1.44379378679387178e+07,        -1.39056851841472052e+07,        +1.51844599491228700e+08,        +8.99227238380825073e+07,        +0.00000000000000000e+00,        +0.00000000000000000e+00,        +0.00000000000000000e+00,        +0.00000000000000000e+00,        +0.00000000000000000e+00,        +0.00000000000000000e+00,        +0.00000000000000000e+00,        +0.00000000000000000e+00,        +0.00000000000000000e+00,        +0.00000000000000000e+00,        +0.00000000000000000e+00,        +0.00000000000000000e+00,        +0.00000000000000000e+00,        +0.00000000000000000e+00,        +0.00000000000000000e+00,        +0.00000000000000000e+00,        +0.00000000000000000e+00,        +0.00000000000000000e+00,        +0.00000000000000000e+00,        +0.00000000000000000e+00,        +0.00000000000000000e+00,        +0.00000000000000000e+00,        +0.00000000000000000e+00,        +0.00000000000000000e+00,        +0.00000000000000000e+00,        +0.00000000000000000e+00,        +0.00000000000000000e+00,        +0.00000000000000000e+00,        +0.00000000000000000e+00,        +0.00000000000000000e+00,        +0.00000000000000000e+00,        +0.00000000000000000e+00,        -1.37698361507810092e+09,        +0.00000000000000000e+00,        +0.00000000000000000e+00,        +0.00000000000000000e+00,        +0.00000000000000000e+00,        +0.00000000000000000e+00,        +0.00000000000000000e+00,        +0.00000000000000000e+00,        +0.00000000000000000e+00,        +0.00000000000000000e+00,        +0.00000000000000000e+00,        +0.00000000000000000e+00,        +0.00000000000000000e+00,        +0.00000000000000000e+00,        +0.00000000000000000e+00,        +0.00000000000000000e+00,        +0.00000000000000000e+00,        +0.00000000000000000e+00,        +0.00000000000000000e+00,        +0.00000000000000000e+00,        +0.00000000000000000e+00,        +0.00000000000000000e+00,        +0.00000000000000000e+00,        +0.00000000000000000e+00,        +0.00000000000000000e+00,        +0.00000000000000000e+00,        +0.00000000000000000e+00,        +0.00000000000000000e+00,        +0.00000000000000000e+00,        +0.00000000000000000e+00,        +0.00000000000000000e+00,        +0.00000000000000000e+00,        +0.00000000000000000e+00,        +0.00000000000000000e+00,        +0.00000000000000000e+00,        +0.00000000000000000e+00,        +0.00000000000000000e+00,        +0.00000000000000000e+00,        +0.00000000000000000e+00,        +0.00000000000000000e+00,        +0.00000000000000000e+00,        +0.00000000000000000e+00,        +0.00000000000000000e+00,        +0.00000000000000000e+00,        +0.00000000000000000e+00,        +0.00000000000000000e+00,        +0.00000000000000000e+00,        +0.00000000000000000e+00,        +0.00000000000000000e+00,        +0.00000000000000000e+00,        +0.00000000000000000e+00,        +0.00000000000000000e+00,        +0.00000000000000000e+00,        +0.00000000000000000e+00
        +0.00000000000000000e+00,        +0.00000000000000000e+00,        +3.50364457728631805e+03,        -1.01713858665240800e+06,        +8.58440888627818227e+06,        +2.13775689081558306e+06,        -2.83994153335404731e+07,        +5.62500584226698428e+06,        -5.66150599695869461e+07,        +2.25679863910495527e+07,        +2.86623061170441620e+07,        -8.20345253472289816e+06,        +3.67302921918478385e+07,        +2.30910574559900947e+07,        -4.68026550390291363e+07,        -2.84945908878187723e+07,        +2.58597603145428300e+07,        +1.26150920578811709e+07,        +2.34725534351342954e+07,        -1.19402340592994064e+08,        -1.35099236074414402e+07,        +8.88754767637396157e+07,        +0.00000000000000000e+00,        +0.00000000000000000e+00,        +0.00000000000000000e+00,        +0.00000000000000000e+00,        +0.00000000000000000e+00,        +0.00000000000000000e+00,        +0.00000000000000000e+00,        +0.00000000000000000e+00,        +0.00000000000000000e+00,        +0.00000000000000000e+00,        +0.00000000000000000e+00,        +0.00000000000000000e+00,        +0.00000000000000000e+00,        +0.00000000000000000e+00,        +0.00000000000000000e+00,        +0.00000000000000000e+00,        +0.00000000000000000e+00,        +0.00000000000000000e+00,        +0.00000000000000000e+00,        +0.00000000000000000e+00,        +0.00000000000000000e+00,        +0.00000000000000000e+00,        +0.00000000000000000e+00,        +0.00000000000000000e+00,        +0.00000000000000000e+00,        +0.00000000000000000e+00,        +0.00000000000000000e+00,        +0.00000000000000000e+00,        +0.00000000000000000e+00,        +0.00000000000000000e+00,        +0.00000000000000000e+00,        +0.00000000000000000e+00,        +0.00000000000000000e+00,        -1.37698361507810092e+09,        +0.00000000000000000e+00,        +0.00000000000000000e+00,        +0.00000000000000000e+00,        +0.00000000000000000e+00,        +0.00000000000000000e+00,        +0.00000000000000000e+00,        +0.00000000000000000e+00,        +0.00000000000000000e+00,        +0.00000000000000000e+00,        +0.00000000000000000e+00,        +0.00000000000000000e+00,        +0.00000000000000000e+00,        +0.00000000000000000e+00,        +0.00000000000000000e+00,        +0.00000000000000000e+00,        +0.00000000000000000e+00,        +0.00000000000000000e+00,        +0.00000000000000000e+00,        +0.00000000000000000e+00,        +0.00000000000000000e+00,        +0.00000000000000000e+00,        +0.00000000000000000e+00,        +0.00000000000000000e+00,        +0.00000000000000000e+00,        +0.00000000000000000e+00,        +0.00000000000000000e+00,        +0.00000000000000000e+00,        +0.00000000000000000e+00,        +0.00000000000000000e+00,        +0.00000000000000000e+00,        +0.00000000000000000e+00,        +0.00000000000000000e+00,        +0.00000000000000000e+00,        +0.00000000000000000e+00,        +0.00000000000000000e+00,        +0.00000000000000000e+00,        +0.00000000000000000e+00,        +0.00000000000000000e+00,        +0.00000000000000000e+00,        +0.00000000000000000e+00,        +0.00000000000000000e+00,        +0.00000000000000000e+00,        +0.00000000000000000e+00,        +0.00000000000000000e+00,        +0.00000000000000000e+00,        +0.00000000000000000e+00,        +0.00000000000000000e+00,        +0.00000000000000000e+00,        +0.00000000000000000e+00,        +0.00000000000000000e+00,        +0.00000000000000000e+00,        +0.00000000000000000e+00
        +0.00000000000000000e+00,        +0.00000000000000000e+00,        -9.56562688128662376e+03,        -4.20262147976453125e+05,        -9.41129116800575890e+06,        -4.25237373315083236e+06,        +3.93531488724058643e+07,        -3.55828294209171413e+06,        -4.53738831893607881e+06,        +5.17808998822864071e+07,        +6.56715800477491170e+07,        +1.95660228549311012e+07,        +6.08773609221694097e+07,        -1.55173552740837801e+07,        +1.05677264442163846e+06,        +2.14775120658964142e+07,        +2.11075025376947038e+06,        +1.54160288231115416e+07,        -2.67612516959318370e+07,        +1.75208166905492730e+07,        +4.86442527896746236e+05,        -7.41231686082560848e+06,        +0.00000000000000000e+00,        +0.00000000000000000e+00,        +0.00000000000000000e+00,        +0.00000000000000000e+00,        +0.00000000000000000e+00,        +0.00000000000000000e+00,        +0.00000000000000000e+00,        +0.00000000000000000e+00,        +0.00000000000000000e+00,        +0.00000000000000000e+00,        +0.00000000000000000e+00,        +0.00000000000000000e+00,        +0.00000000000000000e+00,        +0.00000000000000000e+00,        +0.00000000000000000e+00,        +0.00000000000000000e+00,        +0.00000000000000000e+00,        +0.00000000000000000e+00,        +0.00000000000000000e+00,        +0.00000000000000000e+00,        +0.00000000000000000e+00,        +0.00000000000000000e+00,        +0.00000000000000000e+00,        +0.00000000000000000e+00,        +0.00000000000000000e+00,        +0.00000000000000000e+00,        +0.00000000000000000e+00,        +0.00000000000000000e+00,        +0.00000000000000000e+00,        +0.00000000000000000e+00,        +0.00000000000000000e+00,        +0.00000000000000000e+00,        +0.00000000000000000e+00,        +0.00000000000000000e+00,        -1.37698361507810092e+09,        +0.00000000000000000e+00,        +0.00000000000000000e+00,        +0.00000000000000000e+00,        +0.00000000000000000e+00,        +0.00000000000000000e+00,        +0.00000000000000000e+00,        +0.00000000000000000e+00,        +0.00000000000000000e+00,        +0.00000000000000000e+00,        +0.00000000000000000e+00,        +0.00000000000000000e+00,        +0.00000000000000000e+00,        +0.00000000000000000e+00,        +0.00000000000000000e+00,        +0.00000000000000000e+00,        +0.00000000000000000e+00,        +0.00000000000000000e+00,        +0.00000000000000000e+00,        +0.00000000000000000e+00,        +0.00000000000000000e+00,        +0.00000000000000000e+00,        +0.00000000000000000e+00,        +0.00000000000000000e+00,        +0.00000000000000000e+00,        +0.00000000000000000e+00,        +0.00000000000000000e+00,        +0.00000000000000000e+00,        +0.00000000000000000e+00,        +0.00000000000000000e+00,        +0.00000000000000000e+00,        +0.00000000000000000e+00,        +0.00000000000000000e+00,        +0.00000000000000000e+00,        +0.00000000000000000e+00,        +0.00000000000000000e+00,        +0.00000000000000000e+00,        +0.00000000000000000e+00,        +0.00000000000000000e+00,        +0.00000000000000000e+00,        +0.00000000000000000e+00,        +0.00000000000000000e+00,        +0.00000000000000000e+00,        +0.00000000000000000e+00,        +0.00000000000000000e+00,        +0.00000000000000000e+00,        +0.00000000000000000e+00,        +0.00000000000000000e+00,        +0.00000000000000000e+00,        +0.00000000000000000e+00,        +0.00000000000000000e+00,        +0.00000000000000000e+00
        +0.00000000000000000e+00,        +0.00000000000000000e+00,        +4.54132495335882559e+04,        +1.70751087109131913e+05,        -8.20218304610814666e+05,        +8.63646800972168148e+06,        -4.13192350070348475e+06,        +9.97280615549157001e+06,        +3.09592902845491804e+07,        +6.28906525122742634e+05,        +1.33968582521386072e+07,        -9.17324964125400782e+06,        +2.07561362916532792e+07,        +1.91582817257854305e+07,        -6.27434531042809039e+06,        -4.52435538305719271e+07,        -1.07004623294086028e+07,        -1.01205249081618004e+07,        +9.47538233375425264e+06,        -5.78651264604010340e+06,        +5.08504477687205188e+06,        -2.40024297283958830e+07,        +0.00000000000000000e+00,        +0.00000000000000000e+00,        +0.00000000000000000e+00,        +0.00000000000000000e+00,        +0.00000000000000000e+00,        +0.00000000000000000e+00,        +0.00000000000000000e+00,        +0.00000000000000000e+00,        +0.00000000000000000e+00,        +0.00000000000000000e+00,        +0.00000000000000000e+00,        +0.00000000000000000e+00,        +0.00000000000000000e+00,        +0.00000000000000000e+00,        +0.00000000000000000e+00,        +0.00000000000000000e+00,        +0.00000000000000000e+00,        +0.00000000000000000e+00,        +0.00000000000000000e+00,        +0.00000000000000000e+00,        +0.00000000000000000e+00,        +0.00000000000000000e+00,        +0.00000000000000000e+00,        +0.00000000000000000e+00,        +0.00000000000000000e+00,        +0.00000000000000000e+00,        +0.00000000000000000e+00,        +0.00000000000000000e+00,        +0.00000000000000000e+00,        +0.00000000000000000e+00,        +0.00000000000000000e+00,        +0.00000000000000000e+00,        +0.00000000000000000e+00,        +0.00000000000000000e+00,        +0.00000000000000000e+00,        -1.37698361507810092e+09,        +0.00000000000000000e+00,        +0.00000000000000000e+00,        +0.00000000000000000e+00,        +0.00000000000000000e+00,        +0.00000000000000000e+00,        +0.00000000000000000e+00,        +0.00000000000000000e+00,        +0.00000000000000000e+00,        +0.00000000000000000e+00,        +0.00000000000000000e+00,        +0.00000000000000000e+00,        +0.00000000000000000e+00,        +0.00000000000000000e+00,        +0.00000000000000000e+00,        +0.00000000000000000e+00,        +0.00000000000000000e+00,        +0.00000000000000000e+00,        +0.00000000000000000e+00,        +0.00000000000000000e+00,        +0.00000000000000000e+00,        +0.00000000000000000e+00,        +0.00000000000000000e+00,        +0.00000000000000000e+00,        +0.00000000000000000e+00,        +0.00000000000000000e+00,        +0.00000000000000000e+00,        +0.00000000000000000e+00,        +0.00000000000000000e+00,        +0.00000000000000000e+00,        +0.00000000000000000e+00,        +0.00000000000000000e+00,        +0.00000000000000000e+00,        +0.00000000000000000e+00,        +0.00000000000000000e+00,        +0.00000000000000000e+00,        +0.00000000000000000e+00,        +0.00000000000000000e+00,        +0.00000000000000000e+00,        +0.00000000000000000e+00,        +0.00000000000000000e+00,        +0.00000000000000000e+00,        +0.00000000000000000e+00,        +0.00000000000000000e+00,        +0.00000000000000000e+00,        +0.00000000000000000e+00,        +0.00000000000000000e+00,        +0.00000000000000000e+00,        +0.00000000000000000e+00,        +0.00000000000000000e+00,        +0.00000000000000000e+00
        +0.00000000000000000e+00,        +0.00000000000000000e+00,        -1.13322059056805301e+05,        -1.58772812698521465e+06,        +5.16455126674499549e+06,        +2.02050469483349170e+06,        -1.52396977253528610e+07,        -8.33816308547481336e+06,        -2.96447165696456060e+07,        +1.88903943428743891e+07,        -1.90846248396361545e+07,        -3.72711858573191613e+07,        +1.83233830525443181e+07,        +1.26753416456840988e+07,        +3.07643925809276290e+06,        -1.48769009552554600e+06,        -9.44611646269099042e+06,        -2.07320737957467185e+06,        -1.25720310878516082e+07,        +1.48541206500294954e+07,        +1.12043898823556192e+07,        -7.57426438560000155e+06,        +0.00000000000000000e+00,        +0.00000000000000000e+00,        +0.00000000000000000e+00,        +0.00000000000000000e+00,        +0.00000000000000000e+00,        +0.00000000000000000e+00,        +0.00000000000000000e+00,        +0.00000000000000000e+00,        +0.00000000000000000e+00,        +0.00000000000000000e+00,        +0.00000000000000000e+00,        +0.00000000000000000e+00,        +0.00000000000000000e+00,        +0.00000000000000000e+00,        +0.00000000000000000e+00,        +0.00000000000000000e+00,        +0.00000000000000000e+00,        +0.00000000000000000e+00,        +0.00000000000000000e+00,        +0.00000000000000000e+00,        +0.00000000000000000e+00,        +0.00000000000000000e+00,        +0.00000000000000000e+00,        +0.00000000000000000e+00,        +0.00000000000000000e+00,        +0.00000000000000000e+00,        +0.00000000000000000e+00,        +0.00000000000000000e+00,        +0.00000000000000000e+00,        +0.00000000000000000e+00,        +0.00000000000000000e+00,        +0.00000000000000000e+00,        +0.00000000000000000e+00,        +0.00000000000000000e+00,        +0.00000000000000000e+00,        +0.00000000000000000e+00,        -1.37698361507810092e+09,        +0.00000000000000000e+00,        +0.00000000000000000e+00,        +0.00000000000000000e+00,        +0.00000000000000000e+00,        +0.00000000000000000e+00,        +0.00000000000000000e+00,        +0.00000000000000000e+00,        +0.00000000000000000e+00,        +0.00000000000000000e+00,        +0.00000000000000000e+00,        +0.00000000000000000e+00,        +0.00000000000000000e+00,        +0.00000000000000000e+00,        +0.00000000000000000e+00,        +0.00000000000000000e+00,        +0.00000000000000000e+00,        +0.00000000000000000e+00,        +0.00000000000000000e+00,        +0.00000000000000000e+00,        +0.00000000000000000e+00,        +0.00000000000000000e+00,        +0.00000000000000000e+00,        +0.00000000000000000e+00,        +0.00000000000000000e+00,        +0.00000000000000000e+00,        +0.00000000000000000e+00,        +0.00000000000000000e+00,        +0.00000000000000000e+00,        +0.00000000000000000e+00,        +0.00000000000000000e+00,        +0.00000000000000000e+00,        +0.00000000000000000e+00,        +0.00000000000000000e+00,        +0.00000000000000000e+00,        +0.00000000000000000e+00,        +0.00000000000000000e+00,        +0.00000000000000000e+00,        +0.00000000000000000e+00,        +0.00000000000000000e+00,        +0.00000000000000000e+00,        +0.00000000000000000e+00,        +0.00000000000000000e+00,        +0.00000000000000000e+00,        +0.00000000000000000e+00,        +0.00000000000000000e+00,        +0.00000000000000000e+00,        +0.00000000000000000e+00,        +0.00000000000000000e+00,        +0.00000000000000000e+00
        +0.00000000000000000e+00,        +0.00000000000000000e+00,        +1.11192866023986771e+04,        +6.87443669848671532e+05,        +2.74961543524666224e+06,        -1.56814986819875287e+06,        -7.99064001982157025e+06,        +5.95982444531418663e+06,        -1.84107875551385656e+07,        -7.92563013592520729e+06,        +9.23249126165309176e+06,        +1.56521111037192382e+07,        -1.58444159383664047e+06,        +4.76523533125066664e+06,        -4.88218687930609379e+06,        +7.94741940502581929e+03,        -9.43569566182523780e+06,        -3.74225962985052029e+06,        +4.18200131413272070e+06,        +3.43863563757785875e+06,        +8.78053624913479947e+06,        -9.42379707604853995e+06,        +0.00000000000000000e+00,        +0.00000000000000000e+00,        +0.00000000000000000e+00,        +0.00000000000000000e+00,        +0.00000000000000000e+00,        +0.00000000000000000e+00,        +0.00000000000000000e+00,        +0.00000000000000000e+00,        +0.00000000000000000e+00,        +0.00000000000000000e+00,        +0.00000000000000000e+00,        +0.00000000000000000e+00,        +0.00000000000000000e+00,        +0.00000000000000000e+00,        +0.00000000000000000e+00,        +0.00000000000000000e+00,        +0.00000000000000000e+00,        +0.00000000000000000e+00,        +0.00000000000000000e+00,        +0.00000000000000000e+00,        +0.00000000000000000e+00,        +0.00000000000000000e+00,        +0.00000000000000000e+00,        +0.00000000000000000e+00,        +0.00000000000000000e+00,        +0.00000000000000000e+00,        +0.00000000000000000e+00,        +0.00000000000000000e+00,        +0.00000000000000000e+00,        +0.00000000000000000e+00,        +0.00000000000000000e+00,        +0.00000000000000000e+00,        +0.00000000000000000e+00,        +0.00000000000000000e+00,        +0.00000000000000000e+00,        +0.00000000000000000e+00,        +0.00000000000000000e+00,        -1.37698361507810092e+09,        +0.00000000000000000e+00,        +0.00000000000000000e+00,        +0.00000000000000000e+00,        +0.00000000000000000e+00,        +0.00000000000000000e+00,        +0.00000000000000000e+00,        +0.00000000000000000e+00,        +0.00000000000000000e+00,        +0.00000000000000000e+00,        +0.00000000000000000e+00,        +0.00000000000000000e+00,        +0.00000000000000000e+00,        +0.00000000000000000e+00,        +0.00000000000000000e+00,        +0.00000000000000000e+00,        +0.00000000000000000e+00,        +0.00000000000000000e+00,        +0.00000000000000000e+00,        +0.00000000000000000e+00,        +0.00000000000000000e+00,        +0.00000000000000000e+00,        +0.00000000000000000e+00,        +0.00000000000000000e+00,        +0.00000000000000000e+00,        +0.00000000000000000e+00,        +0.00000000000000000e+00,        +0.00000000000000000e+00,        +0.00000000000000000e+00,        +0.00000000000000000e+00,        +0.00000000000000000e+00,        +0.00000000000000000e+00,        +0.00000000000000000e+00,        +0.00000000000000000e+00,        +0.00000000000000000e+00,        +0.00000000000000000e+00,        +0.00000000000000000e+00,        +0.00000000000000000e+00,        +0.00000000000000000e+00,        +0.00000000000000000e+00,        +0.00000000000000000e+00,        +0.00000000000000000e+00,        +0.00000000000000000e+00,        +0.00000000000000000e+00,        +0.00000000000000000e+00,        +0.00000000000000000e+00,        +0.00000000000000000e+00,        +0.00000000000000000e+00,        +0.00000000000000000e+00
        +0.00000000000000000e+00,        +0.00000000000000000e+00,        -1.70980401097385623e+07,        -1.05024064156342506e+08,        +1.02929143659813315e+08,        -1.53230709594857246e+07,        +2.80588073628058992e+07,        +5.46372461430094719e+08,        -2.08158178044146633e+09,        +2.26924254369021654e+09,        -5.72375757448596096e+09,        +2.27810820779802465e+09,        +6.25186441523516655e+09,        -7.48611230394029236e+09,        +4.26392837838837004e+09,        +2.74956436612887096e+09,        +1.07225453455284977e+09,        -8.37694058743573380e+09,        +6.33337807296455097e+09,        -6.20227505322888470e+09,        -3.79696603745733309e+09,        -7.09966639098702621e+09,        +0.00000000000000000e+00,        +0.00000000000000000e+00,        +0.00000000000000000e+00,        +0.00000000000000000e+00,        +0.00000000000000000e+00,        +0.00000000000000000e+00,        +0.00000000000000000e+00,        +0.00000000000000000e+00,        +0.00000000000000000e+00,        +0.00000000000000000e+00,        +0.00000000000000000e+00,        +0.00000000000000000e+00,        +0.00000000000000000e+00,        +0.00000000000000000e+00,        +0.00000000000000000e+00,        +0.00000000000000000e+00,        +0.00000000000000000e+00,        +0.00000000000000000e+00,        +0.00000000000000000e+00,        +0.00000000000000000e+00,        +0.00000000000000000e+00,        +0.00000000000000000e+00,        +0.00000000000000000e+00,        +0.00000000000000000e+00,        +0.00000000000000000e+00,        +0.00000000000000000e+00,        +0.00000000000000000e+00,        +0.00000000000000000e+00,        +0.00000000000000000e+00,        +0.00000000000000000e+00,        +0.00000000000000000e+00,        +0.00000000000000000e+00,        +0.00000000000000000e+00,        +0.00000000000000000e+00,        +0.00000000000000000e+00,        +0.00000000000000000e+00,        +0.00000000000000000e+00,        +0.00000000000000000e+00,        +6.45149166753669381e+08,        +0.00000000000000000e+00,        +0.00000000000000000e+00,        +0.00000000000000000e+00,        +0.00000000000000000e+00,        +0.00000000000000000e+00,        +0.00000000000000000e+00,        +0.00000000000000000e+00,        +0.00000000000000000e+00,        +0.00000000000000000e+00,        +0.00000000000000000e+00,        +0.00000000000000000e+00,        +0.00000000000000000e+00,        +0.00000000000000000e+00,        +0.00000000000000000e+00,        +0.00000000000000000e+00,        +0.00000000000000000e+00,        +0.00000000000000000e+00,        +0.00000000000000000e+00,        +0.00000000000000000e+00,        +0.00000000000000000e+00,        +0.00000000000000000e+00,        +0.00000000000000000e+00,        +0.00000000000000000e+00,        +0.00000000000000000e+00,        +0.00000000000000000e+00,        +0.00000000000000000e+00,        +0.00000000000000000e+00,        +0.00000000000000000e+00,        +0.00000000000000000e+00,        +0.00000000000000000e+00,        +0.00000000000000000e+00,        +0.00000000000000000e+00,        +0.00000000000000000e+00,        +0.00000000000000000e+00,        +0.00000000000000000e+00,        +0.00000000000000000e+00,        +0.00000000000000000e+00,        +0.00000000000000000e+00,        +0.00000000000000000e+00,        +0.00000000000000000e+00,        +0.00000000000000000e+00,        +0.00000000000000000e+00,        +0.00000000000000000e+00,        +0.00000000000000000e+00,        +0.00000000000000000e+00,        +0.00000000000000000e+00,        +0.00000000000000000e+00
        +0.00000000000000000e+00,        +0.00000000000000000e+00,        -7.67055089115635608e+05,        +4.75215056485397462e+06,        -2.64875179884681292e+07,        +2.43040658705149312e+06,        +1.19342635208324850e+08,        +1.02323199804817796e+08,        -3.32635820791269140e+06,        -3.29613216594544291e+08,        +2.43927638418338835e+08,        +3.65690413346046209e+08,        -1.07914056031200862e+09,        +2.97806195042740464e+08,        +5.17761352107373595e+08,        -1.54909510439406395e+08,        -7.59923095721194386e+08,        -2.37702811607802105e+09,        -5.14827636468024445e+09,        -2.41760193720525122e+09,        -4.55004551791337907e+08,        -7.36478223772932172e+08,        +0.00000000000000000e+00,        +0.00000000000000000e+00,        +0.00000000000000000e+00,        +0.00000000000000000e+00,        +0.00000000000000000e+00,        +0.00000000000000000e+00,        +0.00000000000000000e+00,        +0.00000000000000000e+00,        +0.00000000000000000e+00,        +0.00000000000000000e+00,        +0.00000000000000000e+00,        +0.00000000000000000e+00,        +0.00000000000000000e+00,        +0.00000000000000000e+00,        +0.00000000000000000e+00,        +0.00000000000000000e+00,        +0.00000000000000000e+00,        +0.00000000000000000e+00,        +0.00000000000000000e+00,        +0.00000000000000000e+00,        +0.00000000000000000e+00,        +0.00000000000000000e+00,        +0.00000000000000000e+00,        +0.00000000000000000e+00,        +0.00000000000000000e+00,        +0.00000000000000000e+00,        +0.00000000000000000e+00,        +0.00000000000000000e+00,        +0.00000000000000000e+00,        +0.00000000000000000e+00,        +0.00000000000000000e+00,        +0.00000000000000000e+00,        +0.00000000000000000e+00,        +0.00000000000000000e+00,        +0.00000000000000000e+00,        +0.00000000000000000e+00,        +0.00000000000000000e+00,        +0.00000000000000000e+00,        +0.00000000000000000e+00,        +6.45149166753669381e+08,        +0.00000000000000000e+00,        +0.00000000000000000e+00,        +0.00000000000000000e+00,        +0.00000000000000000e+00,        +0.00000000000000000e+00,        +0.00000000000000000e+00,        +0.00000000000000000e+00,        +0.00000000000000000e+00,        +0.00000000000000000e+00,        +0.00000000000000000e+00,        +0.00000000000000000e+00,        +0.00000000000000000e+00,        +0.00000000000000000e+00,        +0.00000000000000000e+00,        +0.00000000000000000e+00,        +0.00000000000000000e+00,        +0.00000000000000000e+00,        +0.00000000000000000e+00,        +0.00000000000000000e+00,        +0.00000000000000000e+00,        +0.00000000000000000e+00,        +0.00000000000000000e+00,        +0.00000000000000000e+00,        +0.00000000000000000e+00,        +0.00000000000000000e+00,        +0.00000000000000000e+00,        +0.00000000000000000e+00,        +0.00000000000000000e+00,        +0.00000000000000000e+00,        +0.00000000000000000e+00,        +0.00000000000000000e+00,        +0.00000000000000000e+00,        +0.00000000000000000e+00,        +0.00000000000000000e+00,        +0.00000000000000000e+00,        +0.00000000000000000e+00,        +0.00000000000000000e+00,        +0.00000000000000000e+00,        +0.00000000000000000e+00,        +0.00000000000000000e+00,        +0.00000000000000000e+00,        +0.00000000000000000e+00,        +0.00000000000000000e+00,        +0.00000000000000000e+00,        +0.00000000000000000e+00,        +0.00000000000000000e+00
        +0.00000000000000000e+00,        +0.00000000000000000e+00,        -2.55184500691859925e+05,        +9.20902683515256085e+06,        -5.75032423245882615e+06,        -2.53368190972695537e+07,        +4.07694154647428766e+07,        -3.19417142105712235e+08,        +4.71738044769489646e+08,        +1.90602750025604308e+08,        -1.45073228842094690e+08,        -2.46359410177482367e+08,        -2.81701436940765440e+08,        +4.93580545571440399e+08,        +3.63001280215165913e+08,        +1.15405234921530247e+09,        -1.00602730348255587e+09,        +1.98963568134513593e+09,        +2.13439647746561557e+08,        -1.71490459933101773e+09,        +7.44577910648200750e+08,        -1.37680641954281855e+09,        +0.00000000000000000e+00,        +0.00000000000000000e+00,        +0.00000000000000000e+00,        +0.00000000000000000e+00,        +0.00000000000000000e+00,        +0.00000000000000000e+00,        +0.00000000000000000e+00,        +0.00000000000000000e+00,        +0.00000000000000000e+00,        +0.00000000000000000e+00,        +0.00000000000000000e+00,        +0.00000000000000000e+00,        +0.00000000000000000e+00,        +0.00000000000000000e+00,        +0.00000000000000000e+00,        +0.00000000000000000e+00,        +0.00000000000000000e+00,        +0.00000000000000000e+00,        +0.00000000000000000e+00,        +0.00000000000000000e+00,        +0.00000000000000000e+00,        +0.00000000000000000e+00,        +0.00000000000000000e+00,        +0.00000000000000000e+00,        +0.00000000000000000e+00,        +0.00000000000000000e+00,        +0.00000000000000000e+00,        +0.00000000000000000e+00,        +0.00000000000000000e+00,        +0.00000000000000000e+00,        +0.00000000000000000e+00,        +0.00000000000000000e+00,        +0.00000000000000000e+00,        +0.00000000000000000e+00,        +0.00000000000000000e+00,        +0.00000000000000000e+00,        +0.00000000000000000e+00,        +0.00000000000000000e+00,        +0.00000000000000000e+00,        +0.00000000000000000e+00,        +6.45149166753669381e+08,        +0.00000000000000000e+00,        +0.00000000000000000e+00,        +0.00000000000000000e+00,        +0.00000000000000000e+00,        +0.00000000000000000e+00,        +0.00000000000000000e+00,        +0.00000000000000000e+00,        +0.00000000000000000e+00,        +0.00000000000000000e+00,        +0.00000000000000000e+00,        +0.00000000000000000e+00,        +0.00000000000000000e+00,        +0.00000000000000000e+00,        +0.00000000000000000e+00,        +0.00000000000000000e+00,        +0.00000000000000000e+00,        +0.00000000000000000e+00,        +0.00000000000000000e+00,        +0.00000000000000000e+00,        +0.00000000000000000e+00,        +0.00000000000000000e+00,        +0.00000000000000000e+00,        +0.00000000000000000e+00,        +0.00000000000000000e+00,        +0.00000000000000000e+00,        +0.00000000000000000e+00,        +0.00000000000000000e+00,        +0.00000000000000000e+00,        +0.00000000000000000e+00,        +0.00000000000000000e+00,        +0.00000000000000000e+00,        +0.00000000000000000e+00,        +0.00000000000000000e+00,        +0.00000000000000000e+00,        +0.00000000000000000e+00,        +0.00000000000000000e+00,        +0.00000000000000000e+00,        +0.00000000000000000e+00,        +0.00000000000000000e+00,        +0.00000000000000000e+00,        +0.00000000000000000e+00,        +0.00000000000000000e+00,        +0.00000000000000000e+00,        +0.00000000000000000e+00,        +0.00000000000000000e+00
        +0.00000000000000000e+00,        +0.00000000000000000e+00,        -6.00528038390223985e+05,        +5.79682272337947041e+06,        +4.65394657212522924e+07,        +2.65714211022053845e+07,        -1.99867766602239013e+08,        +1.86118288324607104e+08,        -8.50908688930977732e+07,        -1.76351591795791090e+08,        -1.71578113298042893e+08,        +1.77162845346137196e+08,        +2.52592880057859123e+08,        -1.75821946944645941e+08,        +1.87373081566330642e+08,        -2.45171593835047215e+08,        -3.08837767084860265e+08,        +4.63659259346251905e+08,        -1.92891680693396896e+08,        +9.31295345809928328e+07,        -5.63378951653434753e+08,        +5.73778800597527102e+07,        +0.00000000000000000e+00,        +0.00000000000000000e+00,        +0.00000000000000000e+00,        +0.00000000000000000e+00,        +0.00000000000000000e+00,        +0.00000000000000000e+00,        +0.00000000000000000e+00,        +0.00000000000000000e+00,        +0.00000000000000000e+00,        +0.00000000000000000e+00,        +0.00000000000000000e+00,        +0.00000000000000000e+00,        +0.00000000000000000e+00,        +0.00000000000000000e+00,        +0.00000000000000000e+00,        +0.00000000000000000e+00,        +0.00000000000000000e+00,        +0.00000000000000000e+00,        +0.00000000000000000e+00,        +0.00000000000000000e+00,        +0.00000000000000000e+00,        +0.00000000000000000e+00,        +0.00000000000000000e+00,        +0.00000000000000000e+00,        +0.00000000000000000e+00,        +0.00000000000000000e+00,        +0.00000000000000000e+00,        +0.00000000000000000e+00,        +0.00000000000000000e+00,        +0.00000000000000000e+00,        +0.00000000000000000e+00,        +0.00000000000000000e+00,        +0.00000000000000000e+00,        +0.00000000000000000e+00,        +0.00000000000000000e+00,        +0.00000000000000000e+00,        +0.00000000000000000e+00,        +0.00000000000000000e+00,        +0.00000000000000000e+00,        +0.00000000000000000e+00,        +0.00000000000000000e+00,        +6.45149166753669381e+08,        +0.00000000000000000e+00,        +0.00000000000000000e+00,        +0.00000000000000000e+00,        +0.00000000000000000e+00,        +0.00000000000000000e+00,        +0.00000000000000000e+00,        +0.00000000000000000e+00,        +0.00000000000000000e+00,        +0.00000000000000000e+00,        +0.00000000000000000e+00,        +0.00000000000000000e+00,        +0.00000000000000000e+00,        +0.00000000000000000e+00,        +0.00000000000000000e+00,        +0.00000000000000000e+00,        +0.00000000000000000e+00,        +0.00000000000000000e+00,        +0.00000000000000000e+00,        +0.00000000000000000e+00,        +0.00000000000000000e+00,        +0.00000000000000000e+00,        +0.00000000000000000e+00,        +0.00000000000000000e+00,        +0.00000000000000000e+00,        +0.00000000000000000e+00,        +0.00000000000000000e+00,        +0.00000000000000000e+00,        +0.00000000000000000e+00,        +0.00000000000000000e+00,        +0.00000000000000000e+00,        +0.00000000000000000e+00,        +0.00000000000000000e+00,        +0.00000000000000000e+00,        +0.00000000000000000e+00,        +0.00000000000000000e+00,        +0.00000000000000000e+00,        +0.00000000000000000e+00,        +0.00000000000000000e+00,        +0.00000000000000000e+00,        +0.00000000000000000e+00,        +0.00000000000000000e+00,        +0.00000000000000000e+00,        +0.00000000000000000e+00,        +0.00000000000000000e+00
        +0.00000000000000000e+00,        +0.00000000000000000e+00,        +3.64505760366056755e+05,        +2.56066061704496667e+06,        -3.84271080425729370e+06,        -2.06264567010086402e+06,        +1.70227353646410890e+07,        -2.81779037403555326e+07,        +6.28976836590679660e+07,        -1.02049435960799381e+07,        -6.55068513431218453e+06,        -1.12089846333438177e+07,        +4.29211570825468227e+07,        +7.50488537310561389e+07,        -7.77985074091803879e+07,        +1.19055553425918430e+08,        -1.92660086583827645e+08,        -9.14205274439245462e+07,        +4.17900341321340725e+07,        +1.64473440206196140e+07,        -7.85500137380556017e+07,        +7.95264560629805624e+07,        +0.00000000000000000e+00,        +0.00000000000000000e+00,        +0.00000000000000000e+00,        +0.00000000000000000e+00,        +0.00000000000000000e+00,        +0.00000000000000000e+00,        +0.00000000000000000e+00,        +0.00000000000000000e+00,        +0.00000000000000000e+00,        +0.00000000000000000e+00,        +0.00000000000000000e+00,        +0.00000000000000000e+00,        +0.00000000000000000e+00,        +0.00000000000000000e+00,        +0.00000000000000000e+00,        +0.00000000000000000e+00,        +0.00000000000000000e+00,        +0.00000000000000000e+00,        +0.00000000000000000e+00,        +0.00000000000000000e+00,        +0.00000000000000000e+00,        +0.00000000000000000e+00,        +0.00000000000000000e+00,        +0.00000000000000000e+00,        +0.00000000000000000e+00,        +0.00000000000000000e+00,        +0.00000000000000000e+00,        +0.00000000000000000e+00,        +0.00000000000000000e+00,        +0.00000000000000000e+00,        +0.00000000000000000e+00,        +0.00000000000000000e+00,        +0.00000000000000000e+00,        +0.00000000000000000e+00,        +0.00000000000000000e+00,        +0.00000000000000000e+00,        +0.00000000000000000e+00,        +0.00000000000000000e+00,        +0.00000000000000000e+00,        +0.00000000000000000e+00,        +0.00000000000000000e+00,        +0.00000000000000000e+00,        +6.45149166753669381e+08,        +0.00000000000000000e+00,        +0.00000000000000000e+00,        +0.00000000000000000e+00,        +0.00000000000000000e+00,        +0.00000000000000000e+00,        +0.00000000000000000e+00,        +0.00000000000000000e+00,        +0.00000000000000000e+00,        +0.00000000000000000e+00,        +0.00000000000000000e+00,        +0.00000000000000000e+00,        +0.00000000000000000e+00,        +0.00000000000000000e+00,        +0.00000000000000000e+00,        +0.00000000000000000e+00,        +0.00000000000000000e+00,        +0.00000000000000000e+00,        +0.00000000000000000e+00,        +0.00000000000000000e+00,        +0.00000000000000000e+00,        +0.00000000000000000e+00,        +0.00000000000000000e+00,        +0.00000000000000000e+00,        +0.00000000000000000e+00,        +0.00000000000000000e+00,        +0.00000000000000000e+00,        +0.00000000000000000e+00,        +0.00000000000000000e+00,        +0.00000000000000000e+00,        +0.00000000000000000e+00,        +0.00000000000000000e+00,        +0.00000000000000000e+00,        +0.00000000000000000e+00,        +0.00000000000000000e+00,        +0.00000000000000000e+00,        +0.00000000000000000e+00,        +0.00000000000000000e+00,        +0.00000000000000000e+00,        +0.00000000000000000e+00,        +0.00000000000000000e+00,        +0.00000000000000000e+00,        +0.00000000000000000e+00,        +0.00000000000000000e+00
        +0.00000000000000000e+00,        +0.00000000000000000e+00,        -6.38824041964277625e+05,        -2.42129856762056798e+06,        -2.27410554846986244e+06,        -1.86504002839720878e+06,        +1.00654899157493003e+07,        -6.65662735180919804e+06,        -1.64624185750961527e+07,        +9.18509353075793944e+06,        +4.76650273100741878e+07,        +1.01530301356534921e+07,        -1.39292529228330497e+07,        +9.42443126802024543e+07,        +2.08287316677677274e+08,        -8.24786155154537782e+06,        -1.51868228720350694e+07,        -2.76948757635387816e+07,        +4.15198183807025775e+07,        -4.31441466831436474e+06,        -4.28309077675027028e+06,        +5.58697470161747187e+07,        +0.00000000000000000e+00,        +0.00000000000000000e+00,        +0.00000000000000000e+00,        +0.00000000000000000e+00,        +0.00000000000000000e+00,        +0.00000000000000000e+00,        +0.00000000000000000e+00,        +0.00000000000000000e+00,        +0.00000000000000000e+00,        +0.00000000000000000e+00,        +0.00000000000000000e+00,        +0.00000000000000000e+00,        +0.00000000000000000e+00,        +0.00000000000000000e+00,        +0.00000000000000000e+00,        +0.00000000000000000e+00,        +0.00000000000000000e+00,        +0.00000000000000000e+00,        +0.00000000000000000e+00,        +0.00000000000000000e+00,        +0.00000000000000000e+00,        +0.00000000000000000e+00,        +0.00000000000000000e+00,        +0.00000000000000000e+00,        +0.00000000000000000e+00,        +0.00000000000000000e+00,        +0.00000000000000000e+00,        +0.00000000000000000e+00,        +0.00000000000000000e+00,        +0.00000000000000000e+00,        +0.00000000000000000e+00,        +0.00000000000000000e+00,        +0.00000000000000000e+00,        +0.00000000000000000e+00,        +0.00000000000000000e+00,        +0.00000000000000000e+00,        +0.00000000000000000e+00,        +0.00000000000000000e+00,        +0.00000000000000000e+00,        +0.00000000000000000e+00,        +0.00000000000000000e+00,        +0.00000000000000000e+00,        +0.00000000000000000e+00,        +6.45149166753669381e+08,        +0.00000000000000000e+00,        +0.00000000000000000e+00,        +0.00000000000000000e+00,        +0.00000000000000000e+00,        +0.00000000000000000e+00,        +0.00000000000000000e+00,        +0.00000000000000000e+00,        +0.00000000000000000e+00,        +0.00000000000000000e+00,        +0.00000000000000000e+00,        +0.00000000000000000e+00,        +0.00000000000000000e+00,        +0.00000000000000000e+00,        +0.00000000000000000e+00,        +0.00000000000000000e+00,        +0.00000000000000000e+00,        +0.00000000000000000e+00,        +0.00000000000000000e+00,        +0.00000000000000000e+00,        +0.00000000000000000e+00,        +0.00000000000000000e+00,        +0.00000000000000000e+00,        +0.00000000000000000e+00,        +0.00000000000000000e+00,        +0.00000000000000000e+00,        +0.00000000000000000e+00,        +0.00000000000000000e+00,        +0.00000000000000000e+00,        +0.00000000000000000e+00,        +0.00000000000000000e+00,        +0.00000000000000000e+00,        +0.00000000000000000e+00,        +0.00000000000000000e+00,        +0.00000000000000000e+00,        +0.00000000000000000e+00,        +0.00000000000000000e+00,        +0.00000000000000000e+00,        +0.00000000000000000e+00,        +0.00000000000000000e+00,        +0.00000000000000000e+00,        +0.00000000000000000e+00,        +0.00000000000000000e+00
        +0.00000000000000000e+00,        +0.00000000000000000e+00,        +1.76182661807822187e+04,        -1.20491796352131176e+06,        -2.62695558053635061e+05,        -3.43978864819272712e+05,        +3.79493829242169904e+06,        -4.16933124821116868e+06,        -2.52739131666516513e+07,        +2.28114643972333185e+07,        +1.81922094109892026e+07,        -6.05367044936441351e+06,        -3.54956811297648475e+07,        +9.20447181930432320e+07,        -3.02313420523377880e+07,        +2.34949889687063619e+07,        +6.63954899304308519e+07,        +5.21305927322635148e+06,        +1.13992594905886445e+07,        +1.09790272861978170e+07,        -1.19886649165372849e+08,        -7.09971515674065500e+07,        +0.00000000000000000e+00,        +0.00000000000000000e+00,        +0.00000000000000000e+00,        +0.00000000000000000e+00,        +0.00000000000000000e+00,        +0.00000000000000000e+00,        +0.00000000000000000e+00,        +0.00000000000000000e+00,        +0.00000000000000000e+00,        +0.00000000000000000e+00,        +0.00000000000000000e+00,        +0.00000000000000000e+00,        +0.00000000000000000e+00,        +0.00000000000000000e+00,        +0.00000000000000000e+00,        +0.00000000000000000e+00,        +0.00000000000000000e+00,        +0.00000000000000000e+00,        +0.00000000000000000e+00,        +0.00000000000000000e+00,        +0.00000000000000000e+00,        +0.00000000000000000e+00,        +0.00000000000000000e+00,        +0.00000000000000000e+00,        +0.00000000000000000e+00,        +0.00000000000000000e+00,        +0.00000000000000000e+00,        +0.00000000000000000e+00,        +0.00000000000000000e+00,        +0.00000000000000000e+00,        +0.00000000000000000e+00,        +0.00000000000000000e+00,        +0.00000000000000000e+00,        +0.00000000000000000e+00,        +0.00000000000000000e+00,        +0.00000000000000000e+00,        +0.00000000000000000e+00,        +0.00000000000000000e+00,        +0.00000000000000000e+00,        +0.00000000000000000e+00,        +0.00000000000000000e+00,        +0.00000000000000000e+00,        +0.00000000000000000e+00,        +0.00000000000000000e+00,        +6.45149166753669381e+08,        +0.00000000000000000e+00,        +0.00000000000000000e+00,        +0.00000000000000000e+00,        +0.00000000000000000e+00,        +0.00000000000000000e+00,        +0.00000000000000000e+00,        +0.00000000000000000e+00,        +0.00000000000000000e+00,        +0.00000000000000000e+00,        +0.00000000000000000e+00,        +0.00000000000000000e+00,        +0.00000000000000000e+00,        +0.00000000000000000e+00,        +0.00000000000000000e+00,        +0.00000000000000000e+00,        +0.00000000000000000e+00,        +0.00000000000000000e+00,        +0.00000000000000000e+00,        +0.00000000000000000e+00,        +0.00000000000000000e+00,        +0.00000000000000000e+00,        +0.00000000000000000e+00,        +0.00000000000000000e+00,        +0.00000000000000000e+00,        +0.00000000000000000e+00,        +0.00000000000000000e+00,        +0.00000000000000000e+00,        +0.00000000000000000e+00,        +0.00000000000000000e+00,        +0.00000000000000000e+00,        +0.00000000000000000e+00,        +0.00000000000000000e+00,        +0.00000000000000000e+00,        +0.00000000000000000e+00,        +0.00000000000000000e+00,        +0.00000000000000000e+00,        +0.00000000000000000e+00,        +0.00000000000000000e+00,        +0.00000000000000000e+00,        +0.00000000000000000e+00,        +0.00000000000000000e+00
        +0.00000000000000000e+00,        +0.00000000000000000e+00,        -2.76625055908919285e+03,        +8.03066670129446313e+05,        -6.77769258761679474e+06,        -1.68783421490647481e+06,        +2.24223367442880385e+07,        -4.44113985103559308e+06,        +4.46995800627238601e+07,        -1.78182185991340205e+07,        -2.26298982593917511e+07,        +6.47691415612001345e+06,        -2.89998568832872026e+07,        -1.82312015926760919e+07,        +3.69523414298061803e+07,        +2.24974811901432946e+07,        -2.04171898290614821e+07,        -9.96005864416300319e+06,        -1.85324060791241154e+07,        +9.42723453067129254e+07,        +1.06665596089894529e+07,        -7.01703131878271550e+07,        +0.00000000000000000e+00,        +0.00000000000000000e+00,        +0.00000000000000000e+00,        +0.00000000000000000e+00,        +0.00000000000000000e+00,        +0.00000000000000000e+00,        +0.00000000000000000e+00,        +0.00000000000000000e+00,        +0.00000000000000000e+00,        +0.00000000000000000e+00,        +0.00000000000000000e+00,        +0.00000000000000000e+00,        +0.00000000000000000e+00,        +0.00000000000000000e+00,        +0.00000000000000000e+00,        +0.00000000000000000e+00,        +0.00000000000000000e+00,        +0.00000000000000000e+00,        +0.00000000000000000e+00,        +0.00000000000000000e+00,        +0.00000000000000000e+00,        +0.00000000000000000e+00,        +0.00000000000000000e+00,        +0.00000000000000000e+00,        +0.00000000000000000e+00,        +0.00000000000000000e+00,        +0.00000000000000000e+00,        +0.00000000000000000e+00,        +0.00000000000000000e+00,        +0.00000000000000000e+00,        +0.00000000000000000e+00,        +0.00000000000000000e+00,        +0.00000000000000000e+00,        +0.00000000000000000e+00,        +0.00000000000000000e+00,        +0.00000000000000000e+00,        +0.00000000000000000e+00,        +0.00000000000000000e+00,        +0.00000000000000000e+00,        +0.00000000000000000e+00,        +0.00000000000000000e+00,        +0.00000000000000000e+00,        +0.00000000000000000e+00,        +0.00000000000000000e+00,        +0.00000000000000000e+00,        +6.45149166753669381e+08,        +0.00000000000000000e+00,        +0.00000000000000000e+00,        +0.00000000000000000e+00,        +0.00000000000000000e+00,        +0.00000000000000000e+00,        +0.00000000000000000e+00,        +0.00000000000000000e+00,        +0.00000000000000000e+00,        +0.00000000000000000e+00,        +0.00000000000000000e+00,        +0.00000000000000000e+00,        +0.00000000000000000e+00,        +0.00000000000000000e+00,        +0.00000000000000000e+00,        +0.00000000000000000e+00,        +0.00000000000000000e+00,        +0.00000000000000000e+00,        +0.00000000000000000e+00,        +0.00000000000000000e+00,        +0.00000000000000000e+00,        +0.00000000000000000e+00,        +0.00000000000000000e+00,        +0.00000000000000000e+00,        +0.00000000000000000e+00,        +0.00000000000000000e+00,        +0.00000000000000000e+00,        +0.00000000000000000e+00,        +0.00000000000000000e+00,        +0.00000000000000000e+00,        +0.00000000000000000e+00,        +0.00000000000000000e+00,        +0.00000000000000000e+00,        +0.00000000000000000e+00,        +0.00000000000000000e+00,        +0.00000000000000000e+00,        +0.00000000000000000e+00,        +0.00000000000000000e+00,        +0.00000000000000000e+00,        +0.00000000000000000e+00,        +0.00000000000000000e+00
        +0.00000000000000000e+00,        +0.00000000000000000e+00,        +7.55239868790930177e+03,        +3.31811739507070626e+05,        +7.43054521683567576e+06,        +3.35739854808434797e+06,        -3.10706944351441413e+07,        +2.80938946883206116e+06,        +3.58242758281813702e+06,        -4.08828407362196818e+07,        -5.18500210326873660e+07,        -1.54480628578844611e+07,        -4.80648164995258376e+07,        +1.22514974780251682e+07,        -8.34359152013560291e+05,        -1.69572507854513675e+07,        -1.66651152558112331e+06,        -1.21714966830045804e+07,        +2.11289489652330242e+07,        -1.38333006949781291e+07,        -3.84063475925220875e+05,        +5.85228473040102888e+06,        +0.00000000000000000e+00,        +0.00000000000000000e+00,        +0.00000000000000000e+00,        +0.00000000000000000e+00,        +0.00000000000000000e+00,        +0.00000000000000000e+00,        +0.00000000000000000e+00,        +0.00000000000000000e+00,        +0.00000000000000000e+00,        +0.00000000000000000e+00,        +0.00000000000000000e+00,        +0.00000000000000000e+00,        +0.00000000000000000e+00,        +0.00000000000000000e+00,        +0.00000000000000000e+00,        +0.00000000000000000e+00,        +0.00000000000000000e+00,        +0.00000000000000000e+00,        +0.00000000000000000e+00,        +0.00000000000000000e+00,        +0.00000000000000000e+00,        +0.00000000000000000e+00,        +0.00000000000000000e+00,        +0.00000000000000000e+00,        +0.00000000000000000e+00,        +0.00000000000000000e+00,        +0.00000000000000000e+00,        +0.00000000000000000e+00,        +0.00000000000000000e+00,        +0.00000000000000000e+00,        +0.00000000000000000e+00,        +0.00000000000000000e+00,        +0.00000000000000000e+00,        +0.00000000000000000e+00,        +0.00000000000000000e+00,        +0.00000000000000000e+00,        +0.00000000000000000e+00,        +0.00000000000000000e+00,        +0.00000000000000000e+00,        +0.00000000000000000e+00,        +0.00000000000000000e+00,        +0.00000000000000000e+00,        +0.00000000000000000e+00,        +0.00000000000000000e+00,        +0.00000000000000000e+00,        +0.00000000000000000e+00,        +6.45149166753669381e+08,        +0.00000000000000000e+00,        +0.00000000000000000e+00,        +0.00000000000000000e+00,        +0.00000000000000000e+00,        +0.00000000000000000e+00,        +0.00000000000000000e+00,        +0.00000000000000000e+00,        +0.00000000000000000e+00,        +0.00000000000000000e+00,        +0.00000000000000000e+00,        +0.00000000000000000e+00,        +0.00000000000000000e+00,        +0.00000000000000000e+00,        +0.00000000000000000e+00,        +0.00000000000000000e+00,        +0.00000000000000000e+00,        +0.00000000000000000e+00,        +0.00000000000000000e+00,        +0.00000000000000000e+00,        +0.00000000000000000e+00,        +0.00000000000000000e+00,        +0.00000000000000000e+00,        +0.00000000000000000e+00,        +0.00000000000000000e+00,        +0.00000000000000000e+00,        +0.00000000000000000e+00,        +0.00000000000000000e+00,        +0.00000000000000000e+00,        +0.00000000000000000e+00,        +0.00000000000000000e+00,        +0.00000000000000000e+00,        +0.00000000000000000e+00,        +0.00000000000000000e+00,        +0.00000000000000000e+00,        +0.00000000000000000e+00,        +0.00000000000000000e+00,        +0.00000000000000000e+00,        +0.00000000000000000e+00,        +0.00000000000000000e+00
        +0.00000000000000000e+00,        +0.00000000000000000e+00,        -3.58553569408132098e+04,        -1.34813985768660874e+05,        +6.47591185023171478e+05,        -6.81879509563511796e+06,        +3.26229885532157216e+06,        -7.87388103866514564e+06,        -2.44434480066384263e+07,        -4.96543809841319511e+05,        -1.05772905363364480e+07,        +7.24260306347562093e+06,        -1.63876992528130114e+07,        -1.51261369029017594e+07,        +4.95381618769488391e+06,        +3.57213762178862393e+07,        +8.44839116762398370e+06,        +7.99051018672743998e+06,        -7.48114744522203039e+06,        +4.56865515014168434e+06,        -4.01482160839237878e+06,        +1.89507620396531485e+07,        +0.00000000000000000e+00,        +0.00000000000000000e+00,        +0.00000000000000000e+00,        +0.00000000000000000e+00,        +0.00000000000000000e+00,        +0.00000000000000000e+00,        +0.00000000000000000e+00,        +0.00000000000000000e+00,        +0.00000000000000000e+00,        +0.00000000000000000e+00,        +0.00000000000000000e+00,        +0.00000000000000000e+00,        +0.00000000000000000e+00,        +0.00000000000000000e+00,        +0.00000000000000000e+00,        +0.00000000000000000e+00,        +0.00000000000000000e+00,        +0.00000000000000000e+00,        +0.00000000000000000e+00,        +0.00000000000000000e+00,        +0.00000000000000000e+00,        +0.00000000000000000e+00,        +0.00000000000000000e+00,        +0.00000000000000000e+00,        +0.00000000000000000e+00,        +0.00000000000000000e+00,        +0.00000000000000000e+00,        +0.00000000000000000e+00,        +0.00000000000000000e+00,        +0.00000000000000000e+00,        +0.00000000000000000e+00,        +0.00000000000000000e+00,        +0.00000000000000000e+00,        +0.00000000000000000e+00,        +0.00000000000000000e+00,        +0.00000000000000000e+00,        +0.00000000000000000e+00,        +0.00000000000000000e+00,        +0.00000000000000000e+00,        +0.00000000000000000e+00,        +0.00000000000000000e+00,        +0.00000000000000000e+00,        +0.00000000000000000e+00,        +0.00000000000000000e+00,        +0.00000000000000000e+00,        +0.00000000000000000e+00,        +0.00000000000000000e+00,        +6.45149166753669381e+08,        +0.00000000000000000e+00,        +0.00000000000000000e+00,        +0.00000000000000000e+00,        +0.00000000000000000e+00,        +0.00000000000000000e+00,        +0.00000000000000000e+00,        +0.00000000000000000e+00,        +0.00000000000000000e+00,        +0.00000000000000000e+00,        +0.00000000000000000e+00,        +0.00000000000000000e+00,        +0.00000000000000000e+00,        +0.00000000000000000e+00,        +0.00000000000000000e+00,        +0.00000000000000000e+00,        +0.00000000000000000e+00,        +0.00000000000000000e+00,        +0.00000000000000000e+00,        +0.00000000000000000e+00,        +0.00000000000000000e+00,        +0.00000000000000000e+00,        +0.00000000000000000e+00,        +0.00000000000000000e+00,        +0.00000000000000000e+00,        +0.00000000000000000e+00,        +0.00000000000000000e+00,        +0.00000000000000000e+00,        +0.00000000000000000e+00,        +0.00000000000000000e+00,        +0.00000000000000000e+00,        +0.00000000000000000e+00,        +0.00000000000000000e+00,        +0.00000000000000000e+00,        +0.00000000000000000e+00,        +0.00000000000000000e+00,        +0.00000000000000000e+00,        +0.00000000000000000e+00,        +0.00000000000000000e+00
        +0.00000000000000000e+00,        +0.00000000000000000e+00,        +8.94717492907982087e+04,        +1.25356717043378530e+06,        -4.07759477707736939e+06,        -1.59525948435514863e+06,        +1.20322770826712735e+07,        +6.58327287148414738e+06,        +2.34055458468729742e+07,        -1.49146303969180435e+07,        +1.50679822019905653e+07,        +2.94269114464748576e+07,        -1.44669550507788267e+07,        -1.00076278117164727e+07,        -2.42895694182954496e+06,        +1.17458362791080866e+06,        +7.45804101122018602e+06,        +1.63687010664141621e+06,        +9.92606049458144046e+06,        -1.17278504273250401e+07,        -8.84625968548597954e+06,        +5.98014799423050508e+06,        +0.00000000000000000e+00,        +0.00000000000000000e+00,        +0.00000000000000000e+00,        +0.00000000000000000e+00,        +0.00000000000000000e+00,        +0.00000000000000000e+00,        +0.00000000000000000e+00,        +0.00000000000000000e+00,        +0.00000000000000000e+00,        +0.00000000000000000e+00,        +0.00000000000000000e+00,        +0.00000000000000000e+00,        +0.00000000000000000e+00,        +0.00000000000000000e+00,        +0.00000000000000000e+00,        +0.00000000000000000e+00,        +0.00000000000000000e+00,        +0.00000000000000000e+00,        +0.00000000000000000e+00,        +0.00000000000000000e+00,        +0.00000000000000000e+00,        +0.00000000000000000e+00,        +0.00000000000000000e+00,        +0.00000000000000000e+00,        +0.00000000000000000e+00,        +0.00000000000000000e+00,        +0.00000000000000000e+00,        +0.00000000000000000e+00,        +0.00000000000000000e+00,        +0.00000000000000000e+00,        +0.00000000000000000e+00,        +0.00000000000000000e+00,        +0.00000000000000000e+00,        +0.00000000000000000e+00,        +0.00000000000000000e+00,        +0.00000000000000000e+00,        +0.00000000000000000e+00,        +0.00000000000000000e+00,        +0.00000000000000000e+00,        +0.00000000000000000e+00,        +0.00000000000000000e+00,        +0.00000000000000000e+00,        +0.00000000000000000e+00,        +0.00000000000000000e+00,        +0.00000000000000000e+00,        +0.00000000000000000e+00,        +0.00000000000000000e+00,        +0.00000000000000000e+00,        +6.45149166753669381e+08,        +0.00000000000000000e+00,        +0.00000000000000000e+00,        +0.00000000000000000e+00,        +0.00000000000000000e+00,        +0.00000000000000000e+00,        +0.00000000000000000e+00,        +0.00000000000000000e+00,        +0.00000000000000000e+00,        +0.00000000000000000e+00,        +0.00000000000000000e+00,        +0.00000000000000000e+00,        +0.00000000000000000e+00,        +0.00000000000000000e+00,        +0.00000000000000000e+00,        +0.00000000000000000e+00,        +0.00000000000000000e+00,        +0.00000000000000000e+00,        +0.00000000000000000e+00,        +0.00000000000000000e+00,        +0.00000000000000000e+00,        +0.00000000000000000e+00,        +0.00000000000000000e+00,        +0.00000000000000000e+00,        +0.00000000000000000e+00,        +0.00000000000000000e+00,        +0.00000000000000000e+00,        +0.00000000000000000e+00,        +0.00000000000000000e+00,        +0.00000000000000000e+00,        +0.00000000000000000e+00,        +0.00000000000000000e+00,        +0.00000000000000000e+00,        +0.00000000000000000e+00,        +0.00000000000000000e+00,        +0.00000000000000000e+00,        +0.00000000000000000e+00,        +0.00000000000000000e+00
        +0.00000000000000000e+00,        +0.00000000000000000e+00,        -8.77906765428298786e+03,        -5.42760943387155537e+05,        -2.17091804469577037e+06,        +1.23810944687782181e+06,        +6.30889119450358674e+06,        -4.70549090818253253e+06,        +1.45359639781499691e+07,        +6.25756360584334470e+06,        -7.28937640533018950e+06,        -1.23578919426595755e+07,        +1.25097233697988815e+06,        -3.76232080865733000e+06,        +3.85465816710173199e+06,        -6.27476699976705186e+03,        +7.44981342260919418e+06,        +2.95464553123961110e+06,        -3.30183704943368165e+06,        -2.71492371589849237e+06,        -6.93254203515265603e+06,        +7.44041907086171955e+06,        +0.00000000000000000e+00,        +0.00000000000000000e+00,        +0.00000000000000000e+00,        +0.00000000000000000e+00,        +0.00000000000000000e+00,        +0.00000000000000000e+00,        +0.00000000000000000e+00,        +0.00000000000000000e+00,        +0.00000000000000000e+00,        +0.00000000000000000e+00,        +0.00000000000000000e+00,        +0.00000000000000000e+00,        +0.00000000000000000e+00,        +0.00000000000000000e+00,        +0.00000000000000000e+00,        +0.00000000000000000e+00,        +0.00000000000000000e+00,        +0.00000000000000000e+00,        +0.00000000000000000e+00,        +0.00000000000000000e+00,        +0.00000000000000000e+00,        +0.00000000000000000e+00,        +0.00000000000000000e+00,        +0.00000000000000000e+00,        +0.00000000000000000e+00,        +0.00000000000000000e+00,        +0.00000000000000000e+00,        +0.00000000000000000e+00,        +0.00000000000000000e+00,        +0.00000000000000000e+00,        +0.00000000000000000e+00,        +0.00000000000000000e+00,        +0.00000000000000000e+00,        +0.00000000000000000e+00,        +0.00000000000000000e+00,        +0.00000000000000000e+00,        +0.00000000000000000e+00,        +0.00000000000000000e+00,        +0.00000000000000000e+00,        +0.00000000000000000e+00,        +0.00000000000000000e+00,        +0.00000000000000000e+00,        +0.00000000000000000e+00,        +0.00000000000000000e+00,        +0.00000000000000000e+00,        +0.00000000000000000e+00,        +0.00000000000000000e+00,        +0.00000000000000000e+00,        +0.00000000000000000e+00,        +6.45149166753669381e+08,        +0.00000000000000000e+00,        +0.00000000000000000e+00,        +0.00000000000000000e+00,        +0.00000000000000000e+00,        +0.00000000000000000e+00,        +0.00000000000000000e+00,        +0.00000000000000000e+00,        +0.00000000000000000e+00,        +0.00000000000000000e+00,        +0.00000000000000000e+00,        +0.00000000000000000e+00,        +0.00000000000000000e+00,        +0.00000000000000000e+00,        +0.00000000000000000e+00,        +0.00000000000000000e+00,        +0.00000000000000000e+00,        +0.00000000000000000e+00,        +0.00000000000000000e+00,        +0.00000000000000000e+00,        +0.00000000000000000e+00,        +0.00000000000000000e+00,        +0.00000000000000000e+00,        +0.00000000000000000e+00,        +0.00000000000000000e+00,        +0.00000000000000000e+00,        +0.00000000000000000e+00,        +0.00000000000000000e+00,        +0.00000000000000000e+00,        +0.00000000000000000e+00,        +0.00000000000000000e+00,        +0.00000000000000000e+00,        +0.00000000000000000e+00,        +0.00000000000000000e+00,        +0.00000000000000000e+00,        +0.00000000000000000e+00,        +0.00000000000000000e+00
        +0.00000000000000000e+00,        +0.00000000000000000e+00,        -3.81436621625664085e+06,        -2.40796729945259765e+07,        +2.41040004861351997e+07,        -4.01212762349456316e+06,        +2.89700346867429698e+06,        +1.15421809427024066e+08,        -4.69965555854911089e+08,        +5.34088239138338685e+08,        -1.30847514261862111e+09,        +4.95293788944189250e+08,        +1.45284794398539042e+09,        -1.70823676368708444e+09,        +9.33845392726699114e+08,        +6.37662790068233371e+08,        +2.91809962384057879e+08,        -1.77353882322961378e+09,        +1.66538014310946536e+09,        -1.31768814898101664e+09,        -8.19373682786859512e+08,        -1.60114941711421466e+09,        +0.00000000000000000e+00,        +0.00000000000000000e+00,        +0.00000000000000000e+00,        +0.00000000000000000e+00,        +0.00000000000000000e+00,        +0.00000000000000000e+00,        +0.00000000000000000e+00,        +0.00000000000000000e+00,        +0.00000000000000000e+00,        +0.00000000000000000e+00,        +0.00000000000000000e+00,        +0.00000000000000000e+00,        +0.00000000000000000e+00,        +0.00000000000000000e+00,        +0.00000000000000000e+00,        +0.00000000000000000e+00,        +0.00000000000000000e+00,        +0.00000000000000000e+00,        +0.00000000000000000e+00,        +0.00000000000000000e+00,        +0.00000000000000000e+00,        +0.00000000000000000e+00,        +0.00000000000000000e+00,        +0.00000000000000000e+00,        +0.00000000000000000e+00,        +0.00000000000000000e+00,        +0.00000000000000000e+00,        +0.00000000000000000e+00,        +0.00000000000000000e+00,        +0.00000000000000000e+00,        +0.00000000000000000e+00,        +0.00000000000000000e+00,        +0.00000000000000000e+00,        +0.00000000000000000e+00,        +0.00000000000000000e+00,        +0.00000000000000000e+00,        +0.00000000000000000e+00,        +0.00000000000000000e+00,        +0.00000000000000000e+00,        +0.00000000000000000e+00,        +0.00000000000000000e+00,        +0.00000000000000000e+00,        +0.00000000000000000e+00,        +0.00000000000000000e+00,        +0.00000000000000000e+00,        +0.00000000000000000e+00,        +0.00000000000000000e+00,        +0.00000000000000000e+00,        +0.00000000000000000e+00,        +0.00000000000000000e+00,        +7.49921622140949488e+08,        +0.00000000000000000e+00,        +0.00000000000000000e+00,        +0.00000000000000000e+00,        +0.00000000000000000e+00,        +0.00000000000000000e+00,        +0.00000000000000000e+00,        +0.00000000000000000e+00,        +0.00000000000000000e+00,        +0.00000000000000000e+00,        +0.00000000000000000e+00,        +0.00000000000000000e+00,        +0.00000000000000000e+00,        +0.00000000000000000e+00,        +0.00000000000000000e+00,        +0.00000000000000000e+00,        +0.00000000000000000e+00,        +0.00000000000000000e+00,        +0.00000000000000000e+00,        +0.00000000000000000e+00,        +0.00000000000000000e+00,        +0.00000000000000000e+00,        +0.00000000000000000e+00,        +0.00000000000000000e+00,        +0.00000000000000000e+00,        +0.00000000000000000e+00,        +0.00000000000000000e+00,        +0.00000000000000000e+00,        +0.00000000000000000e+00,        +0.00000000000000000e+00,        +0.00000000000000000e+00,        +0.00000000000000000e+00,        +0.00000000000000000e+00,        +0.00000000000000000e+00,        +0.00000000000000000e+00,        +0.00000000000000000e+00
        +0.00000000000000000e+00,        +0.00000000000000000e+00,        -4.04169215626281046e+05,        -1.51243390625308530e+04,        -4.66758461855331622e+06,        +1.67724237361623347e+06,        +2.36937560180789344e+07,        +4.26963425123470575e+07,        -3.67268297819140404e+07,        -7.26292308648584932e+07,        +3.54569504197434410e+07,        +1.09030555984376892e+08,        -2.08419619384629965e+08,        +1.53413756713196188e+07,        +1.76246728799571007e+08,        -8.27797472128997743e+07,        -1.15990563969119474e+08,        -6.42089018792436838e+08,        -1.14820024024966121e+09,        -5.06643830246137857e+08,        -1.48225599929452777e+08,        -1.52681999532957911e+08,        +0.00000000000000000e+00,        +0.00000000000000000e+00,        +0.00000000000000000e+00,        +0.00000000000000000e+00,        +0.00000000000000000e+00,        +0.00000000000000000e+00,        +0.00000000000000000e+00,        +0.00000000000000000e+00,        +0.00000000000000000e+00,        +0.00000000000000000e+00,        +0.00000000000000000e+00,        +0.00000000000000000e+00,        +0.00000000000000000e+00,        +0.00000000000000000e+00,        +0.00000000000000000e+00,        +0.00000000000000000e+00,        +0.00000000000000000e+00,        +0.00000000000000000e+00,        +0.00000000000000000e+00,        +0.00000000000000000e+00,        +0.00000000000000000e+00,        +0.00000000000000000e+00,        +0.00000000000000000e+00,        +0.00000000000000000e+00,        +0.00000000000000000e+00,        +0.00000000000000000e+00,        +0.00000000000000000e+00,        +0.00000000000000000e+00,        +0.00000000000000000e+00,        +0.00000000000000000e+00,        +0.00000000000000000e+00,        +0.00000000000000000e+00,        +0.00000000000000000e+00,        +0.00000000000000000e+00,        +0.00000000000000000e+00,        +0.00000000000000000e+00,        +0.00000000000000000e+00,        +0.00000000000000000e+00,        +0.00000000000000000e+00,        +0.00000000000000000e+00,        +0.00000000000000000e+00,        +0.00000000000000000e+00,        +0.00000000000000000e+00,        +0.00000000000000000e+00,        +0.00000000000000000e+00,        +0.00000000000000000e+00,        +0.00000000000000000e+00,        +0.00000000000000000e+00,        +0.00000000000000000e+00,        +0.00000000000000000e+00,        +0.00000000000000000e+00,        +7.49921622140949488e+08,        +0.00000000000000000e+00,        +0.00000000000000000e+00,        +0.00000000000000000e+00,        +0.00000000000000000e+00,        +0.00000000000000000e+00,        +0.00000000000000000e+00,        +0.00000000000000000e+00,        +0.00000000000000000e+00,        +0.00000000000000000e+00,        +0.00000000000000000e+00,        +0.00000000000000000e+00,        +0.00000000000000000e+00,        +0.00000000000000000e+00,        +0.00000000000000000e+00,        +0.00000000000000000e+00,        +0.00000000000000000e+00,        +0.00000000000000000e+00,        +0.00000000000000000e+00,        +0.00000000000000000e+00,        +0.00000000000000000e+00,        +0.00000000000000000e+00,        +0.00000000000000000e+00,        +0.00000000000000000e+00,        +0.00000000000000000e+00,        +0.00000000000000000e+00,        +0.00000000000000000e+00,        +0.00000000000000000e+00,        +0.00000000000000000e+00,        +0.00000000000000000e+00,        +0.00000000000000000e+00,        +0.00000000000000000e+00,        +0.00000000000000000e+00,        +0.00000000000000000e+00,        +0.00000000000000000e+00
        +0.00000000000000000e+00,        +0.00000000000000000e+00,        -4.63468198684456729e+04,        +1.89284724001055793e+06,        -1.39008193149281479e+06,        -4.96080580723527353e+06,        +9.65068684617000259e+06,        -6.00335080179545730e+07,        +8.84743152570067942e+07,        +3.42442773606960699e+07,        -2.36631656844790950e+07,        -4.33924560446408391e+07,        -6.37800436027325615e+07,        +9.68084589377200603e+07,        +7.10926746381202489e+07,        +2.17243097478715718e+08,        -1.95640992982222378e+08,        +3.52338100184379518e+08,        -9.58035551889624074e+06,        -3.48951489927759826e+08,        +1.38238093013246715e+08,        -2.65613370039248437e+08,        +0.00000000000000000e+00,        +0.00000000000000000e+00,        +0.00000000000000000e+00,        +0.00000000000000000e+00,        +0.00000000000000000e+00,        +0.00000000000000000e+00,        +0.00000000000000000e+00,        +0.00000000000000000e+00,        +0.00000000000000000e+00,        +0.00000000000000000e+00,        +0.00000000000000000e+00,        +0.00000000000000000e+00,        +0.00000000000000000e+00,        +0.00000000000000000e+00,        +0.00000000000000000e+00,        +0.00000000000000000e+00,        +0.00000000000000000e+00,        +0.00000000000000000e+00,        +0.00000000000000000e+00,        +0.00000000000000000e+00,        +0.00000000000000000e+00,        +0.00000000000000000e+00,        +0.00000000000000000e+00,        +0.00000000000000000e+00,        +0.00000000000000000e+00,        +0.00000000000000000e+00,        +0.00000000000000000e+00,        +0.00000000000000000e+00,        +0.00000000000000000e+00,        +0.00000000000000000e+00,        +0.00000000000000000e+00,        +0.00000000000000000e+00,        +0.00000000000000000e+00,        +0.00000000000000000e+00,        +0.00000000000000000e+00,        +0.00000000000000000e+00,        +0.00000000000000000e+00,        +0.00000000000000000e+00,        +0.00000000000000000e+00,        +0.00000000000000000e+00,        +0.00000000000000000e+00,        +0.00000000000000000e+00,        +0.00000000000000000e+00,        +0.00000000000000000e+00,        +0.00000000000000000e+00,        +0.00000000000000000e+00,        +0.00000000000000000e+00,        +0.00000000000000000e+00,        +0.00000000000000000e+00,        +0.00000000000000000e+00,        +0.00000000000000000e+00,        +0.00000000000000000e+00,        +7.49921622140949488e+08,        +0.00000000000000000e+00,        +0.00000000000000000e+00,        +0.00000000000000000e+00,        +0.00000000000000000e+00,        +0.00000000000000000e+00,        +0.00000000000000000e+00,        +0.00000000000000000e+00,        +0.00000000000000000e+00,        +0.00000000000000000e+00,        +0.00000000000000000e+00,        +0.00000000000000000e+00,        +0.00000000000000000e+00,        +0.00000000000000000e+00,        +0.00000000000000000e+00,        +0.00000000000000000e+00,        +0.00000000000000000e+00,        +0.00000000000000000e+00,        +0.00000000000000000e+00,        +0.00000000000000000e+00,        +0.00000000000000000e+00,        +0.00000000000000000e+00,        +0.00000000000000000e+00,        +0.00000000000000000e+00,        +0.00000000000000000e+00,        +0.00000000000000000e+00,        +0.00000000000000000e+00,        +0.00000000000000000e+00,        +0.00000000000000000e+00,        +0.00000000000000000e+00,        +0.00000000000000000e+00,        +0.00000000000000000e+00,        +0.00000000000000000e+00,        +0.00000000000000000e+00
        +0.00000000000000000e+00,        +0.00000000000000000e+00,        +1.78574879484017700e+05,        -9.55102251113596256e+05,        -9.18566604159026965e+06,        -5.23770254697062541e+06,        +3.89241556250514016e+07,        -3.62438498896541148e+07,        +1.99247613227714375e+07,        +3.34332292125471383e+07,        +3.17677756038660035e+07,        -3.38238092264760360e+07,        -4.17451571517375335e+07,        +2.93334977803397253e+07,        -5.62408424774950147e+07,        +5.33057738066532314e+07,        +4.83565171921557635e+07,        -9.09868030754258037e+07,        +3.26519954971470349e+07,        -2.01100754124663584e+07,        +1.00766141207115546e+08,        -5.97834873883811291e+06,        +0.00000000000000000e+00,        +0.00000000000000000e+00,        +0.00000000000000000e+00,        +0.00000000000000000e+00,        +0.00000000000000000e+00,        +0.00000000000000000e+00,        +0.00000000000000000e+00,        +0.00000000000000000e+00,        +0.00000000000000000e+00,        +0.00000000000000000e+00,        +0.00000000000000000e+00,        +0.00000000000000000e+00,        +0.00000000000000000e+00,        +0.00000000000000000e+00,        +0.00000000000000000e+00,        +0.00000000000000000e+00,        +0.00000000000000000e+00,        +0.00000000000000000e+00,        +0.00000000000000000e+00,        +0.00000000000000000e+00,        +0.00000000000000000e+00,        +0.00000000000000000e+00,        +0.00000000000000000e+00,        +0.00000000000000000e+00,        +0.00000000000000000e+00,        +0.00000000000000000e+00,        +0.00000000000000000e+00,        +0.00000000000000000e+00,        +0.00000000000000000e+00,        +0.00000000000000000e+00,        +0.00000000000000000e+00,        +0.00000000000000000e+00,        +0.00000000000000000e+00,        +0.00000000000000000e+00,        +0.00000000000000000e+00,        +0.00000000000000000e+00,        +0.00000000000000000e+00,        +0.00000000000000000e+00,        +0.00000000000000000e+00,        +0.00000000000000000e+00,        +0.00000000000000000e+00,        +0.00000000000000000e+00,        +0.00000000000000000e+00,        +0.00000000000000000e+00,        +0.00000000000000000e+00,        +0.00000000000000000e+00,        +0.00000000000000000e+00,        +0.00000000000000000e+00,        +0.00000000000000000e+00,        +0.00000000000000000e+00,        +0.00000000000000000e+00,        +0.00000000000000000e+00,        +0.00000000000000000e+00,        +7.49921622140949488e+08,        +0.00000000000000000e+00,        +0.00000000000000000e+00,        +0.00000000000000000e+00,        +0.00000000000000000e+00,        +0.00000000000000000e+00,        +0.00000000000000000e+00,        +0.00000000000000000e+00,        +0.00000000000000000e+00,        +0.00000000000000000e+00,        +0.00000000000000000e+00,        +0.00000000000000000e+00,        +0.00000000000000000e+00,        +0.00000000000000000e+00,        +0.00000000000000000e+00,        +0.00000000000000000e+00,        +0.00000000000000000e+00,        +0.00000000000000000e+00,        +0.00000000000000000e+00,        +0.00000000000000000e+00,        +0.00000000000000000e+00,        +0.00000000000000000e+00,        +0.00000000000000000e+00,        +0.00000000000000000e+00,        +0.00000000000000000e+00,        +0.00000000000000000e+00,        +0.00000000000000000e+00,        +0.00000000000000000e+00,        +0.00000000000000000e+00,        +0.00000000000000000e+00,        +0.00000000000000000e+00,        +0.00000000000000000e+00,        +0.00000000000000000e+00
        +0.00000000000000000e+00,        +0.00000000000000000e+00,        -2.91033141091187485e+05,        -6.88987984340562485e+05,        -9.84836314093419700e+05,        -8.95189148024837370e+05,        +5.69310239246840682e+06,        -1.66498772518439475e+06,        -8.55543144606406614e+06,        +5.15077272584184166e+06,        +1.00897406530635841e+07,        +4.39498756654661894e+06,        -1.76043112643760890e+07,        +1.41437230432577766e+07,        +9.89992525607397407e+07,        -1.87765255702827796e+07,        +1.76267855371683091e+07,        -2.86172314744132943e+06,        +9.77867655502134189e+06,        +1.21518208921317104e+07,        +3.75510052912638262e+07,        +3.76702321178509714e+06,        +0.00000000000000000e+00,        +0.00000000000000000e+00,        +0.00000000000000000e+00,        +0.00000000000000000e+00,        +0.00000000000000000e+00,        +0.00000000000000000e+00,        +0.00000000000000000e+00,        +0.00000000000000000e+00,        +0.00000000000000000e+00,        +0.00000000000000000e+00,        +0.00000000000000000e+00,        +0.00000000000000000e+00,        +0.00000000000000000e+00,        +0.00000000000000000e+00,        +0.00000000000000000e+00,        +0.00000000000000000e+00,        +0.00000000000000000e+00,        +0.00000000000000000e+00,        +0.00000000000000000e+00,        +0.00000000000000000e+00,        +0.00000000000000000e+00,        +0.00000000000000000e+00,        +0.00000000000000000e+00,        +0.00000000000000000e+00,        +0.00000000000000000e+00,        +0.00000000000000000e+00,        +0.00000000000000000e+00,        +0.00000000000000000e+00,        +0.00000000000000000e+00,        +0.00000000000000000e+00,        +0.00000000000000000e+00,        +0.00000000000000000e+00,        +0.00000000000000000e+00,        +0.00000000000000000e+00,        +0.00000000000000000e+00,        +0.00000000000000000e+00,        +0.00000000000000000e+00,        +0.00000000000000000e+00,        +0.00000000000000000e+00,        +0.00000000000000000e+00,        +0.00000000000000000e+00,        +0.00000000000000000e+00,        +0.00000000000000000e+00,        +0.00000000000000000e+00,        +0.00000000000000000e+00,        +0.00000000000000000e+00,        +0.00000000000000000e+00,        +0.00000000000000000e+00,        +0.00000000000000000e+00,        +0.00000000000000000e+00,        +0.00000000000000000e+00,        +0.00000000000000000e+00,        +0.00000000000000000e+00,        +0.00000000000000000e+00,        +7.49921622140949488e+08,        +0.00000000000000000e+00,        +0.00000000000000000e+00,        +0.00000000000000000e+00,        +0.00000000000000000e+00,        +0.00000000000000000e+00,        +0.00000000000000000e+00,        +0.00000000000000000e+00,        +0.00000000000000000e+00,        +0.00000000000000000e+00,        +0.00000000000000000e+00,        +0.00000000000000000e+00,        +0.00000000000000000e+00,        +0.00000000000000000e+00,        +0.00000000000000000e+00,        +0.00000000000000000e+00,        +0.00000000000000000e+00,        +0.00000000000000000e+00,        +0.00000000000000000e+00,        +0.00000000000000000e+00,        +0.00000000000000000e+00,        +0.00000000000000000e+00,        +0.00000000000000000e+00,        +0.00000000000000000e+00,        +0.00000000000000000e+00,        +0.00000000000000000e+00,        +0.00000000000000000e+00,        +0.00000000000000000e+00,        +0.00000000000000000e+00,        +0.00000000000000000e+00,        +0.00000000000000000e+00,        +0.00000000000000000e+00
        +0.00000000000000000e+00,        +0.00000000000000000e+00,        -2.71930279707284099e+04,        -6.54105633326253854e+05,        +1.10624274196297536e+06,        +2.14591269102870079e+05,        -3.87501992373409308e+06,        +2.44303118103453843e+06,        -1.60854501849327330e+07,        +7.20148549062879849e+06,        +9.28298189216391742e+06,        -1.93988311078953114e+06,        -2.58987272203201981e+05,        +4.93288460239044577e+06,        -5.23478228421338182e+06,        -1.04052290305104908e+07,        +2.93643389451846927e+07,        +1.07381371810971070e+07,        -3.39426388560485735e+05,        -1.58516500672000926e+07,        -6.94377347162691969e+06,        -3.85930123867212655e+06,        +0.00000000000000000e+00,        +0.00000000000000000e+00,        +0.00000000000000000e+00,        +0.00000000000000000e+00,        +0.00000000000000000e+00,        +0.00000000000000000e+00,        +0.00000000000000000e+00,        +0.00000000000000000e+00,        +0.00000000000000000e+00,        +0.00000000000000000e+00,        +0.00000000000000000e+00,        +0.00000000000000000e+00,        +0.00000000000000000e+00,        +0.00000000000000000e+00,        +0.00000000000000000e+00,        +0.00000000000000000e+00,        +0.00000000000000000e+00,        +0.00000000000000000e+00,        +0.00000000000000000e+00,        +0.00000000000000000e+00,        +0.00000000000000000e+00,        +0.00000000000000000e+00,        +0.00000000000000000e+00,        +0.00000000000000000e+00,        +0.00000000000000000e+00,        +0.00000000000000000e+00,        +0.00000000000000000e+00,        +0.00000000000000000e+00,        +0.00000000000000000e+00,        +0.00000000000000000e+00,        +0.00000000000000000e+00,        +0.00000000000000000e+00,        +0.00000000000000000e+00,        +0.00000000000000000e+00,        +0.00000000000000000e+00,        +0.00000000000000000e+00,        +0.00000000000000000e+00,        +0.00000000000000000e+00,        +0.00000000000000000e+00,        +0.00000000000000000e+00,        +0.00000000000000000e+00,        +0.00000000000000000e+00,        +0.00000000000000000e+00,        +0.00000000000000000e+00,        +0.00000000000000000e+00,        +0.00000000000000000e+00,        +0.00000000000000000e+00,        +0.00000000000000000e+00,        +0.00000000000000000e+00,        +0.00000000000000000e+00,        +0.00000000000000000e+00,        +0.00000000000000000e+00,        +0.00000000000000000e+00,        +0.00000000000000000e+00,        +0.00000000000000000e+00,        +7.49921622140949488e+08,        +0.00000000000000000e+00,        +0.00000000000000000e+00,        +0.00000000000000000e+00,        +0.00000000000000000e+00,        +0.00000000000000000e+00,        +0.00000000000000000e+00,        +0.00000000000000000e+00,        +0.00000000000000000e+00,        +0.00000000000000000e+00,        +0.00000000000000000e+00,        +0.00000000000000000e+00,        +0.00000000000000000e+00,        +0.00000000000000000e+00,        +0.00000000000000000e+00,        +0.00000000000000000e+00,        +0.00000000000000000e+00,        +0.00000000000000000e+00,        +0.00000000000000000e+00,        +0.00000000000000000e+00,        +0.00000000000000000e+00,        +0.00000000000000000e+00,        +0.00000000000000000e+00,        +0.00000000000000000e+00,        +0.00000000000000000e+00,        +0.00000000000000000e+00,        +0.00000000000000000e+00,        +0.00000000000000000e+00,        +0.00000000000000000e+00,        +0.00000000000000000e+00,        +0.00000000000000000e+00
        +0.00000000000000000e+00,        +0.00000000000000000e+00,        +2.69046084909587225e+04,        +3.86358285141734465e+05,        -1.57579487795611585e+04,        +2.24826382058595627e+05,        -1.05854375761944655e+05,        +2.82243329502541898e+06,        +2.21122618557636393e+06,        -2.13874242749045091e+06,        -5.06466140346859302e+06,        +3.36466709541796148e+06,        -6.12744420347393723e+05,        -1.82925545851605460e+07,        -4.89467543271754775e+06,        -8.08821396960275806e+06,        +5.73755137375412416e+06,        +6.12305809348118119e+06,        -7.13189626894141175e+06,        +5.02483096880576666e+06,        +1.62588087928252928e+07,        -8.71222746021032520e+06,        +0.00000000000000000e+00,        +0.00000000000000000e+00,        +0.00000000000000000e+00,        +0.00000000000000000e+00,        +0.00000000000000000e+00,        +0.00000000000000000e+00,        +0.00000000000000000e+00,        +0.00000000000000000e+00,        +0.00000000000000000e+00,        +0.00000000000000000e+00,        +0.00000000000000000e+00,        +0.00000000000000000e+00,        +0.00000000000000000e+00,        +0.00000000000000000e+00,        +0.00000000000000000e+00,        +0.00000000000000000e+00,        +0.00000000000000000e+00,        +0.00000000000000000e+00,        +0.00000000000000000e+00,        +0.00000000000000000e+00,        +0.00000000000000000e+00,        +0.00000000000000000e+00,        +0.00000000000000000e+00,        +0.00000000000000000e+00,        +0.00000000000000000e+00,        +0.00000000000000000e+00,        +0.00000000000000000e+00,        +0.00000000000000000e+00,        +0.00000000000000000e+00,        +0.00000000000000000e+00,        +0.00000000000000000e+00,        +0.00000000000000000e+00,        +0.00000000000000000e+00,        +0.00000000000000000e+00,        +0.00000000000000000e+00,        +0.00000000000000000e+00,        +0.00000000000000000e+00,        +0.00000000000000000e+00,        +0.00000000000000000e+00,        +0.00000000000000000e+00,        +0.00000000000000000e+00,        +0.00000000000000000e+00,        +0.00000000000000000e+00,        +0.00000000000000000e+00,        +0.00000000000000000e+00,        +0.00000000000000000e+00,        +0.00000000000000000e+00,        +0.00000000000000000e+00,        +0.00000000000000000e+00,        +0.00000000000000000e+00,        +0.00000000000000000e+00,        +0.00000000000000000e+00,        +0.00000000000000000e+00,        +0.00000000000000000e+00,        +0.00000000000000000e+00,        +0.00000000000000000e+00,        +7.49921622140949488e+08,        +0.00000000000000000e+00,        +0.00000000000000000e+00,        +0.00000000000000000e+00,        +0.00000000000000000e+00,        +0.00000000000000000e+00,        +0.00000000000000000e+00,        +0.00000000000000000e+00,        +0.00000000000000000e+00,        +0.00000000000000000e+00,        +0.00000000000000000e+00,        +0.00000000000000000e+00,        +0.00000000000000000e+00,        +0.00000000000000000e+00,        +0.00000000000000000e+00,        +0.00000000000000000e+00,        +0.00000000000000000e+00,        +0.00000000000000000e+00,        +0.00000000000000000e+00,        +0.00000000000000000e+00,        +0.00000000000000000e+00,        +0.00000000000000000e+00,        +0.00000000000000000e+00,        +0.00000000000000000e+00,        +0.00000000000000000e+00,        +0.00000000000000000e+00,        +0.00000000000000000e+00,        +0.00000000000000000e+00,        +0.00000000000000000e+00,        +0.00000000000000000e+00
        +0.00000000000000000e+00,        +0.00000000000000000e+00,        +6.64082797536844851e+02,        -1.21618596770509885e+04,        -5.09924750917537429e+05,        -4.36560043200589833e+05,        +2.38586788712269953e+06,        -1.62723250100730662e+06,        +8.58860157094502938e+05,        +6.94563298941409914e+05,        -2.36093636265995447e+06,        -1.49083568886294030e+06,        -6.24076037381770555e+06,        +4.15231918816700764e+06,        +6.69745702034639660e+05,        +4.85746715833242238e+06,        +5.13498914673614781e+06,        +3.45576792453236936e+05,        -2.45599747959306650e+06,        +1.19711714953917190e+07,        -7.54597790749628656e+06,        -1.44309329691085182e+07,        +0.00000000000000000e+00,        +0.00000000000000000e+00,        +0.00000000000000000e+00,        +0.00000000000000000e+00,        +0.00000000000000000e+00,        +0.00000000000000000e+00,        +0.00000000000000000e+00,        +0.00000000000000000e+00,        +0.00000000000000000e+00,        +0.00000000000000000e+00,        +0.00000000000000000e+00,        +0.00000000000000000e+00,        +0.00000000000000000e+00,        +0.00000000000000000e+00,        +0.00000000000000000e+00,        +0.00000000000000000e+00,        +0.00000000000000000e+00,        +0.00000000000000000e+00,        +0.00000000000000000e+00,        +0.00000000000000000e+00,        +0.00000000000000000e+00,        +0.00000000000000000e+00,        +0.00000000000000000e+00,        +0.00000000000000000e+00,        +0.00000000000000000e+00,        +0.00000000000000000e+00,        +0.00000000000000000e+00,        +0.00000000000000000e+00,        +0.00000000000000000e+00,        +0.00000000000000000e+00,        +0.00000000000000000e+00,        +0.00000000000000000e+00,        +0.00000000000000000e+00,        +0.00000000000000000e+00,        +0.00000000000000000e+00,        +0.00000000000000000e+00,        +0.00000000000000000e+00,        +0.00000000000000000e+00,        +0.00000000000000000e+00,        +0.00000000000000000e+00,        +0.00000000000000000e+00,        +0.00000000000000000e+00,        +0.00000000000000000e+00,        +0.00000000000000000e+00,        +0.00000000000000000e+00,        +0.00000000000000000e+00,        +0.00000000000000000e+00,        +0.00000000000000000e+00,        +0.00000000000000000e+00,        +0.00000000000000000e+00,        +0.00000000000000000e+00,        +0.00000000000000000e+00,        +0.00000000000000000e+00,        +0.00000000000000000e+00,        +0.00000000000000000e+00,        +0.00000000000000000e+00,        +0.00000000000000000e+00,        +7.49921622140949488e+08,        +0.00000000000000000e+00,        +0.00000000000000000e+00,        +0.00000000000000000e+00,        +0.00000000000000000e+00,        +0.00000000000000000e+00,        +0.00000000000000000e+00,        +0.00000000000000000e+00,        +0.00000000000000000e+00,        +0.00000000000000000e+00,        +0.00000000000000000e+00,        +0.00000000000000000e+00,        +0.00000000000000000e+00,        +0.00000000000000000e+00,        +0.00000000000000000e+00,        +0.00000000000000000e+00,        +0.00000000000000000e+00,        +0.00000000000000000e+00,        +0.00000000000000000e+00,        +0.00000000000000000e+00,        +0.00000000000000000e+00,        +0.00000000000000000e+00,        +0.00000000000000000e+00,        +0.00000000000000000e+00,        +0.00000000000000000e+00,        +0.00000000000000000e+00,        +0.00000000000000000e+00,        +0.00000000000000000e+00,        +0.00000000000000000e+00
        +0.00000000000000000e+00,        +0.00000000000000000e+00,        +4.84874369725090673e+03,        +1.35431107370526268e+05,        +1.50721387248119363e+06,        +4.37070314927470812e+05,        -5.83200606943129096e+06,        +5.28437798958455562e+05,        -8.20797188705361681e+05,        -7.38778383860064391e+06,        -8.83955977663152106e+06,        -1.88599444269887195e+06,        -9.23627800634668022e+06,        +2.23990134427752811e+06,        -1.20951887068419484e+06,        -3.46191796668558242e+06,        +4.82106165754420275e+05,        -1.94126617970722774e+06,        +3.99961983750033099e+06,        -3.02461891600290034e+06,        +1.89187795894461189e+05,        +3.99948290842183109e+05,        +0.00000000000000000e+00,        +0.00000000000000000e+00,        +0.00000000000000000e+00,        +0.00000000000000000e+00,        +0.00000000000000000e+00,        +0.00000000000000000e+00,        +0.00000000000000000e+00,        +0.00000000000000000e+00,        +0.00000000000000000e+00,        +0.00000000000000000e+00,        +0.00000000000000000e+00,        +0.00000000000000000e+00,        +0.00000000000000000e+00,        +0.00000000000000000e+00,        +0.00000000000000000e+00,        +0.00000000000000000e+00,        +0.00000000000000000e+00,        +0.00000000000000000e+00,        +0.00000000000000000e+00,        +0.00000000000000000e+00,        +0.00000000000000000e+00,        +0.00000000000000000e+00,        +0.00000000000000000e+00,        +0.00000000000000000e+00,        +0.00000000000000000e+00,        +0.00000000000000000e+00,        +0.00000000000000000e+00,        +0.00000000000000000e+00,        +0.00000000000000000e+00,        +0.00000000000000000e+00,        +0.00000000000000000e+00,        +0.00000000000000000e+00,        +0.00000000000000000e+00,        +0.00000000000000000e+00,        +0.00000000000000000e+00,        +0.00000000000000000e+00,        +0.00000000000000000e+00,        +0.00000000000000000e+00,        +0.00000000000000000e+00,        +0.00000000000000000e+00,        +0.00000000000000000e+00,        +0.00000000000000000e+00,        +0.00000000000000000e+00,        +0.00000000000000000e+00,        +0.00000000000000000e+00,        +0.00000000000000000e+00,        +0.00000000000000000e+00,        +0.00000000000000000e+00,        +0.00000000000000000e+00,        +0.00000000000000000e+00,        +0.00000000000000000e+00,        +0.00000000000000000e+00,        +0.00000000000000000e+00,        +0.00000000000000000e+00,        +0.00000000000000000e+00,        +0.00000000000000000e+00,        +0.00000000000000000e+00,        +0.00000000000000000e+00,        +7.49921622140949488e+08,        +0.00000000000000000e+00,        +0.00000000000000000e+00,        +0.00000000000000000e+00,        +0.00000000000000000e+00,        +0.00000000000000000e+00,        +0.00000000000000000e+00,        +0.00000000000000000e+00,        +0.00000000000000000e+00,        +0.00000000000000000e+00,        +0.00000000000000000e+00,        +0.00000000000000000e+00,        +0.00000000000000000e+00,        +0.00000000000000000e+00,        +0.00000000000000000e+00,        +0.00000000000000000e+00,        +0.00000000000000000e+00,        +0.00000000000000000e+00,        +0.00000000000000000e+00,        +0.00000000000000000e+00,        +0.00000000000000000e+00,        +0.00000000000000000e+00,        +0.00000000000000000e+00,        +0.00000000000000000e+00,        +0.00000000000000000e+00,        +0.00000000000000000e+00,        +0.00000000000000000e+00,        +0.00000000000000000e+00
        +0.00000000000000000e+00,        +0.00000000000000000e+00,        +3.75747082422582480e+03,        -4.62411755438846812e+04,        -1.99203407572947413e+05,        +1.44628884686628380e+06,        -3.17085071971799887e+05,        +8.52163161956671509e+05,        +5.22040950695788674e+06,        +1.67517947172321356e+06,        +3.74579442664065398e+05,        -2.32951707983805984e+06,        +2.73061649015215738e+06,        +3.34342655968964938e+06,        -5.74045571168871713e+05,        -6.74357516777020320e+06,        -1.16429580005951598e+06,        -1.36762410017949576e+06,        +1.04128660118081537e+06,        -5.53258140219506575e+05,        +8.51506141985612048e+04,        -3.25761432322611287e+06,        +0.00000000000000000e+00,        +0.00000000000000000e+00,        +0.00000000000000000e+00,        +0.00000000000000000e+00,        +0.00000000000000000e+00,        +0.00000000000000000e+00,        +0.00000000000000000e+00,        +0.00000000000000000e+00,        +0.00000000000000000e+00,        +0.00000000000000000e+00,        +0.00000000000000000e+00,        +0.00000000000000000e+00,        +0.00000000000000000e+00,        +0.00000000000000000e+00,        +0.00000000000000000e+00,        +0.00000000000000000e+00,        +0.00000000000000000e+00,        +0.00000000000000000e+00,        +0.00000000000000000e+00,        +0.00000000000000000e+00,        +0.00000000000000000e+00,        +0.00000000000000000e+00,        +0.00000000000000000e+00,        +0.00000000000000000e+00,        +0.00000000000000000e+00,        +0.00000000000000000e+00,        +0.00000000000000000e+00,        +0.00000000000000000e+00,        +0.00000000000000000e+00,        +0.00000000000000000e+00,        +0.00000000000000000e+00,        +0.00000000000000000e+00,        +0.00000000000000000e+00,        +0.00000000000000000e+00,        +0.00000000000000000e+00,        +0.00000000000000000e+00,        +0.00000000000000000e+00,        +0.00000000000000000e+00,        +0.00000000000000000e+00,        +0.00000000000000000e+00,        +0.00000000000000000e+00,        +0.00000000000000000e+00,        +0.00000000000000000e+00,        +0.00000000000000000e+00,        +0.00000000000000000e+00,        +0.00000000000000000e+00,        +0.00000000000000000e+00,        +0.00000000000000000e+00,        +0.00000000000000000e+00,        +0.00000000000000000e+00,        +0.00000000000000000e+00,        +0.00000000000000000e+00,        +0.00000000000000000e+00,        +0.00000000000000000e+00,        +0.00000000000000000e+00,        +0.00000000000000000e+00,        +0.00000000000000000e+00,        +0.00000000000000000e+00,        +0.00000000000000000e+00,        +7.49921622140949488e+08,        +0.00000000000000000e+00,        +0.00000000000000000e+00,        +0.00000000000000000e+00,        +0.00000000000000000e+00,        +0.00000000000000000e+00,        +0.00000000000000000e+00,        +0.00000000000000000e+00,        +0.00000000000000000e+00,        +0.00000000000000000e+00,        +0.00000000000000000e+00,        +0.00000000000000000e+00,        +0.00000000000000000e+00,        +0.00000000000000000e+00,        +0.00000000000000000e+00,        +0.00000000000000000e+00,        +0.00000000000000000e+00,        +0.00000000000000000e+00,        +0.00000000000000000e+00,        +0.00000000000000000e+00,        +0.00000000000000000e+00,        +0.00000000000000000e+00,        +0.00000000000000000e+00,        +0.00000000000000000e+00,        +0.00000000000000000e+00,        +0.00000000000000000e+00,        +0.00000000000000000e+00
        +0.00000000000000000e+00,        +0.00000000000000000e+00,        -1.16860228097652234e+04,        -7.61786002630593575e+04,        +8.66780617183341878e+05,        +2.74035119002922729e+05,        -2.14481529463836830e+06,        -1.39213646398192085e+06,        -3.99467130067622708e+06,        +2.70554640649303887e+06,        -3.64105211050253361e+06,        -6.25445442437761463e+06,        +2.87499948168428754e+06,        +8.03299738548157969e+05,        +2.89859498760065413e+05,        +5.18869179633346677e+05,        -9.42759116341600311e+05,        +4.65697264071923855e+04,        -2.23858712585554505e+06,        +1.51275613156690751e+06,        +1.75443671563671646e+06,        +4.57888673789885652e+05,        +0.00000000000000000e+00,        +0.00000000000000000e+00,        +0.00000000000000000e+00,        +0.00000000000000000e+00,        +0.00000000000000000e+00,        +0.00000000000000000e+00,        +0.00000000000000000e+00,        +0.00000000000000000e+00,        +0.00000000000000000e+00,        +0.00000000000000000e+00,        +0.00000000000000000e+00,        +0.00000000000000000e+00,        +0.00000000000000000e+00,        +0.00000000000000000e+00,        +0.00000000000000000e+00,        +0.00000000000000000e+00,        +0.00000000000000000e+00,        +0.00000000000000000e+00,        +0.00000000000000000e+00,        +0.00000000000000000e+00,        +0.00000000000000000e+00,        +0.00000000000000000e+00,        +0.00000000000000000e+00,        +0.00000000000000000e+00,        +0.00000000000000000e+00,        +0.00000000000000000e+00,        +0.00000000000000000e+00,        +0.00000000000000000e+00,        +0.00000000000000000e+00,        +0.00000000000000000e+00,        +0.00000000000000000e+00,        +0.00000000000000000e+00,        +0.00000000000000000e+00,        +0.00000000000000000e+00,        +0.00000000000000000e+00,        +0.00000000000000000e+00,        +0.00000000000000000e+00,        +0.00000000000000000e+00,        +0.00000000000000000e+00,        +0.00000000000000000e+00,        +0.00000000000000000e+00,        +0.00000000000000000e+00,        +0.00000000000000000e+00,        +0.00000000000000000e+00,        +0.00000000000000000e+00,        +0.00000000000000000e+00,        +0.00000000000000000e+00,        +0.00000000000000000e+00,        +0.00000000000000000e+00,        +0.00000000000000000e+00,        +0.00000000000000000e+00,        +0.00000000000000000e+00,        +0.00000000000000000e+00,        +0.00000000000000000e+00,        +0.00000000000000000e+00,        +0.00000000000000000e+00,        +0.00000000000000000e+00,        +0.00000000000000000e+00,        +0.00000000000000000e+00,        +0.00000000000000000e+00,        +7.49921622140949488e+08,        +0.00000000000000000e+00,        +0.00000000000000000e+00,        +0.00000000000000000e+00,        +0.00000000000000000e+00,        +0.00000000000000000e+00,        +0.00000000000000000e+00,        +0.00000000000000000e+00,        +0.00000000000000000e+00,        +0.00000000000000000e+00,        +0.00000000000000000e+00,        +0.00000000000000000e+00,        +0.00000000000000000e+00,        +0.00000000000000000e+00,        +0.00000000000000000e+00,        +0.00000000000000000e+00,        +0.00000000000000000e+00,        +0.00000000000000000e+00,        +0.00000000000000000e+00,        +0.00000000000000000e+00,        +0.00000000000000000e+00,        +0.00000000000000000e+00,        +0.00000000000000000e+00,        +0.00000000000000000e+00,        +0.00000000000000000e+00,        +0.00000000000000000e+00
        +0.00000000000000000e+00,        +0.00000000000000000e+00,        -5.70695364139713456e+03,        -2.66854587039375096e+05,        -5.27553519643947715e+05,        -1.86497923148949543e+05,        +1.21142064281225577e+06,        -1.56440932213727594e+06,        +2.55522695719886618e+06,        -2.77413259516112041e+05,        -5.13694552023210214e+05,        -2.62849769107578881e+06,        -5.20568587949697045e+05,        -1.96211837751888391e+06,        +9.14926442042218172e+05,        +1.53871890839943080e+05,        +1.49270426472473238e+06,        +6.53474776281152968e+05,        -3.48594843336207501e+05,        -7.39291285277184914e+05,        -1.51542013193436386e+06,        +1.43557695110748243e+06,        +0.00000000000000000e+00,        +0.00000000000000000e+00,        +0.00000000000000000e+00,        +0.00000000000000000e+00,        +0.00000000000000000e+00,        +0.00000000000000000e+00,        +0.00000000000000000e+00,        +0.00000000000000000e+00,        +0.00000000000000000e+00,        +0.00000000000000000e+00,        +0.00000000000000000e+00,        +0.00000000000000000e+00,        +0.00000000000000000e+00,        +0.00000000000000000e+00,        +0.00000000000000000e+00,        +0.00000000000000000e+00,        +0.00000000000000000e+00,        +0.00000000000000000e+00,        +0.00000000000000000e+00,        +0.00000000000000000e+00,        +0.00000000000000000e+00,        +0.00000000000000000e+00,        +0.00000000000000000e+00,        +0.00000000000000000e+00,        +0.00000000000000000e+00,        +0.00000000000000000e+00,        +0.00000000000000000e+00,        +0.00000000000000000e+00,        +0.00000000000000000e+00,        +0.00000000000000000e+00,        +0.00000000000000000e+00,        +0.00000000000000000e+00,        +0.00000000000000000e+00,        +0.00000000000000000e+00,        +0.00000000000000000e+00,        +0.00000000000000000e+00,        +0.00000000000000000e+00,        +0.00000000000000000e+00,        +0.00000000000000000e+00,        +0.00000000000000000e+00,        +0.00000000000000000e+00,        +0.00000000000000000e+00,        +0.00000000000000000e+00,        +0.00000000000000000e+00,        +0.00000000000000000e+00,        +0.00000000000000000e+00,        +0.00000000000000000e+00,        +0.00000000000000000e+00,        +0.00000000000000000e+00,        +0.00000000000000000e+00,        +0.00000000000000000e+00,        +0.00000000000000000e+00,        +0.00000000000000000e+00,        +0.00000000000000000e+00,        +0.00000000000000000e+00,        +0.00000000000000000e+00,        +0.00000000000000000e+00,        +0.00000000000000000e+00,        +0.00000000000000000e+00,        +0.00000000000000000e+00,        +0.00000000000000000e+00,        +7.49921622140949488e+08,        +0.00000000000000000e+00,        +0.00000000000000000e+00,        +0.00000000000000000e+00,        +0.00000000000000000e+00,        +0.00000000000000000e+00,        +0.00000000000000000e+00,        +0.00000000000000000e+00,        +0.00000000000000000e+00,        +0.00000000000000000e+00,        +0.00000000000000000e+00,        +0.00000000000000000e+00,        +0.00000000000000000e+00,        +0.00000000000000000e+00,        +0.00000000000000000e+00,        +0.00000000000000000e+00,        +0.00000000000000000e+00,        +0.00000000000000000e+00,        +0.00000000000000000e+00,        +0.00000000000000000e+00,        +0.00000000000000000e+00,        +0.00000000000000000e+00,        +0.00000000000000000e+00,        +0.00000000000000000e+00,        +0.00000000000000000e+00
        +0.00000000000000000e+00,        +0.00000000000000000e+00,        +2.53047280682020597e+07,        +1.59745955828985691e+08,        -1.59907345827966183e+08,        +2.66166887843001932e+07,        -1.92188900675049536e+07,        -7.65715019245590687e+08,        +3.11777892265439510e+09,        -3.54317254547307253e+09,        +8.68050045295869637e+09,        -3.28580789901241684e+09,        -9.63827804218450165e+09,        +1.13325423754484158e+10,        -6.19518483043908691e+09,        -4.23029216049505663e+09,        -1.93588431919564533e+09,        +1.17657600491931591e+10,        -1.10482290536135120e+10,        +8.74162007479716301e+09,        +5.43577282663508511e+09,        +1.06221186691397038e+10,        +0.00000000000000000e+00,        +0.00000000000000000e+00,        +0.00000000000000000e+00,        +0.00000000000000000e+00,        +0.00000000000000000e+00,        +0.00000000000000000e+00,        +0.00000000000000000e+00,        +0.00000000000000000e+00,        +0.00000000000000000e+00,        +0.00000000000000000e+00,        +0.00000000000000000e+00,        +0.00000000000000000e+00,        +0.00000000000000000e+00,        +0.00000000000000000e+00,        +0.00000000000000000e+00,        +0.00000000000000000e+00,        +0.00000000000000000e+00,        +0.00000000000000000e+00,        +0.00000000000000000e+00,        +0.00000000000000000e+00,        +0.00000000000000000e+00,        +0.00000000000000000e+00,        +0.00000000000000000e+00,        +0.00000000000000000e+00,        +0.00000000000000000e+00,        +0.00000000000000000e+00,        +0.00000000000000000e+00,        +0.00000000000000000e+00,        +0.00000000000000000e+00,        +0.00000000000000000e+00,        +0.00000000000000000e+00,        +0.00000000000000000e+00,        +0.00000000000000000e+00,        +0.00000000000000000e+00,        +0.00000000000000000e+00,        +0.00000000000000000e+00,        +0.00000000000000000e+00,        +0.00000000000000000e+00,        +0.00000000000000000e+00,        +0.00000000000000000e+00,        +0.00000000000000000e+00,        +0.00000000000000000e+00,        +0.00000000000000000e+00,        +0.00000000000000000e+00,        +0.00000000000000000e+00,        +0.00000000000000000e+00,        +0.00000000000000000e+00,        +0.00000000000000000e+00,        +0.00000000000000000e+00,        +0.00000000000000000e+00,        +0.00000000000000000e+00,        +0.00000000000000000e+00,        +0.00000000000000000e+00,        +0.00000000000000000e+00,        +0.00000000000000000e+00,        +0.00000000000000000e+00,        +0.00000000000000000e+00,        +0.00000000000000000e+00,        +0.00000000000000000e+00,        +0.00000000000000000e+00,        +0.00000000000000000e+00,        +0.00000000000000000e+00,        -1.37698361507810092e+09,        +0.00000000000000000e+00,        +0.00000000000000000e+00,        +0.00000000000000000e+00,        +0.00000000000000000e+00,        +0.00000000000000000e+00,        +0.00000000000000000e+00,        +0.00000000000000000e+00,        +0.00000000000000000e+00,        +0.00000000000000000e+00,        +0.00000000000000000e+00,        +0.00000000000000000e+00,        +0.00000000000000000e+00,        +0.00000000000000000e+00,        +0.00000000000000000e+00,        +0.00000000000000000e+00,        +0.00000000000000000e+00,        +0.00000000000000000e+00,        +0.00000000000000000e+00,        +0.00000000000000000e+00,        +0.00000000000000000e+00,        +0.00000000000000000e+00,        +0.00000000000000000e+00,        +0.00000000000000000e+00
        +0.00000000000000000e+00,        +0.00000000000000000e+00,        +2.68128216199402185e+06,        +1.00335747930418176e+05,        +3.09650287390935235e+07,        -1.11269237830227576e+07,        -1.57185760086826742e+08,        -2.83250027796770871e+08,        +2.43647931988696456e+08,        +4.81826555878413200e+08,        -2.35223478195509106e+08,        -7.23315070941763282e+08,        +1.38266791744555092e+09,        -1.01775581458420172e+08,        -1.16923108383655739e+09,        +5.49165673670594811e+08,        +7.69488170067853093e+08,        +4.25965602014657021e+09,        +7.61722739770801735e+09,        +3.36110473534779406e+09,        +9.83337279722946286e+08,        +1.01290129474838591e+09,        +0.00000000000000000e+00,        +0.00000000000000000e+00,        +0.00000000000000000e+00,        +0.00000000000000000e+00,        +0.00000000000000000e+00,        +0.00000000000000000e+00,        +0.00000000000000000e+00,        +0.00000000000000000e+00,        +0.00000000000000000e+00,        +0.00000000000000000e+00,        +0.00000000000000000e+00,        +0.00000000000000000e+00,        +0.00000000000000000e+00,        +0.00000000000000000e+00,        +0.00000000000000000e+00,        +0.00000000000000000e+00,        +0.00000000000000000e+00,        +0.00000000000000000e+00,        +0.00000000000000000e+00,        +0.00000000000000000e+00,        +0.00000000000000000e+00,        +0.00000000000000000e+00,        +0.00000000000000000e+00,        +0.00000000000000000e+00,        +0.00000000000000000e+00,        +0.00000000000000000e+00,        +0.00000000000000000e+00,        +0.00000000000000000e+00,        +0.00000000000000000e+00,        +0.00000000000000000e+00,        +0.00000000000000000e+00,        +0.00000000000000000e+00,        +0.00000000000000000e+00,        +0.00000000000000000e+00,        +0.00000000000000000e+00,        +0.00000000000000000e+00,        +0.00000000000000000e+00,        +0.00000000000000000e+00,        +0.00000000000000000e+00,        +0.00000000000000000e+00,        +0.00000000000000000e+00,        +0.00000000000000000e+00,        +0.00000000000000000e+00,        +0.00000000000000000e+00,        +0.00000000000000000e+00,        +0.00000000000000000e+00,        +0.00000000000000000e+00,        +0.00000000000000000e+00,        +0.00000000000000000e+00,        +0.00000000000000000e+00,        +0.00000000000000000e+00,        +0.00000000000000000e+00,        +0.00000000000000000e+00,        +0.00000000000000000e+00,        +0.00000000000000000e+00,        +0.00000000000000000e+00,        +0.00000000000000000e+00,        +0.00000000000000000e+00,        +0.00000000000000000e+00,        +0.00000000000000000e+00,        +0.00000000000000000e+00,        +0.00000000000000000e+00,        +0.00000000000000000e+00,        -1.37698361507810092e+09,        +0.00000000000000000e+00,        +0.00000000000000000e+00,        +0.00000000000000000e+00,        +0.00000000000000000e+00,        +0.00000000000000000e+00,        +0.00000000000000000e+00,        +0.00000000000000000e+00,        +0.00000000000000000e+00,        +0.00000000000000000e+00,        +0.00000000000000000e+00,        +0.00000000000000000e+00,        +0.00000000000000000e+00,        +0.00000000000000000e+00,        +0.00000000000000000e+00,        +0.00000000000000000e+00,        +0.00000000000000000e+00,        +0.00000000000000000e+00,        +0.00000000000000000e+00,        +0.00000000000000000e+00,        +0.00000000000000000e+00,        +0.00000000000000000e+00,        +0.00000000000000000e+00
        +0.00000000000000000e+00,        +0.00000000000000000e+00,        +3.07467507602855039e+05,        -1.25572590484298840e+07,        +9.22188465256164782e+06,        +3.29102752159023583e+07,        -6.40232197089267299e+07,        +3.98265795481331706e+08,        -5.86943770385025740e+08,        -2.27178534355548292e+08,        +1.56982822028608739e+08,        +2.87868085592117250e+08,        +4.23120531182008505e+08,        -6.42232965906671643e+08,        -4.71632952203600824e+08,        -1.44120338602090383e+09,        +1.29789376418781495e+09,        -2.33743151751760817e+09,        +6.35566375795671493e+07,        +2.31496454744758463e+09,        -9.17079576014069676e+08,        +1.76209459686282110e+09,        +0.00000000000000000e+00,        +0.00000000000000000e+00,        +0.00000000000000000e+00,        +0.00000000000000000e+00,        +0.00000000000000000e+00,        +0.00000000000000000e+00,        +0.00000000000000000e+00,        +0.00000000000000000e+00,        +0.00000000000000000e+00,        +0.00000000000000000e+00,        +0.00000000000000000e+00,        +0.00000000000000000e+00,        +0.00000000000000000e+00,        +0.00000000000000000e+00,        +0.00000000000000000e+00,        +0.00000000000000000e+00,        +0.00000000000000000e+00,        +0.00000000000000000e+00,        +0.00000000000000000e+00,        +0.00000000000000000e+00,        +0.00000000000000000e+00,        +0.00000000000000000e+00,        +0.00000000000000000e+00,        +0.00000000000000000e+00,        +0.00000000000000000e+00,        +0.00000000000000000e+00,        +0.00000000000000000e+00,        +0.00000000000000000e+00,        +0.00000000000000000e+00,        +0.00000000000000000e+00,        +0.00000000000000000e+00,        +0.00000000000000000e+00,        +0.00000000000000000e+00,        +0.00000000000000000e+00,        +0.00000000000000000e+00,        +0.00000000000000000e+00,        +0.00000000000000000e+00,        +0.00000000000000000e+00,        +0.00000000000000000e+00,        +0.00000000000000000e+00,        +0.00000000000000000e+00,        +0.00000000000000000e+00,        +0.00000000000000000e+00,        +0.00000000000000000e+00,        +0.00000000000000000e+00,        +0.00000000000000000e+00,        +0.00000000000000000e+00,        +0.00000000000000000e+00,        +0.00000000000000000e+00,        +0.00000000000000000e+00,        +0.00000000000000000e+00,        +0.00000000000000000e+00,        +0.00000000000000000e+00,        +0.00000000000000000e+00,        +0.00000000000000000e+00,        +0.00000000000000000e+00,        +0.00000000000000000e+00,        +0.00000000000000000e+00,        +0.00000000000000000e+00,        +0.00000000000000000e+00,        +0.00000000000000000e+00,        +0.00000000000000000e+00,        +0.00000000000000000e+00,        +0.00000000000000000e+00,        -1.37698361507810092e+09,        +0.00000000000000000e+00,        +0.00000000000000000e+00,        +0.00000000000000000e+00,        +0.00000000000000000e+00,        +0.00000000000000000e+00,        +0.00000000000000000e+00,        +0.00000000000000000e+00,        +0.00000000000000000e+00,        +0.00000000000000000e+00,        +0.00000000000000000e+00,        +0.00000000000000000e+00,        +0.00000000000000000e+00,        +0.00000000000000000e+00,        +0.00000000000000000e+00,        +0.00000000000000000e+00,        +0.00000000000000000e+00,        +0.00000000000000000e+00,        +0.00000000000000000e+00,        +0.00000000000000000e+00,        +0.00000000000000000e+00,        +0.00000000000000000e+00
        +0.00000000000000000e+00,        +0.00000000000000000e+00,        -1.18467617133776192e+06,        +6.33620406943407655e+06,        +6.09382445547857136e+07,        +3.47472243457767218e+07,        -2.58225119858295262e+08,        +2.40443815198872030e+08,        -1.32182029336282760e+08,        -2.21797993611542672e+08,        -2.10749277183039576e+08,        +2.24389124216470480e+08,        +2.76939808607513309e+08,        -1.94600136048070312e+08,        +3.73105030962723076e+08,        -3.53633614122721970e+08,        -3.20799956925402105e+08,        +6.03611761190103173e+08,        -2.16615243554231286e+08,        +1.33411413821430176e+08,        -6.68488461034688354e+08,        +3.96607144034642503e+07,        +0.00000000000000000e+00,        +0.00000000000000000e+00,        +0.00000000000000000e+00,        +0.00000000000000000e+00,        +0.00000000000000000e+00,        +0.00000000000000000e+00,        +0.00000000000000000e+00,        +0.00000000000000000e+00,        +0.00000000000000000e+00,        +0.00000000000000000e+00,        +0.00000000000000000e+00,        +0.00000000000000000e+00,        +0.00000000000000000e+00,        +0.00000000000000000e+00,        +0.00000000000000000e+00,        +0.00000000000000000e+00,        +0.00000000000000000e+00,        +0.00000000000000000e+00,        +0.00000000000000000e+00,        +0.00000000000000000e+00,        +0.00000000000000000e+00,        +0.00000000000000000e+00,        +0.00000000000000000e+00,        +0.00000000000000000e+00,        +0.00000000000000000e+00,        +0.00000000000000000e+00,        +0.00000000000000000e+00,        +0.00000000000000000e+00,        +0.00000000000000000e+00,        +0.00000000000000000e+00,        +0.00000000000000000e+00,        +0.00000000000000000e+00,        +0.00000000000000000e+00,        +0.00000000000000000e+00,        +0.00000000000000000e+00,        +0.00000000000000000e+00,        +0.00000000000000000e+00,        +0.00000000000000000e+00,        +0.00000000000000000e+00,        +0.00000000000000000e+00,        +0.00000000000000000e+00,        +0.00000000000000000e+00,        +0.00000000000000000e+00,        +0.00000000000000000e+00,        +0.00000000000000000e+00,        +0.00000000000000000e+00,        +0.00000000000000000e+00,        +0.00000000000000000e+00,        +0.00000000000000000e+00,        +0.00000000000000000e+00,        +0.00000000000000000e+00,        +0.00000000000000000e+00,        +0.00000000000000000e+00,        +0.00000000000000000e+00,        +0.00000000000000000e+00,        +0.00000000000000000e+00,        +0.00000000000000000e+00,        +0.00000000000000000e+00,        +0.00000000000000000e+00,        +0.00000000000000000e+00,        +0.00000000000000000e+00,        +0.00000000000000000e+00,        +0.00000000000000000e+00,        +0.00000000000000000e+00,        +0.00000000000000000e+00,        -1.37698361507810092e+09,        +0.00000000000000000e+00,        +0.00000000000000000e+00,        +0.00000000000000000e+00,        +0.00000000000000000e+00,        +0.00000000000000000e+00,        +0.00000000000000000e+00,        +0.00000000000000000e+00,        +0.00000000000000000e+00,        +0.00000000000000000e+00,        +0.00000000000000000e+00,        +0.00000000000000000e+00,        +0.00000000000000000e+00,        +0.00000000000000000e+00,        +0.00000000000000000e+00,        +0.00000000000000000e+00,        +0.00000000000000000e+00,        +0.00000000000000000e+00,        +0.00000000000000000e+00,        +0.00000000000000000e+00,        +0.00000000000000000e+00
        +0.00000000000000000e+00,        +0.00000000000000000e+00,        +1.93073084140688530e+06,        +4.57078649440920353e+06,        +6.53346157839073520e+06,        +5.93873704727932904e+06,        -3.77683734959314317e+07,        +1.10456257301988117e+07,        +5.67572314703590646e+07,        -3.41705268395681754e+07,        -6.69359282850986049e+07,        -2.91566039885218181e+07,        +1.16788028237677380e+08,        -9.38302840341433436e+07,        -6.56766818646818161e+08,        +1.24564566348308891e+08,        -1.16937123874880210e+08,        +1.89848383576418124e+07,        -6.48723109063602909e+07,        -8.06158889249663055e+07,        -2.49115560412963361e+08,        -2.49906518138093129e+07,        +0.00000000000000000e+00,        +0.00000000000000000e+00,        +0.00000000000000000e+00,        +0.00000000000000000e+00,        +0.00000000000000000e+00,        +0.00000000000000000e+00,        +0.00000000000000000e+00,        +0.00000000000000000e+00,        +0.00000000000000000e+00,        +0.00000000000000000e+00,        +0.00000000000000000e+00,        +0.00000000000000000e+00,        +0.00000000000000000e+00,        +0.00000000000000000e+00,        +0.00000000000000000e+00,        +0.00000000000000000e+00,        +0.00000000000000000e+00,        +0.00000000000000000e+00,        +0.00000000000000000e+00,        +0.00000000000000000e+00,        +0.00000000000000000e+00,        +0.00000000000000000e+00,        +0.00000000000000000e+00,        +0.00000000000000000e+00,        +0.00000000000000000e+00,        +0.00000000000000000e+00,        +0.00000000000000000e+00,        +0.00000000000000000e+00,        +0.00000000000000000e+00,        +0.00000000000000000e+00,        +0.00000000000000000e+00,        +0.00000000000000000e+00,        +0.00000000000000000e+00,        +0.00000000000000000e+00,        +0.00000000000000000e+00,        +0.00000000000000000e+00,        +0.00000000000000000e+00,        +0.00000000000000000e+00,        +0.00000000000000000e+00,        +0.00000000000000000e+00,        +0.00000000000000000e+00,        +0.00000000000000000e+00,        +0.00000000000000000e+00,        +0.00000000000000000e+00,        +0.00000000000000000e+00,        +0.00000000000000000e+00,        +0.00000000000000000e+00,        +0.00000000000000000e+00,        +0.00000000000000000e+00,        +0.00000000000000000e+00,        +0.00000000000000000e+00,        +0.00000000000000000e+00,        +0.00000000000000000e+00,        +0.00000000000000000e+00,        +0.00000000000000000e+00,        +0.00000000000000000e+00,        +0.00000000000000000e+00,        +0.00000000000000000e+00,        +0.00000000000000000e+00,        +0.00000000000000000e+00,        +0.00000000000000000e+00,        +0.00000000000000000e+00,        +0.00000000000000000e+00,        +0.00000000000000000e+00,        +0.00000000000000000e+00,        +0.00000000000000000e+00,        -1.37698361507810092e+09,        +0.00000000000000000e+00,        +0.00000000000000000e+00,        +0.00000000000000000e+00,        +0.00000000000000000e+00,        +0.00000000000000000e+00,        +0.00000000000000000e+00,        +0.00000000000000000e+00,        +0.00000000000000000e+00,        +0.00000000000000000e+00,        +0.00000000000000000e+00,        +0.00000000000000000e+00,        +0.00000000000000000e+00,        +0.00000000000000000e+00,        +0.00000000000000000e+00,        +0.00000000000000000e+00,        +0.00000000000000000e+00,        +0.00000000000000000e+00,        +0.00000000000000000e+00,        +0.00000000000000000e+00
        +0.00000000000000000e+00,        +0.00000000000000000e+00,        +1.80400134422750125e+05,        +4.33937494220043160e+06,        -7.33887890561996773e+06,        -1.42361100182655896e+06,        +2.57071083030897900e+07,        -1.62072114194863345e+07,        +1.06711815202629909e+08,        -4.77750749916990697e+07,        -6.15838435864142403e+07,        +1.28692977599831447e+07,        +1.71813667714870186e+06,        -3.27250443136036508e+07,        +3.47278511522315368e+07,        +6.90288965915888399e+07,        -1.94804738135405898e+08,        -7.12374286896288991e+07,        +2.25177446913426742e+06,        +1.05160771578049913e+08,        +4.60653984187060744e+07,        +2.56028296291157156e+07,        +0.00000000000000000e+00,        +0.00000000000000000e+00,        +0.00000000000000000e+00,        +0.00000000000000000e+00,        +0.00000000000000000e+00,        +0.00000000000000000e+00,        +0.00000000000000000e+00,        +0.00000000000000000e+00,        +0.00000000000000000e+00,        +0.00000000000000000e+00,        +0.00000000000000000e+00,        +0.00000000000000000e+00,        +0.00000000000000000e+00,        +0.00000000000000000e+00,        +0.00000000000000000e+00,        +0.00000000000000000e+00,        +0.00000000000000000e+00,        +0.00000000000000000e+00,        +0.00000000000000000e+00,        +0.00000000000000000e+00,        +0.00000000000000000e+00,        +0.00000000000000000e+00,        +0.00000000000000000e+00,        +0.00000000000000000e+00,        +0.00000000000000000e+00,        +0.00000000000000000e+00,        +0.00000000000000000e+00,        +0.00000000000000000e+00,        +0.00000000000000000e+00,        +0.00000000000000000e+00,        +0.00000000000000000e+00,        +0.00000000000000000e+00,        +0.00000000000000000e+00,        +0.00000000000000000e+00,        +0.00000000000000000e+00,        +0.00000000000000000e+00,        +0.00000000000000000e+00,        +0.00000000000000000e+00,        +0.00000000000000000e+00,        +0.00000000000000000e+00,        +0.00000000000000000e+00,        +0.00000000000000000e+00,        +0.00000000000000000e+00,        +0.00000000000000000e+00,        +0.00000000000000000e+00,        +0.00000000000000000e+00,        +0.00000000000000000e+00,        +0.00000000000000000e+00,        +0.00000000000000000e+00,        +0.00000000000000000e+00,        +0.00000000000000000e+00,        +0.00000000000000000e+00,        +0.00000000000000000e+00,        +0.00000000000000000e+00,        +0.00000000000000000e+00,        +0.00000000000000000e+00,        +0.00000000000000000e+00,        +0.00000000000000000e+00,        +0.00000000000000000e+00,        +0.00000000000000000e+00,        +0.00000000000000000e+00,        +0.00000000000000000e+00,        +0.00000000000000000e+00,        +0.00000000000000000e+00,        +0.00000000000000000e+00,        +0.00000000000000000e+00,        +0.00000000000000000e+00,        -1.37698361507810092e+09,        +0.00000000000000000e+00,        +0.00000000000000000e+00,        +0.00000000000000000e+00,        +0.00000000000000000e+00,        +0.00000000000000000e+00,        +0.00000000000000000e+00,        +0.00000000000000000e+00,        +0.00000000000000000e+00,        +0.00000000000000000e+00,        +0.00000000000000000e+00,        +0.00000000000000000e+00,        +0.00000000000000000e+00,        +0.00000000000000000e+00,        +0.00000000000000000e+00,        +0.00000000000000000e+00,        +0.00000000000000000e+00,        +0.00000000000000000e+00,        +0.00000000000000000e+00
        +0.00000000000000000e+00,        +0.00000000000000000e+00,        -1.78486742763071787e+05,        -2.56312340979234874e+06,        +1.04539151767860181e+05,        -1.49151133845080202e+06,        +7.02244105998306535e+05,        -1.87241871839325055e+07,        -1.46694035525016841e+07,        +1.41885420715279486e+07,        +3.35992593018678203e+07,        -2.23213978581049256e+07,        +4.06498224164107163e+06,        +1.21353874590600133e+08,        +3.24715624522753619e+07,        +5.36576834667676017e+07,        -3.80632506316269860e+07,        -4.06207247067647800e+07,        +4.73134160341054872e+07,        -3.33350218739864863e+07,        -1.07861886323831350e+08,        +5.77974253781278133e+07,        +0.00000000000000000e+00,        +0.00000000000000000e+00,        +0.00000000000000000e+00,        +0.00000000000000000e+00,        +0.00000000000000000e+00,        +0.00000000000000000e+00,        +0.00000000000000000e+00,        +0.00000000000000000e+00,        +0.00000000000000000e+00,        +0.00000000000000000e+00,        +0.00000000000000000e+00,        +0.00000000000000000e+00,        +0.00000000000000000e+00,        +0.00000000000000000e+00,        +0.00000000000000000e+00,        +0.00000000000000000e+00,        +0.00000000000000000e+00,        +0.00000000000000000e+00,        +0.00000000000000000e+00,        +0.00000000000000000e+00,        +0.00000000000000000e+00,        +0.00000000000000000e+00,        +0.00000000000000000e+00,        +0.00000000000000000e+00,        +0.00000000000000000e+00,        +0.00000000000000000e+00,        +0.00000000000000000e+00,        +0.00000000000000000e+00,        +0.00000000000000000e+00,        +0.00000000000000000e+00,        +0.00000000000000000e+00,        +0.00000000000000000e+00,        +0.00000000000000000e+00,        +0.00000000000000000e+00,        +0.00000000000000000e+00,        +0.00000000000000000e+00,        +0.00000000000000000e+00,        +0.00000000000000000e+00,        +0.00000000000000000e+00,        +0.00000000000000000e+00,        +0.00000000000000000e+00,        +0.00000000000000000e+00,        +0.00000000000000000e+00,        +0.00000000000000000e+00,        +0.00000000000000000e+00,        +0.00000000000000000e+00,        +0.00000000000000000e+00,        +0.00000000000000000e+00,        +0.00000000000000000e+00,        +0.00000000000000000e+00,        +0.00000000000000000e+00,        +0.00000000000000000e+00,        +0.00000000000000000e+00,        +0.00000000000000000e+00,        +0.00000000000000000e+00,        +0.00000000000000000e+00,        +0.00000000000000000e+00,        +0.00000000000000000e+00,        +0.00000000000000000e+00,        +0.00000000000000000e+00,        +0.00000000000000000e+00,        +0.00000000000000000e+00,        +0.00000000000000000e+00,        +0.00000000000000000e+00,        +0.00000000000000000e+00,        +0.00000000000000000e+00,        +0.00000000000000000e+00,        +0.00000000000000000e+00,        -1.37698361507810092e+09,        +0.00000000000000000e+00,        +0.00000000000000000e+00,        +0.00000000000000000e+00,        +0.00000000000000000e+00,        +0.00000000000000000e+00,        +0.00000000000000000e+00,        +0.00000000000000000e+00,        +0.00000000000000000e+00,        +0.00000000000000000e+00,        +0.00000000000000000e+00,        +0.00000000000000000e+00,        +0.00000000000000000e+00,        +0.00000000000000000e+00,        +0.00000000000000000e+00,        +0.00000000000000000e+00,        +0.00000000000000000e+00,        +0.00000000000000000e+00
        +0.00000000000000000e+00,        +0.00000000000000000e+00,        -4.40556403179670451e+03,        +8.06824868099399755e+04,        +3.38287055454189051e+06,        +2.89616480230753915e+06,        -1.58279867918779887e+07,        +1.07951553697799835e+07,        -5.69772840144812968e+06,        -4.60777345682194829e+06,        +1.56625896036985498e+07,        +9.89029095849907957e+06,        +4.14015685031022131e+07,        -2.75467278052973561e+07,        -4.44313207069715578e+06,        -3.22247205886939913e+07,        -3.40658176547210962e+07,        -2.29257660746916989e+06,        +1.62932306007794924e+07,        -7.94174502850928158e+07,        +5.00604577882530242e+07,        +9.57356514425392002e+07,        +0.00000000000000000e+00,        +0.00000000000000000e+00,        +0.00000000000000000e+00,        +0.00000000000000000e+00,        +0.00000000000000000e+00,        +0.00000000000000000e+00,        +0.00000000000000000e+00,        +0.00000000000000000e+00,        +0.00000000000000000e+00,        +0.00000000000000000e+00,        +0.00000000000000000e+00,        +0.00000000000000000e+00,        +0.00000000000000000e+00,        +0.00000000000000000e+00,        +0.00000000000000000e+00,        +0.00000000000000000e+00,        +0.00000000000000000e+00,        +0.00000000000000000e+00,        +0.00000000000000000e+00,        +0.00000000000000000e+00,        +0.00000000000000000e+00,        +0.00000000000000000e+00,        +0.00000000000000000e+00,        +0.00000000000000000e+00,        +0.00000000000000000e+00,        +0.00000000000000000e+00,        +0.00000000000000000e+00,        +0.00000000000000000e+00,        +0.00000000000000000e+00,        +0.00000000000000000e+00,        +0.00000000000000000e+00,        +0.00000000000000000e+00,        +0.00000000000000000e+00,        +0.00000000000000000e+00,        +0.00000000000000000e+00,        +0.00000000000000000e+00,        +0.00000000000000000e+00,        +0.00000000000000000e+00,        +0.00000000000000000e+00,        +0.00000000000000000e+00,        +0.00000000000000000e+00,        +0.00000000000000000e+00,        +0.00000000000000000e+00,        +0.00000000000000000e+00,        +0.00000000000000000e+00,        +0.00000000000000000e+00,        +0.00000000000000000e+00,        +0.00000000000000000e+00,        +0.00000000000000000e+00,        +0.00000000000000000e+00,        +0.00000000000000000e+00,        +0.00000000000000000e+00,        +0.00000000000000000e+00,        +0.00000000000000000e+00,        +0.00000000000000000e+00,        +0.00000000000000000e+00,        +0.00000000000000000e+00,        +0.00000000000000000e+00,        +0.00000000000000000e+00,        +0.00000000000000000e+00,        +0.00000000000000000e+00,        +0.00000000000000000e+00,        +0.00000000000000000e+00,        +0.00000000000000000e+00,        +0.00000000000000000e+00,        +0.00000000000000000e+00,        +0.00000000000000000e+00,        +0.00000000000000000e+00,        +0.00000000000000000e+00,        -1.37698361507810092e+09,        +0.00000000000000000e+00,        +0.00000000000000000e+00,        +0.00000000000000000e+00,        +0.00000000000000000e+00,        +0.00000000000000000e+00,        +0.00000000000000000e+00,        +0.00000000000000000e+00,        +0.00000000000000000e+00,        +0.00000000000000000e+00,        +0.00000000000000000e+00,        +0.00000000000000000e+00,        +0.00000000000000000e+00,        +0.00000000000000000e+00,        +0.00000000000000000e+00,        +0.00000000000000000e+00,        +0.00000000000000000e+00
        +0.00000000000000000e+00,        +0.00000000000000000e+00,        -3.21668486388165657e+04,        -8.98457869456984918e+05,        -9.99894478438098729e+06,        -2.89954997472086968e+06,        +3.86898685947079360e+07,        -3.50568719558500918e+06,        +5.44521644796794280e+06,        +4.90109891036925614e+07,        +5.86421553958172873e+07,        +1.25117971911651921e+07,        +6.12740072824703231e+07,        -1.48596362286807466e+07,        +8.02401877029499970e+06,        +2.29665658132253885e+07,        -3.19832043720007921e+06,        +1.28784731198929325e+07,        -2.65337114021153376e+07,        +2.00654983921564370e+07,        -1.25508287812754395e+06,        -2.65328030066179950e+06,        +0.00000000000000000e+00,        +0.00000000000000000e+00,        +0.00000000000000000e+00,        +0.00000000000000000e+00,        +0.00000000000000000e+00,        +0.00000000000000000e+00,        +0.00000000000000000e+00,        +0.00000000000000000e+00,        +0.00000000000000000e+00,        +0.00000000000000000e+00,        +0.00000000000000000e+00,        +0.00000000000000000e+00,        +0.00000000000000000e+00,        +0.00000000000000000e+00,        +0.00000000000000000e+00,        +0.00000000000000000e+00,        +0.00000000000000000e+00,        +0.00000000000000000e+00,        +0.00000000000000000e+00,        +0.00000000000000000e+00,        +0.00000000000000000e+00,        +0.00000000000000000e+00,        +0.00000000000000000e+00,        +0.00000000000000000e+00,        +0.00000000000000000e+00,        +0.00000000000000000e+00,        +0.00000000000000000e+00,        +0.00000000000000000e+00,        +0.00000000000000000e+00,        +0.00000000000000000e+00,        +0.00000000000000000e+00,        +0.00000000000000000e+00,        +0.00000000000000000e+00,        +0.00000000000000000e+00,        +0.00000000000000000e+00,        +0.00000000000000000e+00,        +0.00000000000000000e+00,        +0.00000000000000000e+00,        +0.00000000000000000e+00,        +0.00000000000000000e+00,        +0.00000000000000000e+00,        +0.00000000000000000e+00,        +0.00000000000000000e+00,        +0.00000000000000000e+00,        +0.00000000000000000e+00,        +0.00000000000000000e+00,        +0.00000000000000000e+00,        +0.00000000000000000e+00,        +0.00000000000000000e+00,        +0.00000000000000000e+00,        +0.00000000000000000e+00,        +0.00000000000000000e+00,        +0.00000000000000000e+00,        +0.00000000000000000e+00,        +0.00000000000000000e+00,        +0.00000000000000000e+00,        +0.00000000000000000e+00,        +0.00000000000000000e+00,        +0.00000000000000000e+00,        +0.00000000000000000e+00,        +0.00000000000000000e+00,        +0.00000000000000000e+00,        +0.00000000000000000e+00,        +0.00000000000000000e+00,        +0.00000000000000000e+00,        +0.00000000000000000e+00,        +0.00000000000000000e+00,        +0.00000000000000000e+00,        +0.00000000000000000e+00,        +0.00000000000000000e+00,        -1.37698361507810092e+09,        +0.00000000000000000e+00,        +0.00000000000000000e+00,        +0.00000000000000000e+00,        +0.00000000000000000e+00,        +0.00000000000000000e+00,        +0.00000000000000000e+00,        +0.00000000000000000e+00,        +0.00000000000000000e+00,        +0.00000000000000000e+00,        +0.00000000000000000e+00,        +0.00000000000000000e+00,        +0.00000000000000000e+00,        +0.00000000000000000e+00,        +0.00000000000000000e+00,        +0.00000000000000000e+00
        +0.00000000000000000e+00,        +0.00000000000000000e+00,        -2.49272807173059846e+04,        +3.06766656988781411e+05,        +1.32152703046945692e+06,        -9.59476460913642682e+06,        +2.10356087114442280e+06,        -5.65330014489671495e+06,        -3.46325013091868237e+07,        -1.11132383714826275e+07,        -2.48498188143429998e+06,        +1.54541522479676045e+07,        -1.81150691423803270e+07,        -2.21804869045795090e+07,        +3.80825181789694214e+06,        +4.47372711882323548e+07,        +7.72400628075233381e+06,        +9.07289808908930235e+06,        -6.90795607711780258e+06,        +3.67034678791624960e+06,        -5.64894143606792437e+05,        +2.16112035202575214e+07,        +0.00000000000000000e+00,        +0.00000000000000000e+00,        +0.00000000000000000e+00,        +0.00000000000000000e+00,        +0.00000000000000000e+00,        +0.00000000000000000e+00,        +0.00000000000000000e+00,        +0.00000000000000000e+00,        +0.00000000000000000e+00,        +0.00000000000000000e+00,        +0.00000000000000000e+00,        +0.00000000000000000e+00,        +0.00000000000000000e+00,        +0.00000000000000000e+00,        +0.00000000000000000e+00,        +0.00000000000000000e+00,        +0.00000000000000000e+00,        +0.00000000000000000e+00,        +0.00000000000000000e+00,        +0.00000000000000000e+00,        +0.00000000000000000e+00,        +0.00000000000000000e+00,        +0.00000000000000000e+00,        +0.00000000000000000e+00,        +0.00000000000000000e+00,        +0.00000000000000000e+00,        +0.00000000000000000e+00,        +0.00000000000000000e+00,        +0.00000000000000000e+00,        +0.00000000000000000e+00,        +0.00000000000000000e+00,        +0.00000000000000000e+00,        +0.00000000000000000e+00,        +0.00000000000000000e+00,        +0.00000000000000000e+00,        +0.00000000000000000e+00,        +0.00000000000000000e+00,        +0.00000000000000000e+00,        +0.00000000000000000e+00,        +0.00000000000000000e+00,        +0.00000000000000000e+00,        +0.00000000000000000e+00,        +0.00000000000000000e+00,        +0.00000000000000000e+00,        +0.00000000000000000e+00,        +0.00000000000000000e+00,        +0.00000000000000000e+00,        +0.00000000000000000e+00,        +0.00000000000000000e+00,        +0.00000000000000000e+00,        +0.00000000000000000e+00,        +0.00000000000000000e+00,        +0.00000000000000000e+00,        +0.00000000000000000e+00,        +0.00000000000000000e+00,        +0.00000000000000000e+00,        +0.00000000000000000e+00,        +0.00000000000000000e+00,        +0.00000000000000000e+00,        +0.00000000000000000e+00,        +0.00000000000000000e+00,        +0.00000000000000000e+00,        +0.00000000000000000e+00,        +0.00000000000000000e+00,        +0.00000000000000000e+00,        +0.00000000000000000e+00,        +0.00000000000000000e+00,        +0.00000000000000000e+00,        +0.00000000000000000e+00,        +0.00000000000000000e+00,        +0.00000000000000000e+00,        -1.37698361507810092e+09,        +0.00000000000000000e+00,        +0.00000000000000000e+00,        +0.00000000000000000e+00,        +0.00000000000000000e+00,        +0.00000000000000000e+00,        +0.00000000000000000e+00,        +0.00000000000000000e+00,        +0.00000000000000000e+00,        +0.00000000000000000e+00,        +0.00000000000000000e+00,        +0.00000000000000000e+00,        +0.00000000000000000e+00,        +0.00000000000000000e+00,        +0.00000000000000000e+00
        +0.00000000000000000e+00,        +0.00000000000000000e+00,        +7.75257572646294866e+04,        +5.05373279591589991e+05,        -5.75027319588053320e+06,        -1.81796497094388749e+06,        +1.42288298265729211e+07,        +9.23551454098781385e+06,        +2.65008825200494975e+07,        -1.79487527444064468e+07,        +2.41549521767840274e+07,        +4.14924156336409077e+07,        -1.90729143337577917e+07,        -5.32913734255118854e+06,        -1.92294482969364175e+06,        -3.44220841659989953e+06,        +6.25431899306585826e+06,        -3.08946282588741276e+05,        +1.48509176269773357e+07,        -1.00357124545773584e+07,        -1.16390355527072959e+07,        -3.03766018228155049e+06,        +0.00000000000000000e+00,        +0.00000000000000000e+00,        +0.00000000000000000e+00,        +0.00000000000000000e+00,        +0.00000000000000000e+00,        +0.00000000000000000e+00,        +0.00000000000000000e+00,        +0.00000000000000000e+00,        +0.00000000000000000e+00,        +0.00000000000000000e+00,        +0.00000000000000000e+00,        +0.00000000000000000e+00,        +0.00000000000000000e+00,        +0.00000000000000000e+00,        +0.00000000000000000e+00,        +0.00000000000000000e+00,        +0.00000000000000000e+00,        +0.00000000000000000e+00,        +0.00000000000000000e+00,        +0.00000000000000000e+00,        +0.00000000000000000e+00,        +0.00000000000000000e+00,        +0.00000000000000000e+00,        +0.00000000000000000e+00,        +0.00000000000000000e+00,        +0.00000000000000000e+00,        +0.00000000000000000e+00,        +0.00000000000000000e+00,        +0.00000000000000000e+00,        +0.00000000000000000e+00,        +0.00000000000000000e+00,        +0.00000000000000000e+00,        +0.00000000000000000e+00,        +0.00000000000000000e+00,        +0.00000000000000000e+00,        +0.00000000000000000e+00,        +0.00000000000000000e+00,        +0.00000000000000000e+00,        +0.00000000000000000e+00,        +0.00000000000000000e+00,        +0.00000000000000000e+00,        +0.00000000000000000e+00,        +0.00000000000000000e+00,        +0.00000000000000000e+00,        +0.00000000000000000e+00,        +0.00000000000000000e+00,        +0.00000000000000000e+00,        +0.00000000000000000e+00,        +0.00000000000000000e+00,        +0.00000000000000000e+00,        +0.00000000000000000e+00,        +0.00000000000000000e+00,        +0.00000000000000000e+00,        +0.00000000000000000e+00,        +0.00000000000000000e+00,        +0.00000000000000000e+00,        +0.00000000000000000e+00,        +0.00000000000000000e+00,        +0.00000000000000000e+00,        +0.00000000000000000e+00,        +0.00000000000000000e+00,        +0.00000000000000000e+00,        +0.00000000000000000e+00,        +0.00000000000000000e+00,        +0.00000000000000000e+00,        +0.00000000000000000e+00,        +0.00000000000000000e+00,        +0.00000000000000000e+00,        +0.00000000000000000e+00,        +0.00000000000000000e+00,        +0.00000000000000000e+00,        +0.00000000000000000e+00,        -1.37698361507810092e+09,        +0.00000000000000000e+00,        +0.00000000000000000e+00,        +0.00000000000000000e+00,        +0.00000000000000000e+00,        +0.00000000000000000e+00,        +0.00000000000000000e+00,        +0.00000000000000000e+00,        +0.00000000000000000e+00,        +0.00000000000000000e+00,        +0.00000000000000000e+00,        +0.00000000000000000e+00,        +0.00000000000000000e+00,        +0.00000000000000000e+00
        +0.00000000000000000e+00,        +0.00000000000000000e+00,        +3.78602634896222953e+04,        +1.77032890287360060e+06,        +3.49982083500993159e+06,        +1.23723810536473338e+06,        -8.03663523757157382e+06,        +1.03783827350731157e+07,        -1.69515247458101548e+07,        +1.84037575224173721e+06,        +3.40787963506585592e+06,        +1.74376070701058805e+07,        +3.45348239054052718e+06,        +1.30168078170175739e+07,        -6.06967540757188760e+06,        -1.02079510311572370e+06,        -9.90268719980803877e+06,        -4.33518979974920396e+06,        +2.31259853314690851e+06,        +4.90450152830109466e+06,        +1.00533855884743538e+07,        -9.52370126757364348e+06,        +0.00000000000000000e+00,        +0.00000000000000000e+00,        +0.00000000000000000e+00,        +0.00000000000000000e+00,        +0.00000000000000000e+00,        +0.00000000000000000e+00,        +0.00000000000000000e+00,        +0.00000000000000000e+00,        +0.00000000000000000e+00,        +0.00000000000000000e+00,        +0.00000000000000000e+00,        +0.00000000000000000e+00,        +0.00000000000000000e+00,        +0.00000000000000000e+00,        +0.00000000000000000e+00,        +0.00000000000000000e+00,        +0.00000000000000000e+00,        +0.00000000000000000e+00,        +0.00000000000000000e+00,        +0.00000000000000000e+00,        +0.00000000000000000e+00,        +0.00000000000000000e+00,        +0.00000000000000000e+00,        +0.00000000000000000e+00,        +0.00000000000000000e+00,        +0.00000000000000000e+00,        +0.00000000000000000e+00,        +0.00000000000000000e+00,        +0.00000000000000000e+00,        +0.00000000000000000e+00,        +0.00000000000000000e+00,        +0.00000000000000000e+00,        +0.00000000000000000e+00,        +0.00000000000000000e+00,        +0.00000000000000000e+00,        +0.00000000000000000e+00,        +0.00000000000000000e+00,        +0.00000000000000000e+00,        +0.00000000000000000e+00,        +0.00000000000000000e+00,        +0.00000000000000000e+00,        +0.00000000000000000e+00,        +0.00000000000000000e+00,        +0.00000000000000000e+00,        +0.00000000000000000e+00,        +0.00000000000000000e+00,        +0.00000000000000000e+00,        +0.00000000000000000e+00,        +0.00000000000000000e+00,        +0.00000000000000000e+00,        +0.00000000000000000e+00,        +0.00000000000000000e+00,        +0.00000000000000000e+00,        +0.00000000000000000e+00,        +0.00000000000000000e+00,        +0.00000000000000000e+00,        +0.00000000000000000e+00,        +0.00000000000000000e+00,        +0.00000000000000000e+00,        +0.00000000000000000e+00,        +0.00000000000000000e+00,        +0.00000000000000000e+00,        +0.00000000000000000e+00,        +0.00000000000000000e+00,        +0.00000000000000000e+00,        +0.00000000000000000e+00,        +0.00000000000000000e+00,        +0.00000000000000000e+00,        +0.00000000000000000e+00,        +0.00000000000000000e+00,        +0.00000000000000000e+00,        +0.00000000000000000e+00,        +0.00000000000000000e+00,        -1.37698361507810092e+09,        +0.00000000000000000e+00,        +0.00000000000000000e+00,        +0.00000000000000000e+00,        +0.00000000000000000e+00,        +0.00000000000000000e+00,        +0.00000000000000000e+00,        +0.00000000000000000e+00,        +0.00000000000000000e+00,        +0.00000000000000000e+00,        +0.00000000000000000e+00,        +0.00000000000000000e+00,        +0.00000000000000000e+00
        +0.00000000000000000e+00,        +0.00000000000000000e+00,        -1.99789723592569716e+07,        -1.26125047754253760e+08,        +1.26252470831869975e+08,        -2.10148114646095075e+07,        +1.51739893192838337e+07,        +6.04558925246831894e+08,        -2.46159606023428583e+09,        +2.79745927951852274e+09,        -6.85356025746463203e+09,        +2.59426084387326193e+09,        +7.60975933337976646e+09,        -8.94744058378965187e+09,        +4.89131620597671604e+09,        +3.33996437022835255e+09,        +1.52844872308785319e+09,        -9.28948116632268524e+09,        +8.72296522159653091e+09,        -6.90181634747389221e+09,        -4.29173373299398565e+09,        -8.38653609378889751e+09,        +0.00000000000000000e+00,        +0.00000000000000000e+00,        +0.00000000000000000e+00,        +0.00000000000000000e+00,        +0.00000000000000000e+00,        +0.00000000000000000e+00,        +0.00000000000000000e+00,        +0.00000000000000000e+00,        +0.00000000000000000e+00,        +0.00000000000000000e+00,        +0.00000000000000000e+00,        +0.00000000000000000e+00,        +0.00000000000000000e+00,        +0.00000000000000000e+00,        +0.00000000000000000e+00,        +0.00000000000000000e+00,        +0.00000000000000000e+00,        +0.00000000000000000e+00,        +0.00000000000000000e+00,        +0.00000000000000000e+00,        +0.00000000000000000e+00,        +0.00000000000000000e+00,        +0.00000000000000000e+00,        +0.00000000000000000e+00,        +0.00000000000000000e+00,        +0.00000000000000000e+00,        +0.00000000000000000e+00,        +0.00000000000000000e+00,        +0.00000000000000000e+00,        +0.00000000000000000e+00,        +0.00000000000000000e+00,        +0.00000000000000000e+00,        +0.00000000000000000e+00,        +0.00000000000000000e+00,        +0.00000000000000000e+00,        +0.00000000000000000e+00,        +0.00000000000000000e+00,        +0.00000000000000000e+00,        +0.00000000000000000e+00,        +0.00000000000000000e+00,        +0.00000000000000000e+00,        +0.00000000000000000e+00,        +0.00000000000000000e+00,        +0.00000000000000000e+00,        +0.00000000000000000e+00,        +0.00000000000000000e+00,        +0.00000000000000000e+00,        +0.00000000000000000e+00,        +0.00000000000000000e+00,        +0.00000000000000000e+00,        +0.00000000000000000e+00,        +0.00000000000000000e+00,        +0.00000000000000000e+00,        +0.00000000000000000e+00,        +0.00000000000000000e+00,        +0.00000000000000000e+00,        +0.00000000000000000e+00,        +0.00000000000000000e+00,        +0.00000000000000000e+00,        +0.00000000000000000e+00,        +0.00000000000000000e+00,        +0.00000000000000000e+00,        +0.00000000000000000e+00,        +0.00000000000000000e+00,        +0.00000000000000000e+00,        +0.00000000000000000e+00,        +0.00000000000000000e+00,        +0.00000000000000000e+00,        +0.00000000000000000e+00,        +0.00000000000000000e+00,        +0.00000000000000000e+00,        +0.00000000000000000e+00,        +0.00000000000000000e+00,        +0.00000000000000000e+00,        +6.45149166753669381e+08,        +0.00000000000000000e+00,        +0.00000000000000000e+00,        +0.00000000000000000e+00,        +0.00000000000000000e+00,        +0.00000000000000000e+00,        +0.00000000000000000e+00,        +0.00000000000000000e+00,        +0.00000000000000000e+00,        +0.00000000000000000e+00,        +0.00000000000000000e+00,        +0.00000000000000000e+00
        +0.00000000000000000e+00,        +0.00000000000000000e+00,        -2.11696652331002615e+06,        -7.92186001424053393e+04,        -2.44479787182278670e+07,        +8.78509747685922496e+06,        +1.24103683216013342e+08,        +2.23635854171521991e+08,        -1.92368607379314810e+08,        -3.80419003749237835e+08,        +1.85717204960672408e+08,        +5.71082675554958463e+08,        -1.09166492642095470e+09,        +8.03553993279311210e+07,        +9.23149043237848163e+08,        -4.33585604450919986e+08,        -6.07537960460413814e+08,        -3.36314816966526031e+09,        -6.01406880258944225e+09,        -2.65371034310634708e+09,        -7.76379350074856281e+08,        -7.99721179215638161e+08,        +0.00000000000000000e+00,        +0.00000000000000000e+00,        +0.00000000000000000e+00,        +0.00000000000000000e+00,        +0.00000000000000000e+00,        +0.00000000000000000e+00,        +0.00000000000000000e+00,        +0.00000000000000000e+00,        +0.00000000000000000e+00,        +0.00000000000000000e+00,        +0.00000000000000000e+00,        +0.00000000000000000e+00,        +0.00000000000000000e+00,        +0.00000000000000000e+00,        +0.00000000000000000e+00,        +0.00000000000000000e+00,        +0.00000000000000000e+00,        +0.00000000000000000e+00,        +0.00000000000000000e+00,        +0.00000000000000000e+00,        +0.00000000000000000e+00,        +0.00000000000000000e+00,        +0.00000000000000000e+00,        +0.00000000000000000e+00,        +0.00000000000000000e+00,        +0.00000000000000000e+00,        +0.00000000000000000e+00,        +0.00000000000000000e+00,        +0.00000000000000000e+00,        +0.00000000000000000e+00,        +0.00000000000000000e+00,        +0.00000000000000000e+00,        +0.00000000000000000e+00,        +0.00000000000000000e+00,        +0.00000000000000000e+00,        +0.00000000000000000e+00,        +0.00000000000000000e+00,        +0.00000000000000000e+00,        +0.00000000000000000e+00,        +0.00000000000000000e+00,        +0.00000000000000000e+00,        +0.00000000000000000e+00,        +0.00000000000000000e+00,        +0.00000000000000000e+00,        +0.00000000000000000e+00,        +0.00000000000000000e+00,        +0.00000000000000000e+00,        +0.00000000000000000e+00,        +0.00000000000000000e+00,        +0.00000000000000000e+00,        +0.00000000000000000e+00,        +0.00000000000000000e+00,        +0.00000000000000000e+00,        +0.00000000000000000e+00,        +0.00000000000000000e+00,        +0.00000000000000000e+00,        +0.00000000000000000e+00,        +0.00000000000000000e+00,        +0.00000000000000000e+00,        +0.00000000000000000e+00,        +0.00000000000000000e+00,        +0.00000000000000000e+00,        +0.00000000000000000e+00,        +0.00000000000000000e+00,        +0.00000000000000000e+00,        +0.00000000000000000e+00,        +0.00000000000000000e+00,        +0.00000000000000000e+00,        +0.00000000000000000e+00,        +0.00000000000000000e+00,        +0.00000000000000000e+00,        +0.00000000000000000e+00,        +0.00000000000000000e+00,        +0.00000000000000000e+00,        +0.00000000000000000e+00,        +6.45149166753669381e+08,        +0.00000000000000000e+00,        +0.00000000000000000e+00,        +0.00000000000000000e+00,        +0.00000000000000000e+00,        +0.00000000000000000e+00,        +0.00000000000000000e+00,        +0.00000000000000000e+00,        +0.00000000000000000e+00,        +0.00000000000000000e+00,        +0.00000000000000000e+00
        +0.00000000000000000e+00,        +0.00000000000000000e+00,        -2.42756405807269999e+05,        +9.91439745016930811e+06,        -7.28100211459320784e+06,        -2.59838191938638166e+07,        +5.05485825995745212e+07,        -3.14444845963696301e+08,        +4.63412739838768482e+08,        +1.79365438991200328e+08,        -1.23943456485069990e+08,        -2.27281973141779423e+08,        -3.34068533529991567e+08,        +5.07065503311085105e+08,        +3.72370795307266355e+08,        +1.13788073658698845e+09,        -1.02473275231693709e+09,        +1.84548435194697809e+09,        -5.01801996064566448e+07,        -1.82774588928437018e+09,        +7.24066563807418704e+08,        -1.39123562799146581e+09,        +0.00000000000000000e+00,        +0.00000000000000000e+00,        +0.00000000000000000e+00,        +0.00000000000000000e+00,        +0.00000000000000000e+00,        +0.00000000000000000e+00,        +0.00000000000000000e+00,        +0.00000000000000000e+00,        +0.00000000000000000e+00,        +0.00000000000000000e+00,        +0.00000000000000000e+00,        +0.00000000000000000e+00,        +0.00000000000000000e+00,        +0.00000000000000000e+00,        +0.00000000000000000e+00,        +0.00000000000000000e+00,        +0.00000000000000000e+00,        +0.00000000000000000e+00,        +0.00000000000000000e+00,        +0.00000000000000000e+00,        +0.00000000000000000e+00,        +0.00000000000000000e+00,        +0.00000000000000000e+00,        +0.00000000000000000e+00,        +0.00000000000000000e+00,        +0.00000000000000000e+00,        +0.00000000000000000e+00,        +0.00000000000000000e+00,        +0.00000000000000000e+00,        +0.00000000000000000e+00,        +0.00000000000000000e+00,        +0.00000000000000000e+00,        +0.00000000000000000e+00,        +0.00000000000000000e+00,        +0.00000000000000000e+00,        +0.00000000000000000e+00,        +0.00000000000000000e+00,        +0.00000000000000000e+00,        +0.00000000000000000e+00,        +0.00000000000000000e+00,        +0.00000000000000000e+00,        +0.00000000000000000e+00,        +0.00000000000000000e+00,        +0.00000000000000000e+00,        +0.00000000000000000e+00,        +0.00000000000000000e+00,        +0.00000000000000000e+00,        +0.00000000000000000e+00,        +0.00000000000000000e+00,        +0.00000000000000000e+00,        +0.00000000000000000e+00,        +0.00000000000000000e+00,        +0.00000000000000000e+00,        +0.00000000000000000e+00,        +0.00000000000000000e+00,        +0.00000000000000000e+00,        +0.00000000000000000e+00,        +0.00000000000000000e+00,        +0.00000000000000000e+00,        +0.00000000000000000e+00,        +0.00000000000000000e+00,        +0.00000000000000000e+00,        +0.00000000000000000e+00,        +0.00000000000000000e+00,        +0.00000000000000000e+00,        +0.00000000000000000e+00,        +0.00000000000000000e+00,        +0.00000000000000000e+00,        +0.00000000000000000e+00,        +0.00000000000000000e+00,        +0.00000000000000000e+00,        +0.00000000000000000e+00,        +0.00000000000000000e+00,        +0.00000000000000000e+00,        +0.00000000000000000e+00,        +0.00000000000000000e+00,        +6.45149166753669381e+08,        +0.00000000000000000e+00,        +0.00000000000000000e+00,        +0.00000000000000000e+00,        +0.00000000000000000e+00,        +0.00000000000000000e+00,        +0.00000000000000000e+00,        +0.00000000000000000e+00,        +0.00000000000000000e+00,        +0.00000000000000000e+00
        +0.00000000000000000e+00,        +0.00000000000000000e+00,        +9.35343482768720947e+05,        -5.00265585248114634e+06,        -4.81128862677483633e+07,        -2.74341551070656963e+07,        +2.03877809641337126e+08,        -1.89838844537872761e+08,        +1.04362358820152491e+08,        +1.75117312929042488e+08,        +1.66393962907837719e+08,        -1.77163101628907263e+08,        -2.18653714295399278e+08,        +1.53643648283167869e+08,        -2.94579537887663960e+08,        +2.79206169804297984e+08,        +2.53282843229495496e+08,        -4.76572704517363429e+08,        +1.71025349567062050e+08,        -1.05333001088327035e+08,        +5.27795139686842442e+08,        -3.13135282339154184e+07,        +0.00000000000000000e+00,        +0.00000000000000000e+00,        +0.00000000000000000e+00,        +0.00000000000000000e+00,        +0.00000000000000000e+00,        +0.00000000000000000e+00,        +0.00000000000000000e+00,        +0.00000000000000000e+00,        +0.00000000000000000e+00,        +0.00000000000000000e+00,        +0.00000000000000000e+00,        +0.00000000000000000e+00,        +0.00000000000000000e+00,        +0.00000000000000000e+00,        +0.00000000000000000e+00,        +0.00000000000000000e+00,        +0.00000000000000000e+00,        +0.00000000000000000e+00,        +0.00000000000000000e+00,        +0.00000000000000000e+00,        +0.00000000000000000e+00,        +0.00000000000000000e+00,        +0.00000000000000000e+00,        +0.00000000000000000e+00,        +0.00000000000000000e+00,        +0.00000000000000000e+00,        +0.00000000000000000e+00,        +0.00000000000000000e+00,        +0.00000000000000000e+00,        +0.00000000000000000e+00,        +0.00000000000000000e+00,        +0.00000000000000000e+00,        +0.00000000000000000e+00,        +0.00000000000000000e+00,        +0.00000000000000000e+00,        +0.00000000000000000e+00,        +0.00000000000000000e+00,        +0.00000000000000000e+00,        +0.00000000000000000e+00,        +0.00000000000000000e+00,        +0.00000000000000000e+00,        +0.00000000000000000e+00,        +0.00000000000000000e+00,        +0.00000000000000000e+00,        +0.00000000000000000e+00,        +0.00000000000000000e+00,        +0.00000000000000000e+00,        +0.00000000000000000e+00,        +0.00000000000000000e+00,        +0.00000000000000000e+00,        +0.00000000000000000e+00,        +0.00000000000000000e+00,        +0.00000000000000000e+00,        +0.00000000000000000e+00,        +0.00000000000000000e+00,        +0.00000000000000000e+00,        +0.00000000000000000e+00,        +0.00000000000000000e+00,        +0.00000000000000000e+00,        +0.00000000000000000e+00,        +0.00000000000000000e+00,        +0.00000000000000000e+00,        +0.00000000000000000e+00,        +0.00000000000000000e+00,        +0.00000000000000000e+00,        +0.00000000000000000e+00,        +0.00000000000000000e+00,        +0.00000000000000000e+00,        +0.00000000000000000e+00,        +0.00000000000000000e+00,        +0.00000000000000000e+00,        +0.00000000000000000e+00,        +0.00000000000000000e+00,        +0.00000000000000000e+00,        +0.00000000000000000e+00,        +0.00000000000000000e+00,        +0.00000000000000000e+00,        +6.45149166753669381e+08,        +0.00000000000000000e+00,        +0.00000000000000000e+00,        +0.00000000000000000e+00,        +0.00000000000000000e+00,        +0.00000000000000000e+00,        +0.00000000000000000e+00,        +0.00000000000000000e+00,        +0.00000000000000000e+00
        +0.00000000000000000e+00,        +0.00000000000000000e+00,        -1.52437987121091643e+06,        -3.60879661641647341e+06,        -5.15839759009156842e+06,        -4.68884166613845527e+06,        +2.98194585650380887e+07,        -8.72090980624473467e+06,        -4.48118294604073539e+07,        +2.69788321529861651e+07,        +5.28482684123232365e+07,        +2.30201638052168190e+07,        -9.22082537999968529e+07,        +7.40823077065604180e+07,        +5.18540490965023994e+08,        -9.83481040107663721e+07,        +9.23259700467999279e+07,        -1.49891972666133065e+07,        +5.12189699484640956e+07,        +6.36490782358077243e+07,        +1.96685492226474464e+08,        +1.97309981155386008e+07,        +0.00000000000000000e+00,        +0.00000000000000000e+00,        +0.00000000000000000e+00,        +0.00000000000000000e+00,        +0.00000000000000000e+00,        +0.00000000000000000e+00,        +0.00000000000000000e+00,        +0.00000000000000000e+00,        +0.00000000000000000e+00,        +0.00000000000000000e+00,        +0.00000000000000000e+00,        +0.00000000000000000e+00,        +0.00000000000000000e+00,        +0.00000000000000000e+00,        +0.00000000000000000e+00,        +0.00000000000000000e+00,        +0.00000000000000000e+00,        +0.00000000000000000e+00,        +0.00000000000000000e+00,        +0.00000000000000000e+00,        +0.00000000000000000e+00,        +0.00000000000000000e+00,        +0.00000000000000000e+00,        +0.00000000000000000e+00,        +0.00000000000000000e+00,        +0.00000000000000000e+00,        +0.00000000000000000e+00,        +0.00000000000000000e+00,        +0.00000000000000000e+00,        +0.00000000000000000e+00,        +0.00000000000000000e+00,        +0.00000000000000000e+00,        +0.00000000000000000e+00,        +0.00000000000000000e+00,        +0.00000000000000000e+00,        +0.00000000000000000e+00,        +0.00000000000000000e+00,        +0.00000000000000000e+00,        +0.00000000000000000e+00,        +0.00000000000000000e+00,        +0.00000000000000000e+00,        +0.00000000000000000e+00,        +0.00000000000000000e+00,        +0.00000000000000000e+00,        +0.00000000000000000e+00,        +0.00000000000000000e+00,        +0.00000000000000000e+00,        +0.00000000000000000e+00,        +0.00000000000000000e+00,        +0.00000000000000000e+00,        +0.00000000000000000e+00,        +0.00000000000000000e+00,        +0.00000000000000000e+00,        +0.00000000000000000e+00,        +0.00000000000000000e+00,        +0.00000000000000000e+00,        +0.00000000000000000e+00,        +0.00000000000000000e+00,        +0.00000000000000000e+00,        +0.00000000000000000e+00,        +0.00000000000000000e+00,        +0.00000000000000000e+00,        +0.00000000000000000e+00,        +0.00000000000000000e+00,        +0.00000000000000000e+00,        +0.00000000000000000e+00,        +0.00000000000000000e+00,        +0.00000000000000000e+00,        +0.00000000000000000e+00,        +0.00000000000000000e+00,        +0.00000000000000000e+00,        +0.00000000000000000e+00,        +0.00000000000000000e+00,        +0.00000000000000000e+00,        +0.00000000000000000e+00,        +0.00000000000000000e+00,        +0.00000000000000000e+00,        +0.00000000000000000e+00,        +6.45149166753669381e+08,        +0.00000000000000000e+00,        +0.00000000000000000e+00,        +0.00000000000000000e+00,        +0.00000000000000000e+00,        +0.00000000000000000e+00,        +0.00000000000000000e+00,        +0.00000000000000000e+00
        +0.00000000000000000e+00,        +0.00000000000000000e+00,        -1.42432247820415010e+05,        -3.42608906102481810e+06,        +5.79430288316602353e+06,        +1.12399093083191616e+06,        -2.02966656997689158e+07,        +1.27961631556690428e+07,        -8.42527293948099911e+07,        +3.77201011663905755e+07,        +4.86226093982758000e+07,        -1.01607629821891766e+07,        -1.35652930510304007e+06,        +2.58375728849870004e+07,        -2.74188592897264771e+07,        -5.45007404654299691e+07,        +1.53805188823595971e+08,        +5.62444541944354475e+07,        -1.77785510110445344e+06,        -8.30281259286132902e+07,        -3.63702514109206200e+07,        -2.02143340209074430e+07,        +0.00000000000000000e+00,        +0.00000000000000000e+00,        +0.00000000000000000e+00,        +0.00000000000000000e+00,        +0.00000000000000000e+00,        +0.00000000000000000e+00,        +0.00000000000000000e+00,        +0.00000000000000000e+00,        +0.00000000000000000e+00,        +0.00000000000000000e+00,        +0.00000000000000000e+00,        +0.00000000000000000e+00,        +0.00000000000000000e+00,        +0.00000000000000000e+00,        +0.00000000000000000e+00,        +0.00000000000000000e+00,        +0.00000000000000000e+00,        +0.00000000000000000e+00,        +0.00000000000000000e+00,        +0.00000000000000000e+00,        +0.00000000000000000e+00,        +0.00000000000000000e+00,        +0.00000000000000000e+00,        +0.00000000000000000e+00,        +0.00000000000000000e+00,        +0.00000000000000000e+00,        +0.00000000000000000e+00,        +0.00000000000000000e+00,        +0.00000000000000000e+00,        +0.00000000000000000e+00,        +0.00000000000000000e+00,        +0.00000000000000000e+00,        +0.00000000000000000e+00,        +0.00000000000000000e+00,        +0.00000000000000000e+00,        +0.00000000000000000e+00,        +0.00000000000000000e+00,        +0.00000000000000000e+00,        +0.00000000000000000e+00,        +0.00000000000000000e+00,        +0.00000000000000000e+00,        +0.00000000000000000e+00,        +0.00000000000000000e+00,        +0.00000000000000000e+00,        +0.00000000000000000e+00,        +0.00000000000000000e+00,        +0.00000000000000000e+00,        +0.00000000000000000e+00,        +0.00000000000000000e+00,        +0.00000000000000000e+00,        +0.00000000000000000e+00,        +0.00000000000000000e+00,        +0.00000000000000000e+00,        +0.00000000000000000e+00,        +0.00000000000000000e+00,        +0.00000000000000000e+00,        +0.00000000000000000e+00,        +0.00000000000000000e+00,        +0.00000000000000000e+00,        +0.00000000000000000e+00,        +0.00000000000000000e+00,        +0.00000000000000000e+00,        +0.00000000000000000e+00,        +0.00000000000000000e+00,        +0.00000000000000000e+00,        +0.00000000000000000e+00,        +0.00000000000000000e+00,        +0.00000000000000000e+00,        +0.00000000000000000e+00,        +0.00000000000000000e+00,        +0.00000000000000000e+00,        +0.00000000000000000e+00,        +0.00000000000000000e+00,        +0.00000000000000000e+00,        +0.00000000000000000e+00,        +0.00000000000000000e+00,        +0.00000000000000000e+00,        +0.00000000000000000e+00,        +0.00000000000000000e+00,        +6.45149166753669381e+08,        +0.00000000000000000e+00,        +0.00000000000000000e+00,        +0.00000000000000000e+00,        +0.00000000000000000e+00,        +0.00000000000000000e+00,        +0.00000000000000000e+00
        +0.00000000000000000e+00,        +0.00000000000000000e+00,        +1.40921557842711452e+05,        +2.02367603475472820e+06,        -8.25373352363649901e+04,        +1.17760063353030919e+06,        -5.54446408014221815e+05,        +1.47834040021723453e+07,        +1.15820097853768766e+07,        -1.12023527421906292e+07,        -2.65277963499261700e+07,        +1.76235282839276157e+07,        -3.20944637807316333e+06,        -9.58131500010465533e+07,        -2.56374400446971692e+07,        -4.23646273516536132e+07,        +3.00522744296290837e+07,        +3.20714901160802282e+07,        -3.73556051904485971e+07,        +2.63191716117470562e+07,        +8.51607509740079194e+07,        -4.56330991170330569e+07,        +0.00000000000000000e+00,        +0.00000000000000000e+00,        +0.00000000000000000e+00,        +0.00000000000000000e+00,        +0.00000000000000000e+00,        +0.00000000000000000e+00,        +0.00000000000000000e+00,        +0.00000000000000000e+00,        +0.00000000000000000e+00,        +0.00000000000000000e+00,        +0.00000000000000000e+00,        +0.00000000000000000e+00,        +0.00000000000000000e+00,        +0.00000000000000000e+00,        +0.00000000000000000e+00,        +0.00000000000000000e+00,        +0.00000000000000000e+00,        +0.00000000000000000e+00,        +0.00000000000000000e+00,        +0.00000000000000000e+00,        +0.00000000000000000e+00,        +0.00000000000000000e+00,        +0.00000000000000000e+00,        +0.00000000000000000e+00,        +0.00000000000000000e+00,        +0.00000000000000000e+00,        +0.00000000000000000e+00,        +0.00000000000000000e+00,        +0.00000000000000000e+00,        +0.00000000000000000e+00,        +0.00000000000000000e+00,        +0.00000000000000000e+00,        +0.00000000000000000e+00,        +0.00000000000000000e+00,        +0.00000000000000000e+00,        +0.00000000000000000e+00,        +0.00000000000000000e+00,        +0.00000000000000000e+00,        +0.00000000000000000e+00,        +0.00000000000000000e+00,        +0.00000000000000000e+00,        +0.00000000000000000e+00,        +0.00000000000000000e+00,        +0.00000000000000000e+00,        +0.00000000000000000e+00,        +0.00000000000000000e+00,        +0.00000000000000000e+00,        +0.00000000000000000e+00,        +0.00000000000000000e+00,        +0.00000000000000000e+00,        +0.00000000000000000e+00,        +0.00000000000000000e+00,        +0.00000000000000000e+00,        +0.00000000000000000e+00,        +0.00000000000000000e+00,        +0.00000000000000000e+00,        +0.00000000000000000e+00,        +0.00000000000000000e+00,        +0.00000000000000000e+00,        +0.00000000000000000e+00,        +0.00000000000000000e+00,        +0.00000000000000000e+00,        +0.00000000000000000e+00,        +0.00000000000000000e+00,        +0.00000000000000000e+00,        +0.00000000000000000e+00,        +0.00000000000000000e+00,        +0.00000000000000000e+00,        +0.00000000000000000e+00,        +0.00000000000000000e+00,        +0.00000000000000000e+00,        +0.00000000000000000e+00,        +0.00000000000000000e+00,        +0.00000000000000000e+00,        +0.00000000000000000e+00,        +0.00000000000000000e+00,        +0.00000000000000000e+00,        +0.00000000000000000e+00,        +0.00000000000000000e+00,        +0.00000000000000000e+00,        +6.45149166753669381e+08,        +0.00000000000000000e+00,        +0.00000000000000000e+00,        +0.00000000000000000e+00,        +0.00000000000000000e+00,        +0.00000000000000000e+00
        +0.00000000000000000e+00,        +0.00000000000000000e+00,        +3.47834767403832939e+03,        -6.37016596071422537e+04,        -2.67089522250451287e+06,        -2.28662392171149980e+06,        +1.24967519811045025e+07,        -8.52315465178768337e+06,        +4.49855686796059459e+06,        +3.63799912346201111e+06,        -1.23661650867490433e+07,        -7.80873238994272612e+06,        -3.26879937426703274e+07,        +2.17491099658007473e+07,        +3.50800896139777638e+06,        +2.54425497160476036e+07,        +2.68961605706564896e+07,        +1.81006982365726982e+06,        -1.28640783231741004e+07,        +6.27028688003312722e+07,        -3.95244912234427407e+07,        -7.55866622557960153e+07,        +0.00000000000000000e+00,        +0.00000000000000000e+00,        +0.00000000000000000e+00,        +0.00000000000000000e+00,        +0.00000000000000000e+00,        +0.00000000000000000e+00,        +0.00000000000000000e+00,        +0.00000000000000000e+00,        +0.00000000000000000e+00,        +0.00000000000000000e+00,        +0.00000000000000000e+00,        +0.00000000000000000e+00,        +0.00000000000000000e+00,        +0.00000000000000000e+00,        +0.00000000000000000e+00,        +0.00000000000000000e+00,        +0.00000000000000000e+00,        +0.00000000000000000e+00,        +0.00000000000000000e+00,        +0.00000000000000000e+00,        +0.00000000000000000e+00,        +0.00000000000000000e+00,        +0.00000000000000000e+00,        +0.00000000000000000e+00,        +0.00000000000000000e+00,        +0.00000000000000000e+00,        +0.00000000000000000e+00,        +0.00000000000000000e+00,        +0.00000000000000000e+00,        +0.00000000000000000e+00,        +0.00000000000000000e+00,        +0.00000000000000000e+00,        +0.00000000000000000e+00,        +0.00000000000000000e+00,        +0.00000000000000000e+00,        +0.00000000000000000e+00,        +0.00000000000000000e+00,        +0.00000000000000000e+00,        +0.00000000000000000e+00,        +0.00000000000000000e+00,        +0.00000000000000000e+00,        +0.00000000000000000e+00,        +0.00000000000000000e+00,        +0.00000000000000000e+00,        +0.00000000000000000e+00,        +0.00000000000000000e+00,        +0.00000000000000000e+00,        +0.00000000000000000e+00,        +0.00000000000000000e+00,        +0.00000000000000000e+00,        +0.00000000000000000e+00,        +0.00000000000000000e+00,        +0.00000000000000000e+00,        +0.00000000000000000e+00,        +0.00000000000000000e+00,        +0.00000000000000000e+00,        +0.00000000000000000e+00,        +0.00000000000000000e+00,        +0.00000000000000000e+00,        +0.00000000000000000e+00,        +0.00000000000000000e+00,        +0.00000000000000000e+00,        +0.00000000000000000e+00,        +0.00000000000000000e+00,        +0.00000000000000000e+00,        +0.00000000000000000e+00,        +0.00000000000000000e+00,        +0.00000000000000000e+00,        +0.00000000000000000e+00,        +0.00000000000000000e+00,        +0.00000000000000000e+00,        +0.00000000000000000e+00,        +0.00000000000000000e+00,        +0.00000000000000000e+00,        +0.00000000000000000e+00,        +0.00000000000000000e+00,        +0.00000000000000000e+00,        +0.00000000000000000e+00,        +0.00000000000000000e+00,        +0.00000000000000000e+00,        +0.00000000000000000e+00,        +6.45149166753669381e+08,        +0.00000000000000000e+00,        +0.00000000000000000e+00,        +0.00000000000000000e+00,        +0.00000000000000000e+00
        +0.00000000000000000e+00,        +0.00000000000000000e+00,        +2.53968577772185890e+04,        +7.09364071862693876e+05,        +7.89451840503727179e+06,        +2.28929663433243614e+06,        -3.05470113392874710e+07,        +2.76786327804116346e+06,        -4.29918980401248951e+06,        -3.86958988044992387e+07,        -4.63000431612040028e+07,        -9.87850371571605466e+06,        -4.83779827444858029e+07,        +1.17322051705620233e+07,        -6.33524489138180669e+06,        -1.81329110643980950e+07,        +2.52518641728313174e+06,        -1.01680072513838429e+07,        +2.09492979044302963e+07,        -1.58424163528303206e+07,        +9.90932052820456331e+05,        +2.09485806942518731e+06,        +0.00000000000000000e+00,        +0.00000000000000000e+00,        +0.00000000000000000e+00,        +0.00000000000000000e+00,        +0.00000000000000000e+00,        +0.00000000000000000e+00,        +0.00000000000000000e+00,        +0.00000000000000000e+00,        +0.00000000000000000e+00,        +0.00000000000000000e+00,        +0.00000000000000000e+00,        +0.00000000000000000e+00,        +0.00000000000000000e+00,        +0.00000000000000000e+00,        +0.00000000000000000e+00,        +0.00000000000000000e+00,        +0.00000000000000000e+00,        +0.00000000000000000e+00,        +0.00000000000000000e+00,        +0.00000000000000000e+00,        +0.00000000000000000e+00,        +0.00000000000000000e+00,        +0.00000000000000000e+00,        +0.00000000000000000e+00,        +0.00000000000000000e+00,        +0.00000000000000000e+00,        +0.00000000000000000e+00,        +0.00000000000000000e+00,        +0.00000000000000000e+00,        +0.00000000000000000e+00,        +0.00000000000000000e+00,        +0.00000000000000000e+00,        +0.00000000000000000e+00,        +0.00000000000000000e+00,        +0.00000000000000000e+00,        +0.00000000000000000e+00,        +0.00000000000000000e+00,        +0.00000000000000000e+00,        +0.00000000000000000e+00,        +0.00000000000000000e+00,        +0.00000000000000000e+00,        +0.00000000000000000e+00,        +0.00000000000000000e+00,        +0.00000000000000000e+00,        +0.00000000000000000e+00,        +0.00000000000000000e+00,        +0.00000000000000000e+00,        +0.00000000000000000e+00,        +0.00000000000000000e+00,        +0.00000000000000000e+00,        +0.00000000000000000e+00,        +0.00000000000000000e+00,        +0.00000000000000000e+00,        +0.00000000000000000e+00,        +0.00000000000000000e+00,        +0.00000000000000000e+00,        +0.00000000000000000e+00,        +0.00000000000000000e+00,        +0.00000000000000000e+00,        +0.00000000000000000e+00,        +0.00000000000000000e+00,        +0.00000000000000000e+00,        +0.00000000000000000e+00,        +0.00000000000000000e+00,        +0.00000000000000000e+00,        +0.00000000000000000e+00,        +0.00000000000000000e+00,        +0.00000000000000000e+00,        +0.00000000000000000e+00,        +0.00000000000000000e+00,        +0.00000000000000000e+00,        +0.00000000000000000e+00,        +0.00000000000000000e+00,        +0.00000000000000000e+00,        +0.00000000000000000e+00,        +0.00000000000000000e+00,        +0.00000000000000000e+00,        +0.00000000000000000e+00,        +0.00000000000000000e+00,        +0.00000000000000000e+00,        +0.00000000000000000e+00,        +0.00000000000000000e+00,        +6.45149166753669381e+08,        +0.00000000000000000e+00,        +0.00000000000000000e+00,        +0.00000000000000000e+00
        +0.00000000000000000e+00,        +0.00000000000000000e+00,        +1.96809644071342409e+04,        -2.42203059610116412e+05,        -1.04339204683799576e+06,        +7.57540394833943900e+06,        -1.66083525526678446e+06,        +4.46347919760514516e+06,        +2.73435772367632724e+07,        +8.77429236335836351e+06,        +1.96198055116890208e+06,        -1.22015964670997355e+07,        +1.43024838957441729e+07,        +1.75122741326080300e+07,        -3.00674868355773902e+06,        -3.53216482741592154e+07,        -6.09837448440293130e+06,        -7.16337198533467203e+06,        +5.45407416162381694e+06,        -2.89786781454540091e+06,        +4.46003784376100288e+05,        -1.70628048883901685e+07,        +0.00000000000000000e+00,        +0.00000000000000000e+00,        +0.00000000000000000e+00,        +0.00000000000000000e+00,        +0.00000000000000000e+00,        +0.00000000000000000e+00,        +0.00000000000000000e+00,        +0.00000000000000000e+00,        +0.00000000000000000e+00,        +0.00000000000000000e+00,        +0.00000000000000000e+00,        +0.00000000000000000e+00,        +0.00000000000000000e+00,        +0.00000000000000000e+00,        +0.00000000000000000e+00,        +0.00000000000000000e+00,        +0.00000000000000000e+00,        +0.00000000000000000e+00,        +0.00000000000000000e+00,        +0.00000000000000000e+00,        +0.00000000000000000e+00,        +0.00000000000000000e+00,        +0.00000000000000000e+00,        +0.00000000000000000e+00,        +0.00000000000000000e+00,        +0.00000000000000000e+00,        +0.00000000000000000e+00,        +0.00000000000000000e+00,        +0.00000000000000000e+00,        +0.00000000000000000e+00,        +0.00000000000000000e+00,        +0.00000000000000000e+00,        +0.00000000000000000e+00,        +0.00000000000000000e+00,        +0.00000000000000000e+00,        +0.00000000000000000e+00,        +0.00000000000000000e+00,        +0.00000000000000000e+00,        +0.00000000000000000e+00,        +0.00000000000000000e+00,        +0.00000000000000000e+00,        +0.00000000000000000e+00,        +0.00000000000000000e+00,        +0.00000000000000000e+00,        +0.00000000000000000e+00,        +0.00000000000000000e+00,        +0.00000000000000000e+00,        +0.00000000000000000e+00,        +0.00000000000000000e+00,        +0.00000000000000000e+00,        +0.00000000000000000e+00,        +0.00000000000000000e+00,        +0.00000000000000000e+00,        +0.00000000000000000e+00,        +0.00000000000000000e+00,        +0.00000000000000000e+00,        +0.00000000000000000e+00,        +0.00000000000000000e+00,        +0.00000000000000000e+00,        +0.00000000000000000e+00,        +0.00000000000000000e+00,        +0.00000000000000000e+00,        +0.00000000000000000e+00,        +0.00000000000000000e+00,        +0.00000000000000000e+00,        +0.00000000000000000e+00,        +0.00000000000000000e+00,        +0.00000000000000000e+00,        +0.00000000000000000e+00,        +0.00000000000000000e+00,        +0.00000000000000000e+00,        +0.00000000000000000e+00,        +0.00000000000000000e+00,        +0.00000000000000000e+00,        +0.00000000000000000e+00,        +0.00000000000000000e+00,        +0.00000000000000000e+00,        +0.00000000000000000e+00,        +0.00000000000000000e+00,        +0.00000000000000000e+00,        +0.00000000000000000e+00,        +0.00000000000000000e+00,        +0.00000000000000000e+00,        +6.45149166753669381e+08,        +0.00000000000000000e+00,        +0.00000000000000000e+00
        +0.00000000000000000e+00,        +0.00000000000000000e+00,        -6.12093106610708055e+04,        -3.99009969870220288e+05,        +4.54004283029768802e+06,        +1.43534725236689718e+06,        -1.12341613410536814e+07,        -7.29176339064376056e+06,        -2.09233783479896560e+07,        +1.41711712529425751e+07,        -1.90711838743513897e+07,        -3.27597207458239906e+07,        +1.50587363459344916e+07,        +4.20754126970072091e+06,        +1.51823254125785432e+06,        +2.71774455053203227e+06,        -4.93800470614252705e+06,        +2.43923950642723328e+05,        -1.17253215280279331e+07,        +7.92354777316909749e+06,        +9.18942772153924592e+06,        +2.39833949825688312e+06,        +0.00000000000000000e+00,        +0.00000000000000000e+00,        +0.00000000000000000e+00,        +0.00000000000000000e+00,        +0.00000000000000000e+00,        +0.00000000000000000e+00,        +0.00000000000000000e+00,        +0.00000000000000000e+00,        +0.00000000000000000e+00,        +0.00000000000000000e+00,        +0.00000000000000000e+00,        +0.00000000000000000e+00,        +0.00000000000000000e+00,        +0.00000000000000000e+00,        +0.00000000000000000e+00,        +0.00000000000000000e+00,        +0.00000000000000000e+00,        +0.00000000000000000e+00,        +0.00000000000000000e+00,        +0.00000000000000000e+00,        +0.00000000000000000e+00,        +0.00000000000000000e+00,        +0.00000000000000000e+00,        +0.00000000000000000e+00,        +0.00000000000000000e+00,        +0.00000000000000000e+00,        +0.00000000000000000e+00,        +0.00000000000000000e+00,        +0.00000000000000000e+00,        +0.00000000000000000e+00,        +0.00000000000000000e+00,        +0.00000000000000000e+00,        +0.00000000000000000e+00,        +0.00000000000000000e+00,        +0.00000000000000000e+00,        +0.00000000000000000e+00,        +0.00000000000000000e+00,        +0.00000000000000000e+00,        +0.00000000000000000e+00,        +0.00000000000000000e+00,        +0.00000000000000000e+00,        +0.00000000000000000e+00,        +0.00000000000000000e+00,        +0.00000000000000000e+00,        +0.00000000000000000e+00,        +0.00000000000000000e+00,        +0.00000000000000000e+00,        +0.00000000000000000e+00,        +0.00000000000000000e+00,        +0.00000000000000000e+00,        +0.00000000000000000e+00,        +0.00000000000000000e+00,        +0.00000000000000000e+00,        +0.00000000000000000e+00,        +0.00000000000000000e+00,        +0.00000000000000000e+00,        +0.00000000000000000e+00,        +0.00000000000000000e+00,        +0.00000000000000000e+00,        +0.00000000000000000e+00,        +0.00000000000000000e+00,        +0.00000000000000000e+00,        +0.00000000000000000e+00,        +0.00000000000000000e+00,        +0.00000000000000000e+00,        +0.00000000000000000e+00,        +0.00000000000000000e+00,        +0.00000000000000000e+00,        +0.00000000000000000e+00,        +0.00000000000000000e+00,        +0.00000000000000000e+00,        +0.00000000000000000e+00,        +0.00000000000000000e+00,        +0.00000000000000000e+00,        +0.00000000000000000e+00,        +0.00000000000000000e+00,        +0.00000000000000000e+00,        +0.00000000000000000e+00,        +0.00000000000000000e+00,        +0.00000000000000000e+00,        +0.00000000000000000e+00,        +0.00000000000000000e+00,        +0.00000000000000000e+00,        +0.00000000000000000e+00,        +6.45149166753669381e+08,        +0.00000000000000000e+00
        +0.00000000000000000e+00,        +0.00000000000000000e+00,        -2.98920089453106593e+04,        -1.39773690205153939e+06,        -2.76323158014411386e+06,        -9.76842977418242604e+05,        +6.34520603580947127e+06,        -8.19409800567550864e+06,        +1.33838246920100171e+07,        -1.45304135201864270e+06,        -2.69064077073455323e+06,        -1.37676037745298222e+07,        -2.72664574927764619e+06,        -1.02772273577106278e+07,        +4.79222210452928394e+06,        +8.05953618416535435e+05,        +7.81851965822724812e+06,        +3.42278474393722508e+06,        -1.82587783782033413e+06,        -3.87227636692099273e+06,        -7.93750133365304489e+06,        +7.51929694205141626e+06,        +0.00000000000000000e+00,        +0.00000000000000000e+00,        +0.00000000000000000e+00,        +0.00000000000000000e+00,        +0.00000000000000000e+00,        +0.00000000000000000e+00,        +0.00000000000000000e+00,        +0.00000000000000000e+00,        +0.00000000000000000e+00,        +0.00000000000000000e+00,        +0.00000000000000000e+00,        +0.00000000000000000e+00,        +0.00000000000000000e+00,        +0.00000000000000000e+00,        +0.00000000000000000e+00,        +0.00000000000000000e+00,        +0.00000000000000000e+00,        +0.00000000000000000e+00,        +0.00000000000000000e+00,        +0.00000000000000000e+00,        +0.00000000000000000e+00,        +0.00000000000000000e+00,        +0.00000000000000000e+00,        +0.00000000000000000e+00,        +0.00000000000000000e+00,        +0.00000000000000000e+00,        +0.00000000000000000e+00,        +0.00000000000000000e+00,        +0.00000000000000000e+00,        +0.00000000000000000e+00,        +0.00000000000000000e+00,        +0.00000000000000000e+00,        +0.00000000000000000e+00,        +0.00000000000000000e+00,        +0.00000000000000000e+00,        +0.00000000000000000e+00,        +0.00000000000000000e+00,        +0.00000000000000000e+00,        +0.00000000000000000e+00,        +0.00000000000000000e+00,        +0.00000000000000000e+00,        +0.00000000000000000e+00,        +0.00000000000000000e+00,        +0.00000000000000000e+00,        +0.00000000000000000e+00,        +0.00000000000000000e+00,        +0.00000000000000000e+00,        +0.00000000000000000e+00,        +0.00000000000000000e+00,        +0.00000000000000000e+00,        +0.00000000000000000e+00,        +0.00000000000000000e+00,        +0.00000000000000000e+00,        +0.00000000000000000e+00,        +0.00000000000000000e+00,        +0.00000000000000000e+00,        +0.00000000000000000e+00,        +0.00000000000000000e+00,        +0.00000000000000000e+00,        +0.00000000000000000e+00,        +0.00000000000000000e+00,        +0.00000000000000000e+00,        +0.00000000000000000e+00,        +0.00000000000000000e+00,        +0.00000000000000000e+00,        +0.00000000000000000e+00,        +0.00000000000000000e+00,        +0.00000000000000000e+00,        +0.00000000000000000e+00,        +0.00000000000000000e+00,        +0.00000000000000000e+00,        +0.00000000000000000e+00,        +0.00000000000000000e+00,        +0.00000000000000000e+00,        +0.00000000000000000e+00,        +0.00000000000000000e+00,        +0.00000000000000000e+00,        +0.00000000000000000e+00,        +0.00000000000000000e+00,        +0.00000000000000000e+00,        +0.00000000000000000e+00,        +0.00000000000000000e+00,        +0.00000000000000000e+00,        +0.00000000000000000e+00,        +0.00000000000000000e+00,        +6.45149166753669381e+08
